Date,Close,High,Low,Open,Volume,Daily return,Daily log-return,Volatility_20,Drawdown
2019-01-02,91012.0,91479.0,87536.0,87887.0,5615400.0,,,,0.0
2019-01-03,91564.0,91596.0,89922.0,91011.0,6066200.0,0.006065134268008698,0.006046815374878263,,0.0
2019-01-04,91841.0,92701.0,90824.0,91577.0,5322100.0,0.0030252064130007472,0.003020639683960612,,0.0
2019-01-07,91699.0,92552.0,91288.0,91845.0,4565000.0,-0.0015461504121253578,-0.0015473469361702871,,-0.0015461504121253035
2019-01-08,92032.0,92231.0,91064.0,91699.0,4496500.0,0.003631446362555746,0.0036248685809778846,,0.0
2019-01-09,93613.0,93626.0,92028.0,92033.0,5011400.0,0.017178807371349025,0.01703292006973962,,0.0
2019-01-10,93806.0,93987.0,93050.0,93599.0,4840600.0,0.0020616794675953898,0.002059557123044007,,0.0
2019-01-11,93658.0,93961.0,93359.0,93806.0,5330500.0,-0.0015777242393876234,-0.00157897015692404,,-0.0015777242393876724
2019-01-14,94474.0,94474.0,93335.0,93645.0,4486900.0,0.008712549915650625,0.008674814674350386,,0.0
2019-01-15,94056.0,94695.0,93402.0,94474.0,4836400.0,-0.0044244977454114265,-0.004434314803296616,,-0.004424497745411436
2019-01-16,94393.0,94393.0,93687.0,94057.0,4257400.0,0.003582971846559424,0.003576568294206334,,-0.0008573787497089146
2019-01-17,95351.0,95682.0,93950.0,94393.0,4944200.0,0.010149057663174199,0.010097901808765911,,0.0
2019-01-18,96097.0,96396.0,95386.0,95386.0,4884000.0,0.007823724974043378,0.007793278338769063,,0.0
2019-01-21,96010.0,96093.0,94863.0,96093.0,2717600.0,-0.0009053352341904519,-0.0009057452976488647,,-0.0009053352341904534
2019-01-22,95103.0,96070.0,94662.0,96008.0,4256000.0,-0.009446932611186343,-0.009491837914419312,,-0.010343715204428859
2019-01-23,96558.0,96576.0,95116.0,95116.0,0.0,0.015299201917920557,0.01518334926929968,,0.0
2019-01-24,97677.0,97677.0,96558.0,96558.0,5019400.0,0.011588889579320139,0.011522252735684416,,0.0
2019-01-28,95444.0,97937.0,94783.0,97674.0,7185300.0,-0.022861062481443928,-0.023126428740318766,,-0.02286106248144394
2019-01-29,95639.0,96751.0,95508.0,95508.0,5262000.0,0.0020430828548678726,0.002040998599480099,,-0.020864686671376066
2019-01-30,96996.0,97107.0,95643.0,95643.0,6164400.0,0.014188772362738966,0.01408905388044904,,-0.006971958598237046
2019-01-31,97394.0,98405.0,96996.0,96996.0,5976000.0,0.00410326199018507,0.0040948665686121105,0.14600667078669222,-0.002897304380765175
2019-02-01,97861.0,98044.0,96990.0,97395.0,4301600.0,0.00479495656816642,0.0047834973801939035,0.14577029646912015,0.0
2019-02-04,98589.0,98589.0,96901.0,97861.0,4278300.0,0.007439122837493928,0.0074115890304623155,0.14648004797381767,0.0
2019-02-05,98311.0,98587.0,97596.0,98587.0,4773700.0,-0.0028197871973546507,-0.002823770286678802,0.14713719912359094,-0.0028197871973546745
2019-02-06,94636.0,98308.0,94636.0,98308.0,5458200.0,-0.03738137136230946,-0.03809796988225513,0.208385207497555,-0.04009575104727708
2019-02-07,94406.0,95642.0,93507.0,94654.0,5612500.0,-0.002430364766050963,-0.0024333228963614134,0.2003099984880138,-0.0424286685127144
2019-02-08,95343.0,95486.0,93424.0,94401.0,5302500.0,0.009925216617587829,0.009876285158969992,0.2030604957484067,-0.032924565620911055
2019-02-11,94413.0,95499.0,93737.0,95351.0,3767300.0,-0.009754255687360325,-0.009802140078197314,0.2064152579990807,-0.042357666676809784
2019-02-12,96168.0,96571.0,94420.0,94420.0,4915000.0,0.018588541832162964,0.0184178864674997,0.21433986663505816,-0.024556492103581535
2019-02-13,95842.0,96804.0,95389.0,96169.0,5814400.0,-0.0033899010065718826,-0.003395659739027469,0.21402924112531413,-0.027863149032853564
2019-02-14,98015.0,98019.0,94915.0,95843.0,5222300.0,0.022672732205087476,0.022419525919461884,0.22715592839424772,-0.005822150544178357
2019-02-15,97526.0,98238.0,97083.0,98015.0,4586300.0,-0.004989032290975914,-0.005001519061155366,0.22623452957563864,-0.010782135938086398
2019-02-18,96510.0,97527.0,96239.0,97527.0,2837100.0,-0.010417734757910746,-0.010472379202187692,0.22837742541199593,-0.02108754526367039
2019-02-19,97659.0,98185.0,96513.0,96513.0,4830600.0,0.011905502020516101,0.01183518905524539,0.23199793023279955,-0.009433101055898731
2019-02-20,96545.0,98544.0,96545.0,97661.0,5906800.0,-0.011407038777788037,-0.011472598079787955,0.23327223507393724,-0.02073253608414732
2019-02-21,96932.0,97231.0,95793.0,96546.0,5814100.0,0.0040084934486508406,0.004000480843965153,0.2274002143830159,-0.016807148870563653
2019-02-22,97886.0,97887.0,96929.0,96929.0,4426600.0,0.009841951058473963,0.009793834507732958,0.22633842467661017,-0.007130612948706245
2019-02-25,97240.0,98190.0,97087.0,97881.0,4360000.0,-0.006599513720041639,-0.006621386798277556,0.21092551643745994,-0.013683068090760633
2019-02-26,97603.0,97904.0,97235.0,97242.0,3555100.0,0.0037330316742081315,0.003726081203648639,0.21112772648628134,-0.010001115743135645
2019-02-27,97307.0,97782.0,96886.0,97603.0,3873500.0,-0.0030326936672028237,-0.0030373016013023513,0.20574679418171982,-0.013003479089959327
2019-02-28,95584.0,97528.0,95364.0,97307.0,5365700.0,-0.017706845345144773,-0.017865487016569617,0.21474647999413574,-0.03048007384190934
2019-03-01,94604.0,96113.0,94394.0,95584.0,4054700.0,-0.01025276196853031,-0.010305683571682912,0.21608977134617866,-0.040420330868555315
2019-03-06,94217.0,94889.0,93945.0,94604.0,2715300.0,-0.0040907361210942295,-0.0040991260706304995,0.2135051690770613,-0.04434571808213898
2019-03-07,94340.0,94532.0,93729.0,94216.0,4104300.0,0.0013054968848509318,0.0013046454647297379,0.2138652399163623,-0.04309811439410076
2019-03-08,95365.0,95476.0,93305.0,94340.0,4054200.0,0.010864956540173942,0.010806356972274443,0.1706592862681519,-0.03270141699378227
2019-03-11,98027.0,98027.0,95384.0,95384.0,4251500.0,0.0279138048550307,0.027531316100296854,0.1954450630645805,-0.005700433111199018
2019-03-12,97828.0,98150.0,97267.0,98038.0,3832900.0,-0.002030052944596905,-0.0020321162950224943,0.1935465565827098,-0.007718913874773047
2019-03-13,98904.0,99267.0,97464.0,97831.0,4812100.0,0.010998896021588989,0.010938848070961698,0.1917808067242518,0.0
2019-03-14,98605.0,99036.0,97776.0,98905.0,3584500.0,-0.0030231335436382567,-0.003027712442593592,0.18280907761612933,-0.0030231335436382754
2019-03-15,99137.0,99393.0,98597.0,98605.0,5136400.0,0.005395263931849303,0.0053807616344980855,0.18250437920911636,0.0
2019-03-18,99994.0,100038.0,99141.0,99141.0,4204100.0,0.00864460292322744,0.008607452291488966,0.16768026102081968,0.0
2019-03-19,99588.0,100439.0,99373.0,99991.0,5231100.0,-0.004060243614616876,-0.004068508783708131,0.16726959554004392,-0.004060243614616877
2019-03-20,98041.0,99708.0,97981.0,99588.0,4633200.0,-0.015534000080331012,-0.01565591687801762,0.17292040095570668,-0.019531171870312218
2019-03-21,96729.0,98046.0,95456.0,98041.0,5321200.0,-0.013382156444752713,-0.013472504439654257,0.17479876084400703,-0.03265195911754705
2019-03-22,93735.0,96725.0,93380.0,96725.0,6001100.0,-0.03095245479638986,-0.03144160203748466,0.20347642071130434,-0.06259375562533752
2019-03-25,93662.0,94384.0,93103.0,93735.0,4508400.0,-0.0007787912732704072,-0.0007790946887358406,0.20247480849679206,-0.06332379942796568
2019-03-26,95307.0,95525.0,93668.0,93668.0,4660700.0,0.017563152612585675,0.017410702858286258,0.2098870224929596,-0.04687281236874213
2019-03-27,91903.0,95297.0,91903.0,95297.0,5726900.0,-0.03571615935870398,-0.03636958721141853,0.24366889673091544,-0.08091485489129348
2019-03-28,94389.0,94854.0,91584.0,91901.0,5192300.0,0.027050259512747088,0.0266908679308249,0.26459156791124844,-0.056053363201792106
2019-03-29,95415.0,95863.0,94402.0,94402.0,4674600.0,0.010869910688745543,0.010811257860765724,0.26818727741506415,-0.045792747564853895
2019-04-01,96054.0,96752.0,95423.0,95423.0,3753500.0,0.006697060210658634,0.006674734525135079,0.26176660900738224,-0.039402364141848514
2019-04-02,95387.0,96690.0,94825.0,96062.0,3713200.0,-0.006944010660670075,-0.006968232498961407,0.26024608772476615,-0.046072764365861954
2019-04-03,94491.0,96442.0,94124.0,95392.0,4308900.0,-0.009393313554257876,-0.009437708956027363,0.26215641107906884,-0.055033301998119885
2019-04-04,96313.0,96394.0,94334.0,94503.0,4086200.0,0.01928225968610775,0.019098712631969206,0.270670979426144,-0.03681220873252395
2019-04-05,97108.0,97493.0,96152.0,96319.0,3689000.0,0.008254337420701363,0.008220456691867873,0.26958628782887045,-0.028861731703902233
2019-04-08,97369.0,97610.0,96743.0,97110.0,3430800.0,0.002687729126333638,0.0026841236413384824,0.25081201648823415,-0.02625157509450567
2019-04-09,96292.0,97366.0,95488.0,97366.0,3733400.0,-0.01106101531288195,-0.01112264320886587,0.2536862612289305,-0.037022221333279995
2019-04-10,95953.0,96902.0,95670.0,96292.0,4574600.0,-0.0035205416857059246,-0.003526753375881005,0.2499844807591687,-0.04041242474548473
2019-04-11,94755.0,95954.0,94173.0,95954.0,3530500.0,-0.012485279251300163,-0.012563875230678666,0.25302337929560603,-0.05239314358861532
2019-04-12,92875.0,94768.0,92516.0,94747.0,6712200.0,-0.019840641654793933,-0.02004010998085016,0.2592142392963895,-0.07119427165629938
2019-04-15,93083.0,93723.0,92697.0,92875.0,4629800.0,0.0022395693135934813,0.0022370652162743655,0.2563153310730984,-0.06911414684881093
2019-04-16,94333.0,95062.0,92879.0,93082.0,4581600.0,0.013428875304835497,0.013339507145782636,0.263231250867131,-0.05661339680380823
2019-04-17,93285.0,95042.0,92338.0,94337.0,6458600.0,-0.011109579892508492,-0.011171752176018016,0.26077618030686583,-0.06709402564153849
2019-04-18,94578.0,95140.0,93285.0,93285.0,4933300.0,0.013860749316610299,0.013765567648497963,0.26346634560231785,-0.0541632497949877
2019-04-22,94588.0,95038.0,93721.0,94578.0,3176600.0,0.00010573283427439684,0.00010572724495225477,0.23787391728224483,-0.05406324379462768
2019-04-23,95923.0,96315.0,94590.0,94590.0,4309100.0,0.014113841079206768,0.014015168176146633,0.242607224963937,-0.04071244274656479
2019-04-24,95045.0,95923.0,94163.0,95923.0,4658800.0,-0.009153174942401754,-0.0091953226354423,0.23734261912733087,-0.04949296957817469
2019-04-25,96552.0,96552.0,94213.0,95027.0,4878200.0,0.015855647324951372,0.01573125965747999,0.20114688351283058,-0.034422065323919435
2019-04-26,96236.0,96563.0,95620.0,96552.0,3767100.0,-0.0032728477918634313,-0.0032782152726960065,0.18033245624021665,-0.03758225493529612
2019-04-29,96188.0,97123.0,96004.0,96254.0,3225400.0,-0.000498773847624645,-0.0004988982766765403,0.17657498179248915,-0.03806228373702422
2019-04-30,96353.0,96707.0,95613.0,96191.0,4228600.0,0.0017153906932256824,0.0017139210909984438,0.17511011755071135,-0.03641218473108387
2019-05-02,95528.0,96339.0,95312.0,96339.0,3863600.0,-0.008562265835002525,-0.008599132626139275,0.1760830717321789,-0.04466267976078565
2019-05-03,96008.0,96315.0,95521.0,95521.0,4014800.0,0.0050247047985931825,0.005012123098056833,0.17317710123905702,-0.03986239174350461
2019-05-06,95009.0,95992.0,94540.0,95992.0,3216000.0,-0.010405382884759562,-0.010459897373745322,0.16324378814392568,-0.04985299117947077
2019-05-07,94389.0,95009.0,92750.0,95009.0,4907400.0,-0.006525697565493815,-0.006547083017283339,0.1609632345984946,-0.056053363201792106
2019-05-08,95597.0,96312.0,94389.0,94389.0,4916500.0,0.01279810147368865,0.012716897873719815,0.16813585577294923,-0.0439726383583015
2019-05-09,94808.0,95597.0,93883.0,95597.0,4152200.0,-0.008253397073129887,-0.008287644925683872,0.1661431580249971,-0.0518631117867072
2019-05-10,94258.0,94848.0,93234.0,94809.0,4097900.0,-0.005801198211121461,-0.005818090523580016,0.1668438186475491,-0.05736344180650839
2019-05-13,91727.0,94252.0,91600.0,94252.0,4662600.0,-0.026851832205223913,-0.027218929052581654,0.18729837779973268,-0.08267496049762986
2019-05-14,92092.0,92529.0,91562.0,91736.0,4045400.0,0.003979199145289769,0.003971303072137969,0.17497218398564937,-0.07902474148448907
2019-05-15,91623.0,92088.0,90295.0,92088.0,4791900.0,-0.005092733353602941,-0.005105745517228315,0.17543213422074136,-0.08371502290137409
2019-05-16,90024.0,91622.0,89778.0,91622.0,5570000.0,-0.017451949837922753,-0.01760603041719961,0.17675871080076702,-0.09970598235894154
2019-05-17,89993.0,91321.0,89409.0,90023.0,5342700.0,-0.0003443526170798794,-0.00034441192005680524,0.17373411887800083,-0.1000160009600576
2019-05-20,91946.0,92117.0,89822.0,90006.0,4620000.0,0.021701687909059686,0.021469558673247603,0.18469322467657556,-0.08048482908974539
2019-05-21,94485.0,94573.0,91946.0,91946.0,5397000.0,0.02761403432449483,0.02723964354111544,0.21090314754727943,-0.0550933055983359
2019-05-22,94361.0,95212.0,93883.0,94485.0,4232500.0,-0.001312377626078165,-0.00131323954778859,0.204254327346038,-0.056333380002800165
2019-05-23,93910.0,94547.0,93300.0,94360.0,3787800.0,-0.004779516961456509,-0.004790975377691146,0.20244963585136563,-0.06084365061903714
2019-05-24,93628.0,94900.0,93545.0,93912.0,3484700.0,-0.0030028750931743176,-0.0030073927688642607,0.19311164595440108,-0.06366381982918976
2019-05-27,94864.0,95444.0,93626.0,93626.0,2544800.0,0.01320117913444685,0.013114802917353818,0.1998029627701149,-0.051303078184691084
2019-05-28,96393.0,96552.0,94707.0,94863.0,6383100.0,0.016117810760667872,0.015989297907072233,0.20842859541830822,-0.03601216072964378
2019-05-29,96567.0,96986.0,95690.0,96389.0,4559100.0,0.0018051103295881887,0.0018034830758912126,0.20843799895565135,-0.0342720563233794
2019-05-30,97457.0,97939.0,96511.0,96566.0,4398200.0,0.009216398976876095,0.009174187134389193,0.20813498988454054,-0.02537152229133748
2019-05-31,97030.0,97992.0,96792.0,97420.0,5089500.0,-0.004381419497829775,-0.0043910460451565434,0.20840683691130113,-0.029641778506710403
2019-06-03,97020.0,97757.0,96430.0,97036.0,4547900.0,-0.00010306090899725451,-0.00010306622013765328,0.2043669543250045,-0.029741784507070424
2019-06-04,97380.0,97723.0,96593.0,97020.0,4293300.0,0.0037105751391466324,0.0037037079374844318,0.2025458423726301,-0.026141568494109646
2019-06-05,95999.0,97686.0,95686.0,97381.0,3769100.0,-0.014181556787841498,-0.014283076007639176,0.2054735709907625,-0.03995239714382863
2019-06-06,97205.0,97462.0,96002.0,96002.0,4054900.0,0.012562630860738055,0.012484375725687336,0.2073013535013072,-0.027891673500410025
2019-06-07,97821.0,98326.0,97205.0,97205.0,3718500.0,0.006337122575999166,0.006317127444666108,0.20628776956689004,-0.021731303878232695
2019-06-10,97467.0,97856.0,96782.0,97828.0,3584000.0,-0.0036188548471187687,-0.003625418742963433,0.17712278886443394,-0.025271516290977458
2019-06-11,98960.0,98985.0,97467.0,97467.0,4922400.0,0.015318005068382101,0.015201868909926568,0.1823201532996557,-0.010340620437226234
2019-06-12,98321.0,99240.0,97831.0,98960.0,4948800.0,-0.006457154405820509,-0.006478092007549481,0.18325161517814376,-0.016731003860231613
2019-06-13,98774.0,99364.0,98321.0,98321.0,5594000.0,0.004607357532978806,0.004596776150287705,0.16536498042348355,-0.012200732043922635
2019-06-14,98040.0,98981.0,97601.0,98776.0,9184900.0,-0.007431105351610734,-0.007458853567058725,0.17006937366545652,-0.01954117247034822
2019-06-17,97623.0,98439.0,97623.0,98038.0,3926300.0,-0.004253365973072243,-0.004262437265611987,0.15979620492109617,-0.02371142268536112
2019-06-18,99404.0,99412.0,97633.0,97633.0,4524500.0,0.01824365159849628,0.01807923290725529,0.1438784945214469,-0.005900354021241274
2019-06-19,100303.0,100327.0,98978.0,99403.0,4411300.0,0.009043901653857045,0.009003250488224014,0.14487316517365378,0.0
2019-06-21,102013.0,102100.0,100305.0,100305.0,5490800.0,0.017048343519137088,0.01690465135369805,0.1496816162971324,0.0
2019-06-24,102062.0,102617.0,101589.0,102018.0,3559800.0,0.0004803309382137577,0.00048021561623565325,0.14797562309650197,0.0
2019-06-25,100093.0,102061.0,99890.0,102061.0,4469200.0,-0.01929219494033041,-0.019480717953689247,0.16635236455910882,-0.01929219494033039
2019-06-26,100689.0,101126.0,100095.0,100095.0,5013800.0,0.005954462350014511,0.005936804599345231,0.1593678536499939,-0.013452607238737238
2019-06-27,100724.0,101025.0,99421.0,100689.0,4154700.0,0.0003476050015394083,0.0003475446009174942,0.15949723758196,-0.013109678430757775
2019-06-28,100967.0,101563.0,100726.0,100726.0,4079900.0,0.00241253325920332,0.002409627772956457,0.15731455999614122,-0.010728772706786072
2019-07-01,101340.0,102432.0,100973.0,100973.0,411600.0,0.0036942763477174623,0.003687469268520913,0.15572441794909797,-0.007074131410319218
2019-07-02,100605.0,101565.0,100073.0,101342.0,4951600.0,-0.007252812314979318,-0.007279241827953505,0.1591610458253597,-0.01427563637788795
2019-07-03,102043.0,102177.0,100451.0,100576.0,4801200.0,0.014293524178718764,0.014192334856823854,0.16505779934350204,-0.0001861613529031373
2019-07-04,103636.0,104022.0,102047.0,102047.0,3978700.0,0.015611065923189171,0.015490466735450866,0.1590155889440465,0.0
2019-07-05,104089.0,104176.0,102622.0,103628.0,4208400.0,0.004371067968659492,0.00436154259833963,0.15573050880100897,0.0
2019-07-08,104530.0,104679.0,103988.0,104090.0,3500300.0,0.004236758927456341,0.00422780913419111,0.1553914286689432,0.0
2019-07-10,105817.0,106650.0,104537.0,104537.0,6815700.0,0.012312254855065596,0.012237075501150272,0.15619159600796845,0.0
2019-07-11,105146.0,105886.0,104814.0,105818.0,4845300.0,-0.006341136112344881,-0.006361326514591348,0.15462831598829851,-0.006341136112344897
2019-07-12,103906.0,105731.0,103903.0,105158.0,4748000.0,-0.011793125748958633,-0.011863216258878751,0.1601054703091306,-0.018059480045739342
2019-07-15,103803.0,104578.0,103495.0,103909.0,3995500.0,-0.0009912805805246672,-0.0009917722240506365,0.16048475370693696,-0.019032858614400332
2019-07-16,103775.0,104440.0,103361.0,103805.0,4475800.0,-0.0002697417223008758,-0.0002697781091427641,0.1565587646572699,-0.01929746638063827
2019-07-17,103856.0,104453.0,103712.0,103775.0,3818300.0,0.000780534810888911,0.0007802303520102746,0.1545337129473433,-0.018531993914021376
2019-07-18,104717.0,104773.0,103859.0,103859.0,4410900.0,0.008290325065475335,0.008256149077409607,0.1455744944307552,-0.01039530510220475
2019-07-19,103452.0,104723.0,103388.0,104716.0,3484400.0,-0.012080178003571529,-0.012153736352734038,0.15244752687605995,-0.02234990596974021
2019-07-22,103949.0,104278.0,103452.0,103452.0,3464400.0,0.004804160383559575,0.004792657232341112,0.14196484966183429,-0.017653118119016792
2019-07-23,103704.0,104430.0,103518.0,103949.0,4050300.0,-0.002356925030543855,-0.002359706950387626,0.14244394290094686,-0.01996843607359876
2019-07-24,104120.0,104570.0,103707.0,103707.0,4872700.0,0.004011417110236781,0.004003392828622844,0.12085796818238519,-0.016037120689492236
2019-07-25,102655.0,103464.0,102390.0,102991.0,5804700.0,-0.014070303495966163,-0.014170228641636933,0.1326128308602011,-0.029881777030155834
2019-07-26,102819.0,103209.0,102196.0,102654.0,5141400.0,0.0015975841410549307,0.001596309361042675,0.13260956399017287,-0.028331931542190762
2019-07-29,103483.0,103483.0,102461.0,102817.0,3559900.0,0.006457950378821131,0.00643718716121711,0.1339296563045859,-0.02205694737140535
2019-07-30,102933.0,103555.0,102596.0,103483.0,4060500.0,-0.005314882637727947,-0.005329056871688361,0.13555036518066563,-0.027254599922507724
2019-07-31,101812.0,103129.0,100950.0,102946.0,5072900.0,-0.01089057930887083,-0.010950315773430525,0.13902699134228697,-0.03784836084939093
2019-08-01,102126.0,104056.0,101819.0,101819.0,7129100.0,0.0030841158213177344,0.003079369692022495,0.1299101930562148,-0.03488097375657975
2019-08-02,102674.0,103180.0,101667.0,102122.0,4923500.0,0.00536592052954199,0.005351575272103432,0.11839220440350516,-0.02970222176020866
2019-08-05,100098.0,102658.0,99630.0,102658.0,5000400.0,-0.025089117011122597,-0.0254092142244028,0.1461898984169625,-0.054046136254099056
2019-08-06,102164.0,102178.0,100098.0,100098.0,5074800.0,0.020639773022437913,0.020429659123998987,0.1653364198929143,-0.03452186321668541
2019-08-07,102782.0,102784.0,100476.0,102163.0,5570600.0,0.006049097529462477,0.006030875187891727,0.1600575797758233,-0.028681591804719467
2019-08-08,104115.0,104282.0,102811.0,102811.0,5538300.0,0.012969196941098549,0.012885817046174239,0.16667693738070471,-0.01608437207632044
2019-08-09,103996.0,104848.0,103547.0,104102.0,4549300.0,-0.0011429669115881058,-0.0011436205964094838,0.1612322526097193,-0.01720895508283168
2019-08-12,101915.0,103946.0,101621.0,103946.0,4509700.0,-0.02001038501480823,-0.02021330432755351,0.17657542541252857,-0.03687498228072994
2019-08-13,103299.0,103778.0,101414.0,101912.0,5198900.0,0.013579944071039574,0.01348856300093209,0.1838490019452105,-0.023795798406683236
2019-08-14,100258.0,103270.0,99955.0,103270.0,6485200.0,-0.029438813541273423,-0.02988083203508452,0.2117172290989734,-0.05253409187559655
2019-08-15,99057.0,101014.0,98200.0,100262.0,6585300.0,-0.01197909393764085,-0.012051421475993612,0.21124220329702253,-0.06388387499173101
2019-08-16,99806.0,100567.0,99059.0,99059.0,5483400.0,0.007561303088120974,0.007532859725202402,0.21121216305003362,-0.05680561724486614
2019-08-19,99469.0,100948.0,98908.0,99810.0,4924000.0,-0.003376550507985465,-0.003382263919358709,0.20981971641669347,-0.05999036071708705
2019-08-20,99222.0,99665.0,98002.0,99472.0,5235200.0,-0.0024831857161528026,-0.0024862739352769932,0.2098214534014308,-0.06232457922640029
2019-08-21,101202.0,101240.0,99221.0,99227.0,5969700.0,0.01995525185946656,0.01975875560781809,0.22304513898669082,-0.04361303004243174
2019-08-22,100011.0,101469.0,100011.0,101209.0,4495500.0,-0.011768542123673398,-0.011838339565397461,0.22142503157785756,-0.054868310384909795
2019-08-23,97667.0,100025.0,97085.0,100007.0,5668800.0,-0.02343742188359277,-0.023716446626118236,0.23484980220022503,-0.07701976052997156
2019-08-26,96430.0,98436.0,95961.0,97687.0,4136800.0,-0.012665485783324937,-0.012746376790123642,0.23496318911100164,-0.08870975363126908
2019-08-27,97276.0,97951.0,95855.0,96434.0,6581700.0,0.008773203359950132,0.00873494242912566,0.2388065681681076,-0.08071481897993706
2019-08-28,98194.0,98346.0,96557.0,97273.0,4350800.0,0.009437065668818523,0.009392814745998708,0.24053908044420044,-0.07203946435827892
2019-08-29,100524.0,100684.0,98194.0,98194.0,5163300.0,0.02372853738517633,0.023451391262255202,0.25637866178233737,-0.05002031809633613
2019-08-30,101135.0,101551.0,100526.0,100526.0,6109600.0,0.006078150491424905,0.0060597530453861004,0.2566158980300135,-0.04424619862592967
2019-09-02,100626.0,101611.0,100626.0,101133.0,2685400.0,-0.005032876847777756,-0.005045584427513205,0.24033145540056042,-0.049056389805040776
2019-09-03,99681.0,101417.0,99406.0,100626.0,0.0,-0.009391211019020962,-0.00943558648599521,0.2302634853550304,-0.05798690191557122
2019-09-04,101201.0,101201.0,99706.0,99706.0,4310700.0,0.015248643171717813,0.015133551135918627,0.23625951476202142,-0.04362248031979739
2019-09-05,102243.0,103258.0,101204.0,101204.0,4814300.0,0.010296340945247673,0.010243694694271055,0.23441220532795012,-0.033775291304799795
2019-09-06,102935.0,103182.0,102246.0,102247.0,3976000.0,0.006768189509306355,0.006745388139531655,0.23597411644838426,-0.027235699367776443
2019-09-09,103181.0,104260.0,102793.0,102937.0,5516800.0,0.0023898576771748115,0.0023870065090034706,0.2242966497150394,-0.024910931135828835
2019-09-10,103032.0,103503.0,102231.0,103180.0,5478900.0,-0.0014440643141663267,-0.0014451079799060213,0.21913512005867042,-0.026319022463309298
2019-09-11,103446.0,104156.0,103036.0,103036.0,4877000.0,0.00401816911250874,0.004010117831400005,0.18906591943323675,-0.022406607633934057
2019-09-12,104371.0,104618.0,103733.0,104389.0,4962500.0,0.00894186338766123,0.008902121661598542,0.18360174493960826,-0.013665101070716425
2019-09-13,103501.0,104699.0,103275.0,104371.0,4039400.0,-0.008335648791330974,-0.008370584588870402,0.18660337729057447,-0.02188684237882382
2019-09-16,103680.0,104005.0,102782.0,103496.0,6038700.0,0.0017294518893538058,0.001727958109467321,0.18559360288620333,-0.020195242730374135
2019-09-17,104617.0,104619.0,103079.0,103680.0,4574900.0,0.00903742283950626,0.008996829721853328,0.18632664532030746,-0.011340332838768818
2019-09-18,104532.0,104762.0,103684.0,104616.0,3882100.0,-0.0008124874542377869,-0.0008128177010624852,0.17524924928646773,-0.012143606414848275
2019-09-19,104339.0,106001.0,104286.0,104555.0,4915800.0,-0.0018463245704664066,-0.0018480311285731165,0.16853382871509756,-0.013967509946416927
2019-09-20,104817.0,105045.0,103914.0,104339.0,6769100.0,0.004581220828261623,0.004570758975991427,0.1382046995553607,-0.009450277365640681
2019-09-23,104638.0,104817.0,104020.0,104817.0,6769100.0,-0.001707738248566515,-0.001709198095790692,0.1259736885528759,-0.011141877014090364
2019-09-24,103876.0,104893.0,103504.0,104638.0,3972200.0,-0.00728224927846477,-0.007308894291634112,0.13089501010022148,-0.018342988366708564
2019-09-25,104481.0,104481.0,103034.0,103857.0,4117500.0,0.0058242519927607095,0.005807356607369468,0.12928385896400466,-0.012625570560495951
2019-09-26,105319.0,105342.0,104337.0,104485.0,4138700.0,0.00802059704635294,0.007988603018145258,0.10668006019642787,-0.004706238128089059
2019-09-27,105078.0,105633.0,104506.0,105319.0,3471200.0,-0.002288286064242917,-0.0022909081916809883,0.10692549872423916,-0.0069837549732084635
2019-09-30,104745.0,105178.0,104638.0,105077.0,3895800.0,-0.0031690744018728623,-0.003174106552474028,0.10550724186317265,-0.010130697335966811
2019-10-01,104053.0,105121.0,103837.0,104745.0,4095700.0,-0.006606520597641885,-0.0066284402499401885,0.10187784922912688,-0.016670289272990163
2019-10-02,101031.0,104049.0,100944.0,104049.0,5066200.0,-0.029042891603317522,-0.029472984275428445,0.14171340763337129,-0.0452290274719563
2019-10-03,101516.0,101560.0,99826.0,101031.0,4665600.0,0.0048005067751482056,0.004789021085917808,0.13770706488798756,-0.04064564294962057
2019-10-04,102551.0,102580.0,101057.0,101516.0,4649400.0,0.010195437172465516,0.010143814284997582,0.14053114462000169,-0.030864605876182467
2019-10-07,100573.0,102546.0,100542.0,102546.0,3938300.0,-0.019287964037405736,-0.019476403830994866,0.15581776369127961,-0.049557254505419736
2019-10-08,99981.0,101296.0,99868.0,100565.0,4342700.0,-0.005886271663368858,-0.005903664044855307,0.1566817451135984,-0.05515181870587902
2019-10-09,101249.0,101567.0,100005.0,100005.0,3939000.0,0.01268240965783507,0.012602661458860642,0.16351159156903816,-0.043168867006246635
2019-10-10,101817.0,102483.0,101152.0,101244.0,4373100.0,0.0056099319499451905,0.005594254885883871,0.16124083548139648,-0.037801109462562724
2019-10-11,103832.0,104381.0,101819.0,101819.0,4351800.0,0.019790408281524785,0.019597124104908794,0.17482351007859676,-0.018758800570796753
2019-10-14,104302.0,104305.0,103438.0,103834.0,2987900.0,0.004526542876954975,0.004516328892839184,0.17543439028972024,-0.014317170208945632
2019-10-15,104490.0,105048.0,104052.0,104299.0,4093400.0,0.0018024582462465855,0.0018008357677224878,0.172538185493083,-0.012540518064205185
2019-10-16,105423.0,105462.0,103521.0,104486.0,4509400.0,0.008929084122882625,0.008889455574310312,0.175390863133523,-0.0037234092820624285
2019-10-17,105016.0,105891.0,104827.0,105389.0,4189000.0,-0.0038606376217713567,-0.0038681091192234985,0.1758838807379278,-0.007569672169878186
2019-10-18,104729.0,105464.0,104525.0,105012.0,4478100.0,-0.0027329168888550193,-0.0027366581240936636,0.17545555181816955,-0.010281901773817062
2019-10-21,106022.0,106027.0,104696.0,104729.0,3504900.0,0.01234615054091992,0.012270558369931649,0.18063461129650016,0.0
2019-10-22,107381.0,107382.0,107076.0,107101.0,5224900.0,0.0128180943577747,0.012736637925293103,0.18291009675650355,0.0
2019-10-23,107544.0,107959.0,107041.0,107381.0,4656200.0,0.0015179594155390053,0.0015168084797140948,0.18225243606936492,0.0
2019-10-24,106986.0,107744.0,106593.0,107553.0,5619200.0,-0.005188573979022504,-0.005202081371986962,0.18198510364497744,-0.005188573979022539
2019-10-25,107364.0,108083.0,106990.0,106990.0,5398900.0,0.00353317256463459,0.0035269455734946117,0.1818524956753277,-0.001673733541620174
2019-10-28,108187.0,108393.0,107362.0,107366.0,3967200.0,0.007665511717149132,0.007636280966281025,0.18254871800417222,0.0
2019-10-29,107556.0,108195.0,107313.0,108189.0,4313200.0,-0.005832493737694899,-0.005849569156515308,0.18210252714782552,-0.0058324937376949175
2019-10-30,108408.0,108408.0,106622.0,107557.0,5450600.0,0.007921454870021272,0.007890244857187855,0.1410648437782531,0.0
2019-10-31,107220.0,108403.0,106356.0,108403.0,5376000.0,-0.01095860084126632,-0.011019088621021047,0.1500580084470938,-0.010958600841266328
2019-11-01,108196.0,108496.0,107220.0,107221.0,5466300.0,0.00910277933221404,0.009061598752924904,0.14939688213334018,-0.0019555752343000518
2019-11-04,108601.0,109352.0,108196.0,108196.0,5182200.0,0.003743206772893748,0.0037362184082549306,0.12436405795181905,0.0
2019-11-05,108451.0,109343.0,108253.0,108779.0,5657600.0,-0.0013812027513558922,-0.0013821574911034417,0.12064571446336929,-0.0013812027513558807
2019-11-06,108336.0,109633.0,107446.0,108719.0,5505500.0,-0.0010603867184257876,-0.0010609493261784517,0.11753141141266227,-0.002440124860728723
2019-11-07,109581.0,109672.0,108360.0,108360.0,6075600.0,0.011492024811696977,0.011426493078215314,0.12076572865014835,0.0
2019-11-08,107629.0,109572.0,107127.0,109572.0,5419600.0,-0.017813307051404936,-0.017973873678305306,0.12845740920969656,-0.017813307051404898
2019-11-11,108215.0,108263.0,106814.0,107622.0,3928900.0,0.005444629235614951,0.005429860823293076,0.12875459944083076,-0.012465664668145025
2019-11-12,106785.0,108368.0,106232.0,108368.0,5219300.0,-0.013214434228156935,-0.013302521742546402,0.13952860354855967,-0.02551537219043447
2019-11-13,105914.0,106786.0,105261.0,106751.0,5339000.0,-0.008156576298169238,-0.008190023165402996,0.14003034646911264,-0.03346383040855623
2019-11-14,106557.0,106758.0,105820.0,106052.0,5364300.0,0.006070963234322102,0.006052609184075022,0.14060414625590117,-0.027596024858323978
2019-11-18,106347.0,107519.0,106282.0,106566.0,4919800.0,-0.0019707762042849852,-0.001972720738957138,0.14038042066517037,-0.029512415473485366
2019-11-19,105618.0,106950.0,105367.0,106269.0,3610300.0,-0.0068549183333803665,-0.006878521211770994,0.13595372572664952,-0.036165028608974185
2019-11-21,107497.0,107497.0,105864.0,105866.0,5819400.0,0.017790528129674854,0.017634128909676132,0.1430562055309069,-0.01901789543807777
2019-11-22,108692.0,108692.0,107157.0,107497.0,4796100.0,0.011116589300166568,0.01105525416108345,0.1482618427600327,-0.008112720270849874
2019-11-25,108424.0,108915.0,108080.0,108692.0,4512400.0,-0.0024656828469437064,-0.0024687276489350094,0.14717349127621324,-0.010558399722579645
2019-11-26,107059.0,108424.0,106414.0,108424.0,6904900.0,-0.012589463587397653,-0.012669382348800075,0.1540675597491075,-0.023014938721128662
2019-11-27,107708.0,107991.0,106312.0,107059.0,4418200.0,0.006062077919651854,0.006043777447317486,0.15310185271389096,-0.017092379153320375
2019-11-28,108290.0,108333.0,107148.0,107708.0,3666100.0,0.0054034983473836284,0.005388951828055831,0.15281983221044518,-0.01178123944844453
2019-11-29,108233.0,108708.0,107759.0,108283.0,4186600.0,-0.000526364391910561,-0.0005265029702777089,0.15020256703543042,-0.012301402615416906
2019-12-02,109061.0,109279.0,108245.0,108246.0,4708000.0,0.00765016215017611,0.007621048050492837,0.14673189022056873,-0.004745348189923435
2019-12-03,108956.0,109198.0,108190.0,108931.0,5223100.0,-0.0009627639577850511,-0.0009632277126858187,0.14357296331821978,-0.005703543497504129
2019-12-04,110301.0,110301.0,108962.0,108962.0,4889500.0,0.012344432615000622,0.01226886139367899,0.14932176539871236,0.0
2019-12-05,110622.0,111073.0,110008.0,110297.0,4399100.0,0.0029102184023717115,0.002905991914812639,0.14927532626700843,0.0
2019-12-06,111126.0,111430.0,110623.0,110623.0,4968100.0,0.004556055757444222,0.00454570835241086,0.1495794810613755,0.0
2019-12-09,110977.0,111453.0,110870.0,111125.0,4991500.0,-0.0013408203300757648,-0.0013417200339719785,0.14487472283035474,-0.0013408203300757698
2019-12-10,110672.0,111184.0,110133.0,110973.0,4758800.0,-0.002748317218883245,-0.0027521007765187885,0.12804342232685173,-0.004085452549358386
2019-12-11,110964.0,111227.0,110530.0,110672.0,5146100.0,0.0026384270637560547,0.0026349525252730684,0.12725695525912423,-0.0014578046541763403
2019-12-12,112200.0,112445.0,110963.0,110963.0,5682000.0,0.01113874770195733,0.011077168705093999,0.11945478475106412,0.0
2019-12-13,112565.0,112829.0,111780.0,112205.0,7712100.0,0.0032531194295899457,0.0032478394843411316,0.11261680750905857,0.0
2019-12-16,111896.0,113197.0,111896.0,112565.0,6078300.0,-0.005943232798827358,-0.005960964095934354,0.11637290847858626,-0.005943232798827344
2019-12-17,112616.0,112695.0,111897.0,111897.0,5352500.0,0.006434546364481264,0.006413933048661384,0.11595776402040345,0.0
2019-12-18,114315.0,114339.0,112300.0,112618.0,7940900.0,0.015086666193080855,0.014973994260526185,0.11754062552724114,0.0
2019-12-19,115131.0,115132.0,113712.0,114313.0,5784600.0,0.007138170843721259,0.007112814695066649,0.10673924860671573,0.0
2019-12-20,115121.0,115171.0,114526.0,115133.0,6887400.0,-8.685757962667573e-05,-8.686135196468405e-05,0.10345972576522612,-8.685757962668612e-05
2019-12-23,115863.0,115863.0,114964.0,115119.0,3995200.0,0.006445392239469827,0.006424709523483017,0.10217757258689673,0.0
2019-12-26,117203.0,117220.0,115673.0,115864.0,3788900.0,0.01156538325436074,0.011499015432156858,0.0868942188567805,0.0
2019-12-27,116534.0,117803.0,115995.0,117205.0,3905900.0,-0.0057080450159125995,-0.0057243981642268555,0.0939249436429555,-0.005708045015912562
2019-12-30,115964.0,117086.0,115790.0,116530.0,3667900.0,-0.0048912763656958624,-0.004903277808848888,0.09879509440637374,-0.010571401755927749
2020-01-02,118573.0,118573.0,115649.0,115652.0,5162700.0,0.022498361560484348,0.02224900654770156,0.1179410291999802,0.0
2020-01-03,117707.0,118792.0,117341.0,118564.0,6834500.0,-0.007303517664223769,-0.00733031892474663,0.12455340045159036,-0.007303517664223727
2020-01-06,116878.0,117707.0,116269.0,117707.0,6570000.0,-0.007042911636521154,-0.007067830006191553,0.12944799083156416,-0.01429499127120002
2020-01-07,116662.0,117076.0,115965.0,116872.0,4854100.0,-0.0018480809048752045,-0.001849790713291624,0.12644301345026968,-0.016116653875671526
2020-01-08,116247.0,117335.0,115693.0,116667.0,5910500.0,-0.0035572851485488055,-0.0035636273324677562,0.12844303597896137,-0.0196166074907441
2020-01-09,115947.0,116820.0,115411.0,116248.0,5953500.0,-0.0025807117603035,-0.00258404753725354,0.12941181775319238,-0.02214669444139897
2020-01-10,115503.0,116745.0,114952.0,115948.0,4783400.0,-0.0038293358172268865,-0.0038366864951040213,0.13059549352955938,-0.02589122312836818
2020-01-13,117325.0,117333.0,115503.0,115503.0,5685100.0,0.015774482048085403,0.01565135802997834,0.13785292009326897,-0.010525161714724262
2020-01-14,117632.0,117705.0,116610.0,117325.0,5361700.0,0.002616663115277973,0.0026132456126857096,0.1378535345370698,-0.007936039401887444
2020-01-15,116414.0,117632.0,116188.0,117632.0,5569400.0,-0.010354325353645222,-0.010408304314187888,0.14202037134339385,-0.01820819242154622
2020-01-16,116704.0,117106.0,115961.0,116415.0,5422700.0,0.0024911093167487852,0.0024880116472904275,0.1419463105453565,-0.015762441702579847
2020-01-17,118478.0,118479.0,116710.0,116710.0,4947200.0,0.015200850013709966,0.01508647470463868,0.1462681993729724,-0.0008011942010407091
2020-01-20,118862.0,118862.0,117928.0,118478.0,3843500.0,0.0032411080538159442,0.003235866984635304,0.1456772561254454,0.0
2020-01-21,117026.0,118861.0,117026.0,118861.0,5085600.0,-0.01544648415809935,-0.015567023983265945,0.1517565888636213,-0.015446484158099308
2020-01-22,118391.0,118401.0,117035.0,117035.0,5765700.0,0.011664074650077794,0.01159657371494061,0.15488695890798493,-0.003962578452322862
2020-01-23,119528.0,119535.0,116906.0,118391.0,6572400.0,0.00960377055688344,0.009557947501565325,0.1574250538976896,0.0
2020-01-24,118376.0,119593.0,118108.0,119528.0,4778700.0,-0.009637909109162734,-0.009684654348550623,0.16158506116039115,-0.009637909109162707
2020-01-27,114482.0,118347.0,114376.0,118347.0,6097800.0,-0.03289518145570047,-0.033448393804152377,0.19782355015113284,-0.04221604979586373
2020-01-28,116479.0,116797.0,114475.0,114482.0,5229400.0,0.01744379029017673,0.01729339385060733,0.20744108815445741,-0.02550866742520581
2020-01-29,115385.0,117171.0,115164.0,116494.0,5097800.0,-0.009392250963693005,-0.009436636290145427,0.2094696847267455,-0.034661334582691924
2020-01-30,115528.0,115528.0,112825.0,115375.0,6315600.0,0.001239329202235906,0.0012385618677214297,0.1920941480243336,-0.03346496218459273
2020-01-31,113761.0,115518.0,113148.0,115518.0,6219900.0,-0.015294993421508196,-0.015413168371963278,0.19752501191057278,-0.04824810922963657
2020-02-03,114629.0,115299.0,113467.0,113761.0,5512200.0,0.007630031381580693,0.007601069916771583,0.1990994481686918,-0.04098621243557995
2020-02-04,115557.0,116556.0,114631.0,114631.0,5829400.0,0.00809568259340998,0.008063088352002265,0.2016129478385742,-0.03322234120875443
2020-02-05,116028.0,117701.0,115562.0,115563.0,7173800.0,0.004075910589579124,0.004067626568336138,0.20188238767481126,-0.02928184191151864
2020-02-06,115190.0,117382.0,114723.0,116033.0,7382400.0,-0.00722239459440821,-0.007248602350995738,0.20331924920252173,-0.03629275148919082
2020-02-07,113770.0,115190.0,113769.0,115190.0,6594100.0,-0.012327458980814332,-0.0124040723867899,0.20751158375171935,-0.04817281306472124
2020-02-10,112570.0,114176.0,112134.0,113771.0,7486300.0,-0.010547596027072115,-0.01060361618491247,0.2007977852384319,-0.05821230172009906
2020-02-11,115371.0,115576.0,112574.0,112574.0,6767900.0,0.024882295460602277,0.024577772299504325,0.22164462286381492,-0.034778461950338
2020-02-12,116674.0,117581.0,115371.0,115371.0,8159200.0,0.01129399935859099,0.011230698316562426,0.22273046670912316,-0.023877250518706913
2020-02-13,115662.0,116660.0,114801.0,116660.0,5635700.0,-0.008673740507739502,-0.008711576339270067,0.2246848437768926,-0.03234388595140888
2020-02-14,114381.0,115663.0,114132.0,115663.0,5335900.0,-0.01107537479898324,-0.011137163407356558,0.2198674562760259,-0.0430610400910247
2020-02-17,115309.0,115696.0,114381.0,114381.0,0.0,0.008113235589827017,0.008080500234530089,0.22198963278942555,-0.03529716886419918
2020-02-18,114977.0,115309.0,113532.0,115309.0,5548400.0,-0.0028792201822928076,-0.002883373110099816,0.2158226428715532,-0.03807476072552038
2020-02-19,116518.0,116545.0,114774.0,114982.0,6334100.0,0.013402680536107159,0.013313659148050109,0.21722106473204597,-0.02518238404390603
2020-02-20,114586.0,116552.0,114379.0,116518.0,6793000.0,-0.016581129095933678,-0.016720134739494803,0.22060710763207572,-0.04134596077906432
2020-02-21,113681.0,114585.0,112661.0,114585.0,5896200.0,-0.007897998010228169,-0.007929352396886153,0.2198947182666191,-0.04891740847332843
2020-02-26,105718.0,113647.0,105053.0,113647.0,9369800.0,-0.07004688558334282,-0.07262110871143936,0.31676848684455045,-0.1155377819423064
2020-02-27,102984.0,106656.0,102984.0,105711.0,11237700.0,-0.025861253523524863,-0.026201535303479608,0.31564572277508146,-0.13841108359547555
2020-02-28,104172.0,104172.0,99951.0,102984.0,11228400.0,0.011535772547191847,0.011469742840338013,0.32143511030068017,-0.1284719898266515
2020-03-02,106625.0,107220.0,103779.0,104260.0,8858400.0,0.023547594363168667,0.023274626614172015,0.33637896318205157,-0.10794960176695001
2020-03-03,105537.0,108804.0,104405.0,106630.0,9385600.0,-0.010203985932004667,-0.010256403479940755,0.33455342628565043,-0.11705207148115923
2020-03-04,107224.0,107809.0,105042.0,105540.0,8410500.0,0.01598491524299539,0.015858501844293167,0.33951712180968574,-0.10293822367980725
2020-03-05,102233.0,107217.0,100536.0,107217.0,8598600.0,-0.04654741475789004,-0.04766558224457628,0.370874659454667,-0.14469413024563282
2020-03-06,97997.0,102231.0,96886.0,102231.0,11864200.0,-0.04143476176968297,-0.042317655974509635,0.3900207749676324,-0.18013352519911652
2020-03-09,86067.0,97982.0,85880.0,97982.0,14645500.0,-0.12173842056389483,-0.12981080325348465,0.5809459929402184,-0.27994277491466435
2020-03-10,92214.0,92230.0,86071.0,86071.0,13531700.0,0.07142110216459274,0.06898590014960496,0.6524163552111494,-0.22851549427749146
2020-03-11,85171.0,92202.0,80796.0,92202.0,11786900.0,-0.0763766890060078,-0.0794509625457326,0.6968168206795499,-0.28743892644401314
2020-03-12,72583.0,85103.0,68488.0,85103.0,12008700.0,-0.147796785290768,-0.159930265676043,0.8520281688635312,-0.39275316243892644
2020-03-13,82678.0,83758.0,72621.0,72621.0,15766300.0,0.13908215422344083,0.1302228102427078,1.006450990697747,-0.30829596412556054
2020-03-16,71168.0,82565.0,70855.0,82565.0,12847800.0,-0.1392147850697888,-0.1499102656860996,1.110079675754557,-0.4045913928117261
2020-03-17,74617.0,77255.0,70783.0,71178.0,14945900.0,0.048462792266187105,0.04732508409801871,1.1382994297423088,-0.37573622916806104
2020-03-18,66895.0,74576.0,63547.0,74576.0,16751500.0,-0.10348848117721166,-0.10924413736049854,1.1736891555687499,-0.44034033866541733
2020-03-19,68332.0,70071.0,61691.0,66883.0,16144700.0,0.02148142611555426,0.02125395215922858,1.183415465639006,-0.4283180510006024
2020-03-20,67069.0,72247.0,66120.0,68344.0,15152400.0,-0.01848328747878003,-0.018656237880053186,1.1747321383461096,-0.43888461281038754
2020-03-23,63570.0,67604.0,62161.0,67067.0,11962200.0,-0.052170153125885244,-0.053580279256440516,1.1774808159646726,-0.46815808848136004
2020-03-24,69729.0,71535.0,63604.0,63604.0,11679900.0,0.09688532326569144,0.09247463915208255,1.2533246425453608,-0.41663041295763337
2020-03-25,74956.0,76714.0,69360.0,69727.0,12951100.0,0.07496163719542803,0.07228497461301951,1.2845976117992977,-0.37290007362291683
2020-03-26,77710.0,78846.0,74923.0,74956.0,12758000.0,0.036741555045626706,0.0360826745077314,1.2977626909734532,-0.3498594471588247
2020-03-27,73429.0,77708.0,73057.0,77708.0,10301400.0,-0.055089435079140436,-0.05666499626245634,1.3024994343063145,-0.38567532293688506
2020-03-30,74640.0,75430.0,73184.0,73431.0,9032200.0,0.016492121641313418,0.016357603580393877,1.2998571835888237,-0.3755438056354996
2020-03-31,73020.0,75511.0,72385.0,74629.0,11141500.0,-0.02170418006430863,-0.02194318031159753,1.2996157523633638,-0.3890971153202597
2020-04-01,70967.0,73011.0,69569.0,73011.0,10093500.0,-0.0281155847712955,-0.02851839596633348,1.2936257155029276,-0.4062730071615019
2020-04-02,72253.0,73861.0,70957.0,70969.0,10540200.0,0.01812109853875743,0.017958868360698932,1.2964090951531975,-0.39551402181915535
2020-04-03,69538.0,72241.0,67802.0,72241.0,10411300.0,-0.03757629440992072,-0.0383004828813842,1.2954612048009568,-0.41822836490194765
2020-04-06,74073.0,75260.0,69556.0,69556.0,9685400.0,0.06521614081509397,0.06317772769215527,1.253306030515164,-0.38028746402516567
2020-04-07,76358.0,79855.0,74078.0,74078.0,11286500.0,0.030847947295235878,0.03038171335849511,1.229319373077789,-0.36117060437721704
2020-04-08,78625.0,79058.0,76115.0,76335.0,10206300.0,0.029689096099950296,0.02925690822948237,1.2075690410548447,-0.34220433705909914
2020-04-09,77682.0,80428.0,77457.0,78640.0,10748700.0,-0.011993640699523023,-0.012066144716039355,1.059291006664322,-0.35009370189411687
2020-04-13,78836.0,78836.0,76405.0,77682.0,7651300.0,0.014855436265801547,0.01474617502568267,0.9495369326236001,-0.34043906030386184
2020-04-14,79918.0,81668.0,78848.0,78848.0,8593600.0,0.013724694302095442,0.013631363671893909,0.7736958864651734,-0.33138678803292954
2020-04-15,78831.0,80035.0,77546.0,79911.0,9758400.0,-0.013601441477514409,-0.013694788484970537,0.7604625026988775,-0.3404808915065926
2020-04-16,77812.0,80167.0,77452.0,78837.0,9028400.0,-0.012926386827517122,-0.013010659581600748,0.6396159951929705,-0.3490060906231176
2020-04-17,78990.0,79846.0,77754.0,77817.0,8317800.0,0.015139053102349198,0.015025601240757082,0.6382277962632978,-0.339150659259755
2020-04-20,78973.0,80106.0,76943.0,78989.0,8874700.0,-0.00021521711609062688,-0.0002152402786175305,0.6316236219915228,-0.33929288534903956
2020-04-22,80687.0,81184.0,78973.0,78973.0,9848900.0,0.02170362022463368,0.021471449943243136,0.5890564471430034,-0.3249531490529416
2020-04-23,79673.0,81934.0,78622.0,80690.0,10823500.0,-0.012567080198792824,-0.012646713829393781,0.5114719919289592,-0.3334365169667358
2020-04-24,75331.0,79667.0,72041.0,79667.0,16529200.0,-0.05449775959233372,-0.056039021338398096,0.4957044564052716,-0.3697627334181112
2020-04-27,78239.0,78563.0,75327.0,75334.0,10656900.0,0.038602965578579784,0.037876507785626186,0.4974620889443277,-0.34543370590991235
2020-04-28,81312.0,81427.0,78243.0,78243.0,12939000.0,0.03927708687483222,0.03852536267896579,0.4665846654771604,-0.31972424871159894
2020-04-29,83171.0,83598.0,81313.0,81313.0,11719700.0,0.022862554112554223,0.02260512223674991,0.4691043679517091,-0.3041714075363095
2020-04-30,80506.0,83169.0,80168.0,83169.0,11804600.0,-0.03204241863149415,-0.03256701356602761,0.47873767484237284,-0.3264674385917944
2020-05-04,78876.0,80502.0,77640.0,80501.0,8594200.0,-0.02024693811641365,-0.02045471673903626,0.47208596777072365,-0.3401044106820159
2020-05-05,79471.0,81066.0,78886.0,78887.0,9154700.0,0.007543485977990816,0.007515176168270477,0.46981682609982656,-0.33512649755705776
2020-05-06,79064.0,79996.0,78056.0,79473.0,9775900.0,-0.005121365026235947,-0.0051345241638270965,0.4435126281202384,-0.33853155745934005
2020-05-07,78119.0,80061.0,78061.0,79072.0,13808900.0,-0.01195234240615195,-0.012024345966588173,0.3933663372338813,-0.3464376547754501
2020-05-08,80263.0,80557.0,78152.0,78152.0,10734400.0,0.02744530779963905,0.02707543755272729,0.3904400689817784,-0.3285004350445084
2020-05-11,79065.0,80723.0,78994.0,80263.0,9781900.0,-0.014925931001831483,-0.015038443684741925,0.38173181394554306,-0.33852319121879393
2020-05-12,77872.0,80344.0,77872.0,79065.0,10245400.0,-0.01508885094542467,-0.015203845884181427,0.38323717998431145,-0.3485041161903487
2020-05-13,77772.0,78911.0,77152.0,77877.0,11575900.0,-0.0012841586192726684,-0.0012849838575192552,0.37932845639212065,-0.34934074024496353
2020-05-14,79011.0,79011.0,75697.0,77770.0,13818900.0,0.015931183459342746,0.015805614046711877,0.38049312030260474,-0.33897496820828593
2020-05-15,77557.0,79538.0,77426.0,79011.0,11718200.0,-0.018402500917593767,-0.018573933385740676,0.3831103830059315,-0.35113948196238537
2020-05-18,81194.0,81420.0,77571.0,77576.0,11533100.0,0.04689454207872923,0.04582820291734547,0.41395610920600945,-0.3207114650960444
2020-05-19,80742.0,82175.0,80647.0,81197.0,10740100.0,-0.005566913811365426,-0.005582466824436546,0.4118978534946964,-0.3244930058229034
2020-05-20,81319.0,82290.0,80740.0,80747.0,9522800.0,0.007146218820440309,0.0071208055991915965,0.4124107255116671,-0.3196656850277759
2020-05-21,83027.0,83309.0,81317.0,81320.0,11395200.0,0.021003701471980607,0.02078616451580086,0.41197672330800805,-0.30537614617495484
2020-05-22,82173.0,83027.0,81669.0,83027.0,9281200.0,-0.010285810639912296,-0.010339075150753595,0.41101128152965344,-0.31252091560136536
2020-05-25,85663.0,85876.0,82193.0,82198.0,8764400.0,0.04247137137502577,0.04159421280297862,0.37403628274679296,-0.2833227360953082
2020-05-26,85469.0,87333.0,85396.0,85668.0,12030800.0,-0.002264688371875878,-0.002267256656896224,0.3559750367860952,-0.284945786761261
2020-05-27,87946.0,87946.0,85468.0,85468.0,11212000.0,0.028981268062104437,0.02856925266493886,0.34490550858261987,-0.2642226089284519
2020-05-28,86949.0,88091.0,86767.0,87946.0,10117000.0,-0.011336501944374966,-0.011401249891127839,0.3415801860763434,-0.27256375075296163
2020-05-29,87403.0,87410.0,85384.0,86951.0,16550900.0,0.005221451655568199,0.0052078671436022435,0.3159078329635898,-0.2687654775450104
2020-06-01,88620.0,89019.0,86837.0,87395.0,9849400.0,0.013924007185108112,0.013827958756149313,0.30375594588917654,-0.25858376280034806
2020-06-02,91046.0,91046.0,88622.0,88622.0,11827300.0,0.027375310313698886,0.027007307531692646,0.31293669372156513,-0.23828726323539254
2020-06-03,93002.0,93710.0,91048.0,91048.0,15137900.0,0.021483645629681636,0.02125612499532654,0.3136097605368171,-0.2219228967271267
2020-06-04,93829.0,94132.0,92221.0,92993.0,11488000.0,0.008892281886411002,0.008852978374598142,0.30444713487485736,-0.21500401579546216
2020-06-05,94637.0,97356.0,93839.0,93839.0,13320300.0,0.008611410118406937,0.008574543424583718,0.2970010650141983,-0.2082440934341744
2020-06-08,97645.0,97693.0,94635.0,94640.0,11096500.0,0.0317846085569069,0.03128993263720107,0.29436299700121193,-0.1830784418713607
2020-06-09,96747.0,97644.0,95386.0,97644.0,11278800.0,-0.009196579445952202,-0.009239129057542778,0.288136238043768,-0.19059132588180175
2020-06-10,94686.0,97646.0,94665.0,96747.0,11739600.0,-0.021302986139105085,-0.021533169683152276,0.307745113045361,-0.20783414764741315
2020-06-12,92795.0,94703.0,90811.0,94677.0,12785600.0,-0.019971273472319084,-0.020173394963782815,0.32453560758977723,-0.22365470852017938
2020-06-15,92376.0,93112.0,90148.0,92780.0,13317500.0,-0.004515329489735431,-0.004525554380713188,0.3128773304620071,-0.22716016330901545
2020-06-16,93531.0,95216.0,92387.0,92387.0,12034200.0,0.012503247596778344,0.012425727496404084,0.28123114322566073,-0.2174971554782143
2020-06-17,95547.0,96611.0,93531.0,93531.0,11134700.0,0.02155435096385161,0.021325340873167377,0.28139119843739946,-0.20063081453717957
2020-06-18,96125.0,97110.0,94698.0,95547.0,10008500.0,0.006049378839733333,0.0060311548066819196,0.281484388190136,-0.19579512750150593
2020-06-19,96572.0,97540.0,95874.0,96138.0,13134400.0,0.004650195058517603,0.0046394163040997805,0.277844736213876,-0.19205541797737768
2020-06-22,95336.0,96870.0,94869.0,96572.0,8264700.0,-0.012798740835853084,-0.012881350341402774,0.2801534169641363,-0.20239609129241684
2020-06-23,95975.0,97486.0,95344.0,95344.0,9752700.0,0.006702609717210706,0.0066802470983563554,0.2494061930863734,-0.19705006358342816
2020-06-24,94377.0,95974.0,93259.0,95974.0,9962700.0,-0.0166501693149258,-0.01679034148924092,0.260622253811165,-0.21041931597617294
2020-06-25,95983.0,96260.0,94152.0,94382.0,8697900.0,0.017016857920891804,0.016873693055777697,0.2496438527765018,-0.19698313365905898
2020-06-26,93834.0,95979.0,93514.0,95979.0,8439100.0,-0.02238938145296565,-0.022643828771264623,0.2619517572946759,-0.21496218459273142
2020-06-29,95735.0,95735.0,93825.0,93837.0,8906800.0,0.020259181107061375,0.020056694143034844,0.2682300456024579,-0.1990579613145037
2020-06-30,95056.0,96257.0,94806.0,95728.0,10144500.0,-0.007092494907818492,-0.007117766211782852,0.2689271803391294,-0.20473863864533834
2020-07-01,96203.0,96852.0,95062.0,95062.0,10163300.0,0.012066571284295557,0.011994350603217225,0.2565197413706706,-0.19514256073890637
2020-07-02,96235.0,97864.0,96052.0,96206.0,10062900.0,0.0003326299595647342,0.0003325746504843657,0.24708276463897433,-0.19487484104142963
2020-07-03,96765.0,96765.0,95803.0,96237.0,5351600.0,0.0055073517950849915,0.005492241785227565,0.24607986038585644,-0.19044073355197108
2020-07-06,98937.0,99257.0,96768.0,96776.0,9489400.0,0.022446132382576423,0.022197925280631494,0.2558041017823213,-0.17226925908573723
2020-07-07,97761.0,98938.0,97272.0,98937.0,8951400.0,-0.011886351920919358,-0.011957559429408557,0.23591345428996727,-0.1821079579680075
2020-07-08,99770.0,99973.0,97765.0,97765.0,9142700.0,0.02055011712236987,0.02034181242187826,0.2436889053010088,-0.1653001807107958
2020-07-09,99160.0,100191.0,98861.0,99770.0,0.0,-0.006114062343389848,-0.006132829758426076,0.23010336905489678,-0.17040358744394618
2020-07-10,100032.0,100101.0,98739.0,99160.0,9147200.0,0.008793868495361012,0.00875542763202164,0.215035386212605,-0.16310822568770497
2020-07-13,98697.0,100858.0,98697.0,100027.0,10382300.0,-0.013345729366602721,-0.013435583958295194,0.22180530692327888,-0.1742771568168128
2020-07-14,100440.0,100632.0,98289.0,98699.0,10019400.0,0.017660111249582,0.017505983448667956,0.2252805198040153,-0.1596947995448765
2020-07-15,101791.0,102114.0,100444.0,100444.0,9285600.0,0.013450816407805766,0.013361157274362875,0.21862778499310262,-0.14839200856703033
2020-07-16,100553.0,101792.0,100160.0,101791.0,8127100.0,-0.012162175437907097,-0.012236739887631623,0.22497584619106856,-0.15874941436316176
2020-07-17,102888.0,103017.0,100554.0,100554.0,10429400.0,0.02322158463695767,0.022956066287670295,0.23664639783813074,-0.13921424268790578
2020-07-20,104426.0,104439.0,102744.0,102888.0,8931800.0,0.01494829328979086,0.014837668624499162,0.23212522093085217,-0.12634696472792986
2020-07-21,104310.0,105449.0,103732.0,104426.0,11105800.0,-0.0011108344665121672,-0.0011114519004050809,0.2328250778444875,-0.12731744863128305
2020-07-22,104290.0,104980.0,103277.0,104312.0,10833700.0,-0.0001917361710286336,-0.00019175455475819547,0.22011998957272835,-0.12748477344220602
2020-07-23,102293.0,104949.0,102119.0,104291.0,10366600.0,-0.01914852814267909,-0.019334235714178225,0.23143355483775246,-0.14419215581286393
2020-07-24,102382.0,102694.0,100859.0,102292.0,9795200.0,0.000870049759025493,0.0008696714851294101,0.21075730706120802,-0.14344756040425674
2020-07-27,104477.0,104585.0,102381.0,102381.0,9622400.0,0.020462581313121397,0.020256035582401223,0.21095532316782806,-0.1259202864600763
2020-07-28,104109.0,104663.0,103592.0,104477.0,9087100.0,-0.0035223063449371095,-0.003528524271185444,0.20873621604780954,-0.12899906298105884
2020-07-29,105605.0,105704.0,104112.0,104112.0,9238300.0,0.014369554985639965,0.014267291420816845,0.20996387023568203,-0.11648316712402115
2020-07-30,105009.0,105607.0,103920.0,105605.0,9591700.0,-0.005643672174612924,-0.005659657866127267,0.21266279514438644,-0.12146944648952547
2020-07-31,102912.0,105462.0,102642.0,105010.0,12929300.0,-0.019969716881410138,-0.020171806653531656,0.22968538035520947,-0.13901345291479822
2020-08-03,102830.0,103863.0,102304.0,102913.0,10901000.0,-0.0007967972636815368,-0.0007971148753471868,0.21853175810751363,-0.13969948463958234
2020-08-04,101216.0,103012.0,100005.0,102826.0,12029800.0,-0.0156958086161626,-0.015820292117860905,0.22218702597250434,-0.15320259688106552
2020-08-05,102802.0,103763.0,101220.0,101220.0,10922100.0,0.015669459374012096,0.015547960961493787,0.2174643212199858,-0.1399337393748745
2020-08-06,104126.0,104523.0,102733.0,102733.0,9686600.0,0.012879126865236179,0.012796896197694837,0.21903105529412029,-0.12885683689177432
2020-08-07,102776.0,104126.0,101957.0,104116.0,10337100.0,-0.012965061560033075,-0.013049841553118283,0.22430900893581854,-0.14015126162907435
2020-08-10,103444.0,103722.0,101282.0,102776.0,8259500.0,0.006499571884486688,0.006478540746885117,0.21794323203606064,-0.13456261294424737
2020-08-11,102174.0,104409.0,102174.0,103449.0,9360900.0,-0.012277174123197065,-0.012353161203671007,0.21616594495144836,-0.14518773843785557
2020-08-12,102118.0,103116.0,100698.0,102176.0,10114200.0,-0.0005480846399279482,-0.0005482348932177324,0.21107209090243387,-0.14565624790843987
2020-08-13,100461.0,103237.0,100187.0,102118.0,10721300.0,-0.01622632640670596,-0.016359414896317905,0.21475875441709205,-0.1595191084934074
2020-08-14,101353.0,101717.0,100445.0,100469.0,8576300.0,0.008879067498830384,0.008839880371611,0.200047586643063,-0.15205642192624322
2020-08-17,99595.0,101689.0,98513.0,101348.0,10816200.0,-0.017345317849496333,-0.017497510327360747,0.19955382110968564,-0.16676427280637174
2020-08-18,102065.0,102247.0,99597.0,99597.0,9418700.0,0.024800441789246452,0.02449790269831018,0.22122189855871702,-0.14609965865738572
2020-08-19,100854.0,102334.0,100800.0,102072.0,10025800.0,-0.011864987997844523,-0.011935938746235226,0.22449460562177165,-0.15623117595877117
2020-08-20,101468.0,101749.0,99131.0,100853.0,9405000.0,0.006088008408194012,0.006069551358239724,0.2159382114213938,-0.15109430426343617
2020-08-21,101521.0,101566.0,100412.0,101460.0,9100200.0,0.0005223321638347933,0.0005221957958742867,0.2159145306167856,-0.15065089351449032
2020-08-24,102298.0,102515.0,101525.0,101525.0,7723000.0,0.007653588912638787,0.007624448790913107,0.2042078267231141,-0.1441503246101332
2020-08-25,102118.0,102708.0,101623.0,102293.0,8170900.0,-0.0017595651918903554,-0.0017611150450345394,0.20402003667359145,-0.14565624790843987
2020-08-26,100627.0,102521.0,99359.0,102119.0,9861200.0,-0.014600755988170566,-0.014708396061700523,0.20123328811010133,-0.15813031256274682
2020-08-27,100624.0,101548.0,99857.0,100625.0,7360600.0,-2.9813072038309407e-05,-2.9813516456774598e-05,0.20102121739397813,-0.15815541128438526
2020-08-28,102143.0,102347.0,100631.0,100631.0,7665700.0,0.015095802194307506,0.014982994437967348,0.197887505448001,-0.14544709189478616
2020-08-31,99369.0,102142.0,99369.0,102142.0,12226100.0,-0.0271580039748196,-0.027533598445895566,0.2201494930587767,-0.1686550431698012
2020-09-01,102168.0,102238.0,99382.0,99382.0,9384700.0,0.028167738429490052,0.027778323400741562,0.23685397935769772,-0.14523793588113246
2020-09-02,101911.0,102824.0,100872.0,102168.0,7557900.0,-0.002515464724767047,-0.002518633821774509,0.23018598424935105,-0.14738805970149255
2020-09-03,100721.0,103226.0,99751.0,101911.0,12611000.0,-0.01167685529530671,-0.011745565170687873,0.2279486171194952,-0.15734388595140889
2020-09-04,101242.0,101582.0,98961.0,100733.0,11327400.0,0.005172704798403593,0.00515937231783122,0.2250289045609116,-0.15298507462686567
2020-09-08,100050.0,101239.0,99373.0,101239.0,8479000.0,-0.011773769779340637,-0.011843629489587323,0.226613573005513,-0.1629576333578743
2020-09-09,101292.0,101578.0,100050.0,100050.0,7955600.0,0.012413793103448256,0.012337373759840784,0.22811561000082126,-0.15256676259955826
2020-09-10,98835.0,101536.0,98687.0,101291.0,8894600.0,-0.024256604667693416,-0.02455564175569033,0.24366346549433898,-0.17312261562144435
2020-09-11,98363.0,99435.0,97758.0,98839.0,9107900.0,-0.004775636161278851,-0.004787075947688097,0.23777918005650106,-0.1770714811592263
2020-09-14,100275.0,100520.0,98367.0,98367.0,8182100.0,0.019438203389485986,0.019251694569911906,0.24624735094921513,-0.16107522923499096
2020-09-15,100298.0,100949.0,99647.0,100277.0,9216700.0,0.00022936923460492586,0.000229342933503733,0.2379512267089234,-0.16088280570242955
2020-09-16,99676.0,100663.0,99663.0,100299.0,7139400.0,-0.00620151947197356,-0.006220828766558388,0.22098642304378402,-0.16608660732213373
2020-09-17,100098.0,100251.0,98562.0,99674.0,0.0,0.0042337172438702275,0.004224780278529848,0.2179831293784882,-0.1625560538116592
2020-09-18,98290.0,100102.0,98045.0,100098.0,11370300.0,-0.01806229894703193,-0.018227413523053664,0.22538990349595583,-0.17768221671909512
2020-09-21,96991.0,98283.0,95820.0,98283.0,9738000.0,-0.013215993488655986,-0.013304101884965449,0.22898525630963298,-0.18854996318854159
2020-09-22,97294.0,97684.0,96390.0,96995.0,7281300.0,0.003124001195987214,0.003119131643274126,0.22694942567659426,-0.1860149923030587
2020-09-23,95735.0,97389.0,95728.0,97294.0,8830700.0,-0.016023598577507348,-0.016153364511678227,0.2320150053779011,-0.1990579613145037
2020-09-24,97012.0,97955.0,95653.0,95735.0,9331000.0,0.013338904266986917,0.0132507243668037,0.23487341440687212,-0.18837427213707247
2020-09-25,96999.0,97012.0,95632.0,97011.0,7351100.0,-0.0001340040407372678,-0.0001340130200809226,0.23486311710692961,-0.1884830332641724
2020-09-28,94666.0,98314.0,94371.0,97005.0,10508900.0,-0.024051794348395328,-0.024345761957112876,0.2389663990039497,-0.2080014724583361
2020-09-29,93580.0,95505.0,93408.0,94665.0,8737200.0,-0.011471911774026622,-0.011538221776708255,0.22418507642422447,-0.21708720969145304
2020-09-30,94603.0,95340.0,93584.0,93586.0,9454300.0,0.010931823039110888,0.010872502590505411,0.20014263429909693,-0.20852854561274345
2020-10-01,95479.0,95486.0,93599.0,94604.0,9243500.0,0.00925974863376422,0.009217139989637054,0.20544053914639865,-0.20119971889431765
2020-10-02,94016.0,95996.0,93897.0,95475.0,8584900.0,-0.015322741126320927,-0.015441347466800608,0.2078697529829677,-0.21343952881333245
2020-10-05,96089.0,96414.0,93984.0,94019.0,8616000.0,0.02204943839346485,0.021809864773423636,0.22472907136426173,-0.19609631216116727
2020-10-06,95615.0,97405.0,95211.0,96091.0,11299600.0,-0.004932926765810808,-0.004945133809898205,0.22229138099678222,-0.2000619101800415
2020-10-07,95526.0,96380.0,94881.0,95616.0,9829900.0,-0.0009308162945144138,-0.0009312497730149239,0.21561886367022481,-0.20080650558864868
2020-10-08,97920.0,97938.0,95530.0,95530.0,11163600.0,0.025061239871867258,0.02475235702209326,0.2209993863638781,-0.18077772572116993
2020-10-09,97483.0,98642.0,97161.0,97924.0,10810500.0,-0.004462826797385633,-0.004472814936866545,0.2209206733706892,-0.1844337728398367
2020-10-13,98503.0,98998.0,97336.0,97483.0,7867500.0,0.010463362842752177,0.01040900073988524,0.21253240803434803,-0.17590020748276555
2020-10-14,99334.0,99571.0,98501.0,98502.0,8891000.0,0.008436291280468522,0.00840090465713468,0.2150682014082115,-0.1689478615889164
2020-10-15,99054.0,99486.0,97778.0,99328.0,8335200.0,-0.0028187730283689705,-0.0028227532503829187,0.21420227323638097,-0.1712904089418379
2020-10-16,98309.0,99172.0,98309.0,99054.0,7840200.0,-0.007521150079754513,-0.007549576551885578,0.21497008670166004,-0.1775232581487183
2020-10-19,98658.0,99917.0,98310.0,98310.0,9929400.0,0.0035500310246263656,0.003543744538243082,0.20537425083973004,-0.17460344019811258
2020-10-20,100540.0,100722.0,98664.0,98664.0,8796000.0,0.019075999918911846,0.018896334304285188,0.2090925688888195,-0.15885817549026168
2020-10-21,100552.0,101586.0,100149.0,100541.0,8661100.0,0.00011935548040575839,0.00011934835810712488,0.20911209831526825,-0.1587577806037079
2020-10-22,101918.0,102020.0,100457.0,100553.0,9556900.0,0.013585010740711168,0.01349356177486963,0.2019999472422118,-0.1473294960176695
2020-10-23,101260.0,102218.0,101188.0,101918.0,7561100.0,-0.0064561706469906666,-0.006477101855642929,0.20102510412541083,-0.152834482297035
2020-10-26,101017.0,101784.0,99762.0,101260.0,8070400.0,-0.0023997629863716785,-0.002402647032509068,0.2015265701331542,-0.15486747874974902
2020-10-27,99606.0,101660.0,99414.0,101017.0,8672300.0,-0.013967945989288966,-0.014066415769260066,0.18642031950969212,-0.1666722441603641
2020-10-28,95369.0,99598.0,95369.0,99598.0,11051600.0,-0.04253759813665847,-0.0434688256817595,0.24397984666213068,-0.20212000535439395
2020-10-29,96582.0,96688.0,93387.0,95368.0,12704400.0,0.012719017710157487,0.012638810393912965,0.24501128299112385,-0.1919717555719162
2020-10-30,93952.0,96579.0,93559.0,96579.0,10643200.0,-0.02723074693006977,-0.027608374900151677,0.26291651587876336,-0.21397496820828593
2020-11-03,95587.0,96250.0,93968.0,93968.0,10191800.0,0.017402503405994585,0.017252813995199363,0.2643876890537998,-0.20029616491533364
2020-11-04,97811.0,98296.0,95987.0,95992.0,10704600.0,0.023266762216619385,0.023000217606429094,0.26567122803909154,-0.18168964594070008
2020-11-05,100774.0,100922.0,97872.0,97873.0,10455300.0,0.03029311631616083,0.029843340704365205,0.2836321977924954,-0.15690047520246303
2020-11-06,100799.0,100928.0,99837.0,100751.0,8382800.0,0.00024807986186914377,0.0002480490951485086,0.2834667873674904,-0.15669131918880932
2020-11-09,103913.0,105147.0,100954.0,100954.0,17410500.0,0.03089316362265504,0.030425575633139555,0.2899648903607854,-0.13063884612810386
2020-11-10,105351.0,105758.0,103453.0,103516.0,16665200.0,0.013838499514016611,0.013743621787831088,0.29097121334910403,-0.11860819222274278
2020-11-11,104532.0,105462.0,104143.0,105067.0,10841000.0,-0.00777401258649657,-0.00780438774935303,0.29272872263006017,-0.12546014323003815
2020-11-12,102175.0,105019.0,102034.0,104810.0,10860300.0,-0.022548119236214803,-0.02280621517441432,0.305721358660632,-0.14517937219730942
2020-11-13,104512.0,104707.0,102509.0,102509.0,9772100.0,0.02287252263273798,0.02261486789765894,0.314265132728736,-0.12562746804096112
2020-11-16,106430.0,106518.0,104729.0,104729.0,11724300.0,0.018351959583588595,0.01818559470495312,0.31642214223425896,-0.1095810186734489
2020-11-17,107229.0,107810.0,105847.0,106430.0,10311000.0,0.007507281781452546,0.007479242387224929,0.31666033961799545,-0.1028963924770765
2020-11-18,106483.0,107467.0,106217.0,107246.0,10337300.0,-0.0069570731798300756,-0.006981386445176179,0.314005589463517,-0.10913760792450304
2020-11-19,106517.0,106973.0,105545.0,106117.0,8555700.0,0.00031929979433331646,0.0003192488290025103,0.3139831526888779,-0.108853155745934
2020-11-23,107379.0,107495.0,106050.0,106050.0,9686000.0,0.008092604936301262,0.008060035405878376,0.3121343908387034,-0.10164145639515428
2020-11-24,109786.0,109956.0,107361.0,107378.0,11934800.0,0.022415928626640325,0.02216838416241701,0.31758812040659035,-0.0815039154005756
2020-11-25,110133.0,110596.0,109315.0,109786.0,8564700.0,0.003160694441914247,0.0031557099474508995,0.3167037537135679,-0.07860082993106218
2020-11-26,110227.0,110245.0,109418.0,110133.0,6166800.0,0.0008535134791569643,0.0008531494436521601,0.30956310912484025,-0.07781440331972425
2020-11-27,110575.0,111603.0,110161.0,110229.0,8790300.0,0.0031571212134957616,0.003152147970987742,0.2513831034701071,-0.07490295160966468
2020-11-30,108888.0,110934.0,108829.0,110598.0,19300000.0,-0.015256613158489696,-0.015374192724617972,0.2630322502491169,-0.08901679941101666
2020-12-01,111335.0,111840.0,108897.0,108897.0,11324800.0,0.022472632429652473,0.022223843226648256,0.23675719648245888,-0.06854460879459207
2020-12-02,111814.0,112315.0,110579.0,111402.0,9814300.0,0.00430233080343112,0.004293102238351568,0.2348554370500382,-0.06453717957298709
2020-12-03,112919.0,113377.0,111874.0,111874.0,11474200.0,0.009882483409948684,0.009833971024169002,0.22813712871386568,-0.05529248376949334
2020-12-04,113682.0,113864.0,112294.0,112294.0,8892900.0,0.006757055942755441,0.006734329359338882,0.2118578694432399,-0.04890904223278228
2020-12-07,113625.0,114531.0,112629.0,113751.0,9633900.0,-0.0005013986383068936,-0.0005015243806372537,0.21214553115732204,-0.04938591794391272
2020-12-08,113571.0,114381.0,112820.0,113590.0,8810900.0,-0.00047524752475247567,-0.00047536049064996063,0.19237071939061276,-0.04983769493340472
2020-12-09,112722.0,114020.0,112567.0,113799.0,8431100.0,-0.007475499907546812,-0.007503581493776022,0.19352818814378792,-0.05694063315708453
2020-12-10,114992.0,115262.0,112732.0,113002.0,11803600.0,0.02013803871471409,0.019937950212869905,0.19727894872498106,-0.037949267117328156
2020-12-11,115323.0,115527.0,113949.0,115128.0,8372300.0,0.002878461110338071,0.0028743262738997496,0.16865469937185157,-0.035180041496553106
2020-12-14,114975.0,115740.0,114431.0,115137.0,8190900.0,-0.0030176114044899727,-0.0030221735739990535,0.15956976631846448,-0.038091493206612675
2020-12-15,116146.0,116390.0,114613.0,114613.0,8195100.0,0.010184822787562497,0.010133306970989945,0.1530166167350136,-0.028294625527073153
2020-12-16,117947.0,118178.0,115496.0,116149.0,9808100.0,0.01550634546174634,0.015387350627097273,0.15765378221996407,-0.013227026303460277
2020-12-17,118157.0,119027.0,117856.0,117864.0,7701400.0,0.0017804607154061625,0.0017788775740953363,0.15196195324380796,-0.011470115788769159
2020-12-18,117679.0,119370.0,117639.0,118395.0,8636000.0,-0.004045464932251108,-0.004053669961759143,0.1545952777301578,-0.01546917876982799
2020-12-21,116016.0,118021.0,114730.0,118021.0,10347100.0,-0.01413166325342674,-0.01423246600717404,0.16834979696872163,-0.02938223679807242
2020-12-22,116348.0,116903.0,115648.0,115825.0,6947900.0,0.002861674251827262,0.002857587456926164,0.1538379098730599,-0.026604644936751222
2020-12-23,117857.0,118311.0,116636.0,116636.0,6483300.0,0.01296971155499027,0.012886325071257882,0.15787480842417118,-0.013979987952613614
2020-12-28,119051.0,119213.0,117805.0,117806.0,7171700.0,0.010130921370813839,0.010079947572175873,0.1592998548645083,-0.0039906967405126835
2020-12-29,119475.0,119861.0,118750.0,119130.0,6769700.0,0.0035614988534324876,0.0035551717346250828,0.15928284404121468,-0.00044341074894585367
2020-12-30,119306.0,120150.0,118919.0,119410.0,8235700.0,-0.0014145218664992631,-0.0014155232469824559,0.1438757604530773,-0.0018573054012448965
2021-01-04,118558.0,120354.0,118062.0,119024.0,8741400.0,-0.006269592476489061,-0.00628932890756399,0.13262920552567306,-0.008115253329763737
2021-01-05,119223.0,119790.0,116756.0,118835.0,9257100.0,0.005609068978896348,0.0055933967286683275,0.13285887829682666,-0.0025517033665751958
2021-01-06,119851.0,120924.0,118917.0,119377.0,11638200.0,0.005267440007381108,0.005253615570277599,0.13080811679737012,0.0
2021-01-07,121956.0,121983.0,119101.0,119103.0,11774800.0,0.017563474647687594,0.01741101933500825,0.14003798918940774,0.0
2021-01-08,125077.0,125324.0,122386.0,122387.0,11085800.0,0.025591196825084372,0.025269223708550326,0.1588537576307547,0.0
2021-01-11,122807.0,125075.0,122506.0,125075.0,9537600.0,-0.01814882032667875,-0.01831553030643295,0.17816238137957519,-0.018148820326678767
2021-01-12,123998.0,124584.0,123227.0,123255.0,8949000.0,0.009698144242592077,0.009651419096957459,0.1739436951011424,-0.008626685961447748
2021-01-13,122040.0,124032.0,121016.0,123996.0,10291500.0,-0.015790577267375316,-0.015916576594235704,0.17895649029351746,-0.024281042877587405
2021-01-14,123481.0,123896.0,121947.0,121947.0,8974400.0,0.011807604064241195,0.011738438230183359,0.181636802751537,-0.01276013975391159
2021-01-15,120502.0,123472.0,120374.0,123472.0,9387600.0,-0.024125169054348472,-0.024420947775306342,0.20595371032334608,-0.0365774682795398
2021-01-18,121242.0,122586.0,120351.0,120351.0,7223100.0,0.006140976913246332,0.006122197956068244,0.2044290865288466,-0.030661112754543203
2021-01-19,120673.0,122120.0,119257.0,121250.0,7886000.0,-0.004693093152537853,-0.004704140291259191,0.1995519849756104,-0.03521031044876356
2021-01-20,119708.0,121449.0,118740.0,120645.0,7947300.0,-0.007996817846577131,-0.008028963886458816,0.20215701753258528,-0.04292555785636048
2021-01-21,118443.0,120243.0,117785.0,119628.0,8573900.0,-0.010567380626190448,-0.010623611888438016,0.20550285955528488,-0.053039327774091156
2021-01-22,117172.0,118318.0,116109.0,118318.0,9373100.0,-0.01073090009540456,-0.01078889144320182,0.20261098982236025,-0.06320106814202452
2021-01-26,116464.0,119167.0,116109.0,117381.0,10681400.0,-0.00604239920800187,-0.0060607283741542,0.2037023054153027,-0.06886158126594018
2021-01-27,115882.0,117840.0,114887.0,116463.0,12380400.0,-0.004997252369831062,-0.0050097803900013265,0.1985858116784224,-0.07351471493559968
2021-01-28,119314.0,119314.0,115734.0,115882.0,12065900.0,0.02961633385685447,0.029186241448277764,0.2226497867772607,-0.046075617419669486
2021-01-29,116007.0,118880.0,115299.0,118880.0,10965200.0,-0.027716780930988838,-0.028108139320903527,0.24354033284132465,-0.07251533055637727
2021-02-01,117365.0,117862.0,115093.0,115093.0,8716500.0,0.011706190143698114,0.011638202767575418,0.2479491366470328,-0.06165801866050513
2021-02-02,118234.0,119805.0,117519.0,117520.0,11625900.0,0.007404251693434949,0.0073769747825229905,0.24869535307258286,-0.05471029845615101
2021-02-03,119725.0,120210.0,118234.0,118235.0,8704300.0,0.012610585787506068,0.012531734565299428,0.25201307313386323,-0.042789641580786235
2021-02-04,119261.0,120560.0,118918.0,119728.0,8100700.0,-0.003875548131133888,-0.0038830775277808203,0.25167451783198713,-0.04649935639645978
2021-02-05,119925.0,121117.0,119261.0,119261.0,8208400.0,0.005567620596842238,0.005552178687235357,0.24404384860400982,-0.0411906265740304
2021-02-08,119516.0,120844.0,119140.0,120239.0,8619100.0,-0.0034104648738795262,-0.003416293765801668,0.223737793014785,-0.04446061226284609
2021-02-09,119429.0,119975.0,118246.0,119696.0,7913500.0,-0.0007279360085679087,-0.0007282010826299699,0.21557396420307207,-0.04515618379078488
2021-02-10,118430.0,119738.0,117970.0,119472.0,8644600.0,-0.008364802518651238,-0.008399983806292317,0.21281127678211662,-0.05314326374953029
2021-02-11,119235.0,120283.0,118440.0,118440.0,7567400.0,0.006797264206704456,0.006774266959782038,0.20875457813057677,-0.04670722834733804
2021-02-12,119116.0,119763.0,118163.0,119300.0,7655900.0,-0.0009980291021931542,-0.000998527464852117,0.20313483301821544,-0.047658642276357764
2021-02-17,120391.0,120573.0,118880.0,119421.0,8326100.0,0.01070385170757926,0.010646971021839858,0.18898601853581692,-0.03746492160828929
2021-02-18,119140.0,120845.0,118515.0,120361.0,10720600.0,-0.01039114219501458,-0.010445507049631928,0.19095402447335694,-0.047466760475547064
2021-02-19,118748.0,119250.0,117867.0,119199.0,10402800.0,-0.003290246768507643,-0.0032956715328838013,0.19064457174401445,-0.05060082988878851
2021-02-22,112668.0,118388.0,111650.0,118388.0,21768700.0,-0.05120086233031296,-0.052558159603246904,0.26431666757405803,-0.09921088609416599
2021-02-23,115227.0,115380.0,112667.0,112676.0,15174900.0,0.022712748961550844,0.02245865473585071,0.27747046474207854,-0.07875148908272504
2021-02-24,115668.0,116208.0,114668.0,115229.0,11399300.0,0.003827227993439042,0.0038199227895700807,0.2757379255089156,-0.07522566099282842
2021-02-25,112256.0,116506.0,111764.0,115668.0,12466500.0,-0.02949821904070271,-0.029942041280168266,0.29435959803627554,-0.10250485700808303
2021-02-26,110035.0,113466.0,109827.0,112260.0,14618500.0,-0.019785133979475455,-0.01998348030816481,0.3012169701844365,-0.1202619186581066
2021-03-01,110335.0,112445.0,110036.0,110036.0,11239900.0,0.002726405234698026,0.002722695333545595,0.27793938680873365,-0.11786339614797285
2021-03-02,111540.0,112428.0,107319.0,110328.0,14823200.0,0.010921285176961115,0.010862078626363757,0.26715741838658935,-0.10822933073226892
2021-03-03,111184.0,112398.0,107466.0,111529.0,15144300.0,-0.0031916801147570117,-0.003196784389436088,0.2622853398085507,-0.11107557744429432
2021-03-04,112690.0,114433.0,111163.0,111191.0,14221600.0,0.01354511440495032,0.01345419939228639,0.2662409580974539,-0.09903499444342286
2021-03-05,115202.0,115504.0,112504.0,112690.0,13254800.0,0.022291241458869404,0.022046423257941615,0.27530682490048775,-0.07895136595856952
2021-03-08,110612.0,115202.0,110268.0,115202.0,0.0,-0.03984305828023815,-0.04065852692372548,0.30780537075004505,-0.11564876036361602
2021-03-09,111331.0,112525.0,109343.0,110611.0,12135300.0,0.006500198893429232,0.006479163706660519,0.30819484214287296,-0.10990030141432877
2021-03-10,112776.0,112928.0,109999.0,111331.0,12511800.0,0.01297931393771723,0.012895804463489575,0.3137949144779892,-0.09834741799051784
2021-03-11,114984.0,115127.0,112776.0,112782.0,12092100.0,0.019578633751862196,0.019389437780306502,0.3236154083032891,-0.08069429231593339
2021-03-12,114160.0,114984.0,113253.0,114984.0,8110700.0,-0.007166214429833673,-0.007192015080349672,0.3233217065026744,-0.08728223414376744
2021-03-15,114851.0,114903.0,113635.0,114093.0,8224700.0,0.006052908199018825,0.00603466293776276,0.323071033413747,-0.08175763729542601
2021-03-16,114019.0,114974.0,113370.0,114845.0,78000.0,-0.007244168531401529,-0.007270534932527551,0.3236125117355013,-0.0884095397235303
2021-03-17,116549.0,116736.0,113428.0,114018.0,94300.0,0.022189284242100094,0.02194668426256148,0.3319346505147954,-0.06818199988806894
2021-03-18,114835.0,116751.0,114302.0,116549.0,9920100.0,-0.014706260885979261,-0.014815469967999359,0.3338324159430544,-0.08188555849596649
2021-03-19,116222.0,116446.0,114610.0,114837.0,12341800.0,0.012078199155309832,0.012005839772553544,0.3373476132842795,-0.07079638942411474
2021-03-22,114979.0,116225.0,113620.0,116222.0,8160600.0,-0.010695049130113099,-0.010752652248331806,0.2805930672856227,-0.08073426769110228
2021-03-23,113262.0,115599.0,113062.0,114977.0,8301500.0,-0.014933161707790132,-0.015045783977948288,0.2740844724961272,-0.09446181152410116
2021-03-24,112064.0,114823.0,112064.0,113272.0,9834000.0,-0.010577245678162095,-0.010633582351265023,0.2756087892082412,-0.10403991141456863
2021-03-25,113750.0,114024.0,110927.0,112065.0,10306500.0,0.01504497430039975,0.01493292116767312,0.25995300732632143,-0.09056021490761691
2021-03-26,114781.0,115416.0,113305.0,113750.0,8659500.0,0.009063736263736244,0.009022907130424035,0.24958416793918942,-0.08231729254779056
2021-03-29,115419.0,115553.0,114096.0,114776.0,7463300.0,0.005558411235308869,0.005543020274099962,0.24987639933143743,-0.07721643467623944
2021-03-30,116850.0,117090.0,114999.0,115414.0,8141600.0,0.012398305305019175,0.012322075749283108,0.25059631282186634,-0.06577548230290141
2021-03-31,116634.0,117249.0,115932.0,116850.0,10659200.0,-0.001848523748395392,-0.0018502343768361732,0.2502481002767879,-0.06750241851019771
2021-04-01,115253.0,117088.0,114991.0,116644.0,8009200.0,-0.011840458185434777,-0.011911114701293513,0.25157154275335586,-0.07854361713184678
2021-04-05,117518.0,117668.0,115262.0,115262.0,7245100.0,0.019652416856827948,0.019461801434219998,0.24887344530377714,-0.06043477218033691
2021-04-06,117499.0,118213.0,117176.0,117519.0,6800800.0,-0.00016167736006400535,-0.00016169043125728033,0.19456651926708224,-0.06058667860597872
2021-04-07,117624.0,118303.0,116748.0,117499.0,0.0,0.0010638388411816635,0.001063273365656011,0.19423893764864822,-0.05958729422675632
2021-04-08,118313.0,118850.0,117486.0,117624.0,8778200.0,0.005857648099027335,0.005840558781399238,0.19093723471749321,-0.05407868752848245
2021-04-09,117670.0,118643.0,117336.0,118313.0,7739400.0,-0.005434736673062157,-0.00544955858091786,0.18175395053740248,-0.059219520775202476
2021-04-12,118812.0,118812.0,117661.0,117661.0,7000500.0,0.009705107504036636,0.00965831545254029,0.18133211456634285,-0.05008914508662664
2021-04-13,119297.0,119529.0,118041.0,118809.0,8977600.0,0.004082079251254145,0.004073770170290016,0.18088606272994523,-0.04621153369524373
2021-04-14,120295.0,120871.0,119298.0,119298.0,10076600.0,0.008365675582789223,0.008330877258442695,0.17886266801197856,-0.038232448811532094
2021-04-15,120701.0,121409.0,120084.0,120290.0,7948100.0,0.003375036368926443,0.003369353716197404,0.16384594252348766,-0.03498644834781774
2021-04-16,121114.0,121333.0,120199.0,120701.0,7945600.0,0.0034216783622340596,0.003415837740188109,0.1517305469761854,-0.031684482358866936
2021-04-19,120934.0,121974.0,120682.0,121116.0,10028100.0,-0.001486203081394355,-0.0014873085766566691,0.1482286269152973,-0.033123595864947196
2021-04-20,120062.0,121354.0,119841.0,120925.0,7811500.0,-0.007210544594572266,-0.007236666214392782,0.14470417283790302,-0.04009530129440265
2021-04-22,119371.0,120995.0,119203.0,120064.0,8598600.0,-0.005755359730805765,-0.005771985636355894,0.13337765556470554,-0.04561989814274407
2021-04-23,120530.0,120815.0,119372.0,119372.0,7615500.0,0.009709225858876902,0.00966239421416165,0.12586054184011614,-0.03635360617859398
2021-04-26,120595.0,121393.0,119860.0,120534.0,7095300.0,0.0005392848253547022,0.0005391394635518683,0.11891217597127467,-0.03583392630139834
2021-04-27,119388.0,121012.0,119003.0,120595.0,8362300.0,-0.0100087068286413,-0.010059130668581068,0.12505920152180802,-0.04548398186716982
2021-04-28,121053.0,121276.0,119392.0,119392.0,9081500.0,0.01394612523871741,0.013849772829207078,0.13151827958835985,-0.03217218193592747
2021-04-29,120066.0,121498.0,119703.0,121053.0,8500200.0,-0.00815345344601126,-0.008186874636948647,0.13110947339282109,-0.04006332099426753
2021-04-30,118894.0,120125.0,118894.0,120064.0,11093200.0,-0.00976129795279268,-0.00980925173761512,0.13662022723705533,-0.04943354893385674
2021-05-03,119209.0,119904.0,118528.0,118951.0,8888300.0,0.0026494188100325555,0.002645915286852887,0.1279264302234127,-0.0469151002982163
2021-05-04,117712.0,119293.0,117631.0,119209.0,8765500.0,-0.01255777667793534,-0.01263729194681052,0.1192193167843597,-0.05888372762378375
2021-05-05,119564.0,119734.0,117725.0,117725.0,9059100.0,0.015733315210004095,0.015610829671541806,0.13132259157198323,-0.04407684866122469
2021-05-06,119921.0,119966.0,119071.0,119577.0,8779600.0,0.002985848583185513,0.0029813997907184894,0.13153615132970314,-0.04122260687416551
2021-05-07,122038.0,122038.0,119922.0,119922.0,8865100.0,0.017653288414873014,0.017499278992528535,0.14325373658992327,-0.024297033027654964
2021-05-10,121909.0,122772.0,121795.0,122038.0,8219100.0,-0.0010570478047821075,-0.0010576068738227633,0.14124170666934757,-0.02532839770701248
2021-05-11,122964.0,122964.0,120145.0,121904.0,7988600.0,0.008653996013419762,0.008616764834706258,0.140516666095666,-0.016893593546375433
2021-05-12,119710.0,122964.0,119458.0,122964.0,9405200.0,-0.026463029829868923,-0.026819478342302687,0.17274062887005792,-0.04290956770629292
2021-05-13,120706.0,121426.0,119711.0,119711.0,9356200.0,0.008320106925068904,0.008285685629559978,0.17271239375368339,-0.03494647297264885
2021-05-14,121881.0,122195.0,120719.0,120719.0,10136300.0,0.009734395970374399,0.009687321982609081,0.17569467490681967,-0.0255522598079583
2021-05-17,122938.0,123074.0,121680.0,121880.0,7408100.0,0.008672393564214342,0.008635004372829725,0.17781282470184864,-0.017101465497253693
2021-05-18,122980.0,123544.0,122550.0,122937.0,7840100.0,0.0003416356212073701,0.0003415772770464488,0.17762638275396098,-0.016765672345834967
2021-05-19,122636.0,123013.0,121595.0,122976.0,8825300.0,-0.002797202797202747,-0.0028011222797116675,0.17563846907490355,-0.019515978157455007
2021-05-20,122701.0,122734.0,122136.0,122636.0,7906400.0,0.0005300238103003174,0.0005298833972932087,0.17380186431031874,-0.01899629828025936
2021-05-21,122592.0,122799.0,121760.0,122701.0,9493600.0,-0.0008883383183511118,-0.00088873312466674,0.1711446792482209,-0.019867761458941292
2021-05-24,124032.0,124167.0,122526.0,122592.0,8186300.0,0.011746280344557603,0.011677828310007913,0.17539237171962627,-0.008354853410299255
2021-05-25,122988.0,124696.0,122701.0,124032.0,8914500.0,-0.008417182662538658,-0.0084528071908201,0.17408764151880057,-0.016701711745564733
2021-05-26,123989.0,124256.0,122988.0,122988.0,8258400.0,0.008139005431424096,0.008106062355255053,0.16981859415516753,-0.00869864163675176
2021-05-27,124367.0,124537.0,123470.0,123989.0,0.0,0.003048657542201294,0.0030440198093119077,0.1662277875462722,-0.005676503273983226
2021-05-28,125561.0,125698.0,124284.0,124367.0,8838500.0,0.009600617527157462,0.009554824459891498,0.16252308857113196,0.0
2021-05-31,126216.0,126216.0,125540.0,125561.0,5946500.0,0.005216587953265739,0.005203028693267891,0.16275926356107487,0.0
2021-06-01,128267.0,128363.0,126218.0,126218.0,12496100.0,0.016249920770742277,0.016119303917511034,0.1584038976811594,0.0
2021-06-02,129601.0,129601.0,128167.0,128268.0,12781100.0,0.010400180872710774,0.01034647106512469,0.1544687940107682,0.0
2021-06-04,130126.0,130137.0,129148.0,129600.0,9814800.0,0.004050894669022531,0.004042711886163301,0.15441912954761988,0.0
2021-06-07,130776.0,131190.0,129498.0,130125.0,9655400.0,0.004995158538647182,0.004982724124955072,0.14616755744044385,0.0
2021-06-08,129787.0,130776.0,129230.0,130776.0,10346600.0,-0.007562549703309496,-0.007591290777877335,0.15061673333613168,-0.007562549703309476
2021-06-09,129907.0,130882.0,129281.0,129800.0,9833700.0,0.0009245918312312806,0.0009241646594901481,0.1493707195062281,-0.006644950143757264
2021-06-10,130076.0,130527.0,129526.0,129911.0,8537900.0,0.0013009306657840725,0.0013000851886774412,0.10109969786195963,-0.0053526640973879
2021-06-11,129441.0,130294.0,128678.0,130076.0,7748200.0,-0.00488176143177832,-0.004893716151712975,0.10471248169623162,-0.010208295100018352
2021-06-14,130208.0,131084.0,129441.0,129441.0,8155700.0,0.005925479562117086,0.005907992951795444,0.10258518119447602,-0.0043433045818804675
2021-06-15,130091.0,130436.0,129304.0,130208.0,7211500.0,-0.0008985623003194831,-0.0008989662494236801,0.10159183471055495,-0.005237964152443874
2021-06-16,129259.0,130283.0,128345.0,130091.0,12879400.0,-0.006395523133806313,-0.006416062110382473,0.10649854257284058,-0.011599987765339206
2021-06-17,128057.0,129919.0,127576.0,129259.0,9664700.0,-0.00929915905275458,-0.009342666162041656,0.11313362328661325,-0.020791276686853856
2021-06-18,128405.0,128796.0,127595.0,128050.0,12432000.0,0.0027175398455374644,0.0027138540102242745,0.11298105740780273,-0.018130237964152442
2021-06-21,129265.0,129412.0,128048.0,128405.0,7333600.0,0.0066975585062887255,0.00667522950572702,0.11336418847912427,-0.011554107787361595
2021-06-22,128767.0,129259.0,127803.0,129242.0,9328000.0,-0.003852550961203738,-0.0038599911509457165,0.11032913204745917,-0.015362145959503273
2021-06-23,128428.0,129901.0,128182.0,128769.0,7988900.0,-0.002632662095102045,-0.0026361336442380216,0.10490740648311891,-0.01795436471523827
2021-06-24,129514.0,129541.0,128428.0,128433.0,7237000.0,0.008456099915906234,0.008420547386240916,0.10514931693051147,-0.009650088701290757
2021-06-25,127256.0,129748.0,126697.0,129513.0,9363800.0,-0.017434408635359833,-0.01758817780838075,0.12628167613745653,-0.02691625374686487
2021-06-28,127429.0,128067.0,126629.0,127255.0,8155600.0,0.001359464386748055,0.001358541151680709,0.12233467382272975,-0.02559338104851043
2021-06-29,127327.0,127507.0,126184.0,127429.0,7777900.0,-0.000800445738411204,-0.0008007662661560668,0.12128030868309131,-0.02637334067412981
2021-06-30,126802.0,127323.0,126199.0,127323.0,9098600.0,-0.004123241731918581,-0.0041317657321863115,0.10701667650159084,-0.030387838747170735
2021-07-01,125666.0,127204.0,124994.0,126802.0,9292000.0,-0.008958849229507404,-0.008999221023356076,0.10278107608839841,-0.03907444791093167
2021-07-02,127622.0,127672.0,125667.0,125667.0,7434800.0,0.015565069310712554,0.015445176116201657,0.11786105485303319,-0.024117575090230624
2021-07-05,126920.0,127633.0,126531.0,127622.0,5255600.0,-0.005500619015530228,-0.0055158031272483,0.11671249691974768,-0.02948553251361106
2021-07-06,125095.0,126919.0,124866.0,126919.0,7651300.0,-0.01437913646391431,-0.01448351806645175,0.1238330898785407,-0.04344069248180094
2021-07-07,127019.0,127249.0,125094.0,125096.0,8151400.0,0.015380310963667654,0.015263232919354467,0.1377573741751727,-0.028728512876980486
2021-07-08,125428.0,127013.0,124310.0,127013.0,8881400.0,-0.0125256851337201,-0.012604792807127885,0.14324488718496112,-0.040894353704043554
2021-07-12,127594.0,127782.0,125428.0,125428.0,7421600.0,0.017268871384379825,0.017121459100779945,0.15757709548063095,-0.02433168165412614
2021-07-13,128168.0,128420.0,126441.0,127594.0,7152000.0,0.004498644136871732,0.004488555482863667,0.15686433761614207,-0.019942497094268062
2021-07-14,128407.0,129620.0,128085.0,128169.0,0.0,0.0018647400287123972,0.0018630035593991613,0.15714491351463622,-0.018114944638159908
2021-07-15,127468.0,128976.0,126922.0,128407.0,7418600.0,-0.007312685445497569,-0.007339554198337786,0.15762767532489574,-0.025295161191655962
2021-07-16,125960.0,128010.0,125808.0,127468.0,7355800.0,-0.011830420183889245,-0.011900956472650567,0.15973608881680237,-0.03682632899002875
2021-07-19,124395.0,125958.0,123317.0,125958.0,9210200.0,-0.012424579231502086,-0.012502409661547163,0.16432996912967648,-0.04879335657918884
2021-07-20,125401.0,125631.0,123631.0,124395.0,7627500.0,0.00808714176614811,0.008054616077406198,0.16531970557968612,-0.041100813604942804
2021-07-21,125929.0,126112.0,125247.0,125404.0,7148900.0,0.004210492739292304,0.004201653417984238,0.16627846197728416,-0.03706337554291307
2021-07-22,126147.0,126428.0,125416.0,125930.0,6480400.0,0.0017311342105472693,0.0017296375247801412,0.16647054982497939,-0.03539640300972655
2021-07-23,125053.0,126204.0,124422.0,126140.0,6051800.0,-0.008672421857039758,-0.008710246151745938,0.16485291359019238,-0.043761852327644214
2021-07-26,126004.0,126214.0,125006.0,125058.0,6325500.0,0.007604775575156042,0.007576005039627949,0.15679534681849921,-0.03648987581819294
2021-07-27,124612.0,126026.0,123670.0,126004.0,7313800.0,-0.011047268340687588,-0.011108742577116448,0.16102938996488234,-0.047134030708998596
2021-07-28,126286.0,126712.0,124542.0,124615.0,9038200.0,0.013433698199210253,0.013344266120996658,0.1690278780775242,-0.03433351685324525
2021-07-29,125675.0,126476.0,124917.0,126285.0,7488400.0,-0.004838224347908704,-0.0048499664445707715,0.1692566631398446,-0.039005627943965254
2021-07-30,121801.0,125673.0,121748.0,125672.0,9399200.0,-0.030825542072806855,-0.03131064415592168,0.19995500756236556,-0.06862880039150915
2021-08-02,122516.0,124536.0,121797.0,121803.0,8565400.0,0.005870230950484778,0.005853068277925729,0.19186965164547323,-0.06316143634917722
2021-08-03,123577.0,123765.0,120807.0,122516.0,9391300.0,0.008660093375559175,0.008622809864750417,0.19501207187824152,-0.05504832691013642
2021-08-04,121801.0,123587.0,121072.0,123577.0,9164200.0,-0.014371606366880618,-0.014475878142676162,0.19500524139621978,-0.06862880039150915
2021-08-05,121633.0,123541.0,121128.0,121801.0,10913000.0,-0.0013792990205334643,-0.001380251129023063,0.1849045399143773,-0.06991343977488224
2021-08-06,122810.0,123287.0,121568.0,121633.0,7499200.0,0.009676650251165375,0.009630131328598537,0.1851009511426165,-0.0609133174282743
2021-08-09,123019.0,123597.0,122258.0,122809.0,7171500.0,0.001701815813044627,0.0017003693653397268,0.17269497564401012,-0.0593151648620542
2021-08-10,122202.0,123513.0,122061.0,123021.0,8297600.0,-0.006641250538534704,-0.006663401771957675,0.17182163724649258,-0.0655624885300055
2021-08-11,122056.0,122756.0,120827.0,122203.0,8685200.0,-0.0011947431302270495,-0.0011954574047737456,0.17116084368189596,-0.0666789013274607
2021-08-12,120701.0,122095.0,120534.0,122056.0,11066000.0,-0.01110146162417247,-0.011163542737593107,0.17311127227654752,-0.07704012968740441
2021-08-13,121194.0,121275.0,120045.0,120701.0,10642200.0,0.004084473202376149,0.00407615438600069,0.17116082952692116,-0.07327032483024408
2021-08-16,119180.0,121191.0,118684.0,121191.0,9741700.0,-0.01661798438866613,-0.016757612140475706,0.17526463613833534,-0.0886707041047287
2021-08-17,117904.0,119179.0,116248.0,119179.0,11218200.0,-0.01070649437825133,-0.0107642212941893,0.17346525693310194,-0.09842784608796722
2021-08-18,116643.0,118739.0,116489.0,117904.0,11745800.0,-0.010695141810286302,-0.010752745930444145,0.17325862515480128,-0.1080702881262617
2021-08-19,117165.0,117453.0,114801.0,116641.0,10525900.0,0.004475193539260847,0.004465209636171032,0.17468908260787758,-0.10407873004220958
2021-08-20,118053.0,118308.0,116040.0,117163.0,8929300.0,0.007579055178594363,0.007550478438857779,0.1779995310212306,-0.09728849330152321
2021-08-23,117472.0,118445.0,117062.0,118053.0,7853000.0,-0.004921518301102101,-0.004933668854804289,0.1737408740625595,-0.10173120450235518
2021-08-24,120211.0,120463.0,117474.0,117474.0,9181000.0,0.02331619449741207,0.02304852474261444,0.1949299147169302,-0.08078699455557595
2021-08-25,120818.0,120818.0,119226.0,120210.0,7520100.0,0.00504945470880358,0.005036748965808612,0.1884951732388103,-0.07614547011684102
2021-08-26,118724.0,120833.0,118719.0,120817.0,8426900.0,-0.017331854524987977,-0.01748380944899174,0.19602353448737675,-0.0921575824310271
2021-08-27,120678.0,120678.0,118721.0,118725.0,7323600.0,0.01645834035241389,0.01632436982528358,0.1762016328437711,-0.07721600293631858
2021-08-30,119740.0,120684.0,119354.0,120677.0,6391900.0,-0.007772750625631875,-0.007803115901932993,0.17637679152370367,-0.08438857282681837
2021-08-31,118781.0,120157.0,117911.0,119738.0,11535600.0,-0.008009019542341789,-0.008041264019185774,0.1740388963652405,-0.0917217226402398
2021-09-01,119396.0,119942.0,118067.0,118793.0,9523000.0,0.0051775957434270214,0.005164238081794963,0.16923132976024324,-0.08701902489753471
2021-09-02,116677.0,119397.0,116534.0,119394.0,9862800.0,-0.022772957217997214,-0.023036266238111426,0.18646315076575715,-0.10781030158438858
2021-09-03,116933.0,117396.0,115583.0,116679.0,12517500.0,0.0021940913804776585,0.0021916878770134804,0.18208542633089875,-0.10585275585734386
2021-09-06,117869.0,117981.0,116156.0,116926.0,5111300.0,0.008004583821504596,0.007972717080806137,0.18531506805536704,-0.0986954792928366
2021-09-08,113413.0,117866.0,113172.0,117866.0,12254400.0,-0.03780468146840987,-0.03853781510838471,0.22576329542350076,-0.13276900960420873
2021-09-09,115361.0,116354.0,112435.0,113413.0,13890600.0,0.017176161462971518,0.0170303188438788,0.237446475923673,-0.11787331008747783
2021-09-10,114286.0,116896.0,114286.0,115370.0,11155700.0,-0.009318573868118296,-0.009362263405528605,0.23669194779022001,-0.1260934728084664
2021-09-13,116404.0,117046.0,114300.0,114300.0,9253400.0,0.0185324536688658,0.018362820358579113,0.2473346501671817,-0.10989784058236986
2021-09-14,116181.0,117270.0,115809.0,116405.0,9034100.0,-0.0019157417270884158,-0.0019175791072764776,0.24113552073887048,-0.11160304643053771
2021-09-15,115063.0,116312.0,114741.0,116191.0,9456800.0,-0.009622915967326895,-0.009669515412515086,0.24059481544988517,-0.12015201566036582
2021-09-16,113794.0,115062.0,113395.0,115062.0,10685500.0,-0.011028740776791834,-0.011090008223337737,0.24077496865342252,-0.12985563100263045
2021-09-17,111439.0,113794.0,111157.0,113794.0,14827600.0,-0.020695291491642842,-0.020912440232271887,0.24949771795748343,-0.1478635223588426
2021-09-20,108844.0,111435.0,107520.0,111435.0,11500200.0,-0.023286282181283036,-0.023561691558516278,0.25718973076962026,-0.16770661283415916
2021-09-21,110250.0,110923.0,108859.0,108859.0,11247700.0,0.012917570100327014,0.012834849892804551,0.264032702686501,-0.15695540466140576
2021-09-22,112282.0,113321.0,110251.0,110252.0,12158600.0,0.018430839002267607,0.018263049619412546,0.2582117295855409,-0.14141738545298832
2021-09-23,114064.0,114330.0,112281.0,112282.0,11476300.0,0.01587075399440696,0.015746130428904784,0.26555311112314817,-0.12779103199363798
2021-09-24,113283.0,114062.0,112505.0,114062.0,9121200.0,-0.006847033244494316,-0.006870581729685357,0.2604328530530676,-0.13376307579372362
2021-09-27,113583.0,114432.0,112360.0,113283.0,10739700.0,0.002648234951404982,0.0026447345557775244,0.25181015651483757,-0.13146907689484308
2021-09-28,110124.0,113584.0,109981.0,113584.0,13190800.0,-0.03045350096405275,-0.030926843576488346,0.2703214282893031,-0.15791888419893557
2021-09-29,111107.0,112028.0,110125.0,110125.0,11372600.0,0.008926301260397285,0.008886697336524294,0.2737755075063536,-0.15040221447360372
2021-09-30,110979.0,112371.0,110743.0,111117.0,13160600.0,-0.00115204262557711,-0.0011527067367879625,0.27208620666370303,-0.15138098733712607
2021-10-01,112900.0,113020.0,110980.0,110980.0,10779100.0,0.01730958109191838,0.017161476931003637,0.2715230497209402,-0.13669174772129442
2021-10-04,110393.0,112900.0,109979.0,112900.0,11814200.0,-0.022205491585473913,-0.022455745119955416,0.28083899295054937,-0.15586193185293937
2021-10-05,110458.0,111691.0,110087.0,110397.0,10379000.0,0.0005888054496208106,0.0005886321717067094,0.27826650602968006,-0.15536489875818194
2021-10-06,110560.0,110614.0,108180.0,110454.0,13279200.0,0.0009234279092504849,0.0009230018119919183,0.24517681662866234,-0.15458493913256255
2021-10-07,110585.0,111522.0,110563.0,110563.0,10646000.0,0.00022612156295220842,0.00022609600132487658,0.23560668482145936,-0.15439377255765585
2021-10-08,112833.0,114172.0,110586.0,110586.0,12871400.0,0.02032825428403484,0.020124393449422674,0.24656931127915394,-0.1372040741420444
2021-10-11,112180.0,113982.0,112052.0,112834.0,10283700.0,-0.005787313995019194,-0.005804125389916564,0.23658729777924487,-0.1421973450786077
2021-10-13,113456.0,114159.0,111807.0,112180.0,11732700.0,0.011374576573364159,0.011310372481449938,0.24115120724868244,-0.1324402030953692
2021-10-14,113185.0,113881.0,112708.0,113457.0,8956200.0,-0.002388591171908039,-0.0023914484065517263,0.23913100439015927,-0.13451244876735793
2021-10-15,114648.0,114776.0,113049.0,113189.0,11174900.0,0.012925741043424477,0.012842916600681277,0.24058796908062577,-0.12332538080381722
2021-10-18,114428.0,114927.0,112841.0,114647.0,11201300.0,-0.0019189170330053962,-0.0019207605129961168,0.22738425970579373,-0.12500764666299627
2021-10-19,110673.0,114422.0,109947.0,114422.0,14129200.0,-0.03281539483343243,-0.03336589671624479,0.24369366425293665,-0.15372086621398423
2021-10-20,110786.0,112023.0,110176.0,110677.0,11735800.0,0.0010210259051439685,0.00102050501272743,0.23954976187264432,-0.15285679329540589
2021-10-21,107735.0,110767.0,105714.0,110767.0,16507700.0,-0.027539580813460196,-0.027925904383060526,0.24937116838883708,-0.17618676209702086
2021-10-22,106296.0,107749.0,102854.0,107714.0,21165700.0,-0.013356847821042406,-0.013446852867189786,0.243166496111501,-0.18719031014865112
2021-10-25,108715.0,109372.0,106296.0,106298.0,11512100.0,0.022757206291864174,0.022502123798015278,0.25960586968757454,-0.1686930323606778
2021-10-26,106420.0,108713.0,106321.0,108713.0,10762200.0,-0.02111024237685688,-0.021336249918798813,0.267674794347388,-0.18624212393711384
2021-10-27,106363.0,108224.0,106045.0,106433.0,10831300.0,-0.0005356136064649242,-0.0005357570986725129,0.24694326748537684,-0.18667798372790115
2021-10-28,105705.0,107210.0,105282.0,106369.0,11502900.0,-0.006186361798745765,-0.006205576622455162,0.24412632519215588,-0.19170948797944576
2021-10-29,103501.0,105954.0,103430.0,105707.0,12595800.0,-0.020850480109739333,-0.02107092095259814,0.25276246233916544,-0.20856273322322139
2021-11-01,105551.0,106136.0,103514.0,103514.0,10734800.0,0.019806571917179605,0.019612973937804295,0.25555313349632275,-0.1928870740808711
2021-11-03,105617.0,106754.0,104205.0,105547.0,14696900.0,0.000625290144101065,0.0006250947316743098,0.24562510239173543,-0.19238239432311738
2021-11-04,103412.0,105627.0,102835.0,105617.0,12084000.0,-0.020877320885842265,-0.02109833366480256,0.2542577586916752,-0.20924328622988927
2021-11-05,104824.0,105555.0,103412.0,103412.0,12595000.0,0.013654121378563477,0.013561743803110999,0.26091007803850114,-0.19844619807915825
2021-11-08,104781.0,105679.0,104182.0,104824.0,9358000.0,-0.0004102114019690628,-0.0004102955616825185,0.26082635486029515,-0.1987750045879978
2021-11-09,105535.0,106674.0,104783.0,104783.0,11021200.0,0.007195961099817794,0.00717019371197943,0.24960616857301962,-0.1930094206888114
2021-11-10,105968.0,107407.0,105140.0,105535.0,12277400.0,0.004102904249774886,0.004094510290042512,0.25078213263649257,-0.18969841561142717
2021-11-11,107725.0,108669.0,105988.0,105988.0,12661400.0,0.016580477125169857,0.016444521759278068,0.2552490720330733,-0.17626322872698355
2021-11-12,106312.0,107915.0,105842.0,107576.0,13248100.0,-0.013116732420515254,-0.01320351647269514,0.2580070046453311,-0.18706796354071084
2021-11-16,104508.0,106971.0,104113.0,106336.0,11579400.0,-0.016968921664534564,-0.01711454353060376,0.2553049458240258,-0.20086254358597908
2021-11-17,102945.0,105535.0,102551.0,104405.0,12832200.0,-0.014955792857963002,-0.01506875846989514,0.2577088052323482,-0.21281427784914664
2021-11-18,102524.0,103757.0,102014.0,102948.0,10905700.0,-0.004089562387682766,-0.004097947516757791,0.23538890708350663,-0.21603352297057565
2021-11-19,103035.0,103975.0,102143.0,102426.0,11101500.0,0.004984198821739394,0.004971818822004807,0.2368806588037604,-0.21212607817948248
2021-11-22,102122.0,104613.0,102122.0,103036.0,10410000.0,-0.008861066627844916,-0.00890055935025779,0.22002271600364906,-0.21910748149507556
2021-11-23,103663.0,103692.0,101736.0,102124.0,13032400.0,0.015089794559448588,0.014977076126982833,0.2246513710869589,-0.2073239738178259
2021-11-24,104514.0,105041.0,102464.0,103652.0,10466600.0,0.00820929357630007,0.008175780612699994,0.20982455827982469,-0.20081666360800146
2021-11-25,105811.0,106400.0,104514.0,104514.0,7890400.0,0.012409820693878304,0.012333450050592346,0.2025193093467172,-0.19089894170184132
2021-11-26,102224.0,105810.0,101495.0,105810.0,10969100.0,-0.03390006710077398,-0.03448799991398451,0.2361416134740606,-0.21832752186945617
2021-11-29,102814.0,104149.0,102226.0,102227.0,10283300.0,0.005771638754108688,0.005755046658928994,0.2371205763425495,-0.2138159907016578
2021-11-30,101915.0,103066.0,100075.0,102814.0,18195100.0,-0.008743945377088669,-0.008782397983222685,0.22740352030409913,-0.2206903407353031
2021-12-01,100775.0,104087.0,100727.0,101916.0,13762900.0,-0.011185792081636614,-0.011248823532464121,0.2168524744425103,-0.22940753655104912
2021-12-02,104466.0,104466.0,100785.0,100785.0,14846500.0,0.03662614735797565,0.03597135060928689,0.255976051597383,-0.20118370343182235
2021-12-03,105070.0,106814.0,104090.0,104467.0,14581500.0,0.005781785461298483,0.0057651350881675455,0.2448927453557687,-0.1965651189820762
2021-12-06,106859.0,107498.0,105070.0,105070.0,11127500.0,0.01702674407537841,0.016883413746599647,0.24745979934972828,-0.182885238881752
2021-12-07,107558.0,108655.0,106868.0,106868.0,11773100.0,0.006541330164048009,0.006520028507540965,0.24817203843485247,-0.17754022144736037
2021-12-08,108096.0,108521.0,107309.0,107558.0,13166800.0,0.005001952434965373,0.004989484230510573,0.2476089010890281,-0.17342631675536796
2021-12-09,106291.0,106754.0,105890.0,106573.0,11082900.0,-0.016698120189461263,-0.016839105461314938,0.2553894255559583,-0.18722854346363246
2021-12-10,107758.0,108275.0,106296.0,106296.0,10466000.0,0.013801732978333092,0.013707356443419022,0.2532493270886271,-0.17601088884810667
2021-12-13,107383.0,109493.0,107383.0,107758.0,12512300.0,-0.003480020044915433,-0.003486089399747361,0.24883254179769276,-0.17887838747170734
2021-12-14,106760.0,109148.0,106445.0,107387.0,11604300.0,-0.0058016632055353234,-0.005818558231368203,0.24134413670032012,-0.1836422585183826
2021-12-15,107370.0,107603.0,105697.0,106763.0,12663100.0,0.005713750468340217,0.005697488909720754,0.2340784539106415,-0.17897779409065884
2021-12-16,108212.0,109034.0,107433.0,107433.0,13754600.0,0.007842041538604905,0.00781145254688068,0.23371020911089993,-0.1725393038478008
2021-12-17,107201.0,108324.0,106518.0,108324.0,14934300.0,-0.00934277159649577,-0.009386689041523023,0.23738742123975842,-0.1802700801370282
2021-12-20,105020.0,107171.0,104358.0,107171.0,10570000.0,-0.02034495946866166,-0.02055476874168846,0.24784742904839135,-0.19694745213188963
2021-12-21,105500.0,105906.0,105020.0,105020.0,9041600.0,0.00457055798895456,0.0045601447064080305,0.24298911345041102,-0.1932770538936808
2021-12-22,105244.0,105711.0,104386.0,105499.0,8052900.0,-0.002426540284360179,-0.0024294891044890714,0.24167732832349018,-0.1952345996207255
2021-12-23,104891.0,105453.0,104637.0,105251.0,7283600.0,-0.0033541104481015216,-0.003359748086254433,0.23774290233287212,-0.19793387165840828
2021-12-27,105531.0,105694.0,104798.0,104892.0,7594900.0,0.006101572108188513,0.006083032891119171,0.20153243175852667,-0.1930400073407965
2021-12-28,104864.0,105652.0,104503.0,105555.0,7509000.0,-0.006320417697169511,-0.006340476100092665,0.20278802276092167,-0.19814033155930752
2021-12-29,104107.0,105190.0,103851.0,104863.0,6590000.0,-0.007218873970094575,-0.00724505612064969,0.20187709001523568,-0.2039288554474827
2021-12-30,104822.0,105269.0,104106.0,104106.0,11138100.0,0.006867933952568128,0.006844457124420416,0.197407353544855,-0.1984614914051508
2022-01-03,103922.0,106125.0,103413.0,104823.0,11128500.0,-0.008585983858350299,-0.008623055769506133,0.15428596624511942,-0.20534348810179237
2022-01-04,103514.0,104276.0,103096.0,103922.0,11491600.0,-0.003926021439156324,-0.003933748492341664,0.15309810345754613,-0.2084633266042699
2022-01-05,101006.0,103514.0,100850.0,103514.0,0.0,-0.024228606758506133,-0.024526948240936423,0.16025123670564667,-0.2276411573989111
2022-01-06,101561.0,102235.0,101000.0,101006.0,11749200.0,0.00549472308575738,0.005479682166830826,0.15948805497516114,-0.22339725943598213
2022-01-07,102719.0,102719.0,101104.0,101561.0,11733200.0,0.011402014552830408,0.0113375015075503,0.16512841491225844,-0.2145424236863033
2022-01-10,101945.0,102719.0,101038.0,102719.0,10264700.0,-0.0075351200848917665,-0.007563652522833775,0.15759428139217574,-0.22046094084541507
2022-01-11,103779.0,103780.0,101918.0,101946.0,12421500.0,0.017990092697042437,0.017830185956260833,0.1636383016242411,-0.20643696091025876
2022-01-12,105686.0,105869.0,103771.0,103779.0,13026500.0,0.018375586583027292,0.01820879564754775,0.17828160383595337,-0.19185477457637487
2022-01-13,105530.0,106251.0,104974.0,105686.0,11712300.0,-0.001476070624302217,-0.0014771610897476193,0.17732304381854758,-0.19304765400379276
2022-01-14,106928.0,107062.0,105028.0,105530.0,11457100.0,0.01324741779588745,0.013160438085715521,0.1827233661583954,-0.18235761913500947
2022-01-17,106692.0,106928.0,106097.0,106927.0,6924200.0,-0.0022070926230735033,-0.002209531841712118,0.1803381732499395,-0.18416223160212883
2022-01-18,106522.0,107013.0,105786.0,106369.0,11221900.0,-0.0015933715742511012,-0.0015946423407861559,0.17746238744999618,-0.18546216431149445
2022-01-19,108013.0,108602.0,106669.0,106670.0,12595600.0,0.013997108578509554,0.01390005366444221,0.16719730231049038,-0.17406098978405823
2022-01-20,109102.0,109873.0,108015.0,108015.0,13630500.0,0.010082119744845519,0.01003163422602416,0.16967637948189743,-0.16573377378112192
2022-01-21,108942.0,109786.0,108368.0,109097.0,13408400.0,-0.001466517570713699,-0.0014675939600976445,0.16940162741702353,-0.16695723986052485
2022-01-24,107752.0,108948.0,106624.0,108941.0,12700800.0,-0.010923243560793772,-0.01098334022007113,0.17452170504569575,-0.1760567688260843
2022-01-25,109845.0,110115.0,107185.0,107935.0,13713900.0,0.019424233424901516,0.019237990884628933,0.18517952525662873,-0.16005230317489447
2022-01-26,111573.0,112695.0,110204.0,110207.0,15513800.0,0.015731257681278255,0.01560880401108649,0.18842440720478243,-0.14683886951734262
2022-01-27,112315.0,113057.0,111303.0,111303.0,14812000.0,0.006650354476441356,0.006628338424904246,0.18472015500166872,-0.14116504557411147
2022-01-28,111478.0,112969.0,111407.0,112611.0,13520100.0,-0.007452254819035775,-0.007480161602064325,0.1885418629586936,-0.14756530250198813
2022-01-31,112388.0,112495.0,111195.0,111910.0,12190800.0,0.008163045623351683,0.008129908179263566,0.184077182850662,-0.14060683917538386
2022-02-01,113147.0,113302.0,112135.0,112143.0,11133300.0,0.006753390041641438,0.006730688056040637,0.18192541687256542,-0.13480302196121613
2022-02-02,112161.0,113666.0,111645.0,113228.0,11751200.0,-0.00871432737942679,-0.008752519169317201,0.1552659156628919,-0.1423426316755368
2022-02-03,111696.0,112502.0,111225.0,111897.0,11039700.0,-0.004145826089282378,-0.004154443853010653,0.15879284832783605,-0.14589832996880162
2022-02-04,112245.0,112415.0,110321.0,111696.0,0.0,0.004915126772668588,0.004903086972385852,0.15688690733829336,-0.14170031198385025
2022-02-07,111996.0,112517.0,111490.0,112247.0,10672800.0,-0.0022183616196712608,-0.0022208258288215804,0.15255411040597588,-0.1436043310699211
2022-02-08,112234.0,112251.0,110943.0,111995.0,10157500.0,0.002125075895567763,0.0021228211156074446,0.14460726153468317,-0.1417844252768092
2022-02-09,112461.0,113163.0,111710.0,112233.0,13794500.0,0.002022560008553498,0.002020517387811035,0.1344459909144209,-0.14004863277665627
2022-02-10,113359.0,113812.0,112163.0,112462.0,13267900.0,0.007984990352210897,0.007953279014711625,0.1343488259489989,-0.13318192940600723
2022-02-11,113572.0,114899.0,113128.0,113368.0,18602800.0,0.0018789862295891524,0.0018772231431615997,0.1295598246845253,-0.13155319018780204
2022-02-14,113807.0,114167.0,113358.0,113643.0,10757600.0,0.0020691719790089103,0.002067034191128805,0.1281546604267721,-0.12975622438367895
2022-02-15,114660.0,114819.0,113882.0,113905.0,11649600.0,0.007495145289832861,0.007467196256206147,0.1276677827537301,-0.12323362084786199
2022-02-16,115181.0,115734.0,114816.0,114830.0,12052100.0,0.004543868829583131,0.004533576623458906,0.12192399769063376,-0.11924970942680614
2022-02-17,113528.0,115214.0,113389.0,115181.0,10807500.0,-0.014351325305388962,-0.014455301571459233,0.13413163533259653,-0.13188964335963785
2022-02-18,112768.0,114213.0,112701.0,113534.0,11300700.0,-0.006694383764357714,-0.006716891658576782,0.13718493521286834,-0.13770110723680187
2022-02-21,111725.0,113405.0,111608.0,112880.0,7864900.0,-0.009249077752553903,-0.009292116054144407,0.1352242082541435,-0.14567657674190984
2022-02-22,112892.0,113315.0,111727.0,111727.0,12707000.0,0.010445289773998612,0.0103911146580669,0.1232149966477411,-0.13675292102526457
2022-02-23,112008.0,113721.0,111748.0,112892.0,12120600.0,-0.007830492860433025,-0.007861312161958015,0.11513757893548036,-0.14351257111396587
2022-02-24,111592.0,112001.0,109125.0,112001.0,16794700.0,-0.00371402042711233,-0.003720934525690074,0.11331356173506216,-0.14669358292041354
2022-02-25,113142.0,113142.0,110673.0,111591.0,17555700.0,0.013889884579539657,0.01379430418290642,0.12043122989035757,-0.13484125527619747
2022-03-02,115174.0,115429.0,113143.0,113143.0,0.0,0.017959732018171914,0.017800361371681967,0.13258002713690864,-0.11930323606778002
2022-03-03,115166.0,115948.0,115010.0,115173.0,12123000.0,-6.946012120789824e-05,-6.946253367383145e-05,0.1310223746679564,-0.11936440937175016
2022-03-04,114474.0,115166.0,113389.0,115166.0,10715700.0,-0.006008717850754519,-0.0060268428376199406,0.12870006477986434,-0.12465590016516792
2022-03-07,111593.0,114529.0,111140.0,114469.0,14057700.0,-0.025167286894840712,-0.025489399007588242,0.15883243427004304,-0.14668593625741727
2022-03-08,111203.0,112390.0,110969.0,111594.0,15698500.0,-0.003494842866488046,-0.0035009640958031667,0.15815920667303607,-0.14966813482596195
2022-03-09,113900.0,114051.0,111207.0,111210.0,14705400.0,0.02425294281629098,0.02396351058329927,0.18009584573406473,-0.129045084725026
2022-03-10,113663.0,113939.0,111889.0,113900.0,12984000.0,-0.002080772607550463,-0.002082940422548019,0.18031803563898613,-0.1308573438551416
2022-03-11,111713.0,114627.0,111332.0,113664.0,12475800.0,-0.017155978638607072,-0.01730484755822574,0.19107281924382666,-0.14576833669786504
2022-03-14,109928.0,112299.0,109717.0,111716.0,10480900.0,-0.015978444764709554,-0.016107476442889377,0.1962501577893236,-0.1594176301462042
2022-03-15,108959.0,109925.0,107781.0,109925.0,13653800.0,-0.008814860636052635,-0.008853941350268643,0.1974672379390672,-0.1668272465895883
2022-03-16,111112.0,111183.0,108958.0,108958.0,13205200.0,0.019759726135518907,0.019567036934713334,0.2115987542214972,-0.15036398115862237
2022-03-17,113076.0,113088.0,111070.0,111113.0,14407500.0,0.017675858593131144,0.017521457398701548,0.21990644447623642,-0.13534593503395118
2022-03-18,115311.0,115311.0,112475.0,113076.0,19552500.0,0.019765467473203957,0.019572667007539162,0.23085646032669938,-0.11825564323729125
2022-03-21,116155.0,116360.0,115208.0,115307.0,10378700.0,0.007319336403291965,0.007292680052769533,0.2255714406713918,-0.1118018596684407
2022-03-22,117272.0,117541.0,116157.0,116157.0,11382700.0,0.009616460763634871,0.009570516914801937,0.22545249307141824,-0.10326053710160886
2022-03-23,117457.0,118270.0,117036.0,117270.0,11083700.0,0.0015775291629716026,0.0015762861709073708,0.22152589749124862,-0.1018459044472992
2022-03-24,119053.0,119256.0,117151.0,117460.0,13474400.0,0.013587951335382265,0.01349646295274257,0.2232601951321504,-0.08964183030525479
2022-03-25,119081.0,119729.0,118548.0,119062.0,13814500.0,0.00023518936944055824,0.00023516171675646923,0.2200274929816567,-0.08942772374135927
2022-03-28,118738.0,119444.0,118061.0,119082.0,9167700.0,-0.0028803923379884244,-0.0028845486511258384,0.21970532802516948,-0.09205052914907934
2022-03-29,120014.0,120900.0,118740.0,118740.0,12931900.0,0.010746349104751696,0.010689017466675966,0.21797089174861536,-0.08229338716584082
2022-03-30,120260.0,120531.0,119775.0,120013.0,10893300.0,0.0020497608612328744,0.002047662967736256,0.21078862357155573,-0.08041230806875879
2022-03-31,119999.0,120880.0,119999.0,120261.0,11202100.0,-0.002170297688341871,-0.0021726561974323173,0.211215516027868,-0.08240808711078486
2022-04-01,121570.0,121579.0,120001.0,120001.0,13780900.0,0.013091775764798141,0.01300681915371244,0.2123582757918758,-0.07039517954364716
2022-04-04,121280.0,121570.0,120754.0,121569.0,8812500.0,-0.0023854569383894297,-0.0023883066736410823,0.1853587420339439,-0.072612711812565
2022-04-05,118885.0,121628.0,118794.0,121279.0,11788300.0,-0.019747691292876013,-0.019945282589695797,0.2027506311089376,-0.09092646968862789
2022-04-06,118228.0,118885.0,116791.0,118885.0,13410800.0,-0.005526348992724084,-0.005541675752750442,0.18956666124596075,-0.09595032727717624
2022-04-07,118862.0,119247.0,117509.0,118226.0,11520100.0,0.005362519876848104,0.005348192763928234,0.18934928274513718,-0.09110234293754206
2022-04-08,118322.0,118868.0,117487.0,118861.0,11225800.0,-0.0045430835759115995,-0.004553434742809297,0.17689587695674444,-0.09523154095552701
2022-04-11,116953.0,118320.0,116953.0,118320.0,9558400.0,-0.011570122208887645,-0.01163757688352388,0.17115281532921334,-0.10569982259741849
2022-04-12,116147.0,118615.0,116054.0,116963.0,11406800.0,-0.006891657332432688,-0.006915514476181679,0.1694877710941373,-0.11186303297241083
2022-04-13,116782.0,117329.0,116150.0,116150.0,12070500.0,0.005467209656728089,0.005452318715953876,0.1584493074865169,-0.10700740196978038
2022-04-14,116182.0,116781.0,115624.0,116781.0,10365400.0,-0.005137778082238698,-0.005151021845870742,0.15014003375637106,-0.11159539976754144
2022-04-18,115687.0,116191.0,115177.0,116182.0,8404900.0,-0.004260556712743835,-0.00426965874685008,0.13484348190171627,-0.11538049795069431
2022-04-19,115057.0,115687.0,114277.0,115687.0,0.0,-0.005445728560685259,-0.005460610594063471,0.13349186213414033,-0.12019789563834343
2022-04-20,114344.0,115057.0,113945.0,115057.0,10747700.0,-0.006196928478927832,-0.0062162091353843195,0.12943572048187751,-0.1256499663546828
2022-04-22,111078.0,114343.0,110591.0,114343.0,10877300.0,-0.028562932904218852,-0.02897879137171959,0.1619100074340179,-0.1506239677004955
2022-04-25,110685.0,111155.0,109222.0,111077.0,11098300.0,-0.003538054340193386,-0.0035443280566548503,0.15003629565406257,-0.153629106258029
2022-04-26,108213.0,110685.0,107978.0,110684.0,11747500.0,-0.022333649546008916,-0.022586822108929414,0.16347818993259572,-0.17253165718480454
2022-04-27,109349.0,110107.0,108214.0,108214.0,11515700.0,0.010497814495485702,0.010443095064034739,0.17214854918618433,-0.1638450480210436
2022-04-28,109919.0,110702.0,108905.0,109349.0,11129900.0,0.00521266769700679,0.005199128773638354,0.16690857007944615,-0.1594864501131706
2022-04-29,107876.0,111819.0,107876.0,109922.0,13662200.0,-0.018586413631856202,-0.018761311558144967,0.17250843114776399,-0.175108582614547
2022-05-02,106639.0,107884.0,105218.0,107876.0,11935100.0,-0.01146686936853425,-0.011533120866888884,0.17335928307141307,-0.18456750474093106
2022-05-03,106528.0,107127.0,106033.0,106640.0,9935500.0,-0.001040894982135998,-0.0010414370895351459,0.15966797473429536,-0.18541628433351684
2022-05-04,108344.0,108382.0,104933.0,106529.0,14558600.0,0.01704716130970252,0.016903488960455685,0.17983505584159387,-0.17152994433229338
2022-05-05,105304.0,108337.0,103923.0,108337.0,13826200.0,-0.02805877575131066,-0.028459945229963642,0.19101119334206365,-0.19477579984094942
2022-05-06,105135.0,106268.0,103984.0,105303.0,14137700.0,-0.001604877307604613,-0.0016061665027087867,0.19166399569198628,-0.19606808588731878
2022-05-09,103250.0,105109.0,102768.0,105109.0,13196700.0,-0.017929328958006363,-0.018092006779255626,0.19152999203080232,-0.21048204563528475
2022-05-10,103110.0,104286.0,102386.0,103251.0,13507400.0,-0.0013559322033898091,-0.0013568523112899083,0.19241458672952955,-0.21155257845476233
2022-05-11,104397.0,105374.0,103008.0,103110.0,13425100.0,0.012481815536805385,0.012404559873626073,0.20315699330487816,-0.20171132317856488
2022-05-12,105688.0,105708.0,103579.0,104395.0,13995600.0,0.012366255735318132,0.01229041817257478,0.21281521767348466,-0.19183948125038233
2022-05-13,106924.0,107773.0,105691.0,105691.0,12369300.0,0.011694799788055432,0.01162694414340801,0.21779932230452204,-0.18238820578699455
2022-05-16,108233.0,108685.0,108199.0,108685.0,10596900.0,0.012242340353896264,0.01216800895054939,0.22555543061920472,-0.17237872392487918
2022-05-17,108789.0,109774.0,108245.0,108246.0,16503400.0,0.005137065405190544,0.005123915699408505,0.22760963260366937,-0.16812717929895393
2022-05-18,106247.0,108096.0,106038.0,107903.0,14752800.0,-0.023366332993225436,-0.02364365425763379,0.23900454958482728,-0.18756499663546827
2022-05-19,107005.0,107420.0,105760.0,106249.0,11426400.0,0.007134319086656626,0.0071089902303193096,0.2420146540318207,-0.18176882608429681
2022-05-20,108488.0,108795.0,107351.0,108520.0,12866400.0,0.013859165459557898,0.013764005443539715,0.22911747991780257,-0.17042882486083075
2022-05-23,110346.0,110680.0,108500.0,108500.0,10682700.0,0.01712631811813292,0.016981315959254846,0.23773037760482768,-0.15622132501376398
2022-05-24,110581.0,110635.0,108399.0,110340.0,11724400.0,0.0021296648723108103,0.00212740035062155,0.22249688048114172,-0.1544243592096409
2022-05-25,110580.0,111006.0,109699.0,110085.0,10737700.0,-9.043144844067541e-06,-9.04318573354839e-06,0.21974085624872453,-0.15443200587263717
2022-05-26,111890.0,112102.0,110388.0,110577.0,13077400.0,0.011846626876469424,0.011777004909842785,0.2228020198063541,-0.14441487734752553
2022-05-27,111942.0,112441.0,111558.0,111890.0,9979300.0,0.0004647421574761612,0.00046463419828718925,0.210420592242284,-0.14401725087171957
2022-05-30,111032.0,112690.0,110655.0,111944.0,7284500.0,-0.008129209769344836,-0.008162431964378242,0.20790232544965534,-0.15097571419832384
2022-05-31,111351.0,111903.0,110685.0,111036.0,15809400.0,0.0028730456084731237,0.0028689263010249245,0.20760213745607178,-0.1485364287025142
2022-06-01,111360.0,111931.0,110822.0,111351.0,9790200.0,8.082549775045855e-05,8.082223154590913e-05,0.2002732538585478,-0.14846760873554782
2022-06-02,112393.0,112709.0,111218.0,111363.0,10051100.0,0.009276221264367779,0.009233461354080964,0.1678765642270751,-0.1405686058604025
2022-06-03,111102.0,112392.0,110935.0,112392.0,8757500.0,-0.01148648047476264,-0.011552959656456625,0.17524970397396683,-0.15044044778858506
2022-06-06,110186.0,111935.0,110015.0,111102.0,8212400.0,-0.00824467606343715,-0.008278851377692131,0.16278159712560908,-0.15744479109316695
2022-06-07,110070.0,110435.0,109394.0,110185.0,9466200.0,-0.0010527653240883783,-0.0010533198707413352,0.16267117143610105,-0.15833180400073407
2022-06-08,108368.0,110142.0,108045.0,110067.0,10379900.0,-0.015462887253565927,-0.015583684562752545,0.17189335967135896,-0.17134642442038295
2022-06-09,107094.0,108510.0,107068.0,108367.0,11955500.0,-0.011756238003838737,-0.01182588899712207,0.1738020299838759,-0.18108827307762893
2022-06-10,105481.0,107092.0,104648.0,107091.0,12840500.0,-0.015061534726501957,-0.015176111565047851,0.1773759865779843,-0.19342234049060988
2022-06-13,102598.0,105478.0,101700.0,105476.0,13837900.0,-0.02733193655729471,-0.027712402541091127,0.19470717036092244,-0.21546766990885177
2022-06-14,102063.0,103328.0,101325.0,102598.0,11563200.0,-0.005214526598959046,-0.005228169691631563,0.19266553295176858,-0.21955863461185537
2022-06-15,102807.0,103952.0,102046.0,102068.0,16023500.0,0.007289615237647373,0.007263174410374228,0.17996649074007096,-0.21386951734263168
2022-06-17,99825.0,102801.0,98402.0,102800.0,18927300.0,-0.029005806997577932,-0.029434791138744348,0.20181197620298033,-0.23667186639750412
2022-06-20,99853.0,100481.0,98409.0,99824.0,10900800.0,0.0002804908590032795,0.0002804515287966244,0.19197329189883838,-0.23645775983360862
2022-06-21,99685.0,101069.0,99167.0,99854.0,11072300.0,-0.001682473235656401,-0.0016838901832914315,0.1754491733794412,-0.2377423992169817
2022-06-22,99522.0,100374.0,98050.0,99678.0,11675100.0,-0.001635150724783041,-0.0016364890428295367,0.17390021418762366,-0.23898880528537347
2022-06-23,98080.0,100232.0,97775.0,99523.0,12397700.0,-0.014489258656377513,-0.014595253064059373,0.1757471396601302,-0.25001529332599254
2022-06-24,98672.0,99313.0,98031.0,98081.0,10345200.0,0.006035889070146849,0.00601774606123576,0.16908429258202085,-0.24548846883220163
2022-06-27,100764.0,101106.0,98672.0,98673.0,9895900.0,0.021201556672612254,0.02097993074028943,0.19381971210971605,-0.22949164984400808
2022-06-28,100591.0,102237.0,99956.0,100766.0,10493900.0,-0.001716883013774706,-0.001718358546536145,0.19388958868037104,-0.2308145225423625
2022-06-29,99622.0,101313.0,99218.0,100592.0,10448100.0,-0.009633068564782188,-0.009679766709377374,0.19229837974560476,-0.23822413898574663
2022-06-30,98542.0,99619.0,97758.0,99619.0,14588800.0,-0.010840978900242937,-0.010900170497298654,0.19197237903304024,-0.24648253502171652
2022-07-01,98954.0,99340.0,97231.0,98542.0,11609800.0,0.004180958373079413,0.004172242452110367,0.1873916708087602,-0.24333210986725393
2022-07-04,98609.0,99353.0,98264.0,98952.0,6279300.0,-0.0034864684600925955,-0.003492560354841687,0.18661593416974662,-0.24597020860096655
2022-07-05,98295.0,98608.0,96499.0,98608.0,13358800.0,-0.003184293522903614,-0.003189374173913245,0.1866531724848088,-0.24837126078179483
2022-07-06,98719.0,99141.0,97423.0,98294.0,13348200.0,0.004313545958594123,0.004304269286559111,0.18937487829216168,-0.245129075671377
2022-07-07,100730.0,101420.0,98722.0,98722.0,12696300.0,0.02037095189375915,0.02016623950846095,0.2057882931847961,-0.2297516363858812
2022-07-08,100289.0,101577.0,99958.0,100732.0,9730400.0,-0.0043780403057679385,-0.004387651988041267,0.2035525718866621,-0.23312381476723557
2022-07-11,98212.0,100282.0,97854.0,100282.0,8893400.0,-0.020710147673224433,-0.020927610479222376,0.2089617399375368,-0.2490059338104851
2022-07-12,98271.0,98737.0,97253.0,98212.0,12566300.0,0.000600741253614645,0.0006005608808223841,0.18876886626801082,-0.24855478069370526
2022-07-13,97881.0,98928.0,97403.0,98258.0,12208100.0,-0.003968617394755292,-0.003976513254121659,0.18855071528807907,-0.25153697926224994
2022-07-14,96121.0,97879.0,95431.0,97879.0,12579000.0,-0.01798101776647154,-0.018144640637787396,0.19333986771349573,-0.2649951061356824
2022-07-15,96551.0,96971.0,95267.0,96119.0,11347600.0,0.004473528157218576,0.004463551672456692,0.16856625530853883,-0.261707041047287
2022-07-18,96916.0,98291.0,96553.0,96553.0,10738200.0,0.0037803854957483285,0.0037732577964862957,0.16955461135292532,-0.258916009053649
2022-07-19,98245.0,98346.0,96917.0,96920.0,10295900.0,0.013712906021709603,0.013619734923976747,0.17782602290598137,-0.24875359393160826
2022-07-20,98287.0,98366.0,97277.0,98244.0,12941700.0,0.00042750267189162194,0.00042741131865929133,0.17783701458579024,-0.24843243408576499
2022-07-21,99033.0,99057.0,97088.0,98286.0,10060000.0,0.007590016991056769,0.007561357736891777,0.17204758693931874,-0.24272802349054873
2022-07-22,98925.0,99724.0,98321.0,99034.0,10033500.0,-0.0010905455757171945,-0.0010911406532223202,0.17086110999104706,-0.24355386309414573
2022-07-25,100270.0,100508.0,98925.0,98926.0,8621800.0,0.013596158706090433,0.01350456026434595,0.16050799248332195,-0.23326910136416468
2022-07-26,99772.0,100753.0,99365.0,100270.0,9136600.0,-0.004966590206442634,-0.004978964705294824,0.1613200037233917,-0.23707713953630635
2022-07-27,101438.0,101471.0,99772.0,99773.0,10263100.0,0.016698071603255427,0.016560191575683916,0.16806728177006977,-0.22433779898452316
2022-07-28,102597.0,102686.0,101045.0,101437.0,11130000.0,0.011425698456199784,0.01136091813687384,0.16589349028853567,-0.21547531657184804
2022-07-29,103165.0,103989.0,102514.0,102597.0,12934200.0,0.0055362242560699215,0.0055209556940963205,0.16619477127202348,-0.2111320119899676
2022-08-01,102225.0,103317.0,101764.0,103165.0,11626700.0,-0.009111617312072884,-0.009153381986487248,0.1698876313918502,-0.2183198752064599
2022-08-02,103362.0,103660.0,101694.0,102225.0,10124500.0,0.011122523844460774,0.01106112344158114,0.1718553597545661,-0.2096256193797027
2022-08-03,103775.0,103878.0,102822.0,103362.0,12379600.0,0.003995665718542707,0.003987704246815446,0.17181527088069704,-0.20646754756224384
2022-08-04,105892.0,106162.0,103777.0,103777.0,15499000.0,0.02039990363767763,0.020194612849683408,0.17185399542379493,-0.1902795619991436
2022-08-05,106472.0,107176.0,105518.0,105893.0,12947500.0,0.005477278736826241,0.005462332995469149,0.17016743697486603,-0.18584449746130788
2022-08-08,108402.0,108489.0,106473.0,106473.0,12674600.0,0.018126831467428106,0.017964499235590157,0.15277231271079425,-0.17108643787850983
2022-08-09,108651.0,109331.0,107842.0,108403.0,12147900.0,0.0022970055903026587,0.0022943715058616728,0.15225222287490964,-0.16918241879243898
2022-08-10,110236.0,110362.0,108657.0,108658.0,13376200.0,0.01458799274742062,0.014482611611097476,0.15188349539907772,-0.15706245794335352
2022-08-11,109718.0,111310.0,109604.0,110236.0,14944800.0,-0.004699009398018816,-0.004710084450818251,0.12945440822082133,-0.16102342937542058
2022-08-12,112764.0,112764.0,109718.0,109718.0,18704900.0,0.02776208097121713,0.027383701502942084,0.14855779732739027,-0.13773169388878692
2022-08-15,113032.0,113214.0,111067.0,112767.0,15552900.0,0.002376645028555169,0.0023738252745784125,0.14913798298940983,-0.13568238820578699
2022-08-16,113512.0,113626.0,112690.0,113034.0,12986400.0,0.004246585037865458,0.004237593741505599,0.1479047688602076,-0.13201198996757815
2022-08-17,113708.0,114146.0,112483.0,113508.0,14652800.0,0.0017266896891958705,0.0017252006743524594,0.14718399190835205,-0.13051324402030953
2022-08-18,113813.0,114375.0,113304.0,113708.0,10644200.0,0.0009234178773700474,0.0009229917893666024,0.14889623406559893,-0.12971034440570134
2022-08-19,111496.0,113807.0,111146.0,113807.0,12678600.0,-0.020357955593824917,-0.02056803485152281,0.17637183785419552,-0.1474276625680553
2022-08-22,110501.0,111487.0,109858.0,111487.0,11010900.0,-0.008924086962761035,-0.008964145126594304,0.1816152856734065,-0.1550360922493424
2022-08-23,112857.0,112965.0,110503.0,110504.0,11892000.0,0.021321074017429664,0.02109695989155366,0.18640651251056253,-0.13702055423013396
2022-08-24,112898.0,113888.0,112632.0,112856.0,13758600.0,0.0003632915991031993,0.00036322562468835997,0.18326271769797609,-0.13670704104728695
2022-08-25,113532.0,114156.0,112768.0,112898.0,11838500.0,0.005615688497581983,0.005599979303451233,0.1818931360618847,-0.13185905670765277
2022-08-26,112299.0,114091.0,111978.0,113533.0,11159700.0,-0.010860374167635523,-0.010919778525058552,0.19050326583822083,-0.14128739218205175
2022-08-29,112323.0,113222.0,111689.0,112296.0,9795800.0,0.00021371517110568838,0.00021369233727174124,0.1845770815696909,-0.14110387227014132
2022-08-30,110431.0,112869.0,110103.0,112323.0,11937900.0,-0.01684427944410316,-0.016987757794204097,0.19813192553791148,-0.15557135865908117
2022-08-31,109523.0,111364.0,109523.0,110431.0,14791100.0,-0.00822232887504415,-0.008256318666162162,0.20229764426472335,-0.1625145286596929
2022-09-01,110405.0,110405.0,108217.0,109524.0,14478000.0,0.008053103001196105,0.008020849810358475,0.1927193617137379,-0.15577017189698417
2022-09-02,110864.0,112264.0,110409.0,110409.0,16691800.0,0.004157420406684542,0.0041488022125126455,0.19247045829621137,-0.15226035358169696
2022-09-05,112203.0,112671.0,110865.0,110868.0,9515500.0,0.012077861163227066,0.012005505814031875,0.18700835383121447,-0.14202147182969352
2022-09-06,109764.0,112203.0,109348.0,112203.0,14296100.0,-0.021737386700890315,-0.021977124236829522,0.20500509379447845,-0.16067168287759223
2022-09-08,109916.0,110768.0,108619.0,109771.0,13759500.0,0.001384789184067703,0.0013838312477834388,0.19832768505720796,-0.15950939010215942
2022-09-09,112300.0,112540.0,109922.0,109922.0,12155200.0,0.02168929000327524,0.021457424034386406,0.21164373497708142,-0.14127974551905548
2022-09-12,113407.0,114160.0,112305.0,112307.0,11707100.0,0.009857524487978608,0.00980925603919693,0.1909477032607484,-0.13281488958218635
2022-09-13,110794.0,113400.0,110522.0,113398.0,12612500.0,-0.023040905764194486,-0.023310496561211938,0.20820526548348606,-0.15279561999143573
2022-09-14,110547.0,111504.0,110118.0,110794.0,11630900.0,-0.0022293626008628165,-0.002231851329205799,0.20731130541117324,-0.15468434575151405
2022-09-15,109954.0,111100.0,109524.0,110547.0,11622500.0,-0.0053642342171202895,-0.005378673381343095,0.20745930099519289,-0.15921881690830123
2022-09-16,109280.0,109952.0,108489.0,109951.0,18843300.0,-0.006129836113283771,-0.006148700689353675,0.20780147735109192,-0.16437266776778614
2022-09-19,111824.0,111976.0,108508.0,109283.0,12594800.0,0.023279648609077608,0.023012810912293284,0.213738903937139,-0.14491955710527926
2022-09-20,112517.0,112544.0,111393.0,111824.0,12570300.0,0.006197238517670733,0.006178114604678937,0.21192861975347813,-0.13962041964886523
2022-09-21,111936.0,113294.0,111380.0,112517.0,14726800.0,-0.0051636641574162034,-0.0051770419433151554,0.1988423241825528,-0.14406313084969719
2022-09-22,114070.0,114392.0,111819.0,111942.0,15684400.0,0.01906446540880502,0.01888501564366962,0.21033435379041823,-0.12774515201566036
2022-09-23,111716.0,112457.0,110732.0,112258.0,13542300.0,-0.020636451301832226,-0.020852358399003977,0.22246350812623675,-0.14574539670887623
2022-09-26,109114.0,111713.0,109022.0,111713.0,13127000.0,-0.023291202692541813,-0.023566729394643063,0.23430361451063078,-0.1656420138251667
2022-09-27,108376.0,110161.0,108120.0,109122.0,14517500.0,-0.006763568378026608,-0.006786544967724179,0.23496555696210247,-0.1712852511164128
2022-09-28,108451.0,108970.0,107914.0,108377.0,13540500.0,0.0006920351369306132,0.0006917957910327217,0.22807707243373077,-0.17071175139169267
2022-09-29,107664.0,108449.0,106244.0,108449.0,14588500.0,-0.007256733455662023,-0.0072831916235058915,0.22768686835717378,-0.1767296751697559
2022-09-30,110037.0,110502.0,107315.0,107664.0,16536300.0,0.02204079358002664,0.021801406425251878,0.23974777124023958,-0.15858414387961095
2022-10-03,116134.0,116134.0,110048.0,110048.0,20982900.0,0.05540863527722495,0.05392802395067569,0.30724613298393655,-0.11196243959136233
2022-10-04,116230.0,118280.0,115837.0,116704.0,16078700.0,0.0008266313052163188,0.0008262898337266618,0.305128328289492,-0.11122835994372056
2022-10-05,117198.0,117514.0,115906.0,116231.0,13555200.0,0.008328314548739613,0.008293825495273166,0.29255126215342186,-0.10382639016333273
2022-10-06,117561.0,118382.0,117144.0,117200.0,14520500.0,0.0030973224799057952,0.003092535658306616,0.2924674980773265,-0.10105065149568729
2022-10-07,116375.0,117960.0,115924.0,117560.0,13616500.0,-0.010088379649713763,-0.010139612211965188,0.28801048304254795,-0.11011959380926163
2022-10-10,115941.0,116841.0,115261.0,116377.0,11429900.0,-0.0037293233082706934,-0.003736294571900606,0.28701511895925846,-0.11343824554964213
2022-10-11,114827.0,115928.0,114297.0,115928.0,13137900.0,-0.009608335273975532,-0.009654793155451242,0.2754690091858547,-0.12195662812748516
2022-10-13,114300.0,115367.0,112690.0,114819.0,14583700.0,-0.0045895129194353235,-0.0046000770691143125,0.27605497922530425,-0.12598641952651862
2022-10-14,112072.0,114712.0,111631.0,114301.0,13096100.0,-0.019492563429571286,-0.019685048906952152,0.285411796354148,-0.14302318468220468
2022-10-17,113624.0,114406.0,112090.0,112107.0,11633000.0,0.013848240416874935,0.013753229685014192,0.2875776595587917,-0.13115556371199608
2022-10-18,115743.0,115795.0,113627.0,113627.0,14744200.0,0.018649229036119097,0.01847746439683312,0.28359476179974213,-0.11495228482290329
2022-10-19,116274.0,116459.0,115264.0,115744.0,12729900.0,0.0045877504471112385,0.004577258796507264,0.28331795592479464,-0.11089190677188475
2022-10-20,117171.0,117367.0,116276.0,116276.0,16915800.0,0.00771453635378494,0.007684931479311958,0.28289021334251296,-0.10403285006423196
2022-10-21,119929.0,120752.0,116736.0,117170.0,18579800.0,0.02353824751858391,0.023265494760105525,0.28670105664841167,-0.08294335352052365
2022-10-24,116013.0,119924.0,115793.0,119922.0,13278800.0,-0.03265265281958496,-0.03319764721896051,0.302929962449061,-0.11288768581391082
2022-10-25,114626.0,116203.0,114626.0,116016.0,14727200.0,-0.011955556704852044,-0.012027599153723175,0.292665488735911,-0.12349360738973512
2022-10-26,112764.0,114626.0,112577.0,114626.0,16088200.0,-0.01624413309371342,-0.016377515449973047,0.29860609378529396,-0.13773169388878692
2022-10-27,114641.0,116236.0,112765.0,112766.0,15530800.0,0.0166453832783513,0.016508367251771076,0.30294437410583064,-0.12337890744479109
2022-10-28,114539.0,114712.0,113336.0,114636.0,14392400.0,-0.0008897340393052566,-0.0008901300875714478,0.3009725893289986,-0.12415886707041048
2022-10-31,116037.0,116763.0,112113.0,114533.0,21637900.0,0.013078514741703628,0.012993729411792092,0.29528202213070326,-0.11270416590200037
2022-11-01,116929.0,118261.0,115547.0,116037.0,17969700.0,0.007687203219662653,0.007657807225534398,0.22635229698767542,-0.10588334250932893
2022-11-03,116896.0,117373.0,114485.0,116927.0,15634600.0,-0.00028222254530529955,-0.0002822623775823929,0.2263549850570037,-0.10613568238820578
2022-11-04,118155.0,120039.0,116904.0,116907.0,16209500.0,0.010770257322748389,0.010712671210525302,0.22764913020065305,-0.09650853367590384
2022-11-07,115342.0,118240.0,115266.0,118148.0,15221900.0,-0.023807710211163347,-0.024095693748319456,0.24331246621198085,-0.11801859668440692
2022-11-08,116160.0,117072.0,114688.0,115340.0,14239800.0,0.007091952627837239,0.007066923001408058,0.24235978864191332,-0.11176362635345935
2022-11-09,113580.0,116183.0,113110.0,116153.0,20531600.0,-0.022210743801652888,-0.022461116627199473,0.25488421107212994,-0.13149201688383189
2022-11-10,109775.0,113579.0,108516.0,113579.0,26029300.0,-0.03350061630568757,-0.03407461800150528,0.279405437812901,-0.16058756958463327
2022-11-11,112253.0,113010.0,109408.0,109775.0,25038700.0,0.022573445684354265,0.022322435875354176,0.2924407844272901,-0.1416391386798801
2022-11-14,113161.0,114322.0,111930.0,112256.0,15080400.0,0.00808887067606201,0.008056331116076664,0.2853025042164026,-0.13469596867926836
2022-11-16,110243.0,113473.0,109512.0,113166.0,18351000.0,-0.025786269120986915,-0.02612456319145525,0.2956309532265771,-0.15700893130237964
2022-11-17,109703.0,110242.0,107245.0,110241.0,23119600.0,-0.004898270184955034,-0.004910306029655465,0.2861632686666419,-0.1611381293203646
2022-11-18,108880.0,111585.0,108512.0,109706.0,18769100.0,-0.007502073781026963,-0.007530355874890818,0.28531694723668516,-0.1674313329662935
2022-11-21,109748.0,110235.0,107957.0,108868.0,16651600.0,0.007972079353416595,0.007940470211400786,0.2854486712351067,-0.1607940294855325
2022-11-22,109037.0,110224.0,107867.0,109750.0,15056500.0,-0.006478477967707841,-0.006499554384144379,0.26775147102313884,-0.16623080687587938
2022-11-23,108683.0,109285.0,107902.0,109036.0,13198400.0,-0.0032466043636564246,-0.0032518860183304204,0.24576598378487047,-0.1689377255765584
2022-11-24,111831.0,112612.0,108846.0,108846.0,10296900.0,0.02896497152268518,0.028553414992305695,0.26779921883578595,-0.14486603046430538
2022-11-25,108977.0,112025.0,108552.0,111831.0,12309100.0,-0.025520651697650942,-0.025851952355178724,0.2768632941776844,-0.16668960665565546
2022-11-28,108782.0,109476.0,108378.0,108977.0,11492600.0,-0.0017893683988364772,-0.00179097123079314,0.26838424942528805,-0.16818070593992782
2022-11-29,110910.0,112187.0,108784.0,108784.0,14721700.0,0.01956205989961579,0.019373182058179658,0.2795265906877387,-0.1519086070838686
2022-11-30,112486.0,112486.0,110202.0,110910.0,19703200.0,0.014209719592462422,0.01410970783952787,0.2803267964556677,-0.13985746620174955
2022-12-01,110926.0,112479.0,110548.0,112479.0,15193700.0,-0.013868392511068084,-0.013965457131547676,0.28140836844374656,-0.1517862604759283
2022-12-02,111924.0,113761.0,109963.0,110926.0,15982000.0,0.008996988983646759,0.008956757208096359,0.28432876335439183,-0.1441548908056524
2022-12-05,109401.0,112150.0,109270.0,111922.0,12308400.0,-0.022542082127157692,-0.022800038818797972,0.28903073388501843,-0.16344742154523767
2022-12-06,109533.0,110663.0,109217.0,109403.0,13437500.0,0.0012065703238544057,0.0012058430028650303,0.27931359942559714,-0.1624380620297302
2022-12-07,109361.0,110247.0,108612.0,110188.0,13825300.0,-0.0015703030137036444,-0.0015715372317144619,0.2770287164670341,-0.1637532880650884
2022-12-08,107245.0,109286.0,106906.0,109068.0,14921000.0,-0.019348762355867244,-0.019538399810321204,0.2744903664712206,-0.17993362696519238
2022-12-09,107689.0,108566.0,107089.0,107250.0,10676300.0,0.004140053149330969,0.00413150670964747,0.24922274668983924,-0.1765385085948492
2022-12-12,105264.0,107561.0,103877.0,107518.0,15481900.0,-0.022518548783998393,-0.022775963040763587,0.2447180249910673,-0.19508166636080015
2022-12-13,103892.0,106689.0,103409.0,105345.0,17702200.0,-0.013033895728834177,-0.013119582315498493,0.24332309871329622,-0.20557288799168044
2022-12-14,103803.0,104516.0,101632.0,103536.0,24923500.0,-0.0008566588380241047,-0.00085702597989835,0.22935661713454764,-0.20625344099834833
2022-12-15,103738.0,105483.0,103014.0,103739.0,15568200.0,-0.0006261861410556957,-0.000626382277480202,0.22938985137021858,-0.20675047409310576
2022-12-16,102825.0,104018.0,102248.0,103737.0,18255000.0,-0.00880101794906396,-0.008839975654277273,0.22979513332592014,-0.21373187740869884
2022-12-19,104530.0,105107.0,102770.0,102859.0,16773400.0,0.016581570629710773,0.016445597428128098,0.2369686559720831,-0.20069431700006118
2022-12-20,106979.0,107792.0,104607.0,104740.0,19125600.0,0.02342868076150384,0.023158441973203128,0.2530610748570346,-0.18196763932219978
2022-12-21,107313.0,107991.0,106066.0,106866.0,17634900.0,0.003122108077286301,0.003117244418479358,0.25330336867279635,-0.17941365388144614
2022-12-22,107317.0,108383.0,106510.0,107436.0,11494600.0,3.7274141995835564e-05,3.727344733226674e-05,0.22875783749432424,-0.17938306722946107
2022-12-23,109698.0,109994.0,107552.0,107552.0,12847100.0,0.022186606036322276,0.021944064190792336,0.22572054420346765,-0.16117636263534593
2022-12-26,108738.0,109755.0,108309.0,109699.0,5219500.0,-0.0087512990209484,-0.008789816521653915,0.227948839110715,-0.16851715911176363
2022-12-27,108347.0,109353.0,107418.0,108739.0,11158100.0,-0.0035957990766797288,-0.0036022795017145296,0.21631564956457452,-0.17150700434330457
2022-12-28,110237.0,110536.0,108578.0,108578.0,11193900.0,0.01744395322436243,0.01729355399131899,0.21956903032094993,-0.15705481128035725
2022-12-29,110031.0,111178.0,109560.0,110237.0,13389100.0,-0.0018687010713281937,-0.0018704492714236062,0.2142362360189541,-0.15863002385758854
2023-01-02,106376.0,109734.0,105981.0,109734.0,8130500.0,-0.033217911315901905,-0.03378215671654513,0.24145178606761794,-0.18657857710894965
2023-01-03,104166.0,106684.0,103852.0,106377.0,14466700.0,-0.02077536286380388,-0.02099420706653834,0.23951962819378617,-0.2034777023307029
2023-01-04,105334.0,105627.0,103915.0,104167.0,14451200.0,0.011212871762379173,0.0111504735248312,0.24409133640506384,-0.19454639995106135
2023-01-05,107518.0,107743.0,105333.0,105336.0,15512000.0,0.020734045987050642,0.020522021398661147,0.25681781089420674,-0.1778460879672111
2023-01-06,108836.0,109433.0,107642.0,107642.0,12626600.0,0.01225841254487614,0.012183886633931036,0.250816302003921,-0.16776778613812932
2023-01-09,109227.0,109938.0,108134.0,108964.0,12047300.0,0.003592561284869067,0.0035861234508445332,0.2507258399327362,-0.16477794090658837
2023-01-10,110912.0,111193.0,108478.0,109129.0,13697900.0,0.01542658866397506,0.015308808597006441,0.23961097480273783,-0.15189331375787607
2023-01-11,111763.0,111841.0,110752.0,110816.0,14461400.0,0.007672749567224413,0.007643463730796894,0.23276637876357284,-0.14538600354805162
2023-01-12,111877.0,113129.0,110982.0,112516.0,19839100.0,0.0010200155686586054,0.0010194957062602465,0.23237929639260507,-0.14451428396647703
2023-01-13,110916.0,111847.0,110428.0,111843.0,15939000.0,-0.008589790573576339,-0.008626895459557282,0.23608136028759072,-0.151862727105891
2023-01-16,109213.0,110908.0,108753.0,110908.0,12512400.0,-0.015353961556493156,-0.015473054226393996,0.24172873531872754,-0.1648849941885361
2023-01-17,111439.0,111577.0,109214.0,109214.0,14363200.0,0.020382188933551815,0.020177252148420158,0.24482204852198403,-0.1478635223588426
2023-01-18,112452.0,113306.0,111441.0,111442.0,14128600.0,0.009090174893888081,0.009049107937019785,0.23447046868827245,-0.1401174527436227
2023-01-19,113006.0,113172.0,111307.0,112219.0,15594300.0,0.004926546437591162,0.004914450718172311,0.23462049569381643,-0.13588120144368998
2023-01-20,112301.0,113025.0,111735.0,112922.0,15436600.0,-0.006238606799638946,-0.006258148223607115,0.2365830217022172,-0.1412720988560592
2023-01-23,111709.0,113061.0,111542.0,112041.0,13701000.0,-0.005271547003143362,-0.0052854906316293715,0.22605984098712464,-0.14579892334985012
2023-01-24,113028.0,113040.0,111669.0,111746.0,11551500.0,0.011807464036022175,0.01173829983605769,0.22612334244696272,-0.13571297485777206
2023-01-25,114195.0,114386.0,111927.0,113028.0,11413000.0,0.010324875252149868,0.010271937797605178,0.22697885269885057,-0.12678931914112682
2023-01-26,114109.0,114835.0,113591.0,114271.0,10920800.0,-0.000753097771356015,-0.0007533814919377941,0.22046007577716104,-0.1274469321588059
2023-01-27,112502.0,114191.0,112044.0,114178.0,10614500.0,-0.014083025878765087,-0.014183132670118078,0.22734883827426694,-0.13973511959380927
2023-01-30,111888.0,112920.0,111824.0,112319.0,11272700.0,-0.005457680752342209,-0.005472628302718801,0.1886345532613048,-0.14443017067351807
2023-01-31,113532.0,113581.0,112145.0,112273.0,12900200.0,0.014693264693264707,0.0145863645487965,0.1712761090315819,-0.13185905670765277
2023-02-01,112303.0,113598.0,110729.0,113430.0,17821500.0,-0.010825141810238526,-0.010884159964222774,0.17734691354173374,-0.14125680553006667
2023-02-02,109935.0,112943.0,109747.0,112072.0,15241800.0,-0.02108581248942598,-0.021311293500161605,0.18515901805480256,-0.1593641035052303
2023-02-03,108490.0,110570.0,108185.0,110141.0,13235300.0,-0.013144130622640637,-0.01323127921156385,0.18697043439326047,-0.1704135315348382
2023-02-06,108456.0,108710.0,107416.0,108518.0,11514600.0,-0.000313392939441437,-0.00031344205727107155,0.1864460388792905,-0.17067351807671133
2023-02-07,107920.0,109037.0,107234.0,108727.0,12956300.0,-0.004942096333997226,-0.004954348877587838,0.1775293252866054,-0.1747721294427112
2023-02-08,109882.0,110175.0,107830.0,107832.0,13837000.0,0.018180133432172063,0.018016850836478346,0.18802126263240534,-0.15976937664403254
2023-02-09,107783.0,110046.0,107781.0,109952.0,12956000.0,-0.019102309750459567,-0.0192871161403603,0.1988502053274789,-0.17581972227319997
2023-02-10,108150.0,108647.0,107620.0,108002.0,14458000.0,0.003404989655140467,0.0033992058034494317,0.1980057792965675,-0.17301339695356946
2023-02-13,108846.0,109193.0,107420.0,108074.0,9973600.0,0.00643550624133149,0.006414886788172768,0.19233330030619222,-0.16769131950816663
2023-02-14,107659.0,109564.0,107557.0,108839.0,11894600.0,-0.01090531576723075,-0.010965214598403654,0.18001358137697632,-0.17676790848473725
2023-02-15,109442.0,110210.0,107267.0,107849.0,15499500.0,0.016561550822504323,0.016425903972221465,0.18761369275592688,-0.16313390836239064
2023-02-16,109905.0,110437.0,108378.0,109599.0,12995900.0,0.004230551342263578,0.004221627718978583,0.1873224395742295,-0.15959350339511838
2023-02-17,109303.0,109941.0,108968.0,109941.0,10058400.0,-0.0054774578044675115,-0.005492514081719095,0.18707815998606178,-0.16419679451887195
2023-02-22,107152.0,109174.0,106720.0,109174.0,9356400.0,-0.019679240277028054,-0.019875455030623403,0.19799577874975266,-0.18064476662384535
2023-02-23,107720.0,108663.0,106731.0,107152.0,11459000.0,0.005300880991488732,0.005286880775703788,0.19329142177605357,-0.1763014620419649
2023-02-24,105873.0,107611.0,105360.0,107582.0,10221100.0,-0.017146305235796522,-0.01729500535031018,0.19407925415404786,-0.19042484859607267
2023-02-27,105711.0,106402.0,105227.0,105807.0,9570700.0,-0.0015301351619393389,-0.001531307014293786,0.19393776538670546,-0.19166360800146817
2023-02-28,104932.0,106794.0,104932.0,105706.0,15672400.0,-0.007369147960004208,-0.007396434264688777,0.1905963691850653,-0.19762035847556125
2023-03-01,104385.0,105497.0,103105.0,104933.0,19853000.0,-0.00521289978271644,-0.005226534349182459,0.19056429442085654,-0.20180308313452008
2023-03-02,103326.0,104912.0,103321.0,104375.0,14738800.0,-0.010145135795372906,-0.010196948414105664,0.17939617513551218,-0.20990089924756836
2023-03-03,103866.0,104440.0,103323.0,103326.0,13101500.0,0.005226177341617788,0.005212568271830045,0.18113897730794146,-0.2057717012295834
2023-03-06,104700.0,105171.0,103170.0,103865.0,14277800.0,0.00802957656981107,0.007997511053843678,0.17349974605456417,-0.19939438429069553
2023-03-07,104228.0,105179.0,103480.0,104700.0,12578200.0,-0.004508118433619868,-0.0045183106428519125,0.16901028139571297,-0.20300360922493424
2023-03-08,106540.0,106721.0,104228.0,104228.0,15904100.0,0.02218213915646472,0.021939694255213867,0.18921380589070327,-0.18532452437756164
2023-03-09,105071.0,106724.0,105053.0,106540.0,19174300.0,-0.013788248545147375,-0.013884189368912538,0.1943426741526232,-0.19655747231907994
2023-03-10,103618.0,105071.0,103201.0,105071.0,17952200.0,-0.013828744372852642,-0.013925252212757321,0.18500162236810708,-0.207668073652658
2023-03-13,103121.0,103907.0,102255.0,103608.0,12993800.0,-0.004796463934837569,-0.004808003883395273,0.17489015604114075,-0.2114684651618034
2023-03-14,102932.0,104153.0,102482.0,103121.0,13133800.0,-0.0018327983630880285,-0.0018344799930477879,0.17364577052335686,-0.21291368446809814
2023-03-15,102675.0,103048.0,100692.0,102930.0,15246500.0,-0.0024967939999223088,-0.002499916188117925,0.17044809793191878,-0.2148788768581391
2023-03-16,103435.0,103911.0,102455.0,102683.0,14385800.0,0.007401996591185789,0.007374736252390298,0.17139382330863423,-0.20906741298097511
2023-03-17,101982.0,103434.0,101664.0,103434.0,17560000.0,-0.014047469425242931,-0.014147068971743178,0.16189169983673873,-0.22017801431455314
2023-03-20,100923.0,102328.0,100679.0,101982.0,0.0,-0.010384185444490157,-0.010438477276184173,0.16094249584500028,-0.22827583042760138
2023-03-21,100998.0,101670.0,100923.0,100923.0,9672100.0,0.0007431408103206749,0.0007428648179143755,0.1618301527968328,-0.22770233070288126
2023-03-22,100221.0,101888.0,100129.0,100998.0,11504600.0,-0.0076932216479533855,-0.007722967134907642,0.1513817529051739,-0.23364378785098183
2023-03-23,97926.0,101126.0,96997.0,100221.0,0.0,-0.022899392342922154,-0.023165656133478183,0.16310425908299833,-0.25119287942741786
2023-03-24,98829.0,99258.0,97688.0,97926.0,0.0,0.009221248697996343,0.0091789925551817,0.1632039080485529,-0.24428794274178747
2023-03-27,99670.0,99997.0,98833.0,98833.0,9990600.0,0.008509647977820167,0.008473645027569168,0.16853478295770316,-0.23785709916192574
2023-03-28,101185.0,101559.0,99488.0,99672.0,13500100.0,0.015200160529748263,0.015085795544257924,0.179210164819937,-0.22627240472257906
2023-03-29,101793.0,102213.0,100248.0,101185.0,12456100.0,0.006008795770124031,0.005990814949587406,0.18079693325376006,-0.22162323362084785
2023-03-30,103713.0,104085.0,101796.0,101796.0,14901600.0,0.018861807786390017,0.018686129525218156,0.19065568211989012,-0.2069416406680125
2023-03-31,101882.0,104041.0,101476.0,103714.0,15111200.0,-0.01765448882975129,-0.017812188141497452,0.19989965434468365,-0.22094268061417996
2023-04-03,101506.0,101916.0,100651.0,101883.0,12794800.0,-0.0036905439626234715,-0.00369737082171847,0.19723848494076682,-0.2238178259007769
2023-04-04,101869.0,103056.0,101505.0,101505.0,11695800.0,0.0035761432821705963,0.003569764085872889,0.19771249413004677,-0.22104208723313146
2023-04-05,100978.0,101960.0,99898.0,101869.0,13256500.0,-0.008746527402840876,-0.008785002788613789,0.1793618470460182,-0.22785526396280664
2023-04-06,100822.0,101628.0,100443.0,100978.0,9818500.0,-0.0015448909663491328,-0.001546085540881546,0.17441929389755592,-0.2290481433902245
2023-04-10,101847.0,102196.0,100819.0,100822.0,8148700.0,0.010166431929539144,0.010115101366414084,0.17360922594859013,-0.22121031381904938
2023-04-11,106214.0,106455.0,101848.0,101849.0,18725700.0,0.04287804255402716,0.04198423970344941,0.22984803591983752,-0.18781733651434515
2023-04-12,106890.0,108277.0,106217.0,106218.0,17345500.0,0.00636450938670996,0.0063443414244011755,0.23011821848127556,-0.18264819232886767
2023-04-13,106458.0,107037.0,106220.0,106890.0,12182900.0,-0.004041538029750158,-0.004049727116356964,0.23057534784924885,-0.18595155074325564
2023-04-14,106279.0,106701.0,104934.0,106458.0,11501000.0,-0.0016814142666591314,-0.0016828294301670728,0.2299162153496674,-0.1873203034195877
2023-04-17,106016.0,106830.0,105623.0,106279.0,10253400.0,-0.0024746186923099156,-0.002477685621844956,0.22311048609587003,-0.18933137578760628
2023-04-18,106163.0,106475.0,105122.0,106023.0,11207900.0,0.001386583157259258,0.0013856227385310406,0.21830592860222192,-0.18820731632715482
2023-04-19,103913.0,106149.0,103604.0,106149.0,12713600.0,-0.02119382459048824,-0.021421638269739165,0.23430466514051074,-0.2054123080687588
2023-04-20,104367.0,104615.0,103087.0,103913.0,12378000.0,0.004369039484953818,0.004359522940646583,0.23196313437579308,-0.20194072306845293
2023-04-24,103947.0,104822.0,103247.0,104367.0,10935400.0,-0.004024260542125346,-0.004032379668220517,0.21361993374367647,-0.20515232152688567
2023-04-25,103220.0,103947.0,102633.0,103947.0,10873200.0,-0.0069939488393123694,-0.007018521138122192,0.21512142486950647,-0.21071144552517282
2023-04-26,102312.0,103668.0,102233.0,103220.0,10115500.0,-0.008796744816895963,-0.008835664589562206,0.21716272970975117,-0.21765461552578455
2023-04-27,102923.0,103177.0,101975.0,102310.0,11302800.0,0.005971929001485687,0.005954167711183415,0.21183242391681198,-0.21298250443506453
2023-04-28,104432.0,104432.0,102449.0,102923.0,13080900.0,0.014661445935310935,0.014555006050659403,0.2167132939919203,-0.20144368997369547
2023-05-02,101927.0,104447.0,101569.0,104431.0,12018000.0,-0.023986900566876024,-0.024279271108780823,0.22446886877304992,-0.22059858077934788
2023-05-03,101797.0,102331.0,101433.0,101927.0,11688200.0,-0.0012754226063751428,-0.0012762366500276377,0.21540533370443515,-0.2215926469688628
2023-05-04,102174.0,103321.0,101063.0,101798.0,14837300.0,0.0037034490210909876,0.003696608138469472,0.2153399932921307,-0.2187098550192696
2023-05-05,105148.0,105306.0,102175.0,102175.0,16699500.0,0.029107209270460288,0.02869163924831479,0.23766275520193628,-0.19596867926836728
2023-05-08,106042.0,106716.0,105161.0,105161.0,13259200.0,0.008502301517860467,0.00846636052936719,0.23555981273946283,-0.18913256254970331
2023-05-09,107114.0,107731.0,105549.0,106028.0,13526600.0,0.010109202014296326,0.010058445814768979,0.2365505171878344,-0.18093533981770354
2023-05-10,107448.0,107744.0,106538.0,107114.0,13576900.0,0.0031181731613048047,0.003113321741800698,0.23506882209723678,-0.1783813543769499
2023-05-11,108256.0,108667.0,106419.0,107446.0,12772100.0,0.007519916610825739,0.007491782991523907,0.18515740381850135,-0.172202850675965
2023-05-12,108464.0,108817.0,107497.0,108256.0,11925000.0,0.0019213715637007578,0.0019195280903117284,0.1841115298060633,-0.17061234477274118
2023-05-15,109029.0,109271.0,108356.0,108469.0,11603200.0,0.005209101637409619,0.0051955812000380585,0.18385219320815518,-0.1662919801798495
2023-05-16,108194.0,110151.0,108085.0,109029.0,16897300.0,-0.007658512872721901,-0.007687989878898361,0.18631731248993483,-0.17267694378173365
2023-05-17,109460.0,109774.0,108188.0,108194.0,13993000.0,0.011701203393903459,0.011633273706022523,0.18963488318294555,-0.16299626842845782
2023-05-18,110108.0,110206.0,108864.0,109459.0,13613100.0,0.005919970765576377,0.005902516590239115,0.19024446665736683,-0.15804123080687588
2023-05-19,110745.0,111211.0,109787.0,110113.0,16135800.0,0.005785229047843954,0.005768558873227288,0.1695345225339994,-0.1531703064782529
2023-05-22,110213.0,111643.0,110178.0,110745.0,11769400.0,-0.004803828615287387,-0.00481540408589961,0.17180358682899952,-0.15723833119226768
2023-05-23,109929.0,111325.0,109713.0,110213.0,12334800.0,-0.0025768285048043404,-0.0025801542418404473,0.1711219848886606,-0.15940998348320792
2023-05-24,108800.0,109920.0,108546.0,109920.0,12980200.0,-0.010270265353091501,-0.010323368429656242,0.1740140577925584,-0.16804306600599497
2023-05-25,110054.0,111115.0,108800.0,108800.0,14745300.0,0.0115257352941176,0.011459820005035749,0.17116337131930331,-0.15845415060867438
2023-05-26,110906.0,111706.0,109900.0,110058.0,11019700.0,0.007741654097079609,0.007711841261250943,0.1715907554261966,-0.15193919373585368
2023-05-29,110333.0,111168.0,110195.0,110906.0,5913000.0,-0.005166537428092255,-0.0051799301317757155,0.1693709197100641,-0.15632073163271548
2023-05-30,108967.0,111291.0,108552.0,110333.0,11588000.0,-0.012380702056501658,-0.012457981459515256,0.14822981030642232,-0.16676607328561815
2023-05-31,108335.0,109137.0,108193.0,108967.0,15861100.0,-0.005799921077023318,-0.00581680593816757,0.15095621099195136,-0.1715987642992598
2023-06-01,110565.0,110745.0,108335.0,108339.0,14669000.0,0.02058429870309686,0.020375305150691376,0.1629457210426554,-0.1545467058175812
2023-06-02,112558.0,113070.0,110567.0,110568.0,14545800.0,0.018025595803373484,0.017865061037563173,0.1446430929636767,-0.13930690646601823
2023-06-05,112696.0,113071.0,111736.0,112558.0,9078800.0,0.0012260345777288517,0.0012252836110806717,0.14356217740308136,-0.1382516669725332
2023-06-06,114610.0,114783.0,112696.0,112697.0,15025400.0,0.0169837438773337,0.016841132550602083,0.14983987592145678,-0.12361595399767542
2023-06-07,115488.0,115978.0,114610.0,114610.0,14017100.0,0.007660762586161773,0.007631567951770253,0.15058885006692796,-0.11690218388695174
2023-06-09,117019.0,117603.0,115489.0,115489.0,13527100.0,0.013256788584095291,0.013169686315428942,0.15384460456856036,-0.10519514283966477
2023-06-12,117336.0,117735.0,116704.0,117022.0,12016200.0,0.0027089617925293297,0.002705299168647004,0.1537362390409659,-0.10277115066984768
2023-06-13,116743.0,117924.0,116363.0,117337.0,12392200.0,-0.0050538624122179465,-0.0050666763663981835,0.15689992795643726,-0.10730562182663486
2023-06-14,119069.0,119085.0,116745.0,116753.0,16938600.0,0.019924106798694607,0.019728219428663984,0.16128074501697,-0.0895194836973145
2023-06-15,119221.0,119686.0,118693.0,119068.0,12298000.0,0.0012765707278972194,0.0012757566042694954,0.1596330279090754,-0.08835719092188168
2023-06-16,118758.0,119555.0,118487.0,119208.0,15251700.0,-0.003883544006508921,-0.003891104544336419,0.16207214350505803,-0.09189759588915397
2023-06-19,119858.0,119939.0,118558.0,118757.0,6776300.0,0.009262533892453462,0.009219899690348168,0.16309323575887055,-0.0834862665932587
2023-06-20,119622.0,119858.0,118416.0,119858.0,10924200.0,-0.001968996646031118,-0.001970937668256502,0.1613681502545968,-0.08529087906037805
2023-06-21,120420.0,120519.0,119332.0,119623.0,11736700.0,0.0066710136931333874,0.006648860947556989,0.15961972569732835,-0.07918884198935584
2023-06-22,118934.0,120420.0,118018.0,120420.0,11831500.0,-0.012340142833416334,-0.012416914633101283,0.16235787494497583,-0.09055178320181073
2023-06-23,118977.0,119386.0,118178.0,118959.0,12845400.0,0.00036154505860386266,0.0003614797169379921,0.16077695252600704,-0.09022297669297119
2023-06-26,118243.0,119148.0,117491.0,118977.0,10456600.0,-0.006169259604797528,-0.006188368117621177,0.1639435435829281,-0.09583562733223222
2023-06-27,117523.0,119212.0,116561.0,118246.0,13077000.0,-0.006089155383405376,-0.006107769892942953,0.16460453615859408,-0.10134122468954548
2023-06-28,116681.0,117937.0,116560.0,117524.0,10646300.0,-0.007164555023272068,-0.007190343697688273,0.15894163650313914,-0.1077797149324035
2023-06-29,118383.0,118623.0,116683.0,116683.0,11055300.0,0.014586779338538358,0.014481415648187869,0.15962602083344185,-0.09476509451275464
2023-06-30,118087.0,119447.0,118087.0,118388.0,13824700.0,-0.002500359004248942,-0.0025034901221922604,0.14967194698672345,-0.0970285067596501
2023-07-03,119673.0,119877.0,118092.0,118092.0,8907500.0,0.013430775614589274,0.013341382272906427,0.14460527488273228,-0.08490089924756836
2023-07-04,119076.0,119678.0,118830.0,119673.0,6555200.0,-0.004988593918427764,-0.005001078490683472,0.1473192544657696,-0.08946595705634061
2023-07-05,119549.0,120200.0,118688.0,119072.0,10959000.0,0.003972253014881355,0.003964384448282826,0.13776861926386405,-0.08584908545910565
2023-07-06,117426.0,119548.0,117096.0,119548.0,11025700.0,-0.01775840868597811,-0.01791798121750038,0.15317557145486962,-0.10208295100018352
2023-07-07,118898.0,119549.0,117427.0,117427.0,10521000.0,0.012535554306541963,0.012457634746513064,0.15243395363997106,-0.09082706306967639
2023-07-10,117942.0,118897.0,117814.0,118897.0,8104000.0,-0.0080405053070699,-0.008073004493683622,0.15541598459529976,-0.098137272894109
2023-07-11,117220.0,117942.0,115704.0,117942.0,10592500.0,-0.0061216530158891835,-0.006140467155433382,0.15594970555007917,-0.10365816357741482
2023-07-12,117666.0,119156.0,117557.0,117557.0,8941200.0,0.0038048114656201726,0.003797591478474009,0.13880701577997506,-0.1002477518810791
2023-07-13,119264.0,119739.0,117668.0,117671.0,9257600.0,0.013580813489028287,0.013489420770090722,0.14748663909176646,-0.08802838441304214
2023-07-14,117711.0,119329.0,117526.0,119268.0,8980000.0,-0.013021532063321684,-0.01310705545361318,0.15420156142567742,-0.09990365204624702
2023-07-17,118219.0,118302.0,116591.0,117711.0,8201900.0,0.004315654441810812,0.004306368711596117,0.1510725296438863,-0.09601914724414265
2023-07-18,117841.0,118732.0,117324.0,118218.0,8584800.0,-0.003197455569747709,-0.003202578353638522,0.1512743298236532,-0.09890958585673212
2023-07-19,117552.0,118011.0,116660.0,117842.0,9728700.0,-0.0024524571244304294,-0.0024554693232708377,0.1488000634939762,-0.1011194714626537
2023-07-20,118083.0,118290.0,117484.0,117558.0,8986400.0,0.004517149857084624,0.00450697815556613,0.14393431824307387,-0.09705909341163516
2023-07-21,120217.0,120373.0,118086.0,118090.0,11181500.0,0.018072034077724952,0.017910676015625137,0.15790180696887307,-0.08074111457759833
2023-07-24,121342.0,121772.0,120099.0,120220.0,10494800.0,0.009358077476563142,0.009314561940047709,0.15875518335434116,-0.07213861870679636
2023-07-25,122008.0,123010.0,121344.0,121344.0,11427100.0,0.005488618944800683,0.00547361136472209,0.15690587498042322,-0.06704594115128158
2023-07-26,122560.0,122747.0,121370.0,122003.0,9988800.0,0.0045242934889515585,0.004514089638398527,0.15340060102985698,-0.0628249831773414
2023-07-27,119990.0,122599.0,119825.0,122560.0,10678700.0,-0.020969321148825104,-0.021192300015983684,0.1678954235838155,-0.08247690707775127
2023-07-28,120187.0,120660.0,119706.0,120002.0,8464200.0,0.0016418034836236384,0.0016404571976407986,0.1674990892646871,-0.08097051446748639
2023-07-31,121943.0,122149.0,120188.0,120188.0,10122700.0,0.014610565202559433,0.014504859266509323,0.16869366282079043,-0.06754297424603903
2023-08-01,121248.0,121945.0,120154.0,121945.0,10302800.0,-0.005699384138490915,-0.005715687604257242,0.16904613637599128,-0.0728574050284456
2023-08-02,120859.0,121252.0,119798.0,121249.0,10565900.0,-0.0032083003430984913,-0.003213457973082703,0.16924250786803194,-0.075831956933994
2023-08-03,120586.0,122619.0,120365.0,120859.0,13027300.0,-0.002258830538064971,-0.002261385544040287,0.1551250918622407,-0.07791949593197528
2023-08-04,119508.0,121442.0,119215.0,120586.0,15065200.0,-0.00893967790622463,-0.008979876581564539,0.15337937389744946,-0.08616259864195265
2023-08-07,119380.0,120104.0,118894.0,119509.0,8726500.0,-0.001071058004485037,-0.0010716319969989762,0.1503197637830752,-0.087141371505475
2023-08-08,119090.0,119553.0,117492.0,119378.0,10246000.0,-0.0024292176243927432,-0.002432172960599404,0.14867976881644807,-0.08935890377439286
2023-08-09,118409.0,119090.0,117901.0,119090.0,11245600.0,-0.005718364262322639,-0.005734776705366373,0.14996810242827674,-0.09456628127485166
2023-08-10,118350.0,119438.0,118113.0,118412.0,12689600.0,-0.0004982729353343318,-0.0004983971145451817,0.14165920224311726,-0.09501743439163149
2023-08-11,118065.0,119054.0,117415.0,118350.0,11867500.0,-0.0024081115335867764,-0.00241101569746973,0.13378772239881648,-0.097196733345568
2023-08-14,116810.0,118082.0,116530.0,118067.0,11203500.0,-0.010629737856265642,-0.010686637094918424,0.13812509581791826,-0.10679329540588488
2023-08-15,116171.0,117697.0,116033.0,116809.0,14636000.0,-0.005470422052906376,-0.005485439604896778,0.13893105382865756,-0.1116795130605004
2023-08-16,115592.0,117338.0,115534.0,116171.0,18862600.0,-0.00498403215948906,-0.004996493871397838,0.13964454534603793,-0.11610693093533982
2023-08-17,114982.0,116610.0,114859.0,115592.0,12747500.0,-0.005277181811890075,-0.005291155317996252,0.13899760876269077,-0.12077139536306356
2023-08-18,115409.0,115729.0,114423.0,114973.0,10601000.0,0.00371362474126391,0.003706746261041019,0.12088306057459103,-0.11750627026365694
2023-08-21,114429.0,115425.0,114067.0,115404.0,9794400.0,-0.008491538788136133,-0.008527797309970555,0.11510654449544008,-0.125
2023-08-22,116156.0,116286.0,114433.0,114433.0,9828500.0,0.015092327993777799,0.014979571897486443,0.12848295541088542,-0.11179421300544443
2023-08-23,118135.0,118135.0,116159.0,116160.0,11542800.0,0.017037432418471665,0.01689392309356802,0.14397360961279873,-0.09666146693582921
2023-08-24,117026.0,118136.0,116848.0,118135.0,9196200.0,-0.009387565073856186,-0.009431905983161114,0.1281932072709116,-0.10514161619869089
2023-08-25,115837.0,117252.0,115397.0,117025.0,9214100.0,-0.010160135354536637,-0.010212101820280293,0.13150901036231052,-0.11423349850125405
2023-08-28,117121.0,117253.0,115836.0,115838.0,9596900.0,0.011084541208767451,0.011023557915919415,0.12624437273469777,-0.10441518321404539
2023-08-29,118404.0,118493.0,117124.0,117124.0,9631600.0,0.010954482970602974,0.010894917235112956,0.13335876998154797,-0.094604514589833
2023-08-30,117535.0,118841.0,117471.0,118404.0,8924000.0,-0.0073392790784094775,-0.007366344093548398,0.1350004731839874,-0.10124946473359026
2023-08-31,115742.0,117637.0,115742.0,117537.0,12950000.0,-0.015255030416471693,-0.015372585462495463,0.14384935149021108,-0.11495993148589956
2023-09-01,117893.0,117991.0,115744.0,115744.0,11890700.0,0.01858443780131669,0.01841385732428279,0.1584684305887257,-0.09851195938092616
2023-09-04,117777.0,118576.0,117590.0,117893.0,5529700.0,-0.0009839430670184335,-0.0009844274567653562,0.15846587665101208,-0.0993989722884933
2023-09-05,117331.0,117957.0,116637.0,117776.0,10870700.0,-0.0037868174601153326,-0.003794005605888875,0.15873955072060902,-0.10280938398482901
2023-09-06,115985.0,117971.0,115984.0,117331.0,9916100.0,-0.011471819041855902,-0.01153812796838103,0.1624527094179844,-0.11310179237780632
2023-09-08,115313.0,115979.0,114839.0,115979.0,8360700.0,-0.0057938526533602985,-0.0058107021314274115,0.1633124612802649,-0.11824034991129871
2023-09-11,116883.0,117131.0,115316.0,115316.0,8789000.0,0.013615117116023256,0.01352326419536635,0.17146554594135915,-0.10623508900715728
2023-09-12,117968.0,118154.0,116885.0,116885.0,9192800.0,0.009282787060564734,0.009239966783122078,0.17035462676841753,-0.09793845965620603
2023-09-13,118176.0,119318.0,117722.0,117968.0,12075300.0,0.0017631900176318105,0.0017616374228578418,0.16891750146811763,-0.0963479537529822
2023-09-14,119392.0,119748.0,118181.0,118181.0,13279300.0,0.010289737340915206,0.010237158368594604,0.17056478718632975,-0.08704961154951979
2023-09-15,118758.0,119780.0,118666.0,119393.0,16107600.0,-0.0053102385419459,-0.005324387972094324,0.17058267965408452,-0.09189759588915397
2023-09-18,118288.0,119486.0,118123.0,118759.0,11273100.0,-0.003957628117684742,-0.003965480251908858,0.17150669320526848,-0.09549152749740013
2023-09-19,117846.0,118458.0,117628.0,118293.0,11453800.0,-0.0037366427701880367,-0.0037436414596252496,0.16871383886546756,-0.09887135254175078
2023-09-20,118695.0,119616.0,117847.0,117864.0,9238800.0,0.007204317499108992,0.007178490374147347,0.16259094910931243,-0.09237933565791888
2023-09-21,116145.0,118695.0,116013.0,118695.0,12685800.0,-0.021483634525464423,-0.021717767222469795,0.17036677333527897,-0.11187832629840337
2023-09-22,116009.0,116968.0,115855.0,116147.0,9443500.0,-0.0011709501054716354,-0.0011716362031894793,0.16734400656068968,-0.11291827246589588
2023-09-25,115925.0,116031.0,115573.0,116009.0,9580000.0,-0.0007240817522778942,-0.0007243440260826449,0.16333382947257435,-0.11356059215758244
2023-09-26,114193.0,115922.0,114162.0,115922.0,11241800.0,-0.014940694414492084,-0.015053430906268485,0.16627397865571067,-0.12680461246711935
2023-09-27,114327.0,115340.0,113366.0,114194.0,13359300.0,0.00117345196290497,0.0011727640062871142,0.16031783460126828,-0.1257799596256194
2023-09-28,115731.0,115954.0,114811.0,114875.0,10387000.0,0.012280563646382747,0.012205769246978242,0.16617346472853864,-0.1150440447788585
2023-09-29,116565.0,116899.0,115742.0,115742.0,11143200.0,0.007206366487803706,0.007180524704794024,0.15902368414168064,-0.10866672783997064
2023-10-02,115057.0,116672.0,114761.0,116565.0,8524900.0,-0.012936987946639222,-0.01302139958711682,0.15059996595417913,-0.12019789563834343
2023-10-03,113419.0,115056.0,113151.0,115055.0,11104800.0,-0.014236421947382616,-0.014338731982347329,0.15762246618532616,-0.13272312962623112
2023-10-04,113607.0,114075.0,113036.0,113430.0,10813800.0,0.0016575706010457658,0.001656198347092969,0.1579340324255937,-0.13128555698293265
2023-10-05,113284.0,114359.0,112705.0,113609.0,9507200.0,-0.0028431346659977264,-0.0028471840504804124,0.1536446265314459,-0.13375542913072735
2023-10-06,114170.0,114491.0,111599.0,113283.0,13138200.0,0.007821051516542443,0.007790625631772158,0.15577621191615218,-0.12698048571603351
2023-10-09,115156.0,115219.0,113448.0,114169.0,9474400.0,0.00863624419724962,0.008599165169752992,0.15079885415206992,-0.11944087600171285
2023-10-10,116737.0,116900.0,115158.0,115158.0,11621500.0,0.013729202125811968,0.013635810454851072,0.15539623175377118,-0.10735150180461246
2023-10-11,117051.0,117099.0,116231.0,116737.0,9949800.0,0.0026898070020644482,0.002686195945125053,0.1556111405994237,-0.10495044962378418
2023-10-13,115754.0,117070.0,115658.0,117050.0,10609300.0,-0.011080640062878566,-0.011142487653287889,0.15458714735303736,-0.11486817152994433
2023-10-16,116534.0,116905.0,115760.0,115760.0,8989900.0,0.0067384280456830314,0.006715826316028309,0.1565803774315764,-0.10890377439285495
2023-10-17,115908.0,116917.0,115564.0,116526.0,10371700.0,-0.005371822815658955,-0.005386302935546328,0.15702446058599487,-0.113690585428519
2023-10-18,114060.0,115907.0,113952.0,115907.0,15492200.0,-0.015943679469924477,-0.01607214725676642,0.165721786184692,-0.12782161864562305
2023-10-19,114004.0,115063.0,113768.0,114059.0,11497600.0,-0.0004909696650885476,-0.0004910902301587092,0.1625185340971267,-0.1282498317734141
2023-10-20,113155.0,114090.0,112533.0,113996.0,11739200.0,-0.007447107119048502,-0.007474975265524419,0.14671346733783747,-0.13474184865724598
2023-10-23,112785.0,113680.0,112164.0,113145.0,10701800.0,-0.00326985108921396,-0.0032752087346098464,0.14687820955290412,-0.1375711139658653
2023-10-24,113762.0,114249.0,112814.0,112814.0,10711800.0,0.008662499445848404,0.008625195274300473,0.15114390152179463,-0.13010032421851103
2023-10-25,112830.0,114319.0,112680.0,113762.0,12306500.0,-0.008192542325205276,-0.008226285622045588,0.14448581711206482,-0.13722701413103322
2023-10-26,114777.0,114886.0,112840.0,112840.0,12770600.0,0.017256048923158795,0.017108854230627496,0.1575613879140247,-0.12233896127729858
2023-10-27,113301.0,115342.0,112953.0,114777.0,12289500.0,-0.01285971928173768,-0.012943121260640605,0.15742662993791703,-0.13362543585979078
2023-10-30,112532.0,114204.0,112309.0,113303.0,9741800.0,-0.006787230474576522,-0.006810368478073566,0.15553414696392448,-0.1395057197039212
2023-10-31,113144.0,113597.0,112098.0,112534.0,10557400.0,0.005438453062240001,0.005423718075930647,0.15155185024699994,-0.13482596195020494
2023-11-01,115053.0,115433.0,113157.0,113157.0,13904100.0,0.016872304320158404,0.016731548042509113,0.15493467787537846,-0.1202284822903285
2023-11-03,118160.0,118502.0,115062.0,115062.0,15714000.0,0.027004945546834858,0.026646746462416493,0.18027089761194942,-0.0964703003609225
2023-11-06,118487.0,118758.0,118045.0,118160.0,10167700.0,0.002767433987813206,0.0027636116927170695,0.1793825046246357,-0.09396984156114271
2023-11-07,119268.0,119577.0,118026.0,118422.0,16393100.0,0.006591440411184424,0.006569811858027526,0.17893373801328843,-0.08799779776105708
2023-11-08,119099.0,119976.0,118464.0,119268.0,15193500.0,-0.0014169768923768533,-0.0014179817534891086,0.177699302722315,-0.08929008380742644
2023-11-09,119012.0,120257.0,118446.0,119180.0,15568300.0,-0.0007304847227936895,-0.0007307516567608466,0.17211240038472045,-0.08995534348810179
2023-11-10,120636.0,120823.0,119036.0,119036.0,0.0,0.013645682788290259,0.013553418847664428,0.17778314881440813,-0.07753716278216187
2023-11-13,120376.0,120606.0,119878.0,120561.0,11198000.0,-0.0021552438741337943,-0.0021575697547064343,0.17207224771712312,-0.07952529516119165
2023-11-14,123328.0,123370.0,120411.0,120411.0,19427900.0,0.02452316076294281,0.02422729533532427,0.18889921312936897,-0.05695234599620726
2023-11-16,124576.0,124737.0,123165.0,123165.0,18355600.0,0.010119356512714006,0.010068498636143971,0.1879435209107286,-0.047409310576864254
2023-11-17,125062.0,125431.0,124547.0,124639.0,15719100.0,0.0039012329822758485,0.0038936429069153893,0.1729845179508601,-0.0436930323606778
2023-11-20,126095.0,126162.0,124773.0,124773.0,11108500.0,0.008259903088068343,0.00822597677920987,0.17234523196659715,-0.035794029485532515
2023-11-21,125607.0,125957.0,125060.0,125957.0,10793500.0,-0.0038700979420278614,-0.003877606148992969,0.16932715585021818,-0.03952560102771151
2023-11-22,126035.0,126875.0,125439.0,125626.0,14058500.0,0.003407453406259142,0.0034016611909742553,0.16651965768355068,-0.03625282926530862
2023-11-23,126576.0,126760.0,125764.0,126035.0,7816400.0,0.004292458444083103,0.004283272122888811,0.16617035953814632,-0.0321159845843274
2023-11-24,125542.0,126553.0,125341.0,126553.0,9613100.0,-0.008169005182657063,-0.008202554339240754,0.1661446885289738,-0.04002263412246895
2023-11-27,125683.0,125826.0,124840.0,125517.0,11013800.0,0.0011231301078522549,0.001122499869081958,0.16072516934303635,-0.03894445463999511
2023-11-28,126538.0,126916.0,125388.0,125726.0,12394200.0,0.006802829340483596,0.006779794505988445,0.1469281506573835,-0.0324065577781856
2023-11-29,126101.0,127388.0,126018.0,126541.0,12417500.0,-0.003453508037111419,-0.0034594851613246815,0.14364168761406534,-0.0357481495075549
2023-11-30,127331.0,127399.0,126168.0,126168.0,19238400.0,0.00975408601042016,0.009706822009692247,0.14433838298868648,-0.026342754022144737
2023-12-01,128103.0,128165.0,126656.0,127331.0,13696500.0,0.0060629383260950576,0.006044632668972459,0.13857800858089384,-0.020439530189025508
2023-12-04,126803.0,128183.0,126643.0,128183.0,10270500.0,-0.010148083963685495,-0.010199926802968112,0.12456567901577623,-0.030380192084174466
2023-12-05,126903.0,127489.0,126491.0,126802.0,11960300.0,0.0007886248748059099,0.0007883140736023013,0.124923636166156,-0.029615525784547625
2023-12-06,125623.0,127538.0,125614.0,126907.0,10837300.0,-0.010086443976895731,-0.010137656814245093,0.13316149978723374,-0.03940325441977121
2023-12-07,126010.0,126581.0,125566.0,125623.0,10505300.0,0.0030806460600367735,0.0030759105930024217,0.13231778587290985,-0.03644399584021533
2023-12-08,127094.0,127289.0,125562.0,126010.0,10745300.0,0.008602491865725037,0.008565701275842639,0.1331211679792822,-0.028155013152260353
2023-12-11,126916.0,127154.0,126526.0,127093.0,7091900.0,-0.0014005381843360531,-0.001401519854623815,0.1283191891684203,-0.029516119165596134
2023-12-12,126403.0,127359.0,126013.0,126923.0,10266500.0,-0.004042043556367947,-0.004050234694499416,0.12940889460991187,-0.03343885728268184
2023-12-13,129465.0,129793.0,126299.0,126406.0,15066200.0,0.024224108605017225,0.023935358731409447,0.1287596066487832,-0.010024775188107909
2023-12-14,130842.0,131260.0,129469.0,129469.0,15822800.0,0.010636079249217945,0.010579914058932455,0.1291742250962908,0.0
2023-12-15,130197.0,131661.0,129884.0,130842.0,15141000.0,-0.004929609758334452,-0.004941800364307401,0.13165152587281062,-0.00492960975833448
2023-12-18,131084.0,131447.0,130198.0,130202.0,9604400.0,0.006812752982019665,0.006789651046256875,0.1308486205934658,0.0
2023-12-19,131851.0,132047.0,131086.0,131088.0,9429700.0,0.005851209911202027,0.005834158066107167,0.129657322866077,0.0
2023-12-20,130804.0,132341.0,130710.0,131851.0,10335800.0,-0.007940781639881433,-0.007972477551456357,0.13470947610801962,-0.007940781639881381
2023-12-21,132182.0,132277.0,130822.0,130826.0,8681000.0,0.010534846029173428,0.010479741214703336,0.13794650230421993,0.0
2023-12-22,132753.0,133035.0,132094.0,132553.0,8231100.0,0.00431980148583011,0.00431049792678752,0.1325150457965151,0.0
2023-12-26,133533.0,133645.0,132753.0,132753.0,0.0,0.005875573433368642,0.0058583795681217705,0.13278946996461524,0.0
2023-12-27,134194.0,134195.0,133328.0,133523.0,6168200.0,0.004950087244351531,0.004937875844239198,0.13225938060096937,0.0
2023-12-28,134185.0,134392.0,133832.0,134194.0,7812700.0,-6.706708198578326e-05,-6.706933108308713e-05,0.1306213020005463,-6.706708198578178e-05
2024-01-02,132697.0,134195.0,132095.0,134186.0,8437800.0,-0.01108916793978465,-0.011151111120500233,0.13744787082457322,-0.011155491303635036
2024-01-03,132834.0,133576.0,132250.0,132697.0,8702400.0,0.0010324272590940264,0.0010318946726110474,0.13667190845045277,-0.01013458127785147
2024-01-04,131226.0,132885.0,131024.0,132831.0,8972300.0,-0.012105334477618634,-0.012179200761672608,0.13913769772595588,-0.022117233259311146
2024-01-05,132023.0,132635.0,130579.0,131218.0,9199700.0,0.0060734915336899675,0.006055122223694892,0.13992656231868286,-0.01617807055457025
2024-01-08,132427.0,132498.0,131015.0,132023.0,8497500.0,0.0030600728660914456,0.0030554003728050453,0.13241089108893297,-0.01316750376320849
2024-01-09,131447.0,132426.0,131203.0,132424.0,9287500.0,-0.007400303563472654,-0.007427821655432804,0.13711519414288448,-0.02047036380166028
2024-01-10,130841.0,131628.0,130438.0,131447.0,8958400.0,-0.004610223131756519,-0.0046208829859076565,0.1368726901213558,-0.024986213988702922
2024-01-11,130649.0,131308.0,129898.0,130841.0,9761700.0,-0.0014674299340420305,-0.0014685076638053325,0.13689142334456694,-0.0264169784043996
2024-01-12,130988.0,131927.0,130410.0,130652.0,10661900.0,0.00259473857434811,0.0025913780520761273,0.1353740773994337,-0.023890784982935155
2024-01-15,131521.0,131606.0,130253.0,130988.0,5746600.0,0.004069075029773828,0.004060818733389685,0.10781300157960999,-0.019918923349777188
2024-01-16,129294.0,131517.0,129147.0,131515.0,11911300.0,-0.016932657142205376,-0.017077653696460776,0.11865024903996749,-0.036514300192258965
2024-01-17,128524.0,129296.0,128312.0,129293.0,9952500.0,-0.0059554194316828735,-0.005973223664964214,0.11920659192033321,-0.04225226165104252
2024-01-18,127316.0,129047.0,127316.0,128524.0,12460800.0,-0.00939902275061466,-0.009443472305787633,0.11970122351302319,-0.05125415443313412
2024-01-19,127636.0,127820.0,126533.0,127319.0,11956900.0,0.002513431147695533,0.002510277762401069,0.1175781063705441,-0.048869547073639656
2024-01-22,126602.0,127843.0,125876.0,127636.0,9509100.0,-0.008101162681375174,-0.008134155406876772,0.11769522137932563,-0.05657480960400614
2024-01-23,128263.0,128331.0,126612.0,126612.0,9366100.0,0.01311985592644671,0.01303453606265835,0.12147118543462393,-0.04419720702863019
2024-01-24,127816.0,129446.0,127680.0,128275.0,8823800.0,-0.0034850268588758615,-0.003491113710989531,0.11966066963757298,-0.04752820543392402
2024-01-25,128169.0,128697.0,127803.0,127815.0,8757600.0,0.0027617825624335346,0.0027579758482396627,0.11748252538599316,-0.04489768544048169
2024-01-26,128967.0,129252.0,127869.0,128196.0,8508000.0,0.006226154530346584,0.006206852108702923,0.11856497166442197,-0.03895107083774237
2024-01-29,128503.0,129068.0,127853.0,128970.0,8764500.0,-0.0035978195972613536,-0.0036043073159573572,0.11847026884538243,-0.04240875150900934
2024-01-30,127402.0,128492.0,127105.0,128492.0,10037400.0,-0.008567893356575373,-0.008604808764287172,0.11623179340543456,-0.05061329120526998
2024-01-31,127752.0,129558.0,127326.0,127402.0,12495200.0,0.002747209619943236,0.00274344293659742,0.11698729816235662,-0.04800512690582291
2024-02-01,128481.0,128481.0,127284.0,127752.0,10226400.0,0.0057063685891414195,0.005690148942173557,0.11340581270645757,-0.042572693264974586
2024-02-02,127182.0,128878.0,126628.0,128471.0,10982800.0,-0.010110444345856617,-0.010161902022084704,0.11452116950243754,-0.052252708764922426
2024-02-05,127593.0,127834.0,126443.0,127182.0,9637200.0,0.003231589375854993,0.0032263790130588987,0.11462022372659687,-0.049189978687571724
2024-02-06,130416.0,130417.0,127593.0,127593.0,13780300.0,0.022125038207425174,0.021883830880387756,0.14012024558490116,-0.028153270638031507
2024-02-07,129608.0,130552.0,129518.0,130412.0,15425400.0,-0.006195558827137737,-0.0062148309439845105,0.14087024798567654,-0.034174404220755024
2024-02-08,128217.0,130126.0,127912.0,129950.0,13634900.0,-0.010732362199864176,-0.010790369408641384,0.14555202184085897,-0.044539994336557524
2024-02-09,128026.0,128896.0,127579.0,128216.0,12115800.0,-0.001489662057293506,-0.0014907727069481086,0.14495867253873088,-0.04596330685425578
2024-02-14,127018.0,128026.0,126663.0,128026.0,7748300.0,-0.007873400715479706,-0.007904559593542904,0.14548225919522467,-0.05347482003666334
2024-02-15,127804.0,127824.0,126932.0,127018.0,10980100.0,0.0061880993245051474,0.006169031659187545,0.1360788336776559,-0.04761762820990506
2024-02-16,128726.0,129069.0,127653.0,127809.0,10119100.0,0.007214171700416161,0.007188274042595667,0.13717511803759783,-0.04074697825536164
2024-02-19,129036.0,129036.0,128097.0,128720.0,5799100.0,0.002408215900439714,0.0024053207956215286,0.13263923656488258,-0.03843688987585138
2024-02-20,129916.0,129916.0,128326.0,129033.0,12237000.0,0.006819802225735527,0.006796652565672778,0.13428998592099067,-0.03187921963724161
2024-02-21,130032.0,130034.0,129359.0,129916.0,12585700.0,0.0008928846331475171,0.0008924862487866743,0.1300030987470319,-0.031014799469424863
2024-02-22,130241.0,130829.0,129971.0,130035.0,10771700.0,0.001607296665436131,0.0016060063465825327,0.12247531699085125,-0.02945735278775504
2024-02-23,129419.0,130624.0,129077.0,130240.0,9230300.0,-0.0063113766018381146,-0.006331377539186314,0.12418746226644845,-0.035582812942456445
2024-02-26,129609.0,129978.0,129077.0,129417.0,7436900.0,0.001468099738060058,0.0014670231332196565,0.12397749711867037,-0.03416695232275661
2024-02-27,131689.0,131696.0,129613.0,129613.0,10049000.0,0.01604826825297634,0.015920856150823223,0.13421920834860657,-0.018667004486042596
2024-02-28,130155.0,131685.0,129771.0,131685.0,9045600.0,-0.01164865706323226,-0.011717034188725326,0.14087040564453782,-0.030098216015619177
2024-02-29,129020.0,130155.0,128669.0,130155.0,12003100.0,-0.008720371864315624,-0.008758616809467108,0.1410052565526781,-0.038556120243826104
2024-03-01,129180.0,129716.0,128717.0,129026.0,9765100.0,0.001240117811192043,0.00123934950023103,0.14080733264955012,-0.03736381656407887
2024-03-04,128341.0,129307.0,128278.0,129176.0,7967700.0,-0.006494813438612801,-0.006515996509290135,0.14156820507267215,-0.043615958984753414
2024-03-05,128098.0,128989.0,127823.0,128336.0,9692200.0,-0.0018933933816940307,-0.0018951881167270476,0.13669754542226423,-0.04542677019836953
2024-03-06,128890.0,129323.0,128099.0,128099.0,11057900.0,0.006182766319536626,0.006163731438378765,0.13790708451460906,-0.039524866983620725
2024-03-07,128340.0,129188.0,128033.0,128890.0,7350000.0,-0.004267204593063845,-0.004276335094318919,0.11316463606526084,-0.04362341088275184
2024-03-08,127071.0,128338.0,125802.0,128335.0,11937900.0,-0.009887798036465667,-0.009937006958761882,0.11625493795828833,-0.05307986944274707
2024-03-11,126124.0,127068.0,126065.0,127068.0,8899100.0,-0.007452526540280613,-0.007480435363486232,0.11310454395113348,-0.060136816847250994
2024-03-12,127668.0,128039.0,126121.0,126124.0,9483700.0,0.012241920649519455,0.01216759432210807,0.12207053963781445,-0.04863108633769021
2024-03-13,128006.0,128530.0,127439.0,127668.0,8837200.0,0.002647491932199042,0.002643993498789292,0.1188722516390673,-0.04611234481422418
2024-03-14,127690.0,128256.0,127192.0,127992.0,9292600.0,-0.002468634282768001,-0.002471686384428921,0.11724406261340681,-0.048467144581724964
2024-03-15,126742.0,127957.0,126502.0,127682.0,14992400.0,-0.007424230558383593,-0.007451927328027859,0.11678141508494579,-0.05553154388422731
2024-03-18,126954.0,127540.0,126272.0,126758.0,10512100.0,0.0016726894005143489,0.0016712920136448418,0.11654497741432655,-0.05395174150856223
2024-03-19,127529.0,128000.0,126955.0,126955.0,11184800.0,0.004529199552593788,0.00451897359361349,0.11484038941962894,-0.04966690015947062
2024-03-20,129125.0,129210.0,127349.0,127534.0,10819300.0,0.012514800555167849,0.012437137723982226,0.1241969810862889,-0.037773670953991985
2024-03-21,128159.0,129556.0,128093.0,129125.0,9570800.0,-0.0074811229428848325,-0.007509246896761935,0.1264865622200586,-0.04497220442046589
2024-03-22,127027.0,128159.0,126879.0,128159.0,9367800.0,-0.008832778033536437,-0.008872018255095255,0.12826759209886318,-0.053407752954677555
2024-03-25,126931.0,127224.0,126750.0,127027.0,8060500.0,-0.0007557448416478652,-0.0007560305607435953,0.127958310172998,-0.0541231351625259
2024-03-26,126863.0,127193.0,126591.0,126931.0,9435700.0,-0.000535724133584381,-0.0005358676850296386,0.11126528862196976,-0.05462986422641847
2024-03-27,127691.0,127756.0,126223.0,126863.0,9918200.0,0.006526725680458423,0.006505518830585492,0.10863951175852621,-0.048459692683726546
2024-03-28,128106.0,128364.0,127270.0,127689.0,9943400.0,0.003250033283473286,0.003244763340540919,0.1055151880006236,-0.04536715501438216
2024-04-01,126990.0,128659.0,126772.0,128106.0,9372600.0,-0.008711535759449163,-0.008749703012356686,0.10939887620695354,-0.053683473180619105
2024-04-02,127549.0,127654.0,126669.0,126990.0,9073600.0,0.004401921411134824,0.004392261293424517,0.10876269549124361,-0.049517862199502216
2024-04-03,127318.0,127694.0,126181.0,127546.0,11032700.0,-0.0018110686873280546,-0.0018127106550001452,0.1087471399937708,-0.05123925063713728
2024-04-04,127428.0,129627.0,127178.0,127313.0,13229200.0,0.000863978384831654,0.0008636053703424347,0.10616204581137859,-0.050419541857311054
2024-04-05,126795.0,127432.0,126394.0,127422.0,9101300.0,-0.004967511065072094,-0.0049798901607081844,0.10651657075362264,-0.055136593290311044
2024-04-08,128857.0,129178.0,126796.0,126796.0,8128300.0,0.016262470917622895,0.01613165331024497,0.11599864119520945,-0.03977077961756859
2024-04-09,129890.0,129956.0,128826.0,128858.0,8489700.0,0.008016638599377623,0.007984676059946936,0.11451733084516896,-0.03207296898520053
2024-04-10,128054.0,129872.0,127732.0,129872.0,10451800.0,-0.014135037339287115,-0.01423588846381297,0.12002732592852991,-0.04575465371030001
2024-04-11,127396.0,128051.0,127069.0,128051.0,8882900.0,-0.005138457213363146,-0.005151704484472637,0.12106509529681639,-0.050658002593260504
2024-04-12,125946.0,127640.0,125635.0,127396.0,10246600.0,-0.011381833024584731,-0.011447101810982662,0.12729255985675747,-0.06146325469096979
2024-04-15,125334.0,126250.0,125034.0,125946.0,13504500.0,-0.004859225382306653,-0.0048710698033499495,0.12579440654738025,-0.06602381626600295
2024-04-16,124389.0,125316.0,123756.0,125316.0,14009800.0,-0.007539853511417505,-0.007568421898465382,0.12788039402186882,-0.07306585987451004
2024-04-17,124171.0,125301.0,123642.0,124389.0,11370900.0,-0.0017525665452733374,-0.001754104086712878,0.1262039531011232,-0.07469037363816564
2024-04-18,124196.0,125140.0,123397.0,124171.0,10662400.0,0.00020133525541399244,0.00020131499019147966,0.11551652708434622,-0.07450407618820513
2024-04-19,125124.0,125509.0,124056.0,124197.0,13604100.0,0.0074720602917968115,0.007444282733868799,0.1181304356342153,-0.0675887148456712
2024-04-22,125573.0,126081.0,124633.0,125124.0,10264100.0,0.0035884402672548,0.0035820171768103665,0.11564608816205704,-0.06424281264438052
2024-04-23,125148.0,125826.0,124310.0,125572.0,11257800.0,-0.003384485518383773,-0.0033902258451907535,0.11607779802669035,-0.06740986929370911
2024-04-24,124741.0,125473.0,124556.0,125149.0,10526300.0,-0.003252149455045261,-0.0032574491865496255,0.11642596367481302,-0.07044279177906612
2024-04-25,124646.0,124732.0,123703.0,124718.0,10093100.0,-0.0007615779895944197,-0.0007618681374343625,0.11315373917219698,-0.07115072208891604
2024-04-26,126526.0,126826.0,124651.0,124651.0,8900000.0,0.015082714246746898,0.01497010104218486,0.12617695648187027,-0.057141153851886076
2024-04-29,127352.0,127352.0,126467.0,126527.0,8385100.0,0.006528302483284065,0.006507085407557888,0.12475409972025694,-0.05098588610519099
2024-04-30,125924.0,127352.0,125856.0,127352.0,10889600.0,-0.01121301589295809,-0.011276355687514365,0.12996365959371736,-0.06162719644693503
2024-05-02,127122.0,127670.0,125926.0,125926.0,11547800.0,0.009513674915028192,0.009468704904888155,0.13469799641303082,-0.052699822644827636
2024-05-03,128509.0,128787.0,127130.0,127130.0,12799200.0,0.010910778622110984,0.010851685522961802,0.14017762741228065,-0.042364040121018826
2024-05-06,128466.0,129181.0,128294.0,128506.0,8779100.0,-0.00033460691469078263,-0.0003346629080753262,0.13876592109518396,-0.04268447173495089
2024-05-07,129210.0,129745.0,128464.0,128466.0,10177500.0,0.0057914156274812,0.005774709849033894,0.12788866351722955,-0.037140259624126266
2024-05-08,129481.0,129564.0,128048.0,129210.0,9788900.0,0.0020973608853804837,0.002095164494585319,0.12476580301128354,-0.03512079526655439
2024-05-09,128188.0,129468.0,127376.0,129468.0,13369000.0,-0.009986021115067079,-0.010036215867398085,0.11924930875751466,-0.04475609937851171
2024-05-10,127600.0,129022.0,127467.0,128188.0,12574200.0,-0.004587012824913361,-0.004597565450626492,0.11894440614882797,-0.04913781540158278
2024-05-13,128155.0,128669.0,127599.0,127600.0,8917300.0,0.004349529780564243,0.004340097915470137,0.11162824155433128,-0.045002012012459576
2024-05-14,128515.0,128965.0,127962.0,128155.0,11886800.0,0.0028090983574577955,0.0028051602140311497,0.10970157003373687,-0.0423193287330283
2024-05-15,128028.0,128646.0,127029.0,128514.0,10855600.0,-0.0037894409212931857,-0.0037966390428662154,0.10644751110732616,-0.04594840305825894
2024-05-16,128284.0,128965.0,127922.0,128029.0,9852200.0,0.001999562595682125,0.001997566131322412,0.10578455386103597,-0.044040717170663365
2024-05-17,128151.0,128464.0,127696.0,128280.0,10262600.0,-0.0010367621839044716,-0.0010372999935700743,0.10609722689301541,-0.04503181960445325
2024-05-20,127751.0,128730.0,127488.0,128151.0,9340300.0,-0.0031213178203837177,-0.0031261992932503442,0.10496015301021812,-0.048012578803821336
2024-05-21,127412.0,128272.0,127205.0,127754.0,9138500.0,-0.002653599580433763,-0.0026571266167435144,0.10529112776858299,-0.05053877222528578
2024-05-22,125650.0,127412.0,125524.0,127412.0,12403500.0,-0.013829152670078226,-0.01392566623548185,0.11677059853425831,-0.06366901649850217
2024-05-23,124729.0,125665.0,124431.0,125650.0,9985400.0,-0.00732988460007955,-0.007356880201527858,0.11926068151629353,-0.07053221455504717
2024-05-24,124306.0,125257.0,124259.0,124731.0,9211500.0,-0.003391352452116192,-0.0033971161226249323,0.1198479544987315,-0.07368436740837891
2024-05-27,124496.0,124535.0,124081.0,124297.0,4327600.0,0.0015284861551332352,0.001527319209125891,0.10608302034213905,-0.07226850678867908
2024-05-28,123780.0,125392.0,123537.0,124498.0,9179800.0,-0.005751188793214235,-0.005767790563358857,0.10377863576158446,-0.07760406575554794
2024-05-29,122707.0,123780.0,122458.0,123780.0,8257700.0,-0.008668605590563927,-0.008706396506871387,0.10090326406330208,-0.0855999523078528
2024-05-31,122098.0,122837.0,121929.0,122704.0,15918600.0,-0.0049630420432411615,-0.0049753988382189905,0.0932015652349208,-0.0901381581888907
2024-06-03,122032.0,122495.0,121496.0,122100.0,8428100.0,-0.0005405493947484574,-0.000540695544242259,0.08020725054552014,-0.09062998345678644
2024-06-04,121802.0,122032.0,120878.0,122032.0,8529300.0,-0.0018847515405795434,-0.0018865299196508466,0.07981778933165633,-0.0923439199964231
2024-06-05,121407.0,122170.0,121253.0,121803.0,8768700.0,-0.0032429680957619667,-0.0032482379131143885,0.07332852443015128,-0.09528741970579907
2024-06-06,122899.0,123246.0,121377.0,121408.0,8404200.0,0.012289241971220832,0.012214342253267339,0.0898091972225385,-0.08416918789215613
2024-06-07,120767.0,122899.0,120679.0,122899.0,9801200.0,-0.01734757809258014,-0.017499810469744748,0.1011835804940344,-0.10005663442478799
2024-06-10,120760.0,121421.0,120540.0,120769.0,6568400.0,-5.7962854090987115e-05,-5.796453400212958e-05,0.10150468937684341,-0.10010879771077694
2024-06-11,121635.0,121759.0,120757.0,120760.0,7477000.0,0.007245776747267341,0.007219652225992292,0.10464039710682714,-0.09358838696215926
2024-06-12,119936.0,122483.0,119544.0,121644.0,11278800.0,-0.01396801907345746,-0.014066489888727994,0.11005620414888427,-0.10624916166147517
2024-06-13,119568.0,120222.0,119171.0,119936.0,8543000.0,-0.0030683030949839596,-0.0030730199879679715,0.1100563304307926,-0.10899146012489382
2024-06-14,119662.0,120214.0,118828.0,119558.0,7847600.0,0.0007861635220125507,0.000785854657339038,0.10934725100841407,-0.10829098171304231
2024-06-17,119138.0,119663.0,118685.0,119663.0,7380600.0,-0.004379000852400949,-0.004388616758943528,0.10900134738786793,-0.1121957762642145
2024-06-18,119630.0,120109.0,118872.0,119138.0,8100100.0,0.0041296647585153945,0.00412116109648303,0.112441512067081,-0.10852944244899176
2024-06-19,120261.0,120383.0,118960.0,119630.0,5646300.0,0.0052745966730753935,0.005260734710851384,0.11646749149796,-0.10382729481198862
2024-06-20,120446.0,121607.0,120156.0,120267.0,8659500.0,0.0015383208188854969,0.0015371388154596386,0.10977255613566231,-0.10244869368228088
2024-06-21,121341.0,121580.0,120061.0,120446.0,12906900.0,0.007430715839463309,0.007403244076491306,0.11288347586903857,-0.0957792449736948
2024-06-24,122637.0,122840.0,121307.0,121343.0,7836100.0,0.010680643805473844,0.010624008639217501,0.12028454833731303,-0.08612158516774222
2024-06-25,122331.0,122849.0,121997.0,122804.0,6942900.0,-0.0024951686685095176,-0.0024982867897572394,0.12015529516867052,-0.0884018659552588
2024-06-26,122641.0,122701.0,121402.0,122331.0,8178800.0,0.0025341082799943404,0.002530902841750003,0.11928303190384162,-0.08609177757574854
2024-06-27,124308.0,124308.0,122642.0,122642.0,8707300.0,0.013592517999690079,0.013500968387139657,0.1248433852704115,-0.07366946361238208
2024-06-28,123907.0,124500.0,123298.0,124308.0,9070800.0,-0.003225858351835753,-0.0032310726496325593,0.12395161940467811,-0.07665767470974857
2024-07-01,124718.0,125220.0,123735.0,123905.0,0.0,0.00654523150427333,0.006523904486149746,0.12551382865689542,-0.07061418543302979
2024-07-02,124787.0,125491.0,124310.0,124720.0,8368000.0,0.0005532481277763512,0.000553095142454202,0.1250447140983136,-0.0701000044711388
2024-07-03,125662.0,126581.0,124787.0,124787.0,8534200.0,0.0070119483600055155,0.006987478968918411,0.125481643026057,-0.06357959372252113
2024-07-04,126164.0,126660.0,125666.0,125666.0,6535700.0,0.003994843309831131,0.003986885110760889,0.11961913205949729,-0.059838740927314185
2024-07-05,126267.0,126662.0,125556.0,126165.0,8085600.0,0.0008163977045749782,0.0008160646332357508,0.09693501800820917,-0.05907119543347691
2024-07-08,126548.0,126551.0,125614.0,126280.0,7430300.0,0.0022254429106576268,0.002222970280368836,0.09655937625459761,-0.05697721209592083
2024-07-09,127108.0,127295.0,125937.0,126548.0,6684600.0,0.004425198343711578,0.004415435943297461,0.09518340729873273,-0.05280414921680552
2024-07-10,127218.0,127769.0,126928.0,127109.0,8152600.0,0.000865405796645291,0.0008650315489507095,0.07366143840545727,-0.0519844404369793
2024-07-11,128294.0,128326.0,127221.0,127221.0,7972900.0,0.008457922621012859,0.008422354805978454,0.0724932675710978,-0.043966198190679165
2024-07-12,128897.0,129015.0,128002.0,128293.0,7206600.0,0.004700141861661455,0.004689130684152285,0.07186060518975614,-0.039472703697631784
2024-07-15,129321.0,129485.0,128723.0,128898.0,5826900.0,0.003289448164037978,0.0032840497646897506,0.06523774899121616,-0.03631309894630162
2024-07-16,129110.0,129521.0,128761.0,129322.0,6818900.0,-0.001631598889584862,-0.0016329313966617306,0.06833762281290519,-0.037885449423968286
2024-07-17,129450.0,129658.0,128741.0,129112.0,6672400.0,0.0026334133684455807,0.00262995201091946,0.06823642174474341,-0.03535180410450542
2024-07-18,127652.0,129454.0,127523.0,129450.0,7591500.0,-0.013889532638084234,-0.013986894791038394,0.0926056092520271,-0.04875031670566493
2024-07-19,127616.0,128360.0,127413.0,127652.0,7620400.0,-0.00028201673299277363,-0.0002820565071897861,0.09166811450103557,-0.04901858503360806
2024-07-22,127860.0,128151.0,127456.0,127616.0,6098200.0,0.0019119859578735632,0.00191016043926227,0.08652633581189646,-0.047200321921993534
2024-07-23,126590.0,127860.0,126530.0,127860.0,7022900.0,-0.00993273893320823,-0.009982397689843906,0.09540717435272301,-0.05666423237998718
2024-07-24,126423.0,126823.0,126218.0,126596.0,7304800.0,-0.001319219527608828,-0.0013200904637447452,0.0959460735381049,-0.057908699345723354
2024-07-25,125954.0,126423.0,125626.0,126423.0,7134100.0,-0.0037097680010758083,-0.0037166662562890516,0.08641926372430597,-0.06140363950698243
2024-07-26,127492.0,127700.0,125953.0,125964.0,8272000.0,0.01221080712005973,0.012136856603182469,0.09412113475692806,-0.04994262038541217
2024-07-29,126954.0,127657.0,126606.0,127492.0,7075400.0,-0.004219872619458442,-0.004228801409678736,0.0941359032384941,-0.05395174150856223
2024-07-30,126139.0,126951.0,125973.0,126951.0,6848600.0,-0.006419648061502636,-0.006440342617507741,0.09767307094432018,-0.06002503837727469
2024-07-31,127652.0,127853.0,126139.0,126139.0,9471900.0,0.011994704254830069,0.011923337901809213,0.10339885942983824,-0.04875031670566493
2024-08-01,127395.0,128762.0,127150.0,127652.0,9814200.0,-0.0020132861216431985,-0.0020153155064259556,0.10312885455210981,-0.05066545449125892
2024-08-02,125854.0,128104.0,125731.0,127395.0,9950900.0,-0.012096236116017067,-0.012169990954167735,0.11245675592467792,-0.06214882930682445
2024-08-05,125270.0,125851.0,123073.0,125851.0,10886100.0,-0.004640297487565004,-0.004651097089814019,0.11316665978789066,-0.06650073773790184
2024-08-06,126267.0,126966.0,125261.0,125270.0,10052600.0,0.007958808972619247,0.007927304699751168,0.11584773806232503,-0.05907119543347691
2024-08-07,127514.0,127517.0,126268.0,126268.0,8837900.0,0.009875897898896868,0.009827449936188596,0.12131511020562653,-0.04977867862944692
2024-08-08,128661.0,128793.0,127515.0,127515.0,8624000.0,0.008995090735135047,0.008954875884050749,0.12181239803011183,-0.041231351625258955
2024-08-09,130615.0,130631.0,128662.0,128662.0,11324800.0,0.015187197363614402,0.015073026388575743,0.13209512664409592,-0.026670342936345886
2024-08-12,131116.0,131662.0,130615.0,130615.0,8601600.0,0.0038357003406959134,0.0038283627992324117,0.13225246325995157,-0.02293694203913737
2024-08-13,132398.0,132430.0,131115.0,131115.0,9798900.0,0.00977760151316387,0.009730110084734643,0.13571168941849265,-0.013383608805162674
2024-08-14,133318.0,133777.0,132112.0,132398.0,12158400.0,0.0069487454493271095,0.006924714178231648,0.13713656538723173,-0.006527862646616093
2024-08-15,134153.0,134575.0,133319.0,133319.0,10534800.0,0.006263220270330994,0.006243687821181924,0.1251692768949857,-0.0003055278179352281
2024-08-16,133953.0,134781.0,133852.0,134154.0,10871900.0,-0.0014908350912763435,-0.0014919474916521766,0.12559679481382027,-0.0017959074176192675
2024-08-19,135778.0,136179.0,133953.0,133953.0,11281500.0,0.013624181615939923,0.013532206898797954,0.13159904393892907,0.0
2024-08-20,136087.0,136330.0,135312.0,135779.0,8106800.0,0.002275773689404792,0.0022731880386230425,0.1224292234476635,0.0
2024-08-21,136464.0,137040.0,136086.0,136088.0,9572200.0,0.0027702866548604543,0.002766456482937556,0.12109559297243612,0.0
2024-08-22,135173.0,136462.0,134836.0,136462.0,8050200.0,-0.009460370500644855,-0.00950540405342919,0.12745139090645455,-0.009460370500644858
2024-08-23,135608.0,136478.0,135174.0,135174.0,8649400.0,0.003218098288859439,0.003212931292860682,0.12333016148538388,-0.006272716613905499
2024-08-26,136889.0,137013.0,135596.0,135608.0,7560000.0,0.009446345348357088,0.009402007629042862,0.12209275178810673,0.0
2024-08-27,136776.0,137213.0,136664.0,136888.0,6745900.0,-0.000825486342949433,-0.000825827244419881,0.11740349896714172,-0.0008254863429493969
2024-08-28,137344.0,137469.0,135746.0,136776.0,7457100.0,0.00415277534070313,0.004144176367370539,0.11367048959844692,0.0
2024-08-29,136041.0,137370.0,135858.0,137349.0,8385100.0,-0.009487127213420266,-0.009532416677018079,0.12150900925093804,-0.009487127213420318
2024-08-30,136004.0,136139.0,134910.0,136041.0,18397900.0,-0.00027197683051427557,-0.00027201382291998073,0.10803216110458466,-0.009756523765144454
2024-09-02,134981.0,136004.0,134497.0,136004.0,3666100.0,-0.0075218375930119485,-0.007550269275459103,0.11150239891064101,-0.017204974370922648
2024-09-03,134353.0,135011.0,134171.0,134907.0,8802400.0,-0.0046525066490838984,-0.004663363244821062,0.11414644932593415,-0.021777434762348554
2024-09-04,136111.0,136838.0,134359.0,134359.0,9419500.0,0.013084932975073071,0.013000064767783927,0.11714137402420241,-0.008977458061509786
2024-09-05,136502.0,136656.0,135959.0,136112.0,7528700.0,0.002872655406249258,0.002868537216582497,0.11519454185777712,-0.0061305917986952466
2024-09-06,134572.0,136653.0,134476.0,136508.0,7563300.0,-0.01413898697454985,-0.014239894735791372,0.12114464143000418,-0.020182898415657038
2024-09-09,134737.0,135250.0,134399.0,134574.0,6587600.0,0.00122610944327195,0.001225358384945627,0.12083084862754612,-0.01898153541472507
2024-09-10,134320.0,134738.0,133754.0,134738.0,8253500.0,-0.003094918248142675,-0.0030997174121956714,0.11758506237870961,-0.022017707362534947
2024-09-11,134677.0,135087.0,133757.0,134319.0,7947300.0,0.002657832042882724,0.0026543062532213965,0.11555620797948922,-0.01941839468779124
2024-09-12,134029.0,134777.0,133591.0,134677.0,7004900.0,-0.004811511987941497,-0.00482312457612533,0.11494508258669307,-0.024136474836905873
2024-09-13,134882.0,135879.0,134031.0,134031.0,8866000.0,0.006364294294518347,0.0063441276924853605,0.11698527612728049,-0.017925792171481828
2024-09-16,135118.0,135715.0,134870.0,134885.0,6707000.0,0.0017496774958853933,0.0017481485933467122,0.10636381269746363,-0.016207479030754892
2024-09-17,134960.0,135118.0,134180.0,135118.0,7314500.0,-0.001169348273361015,-0.001170032494500436,0.10598474776196962,-0.017357875116495808
2024-09-18,133748.0,135203.0,133748.0,134960.0,9792800.0,-0.008980438648488409,-0.009021005844426208,0.10949175269756974,-0.026182432432432432
2024-09-19,133123.0,134759.0,133123.0,133748.0,9254500.0,-0.004672967072404832,-0.004683919516628995,0.10580266891445937,-0.030733049860205034
2024-09-20,131065.0,133128.0,130907.0,133121.0,13605800.0,-0.015459387183281659,-0.01558012952758168,0.11688315173882652,-0.04571732292637465
2024-09-23,130568.0,131065.0,130100.0,131065.0,9140800.0,-0.0037920115972990276,-0.0037992195006812594,0.10940059541445053,-0.04933597390493942
2024-09-24,132156.0,133073.0,130570.0,130570.0,9367100.0,0.01216224496048035,0.012088879122412523,0.12081772007219015,-0.037773765144454796
2024-09-25,131586.0,132982.0,131489.0,132156.0,10527200.0,-0.004313084536456957,-0.0043224127173843,0.11909467222891824,-0.04192392823858341
2024-09-26,133010.0,133313.0,131594.0,131595.0,11618300.0,0.010821819950450617,0.01076368311178182,0.12407538617219684,-0.03155580149114632
2024-09-27,132730.0,133923.0,132628.0,133010.0,9338900.0,-0.0021051048793323535,-0.002107323727093892,0.12407875782958804,-0.03359447809878845
2024-09-30,131816.0,133120.0,131816.0,132761.0,9131600.0,-0.006886159873427222,-0.006909978882980574,0.12366551371064385,-0.040249301025163095
2024-10-01,132495.0,133405.0,131817.0,131817.0,9841100.0,0.005151119742671684,0.005137898110074999,0.12489828520130986,-0.035305510251630944
2024-10-02,133515.0,134922.0,132495.0,132495.0,9398700.0,0.0076984037133476235,0.00766892221379923,0.11840950025441974,-0.027878902609506057
2024-10-03,131672.0,133514.0,131176.0,133514.0,9821200.0,-0.01380369246901092,-0.013899849337237553,0.12593430918052168,-0.0412977632805219
2024-10-04,131792.0,131936.0,131156.0,131672.0,7054700.0,0.0009113554893978026,0.0009109404571259264,0.11727198625706568,-0.04042404473438956
2024-10-07,132018.0,132943.0,131676.0,131792.0,7702100.0,0.0017148233580186467,0.001713354727165996,0.11740993145152533,-0.03877854147250699
2024-10-08,131512.0,132016.0,130371.0,132016.0,9093200.0,-0.003832810677331877,-0.003840174718849688,0.11761319052083763,-0.04246272134203169
2024-10-09,129962.0,131520.0,129719.0,131510.0,9220400.0,-0.0117859967151287,-0.011856002174155205,0.12270913621857965,-0.05374825256290774
2024-10-10,130353.0,130418.0,129835.0,129963.0,7617300.0,0.0030085717363537157,0.0030040550413403277,0.1232802568083645,-0.05090138630009319
2024-10-11,129992.0,130354.0,129338.0,130354.0,7973300.0,-0.0027694030823993687,-0.0027732449739193235,0.11989492427558929,-0.05352982292637465
2024-10-14,131005.0,131220.0,129729.0,129992.0,8502100.0,0.007792787248446009,0.007762580311230397,0.12411305221329323,-0.04615418219944082
2024-10-15,131043.0,131457.0,130200.0,131005.0,7982900.0,0.00029006526468444704,0.0002900232038889461,0.12427975510418869,-0.045877504659832244
2024-10-16,131750.0,132233.0,130780.0,131045.0,10282800.0,0.005395175629373528,0.005380673805877023,0.12318746811135098,-0.04072984622553588
2024-10-17,130793.0,131716.0,129902.0,131716.0,7086000.0,-0.007263757115749558,-0.0072902666500213615,0.1246296356489599,-0.04769775163094129
2024-10-18,130499.0,131725.0,130121.0,130793.0,8683700.0,-0.002247826718555279,-0.0022503568733109975,0.11213631346754495,-0.04983836206896552
2024-10-21,130362.0,131124.0,130157.0,130499.0,7774900.0,-0.0010498164736894022,-0.0010503679169802341,0.11139350053500292,-0.050835857409133274
2024-10-22,129721.0,130346.0,129094.0,130346.0,5522000.0,-0.00491707706233413,-0.004929205660253705,0.10278509922703154,-0.05550297064305685
2024-10-23,129233.0,129949.0,128589.0,129949.0,7962200.0,-0.00376191981252072,-0.0037690136293605987,0.10256136613184416,-0.059056092730661695
2024-10-24,130067.0,130130.0,128798.0,129233.0,8310600.0,0.006453460029558933,0.006432725614386,0.09703066055632104,-0.052983748835041936
2024-10-25,129893.0,130529.0,129806.0,130067.0,8513300.0,-0.0013377720713171337,-0.0013386676872169329,0.09696513053911848,-0.05425064072693383
2024-10-28,131213.0,131421.0,129894.0,129894.0,7135300.0,0.010162210434742525,0.010110922348497786,0.10208077488743306,-0.0446397367194781
2024-10-29,130730.0,131765.0,130693.0,131214.0,7636400.0,-0.0036810377020569662,-0.0036878293934430274,0.10072446050284298,-0.048156453867660765
2024-10-30,130639.0,131027.0,130473.0,130730.0,7327100.0,-0.000696091180295233,-0.0006963335642482905,0.095794634014217,-0.04881902376514446
2024-10-31,129713.0,130798.0,129642.0,130639.0,9068100.0,-0.007088235519255304,-0.007113476406936603,0.08631738374650336,-0.055561218546132336
2024-11-01,128121.0,129902.0,128070.0,129718.0,9897900.0,-0.0122732494044544,-0.012349187709445274,0.09530015743579125,-0.06715255125815471
2024-11-04,130515.0,130609.0,128128.0,128130.0,9013500.0,0.018685461399770453,0.018513032792958968,0.11845331938852866,-0.04972186626281454
2024-11-05,130661.0,130769.0,129692.0,130515.0,8556100.0,0.0011186453664329132,0.0011180201489259976,0.1179456272378371,-0.04865884203168686
2024-11-06,130341.0,130670.0,128822.0,130613.0,10540900.0,-0.002449085802190387,-0.002452089718391597,0.11022210034296714,-0.05098875815470643
2024-11-07,129682.0,131319.0,129406.0,130341.0,10520800.0,-0.005055968574738556,-0.005068793229482798,0.11116630106012276,-0.05578692917054986
2024-11-08,127830.0,129647.0,126973.0,129647.0,13183200.0,-0.014281087583473462,-0.014384043707218757,0.12178350498717185,-0.06927131873252564
2024-11-11,127874.0,128095.0,127306.0,127829.0,8395300.0,0.00034420715012117853,0.00034414792443029566,0.11760982581891316,-0.06895095526561044
2024-11-12,127698.0,128210.0,127411.0,127873.0,9522100.0,-0.0013763548493047617,-0.001377302895638991,0.11747671130799237,-0.07023240913327121
2024-11-13,127734.0,128100.0,126869.0,127698.0,12692800.0,0.000281915143541811,0.0002818754129346631,0.11500320348679995,-0.0699702935694315
2024-11-14,127792.0,128423.0,127389.0,127734.0,13138300.0,0.0004540686113330139,0.0004539655533768568,0.11314481333615607,-0.0695479962721342
2024-11-18,127768.0,128277.0,127226.0,127791.0,10742000.0,-0.00018780518342309538,-0.00018782282102487892,0.11311820171175911,-0.06972273998136067
2024-11-19,128197.0,128579.0,127235.0,127768.0,9103600.0,0.003357648237430233,0.0033520239227176553,0.11419614036250508,-0.06659919617893756
2024-11-21,126922.0,128197.0,126594.0,128197.0,10271900.0,-0.009945630552977036,-0.009995418728117846,0.11795784150674642,-0.07588245573159366
2024-11-22,129126.0,129126.0,126944.0,126944.0,9186200.0,0.01736499582420703,0.01721594729489479,0.13405887854201629,-0.05983515843429636
2024-11-25,129036.0,129495.0,128932.0,129125.0,14411200.0,-0.0006969936341247873,-0.0006972366471133576,0.1318630208164003,-0.06049044734389562
2024-11-26,129922.0,130361.0,129042.0,129043.0,9745200.0,0.006866300877274467,0.006842835187160359,0.13426501775857042,-0.05403949207828518
2024-11-27,127669.0,130283.0,127669.0,129923.0,12318800.0,-0.01734117393513035,-0.017493293275629644,0.1422419536342782,-0.07044355778191985
2024-11-28,124610.0,127668.0,124390.0,127667.0,12833100.0,-0.02396039759064461,-0.02425211715314425,0.1637866573786292,-0.09271609972041006
2024-11-29,125668.0,126056.0,123946.0,124611.0,16398000.0,0.00849049032982907,0.008454648848413971,0.16820846001705186,-0.08501281453867661
2024-12-02,125236.0,125901.0,124734.0,125668.0,11517200.0,-0.003437629308972845,-0.0034435515327743906,0.1672128093469618,-0.08815820130475303
2024-12-03,126139.0,126417.0,125233.0,125235.0,9990000.0,0.007210386789741063,0.007184516234283463,0.16516363562195296,-0.08158346924510718
2024-12-04,126087.0,126720.0,125828.0,126139.0,9388600.0,-0.000412243635988907,-0.0004123286317567259,0.14868323306800257,-0.08196208061509785
2024-12-05,127858.0,127989.0,126087.0,126088.0,9530800.0,0.014045857225566394,0.013948128234742944,0.1585833034505469,-0.06906745107176142
2024-12-06,125946.0,127872.0,125833.0,127856.0,11223300.0,-0.014954089693253403,-0.01506702944776106,0.16616705054137584,-0.08298869990680335
2024-12-09,127210.0,127542.0,125946.0,125946.0,9367300.0,0.010036047194829534,0.009986020508195198,0.17066906569598103,-0.07378553122087605
2024-12-10,128228.0,128511.0,127213.0,127213.0,9141300.0,0.008002515525509013,0.007970665207083812,0.1657275870456858,-0.06637348555452004
2024-12-11,129593.0,130899.0,127362.0,128228.0,13170900.0,0.010645100913996952,0.01058884073857268,0.16982147674805986,-0.05643493709226468
2024-12-12,126042.0,129587.0,125829.0,129587.0,13453200.0,-0.027401171359564214,-0.027783585372177712,0.1976300418211634,-0.08228972506989748
2024-12-13,124612.0,126290.0,124578.0,126102.0,11762700.0,-0.01134542454102605,-0.011410274839385441,0.20122199763971652,-0.0927015377446412
2024-12-16,123560.0,124956.0,123495.0,124610.0,11071100.0,-0.008442204603087977,-0.008478041851832006,0.20271858295922915,-0.10036113699906804
2024-12-17,124698.0,125301.0,123560.0,123560.0,17561100.0,0.009210100356102258,0.00916794601461006,0.2063225221245759,-0.09207537278657968
2024-12-18,120772.0,124699.0,120457.0,124699.0,19742800.0,-0.03148406550225347,-0.03199034351075531,0.23243242400016323,-0.12066053122087605
2024-12-19,121188.0,121770.0,120768.0,120768.0,13682900.0,0.003444507004934927,0.003438588278184418,0.23194814671867411,-0.1176316402609506
2024-12-20,122102.0,122209.0,120700.0,121183.0,18128200.0,0.007542000858170805,0.007513702166467861,0.22351812456424736,-0.11097681733457596
2024-12-23,120767.0,122105.0,120617.0,122105.0,9953300.0,-0.010933481843049209,-0.010993691626247833,0.2252171716151025,-0.12069693616029822
2024-12-26,121078.0,121612.0,120428.0,120767.0,8338500.0,0.0025752068031830166,0.0025718966398290137,0.22316409110949043,-0.11843254892823858
2024-12-27,120269.0,121609.0,120252.0,121078.0,8937000.0,-0.006681643238243162,-0.006704065349936698,0.2174194821478241,-0.12432286812674744
2024-12-30,120283.0,121050.0,120158.0,120267.0,8895300.0,0.00011640572383564418,0.00011639894921510464,0.20250070161499237,-0.12422093429636533
2025-01-02,120125.0,120782.0,119120.0,120283.0,9373600.0,-0.0013135688335009776,-0.001314432321291081,0.1988974091526027,-0.12537133038210624
2025-01-03,118533.0,120356.0,118404.0,120125.0,9804400.0,-0.01325286160249739,-0.01334146447125227,0.20274739304392764,-0.1369626630941286
2025-01-06,120022.0,120322.0,118534.0,118534.0,9685600.0,0.012561902592526986,0.012483656492673228,0.20701895211836704,-0.12612127213420316
2025-01-07,121163.0,121713.0,120022.0,120022.0,11116400.0,0.009506590458415953,0.009461687187697528,0.211254108833088,-0.1178136649580615
2025-01-08,119625.0,121160.0,119351.0,121160.0,10230700.0,-0.012693644099271206,-0.012774896726456675,0.20573526899721417,-0.12901182432432431
2025-01-09,119781.0,120145.0,119502.0,119625.0,6611500.0,0.0013040752351096696,0.0013032256675200825,0.20150929183916869,-0.12787599021435228
2025-01-10,118856.0,120052.0,118732.0,119781.0,9255500.0,-0.007722426762174273,-0.00775239910558664,0.19670045330435051,-0.13461090400745573
2025-01-13,119007.0,119729.0,118743.0,118856.0,8161500.0,0.0012704449081242242,0.0012696385758534997,0.19296717869561428,-0.13351147483690587
2025-01-14,119299.0,119451.0,118223.0,119007.0,9349300.0,0.0024536371810062185,0.0024506319281611235,0.18702789504102652,-0.1313854263746505
2025-01-15,122650.0,122988.0,119303.0,119309.0,11928800.0,0.02808908708371405,0.027701823865432074,0.19740435706735887,-0.10698683597390495
2025-01-16,121234.0,122660.0,120796.0,122649.0,11312100.0,-0.011545046881369703,-0.011612208357115844,0.19754191268314308,-0.11729671481826655
2025-01-17,122350.0,122674.0,121074.0,121258.0,10242300.0,0.009205338436412136,0.009163227541298164,0.1990471579068387,-0.10917113233923578
2025-01-20,122543.0,123098.0,121511.0,122349.0,4185300.0,0.0015774417654270678,0.0015761989110140494,0.19596077695996153,-0.1077659016775396
2025-01-21,123338.0,123462.0,122290.0,122850.0,7819600.0,0.0064875186669168805,0.006466565292470603,0.1590294895649544,-0.10197751630941286
2025-01-22,122972.0,123865.0,122926.0,123345.0,9975100.0,-0.0029674552854757064,-0.0029718669106065325,0.15938066884243945,-0.1046423578751165
2025-01-23,122483.0,123958.0,122159.0,122965.0,9491400.0,-0.00397651497901963,-0.003984442337193341,0.15811124390260992,-0.10820276095060578
2025-01-24,122447.0,122908.0,122196.0,122483.0,7777800.0,-0.00029391833968794856,-0.00029396154214868876,0.1525685944429897,-0.10846487651444547
2025-01-27,124862.0,124862.0,122207.0,122443.0,11021500.0,0.019722818852238033,0.01953084414318824,0.16657507363200535,-0.09088129077353216
2025-01-28,124056.0,124881.0,123973.0,124861.0,8313500.0,-0.006455126459611438,-0.006476050883557276,0.1664273258220991,-0.0967497670083877
2025-01-29,123432.0,124767.0,123278.0,124056.0,7348500.0,-0.005029986457728786,-0.00504267942112313,0.168016733173003,-0.10129310344827586
2025-01-30,126913.0,127169.0,123432.0,123433.0,11688100.0,0.028201762913993234,0.027811415201105315,0.19210554014763592,-0.07594798462255359
2025-01-31,126135.0,127532.0,126057.0,126914.0,10242600.0,-0.0061301836691276534,-0.006149050388858984,0.18570562952048686,-0.08161259319664492
2025-02-03,125970.0,126473.0,125566.0,126135.0,9548900.0,-0.0013081222499702339,-0.0013089785887593485,0.18290253798759296,-0.0828139561975769
2025-02-04,125147.0,125964.0,124694.0,125964.0,9784500.0,-0.006533301579741191,-0.0065547370082615726,0.18355705239193612,-0.08880620922646784
2025-02-05,125534.0,125846.0,124637.0,125146.0,9957400.0,0.0030923633806643203,0.0030875918593463916,0.17552093697182272,-0.08598846691519105
2025-02-06,126225.0,126399.0,125249.0,125531.0,10028600.0,0.005504484840760382,0.005489390529683085,0.17579937195060505,-0.08095730428704567
2025-02-07,124619.0,126524.0,124320.0,126219.0,10952400.0,-0.01272331154684092,-0.012804946055257282,0.18060245511156495,-0.09265057082945014
2025-02-10,125572.0,126386.0,124619.0,124619.0,8908600.0,0.007647308997825286,0.007618216555498503,0.18149438423203942,-0.08571178937558248
2025-02-11,126522.0,126886.0,125570.0,125571.0,11242800.0,0.007565380817379674,0.00753690684471233,0.18230352521413273,-0.07879485088536813
2025-02-12,124380.0,126513.0,124116.0,126513.0,14625100.0,-0.016929862000284568,-0.0170748104141898,0.17054275235461583,-0.09439072693383038
2025-02-13,124850.0,124853.0,123778.0,124372.0,9048100.0,0.003778742563113058,0.0037716210500390217,0.16444548755659724,-0.09096866262814539
2025-02-14,128219.0,128482.0,124849.0,124849.0,12560100.0,0.026984381257509016,0.026626722707610986,0.18560451284734486,-0.06643901444547996
2025-02-17,128869.0,129534.0,128229.0,128229.0,7032800.0,0.005069451485349319,0.00505664507890399,0.18582491650578636,-0.06170637232059646
2025-02-18,128532.0,129294.0,128012.0,128553.0,10994100.0,-0.0026150587030240313,-0.0026184839418042795,0.18606180488590612,-0.06416006523765144
2025-02-19,127309.0,128528.0,127028.0,128528.0,9295100.0,-0.00951514019854982,-0.009560698370298793,0.18985753402600522,-0.07306471342031687
2025-02-20,127601.0,127871.0,127063.0,127309.0,10640300.0,0.002293632029157333,0.0022910056703818312,0.18865399914083325,-0.0709386649580615
2025-02-21,127128.0,127654.0,126483.0,127601.0,11093300.0,-0.0037068675010384355,-0.0037137549602408626,0.18960492905163223,-0.07438257222739982
2025-02-24,125401.0,127275.0,125162.0,127129.0,10148900.0,-0.013584733496947998,-0.013677850261652285,0.18518404647213377,-0.08695683830382106
2025-02-25,125980.0,126718.0,125382.0,125401.0,11078000.0,0.004617188060701327,0.004606561545100005,0.18404772842976808,-0.08274114631873253
2025-02-26,124769.0,126563.0,124732.0,125980.0,11361800.0,-0.009612636926496276,-0.00965913655010595,0.1866918304056115,-0.09155842264678471
2025-02-27,124799.0,125497.0,124352.0,124768.0,12554000.0,0.00024044434114234292,0.00024041543903455525,0.15647923167360345,-0.09133999301025163
2025-02-28,122799.0,124916.0,122659.0,124798.0,24873800.0,-0.01602576943725509,-0.016155570725302146,0.16479272510615656,-0.10590196877912395
2025-03-05,123047.0,123364.0,122747.0,122799.0,9604100.0,0.0020195604198731676,0.002017523849252383,0.16522355620887424,-0.10409628378378379
2025-03-06,123358.0,124112.0,122681.0,123048.0,10060600.0,0.0025274894958837724,0.0025243007661649598,0.16444310636217932,-0.10183189655172414
2025-03-07,125035.0,125822.0,122530.0,123357.0,9975600.0,0.013594578381620925,0.01350300113679017,0.17164014867165397,-0.0896216798695247
2025-03-10,124519.0,125031.0,123471.0,125031.0,9370800.0,-0.004126844483544612,-0.004135383406876392,0.17080754766797968,-0.09337866961789376
2025-03-11,123507.0,124625.0,122636.0,124519.0,8810400.0,-0.008127273749387598,-0.008160480079024965,0.16719228746794812,-0.10074702935694314
2025-03-12,123864.0,124048.0,122969.0,123507.0,8254800.0,0.002890524423716956,0.0028863548908202754,0.16499363263495606,-0.09814771668219945
2025-03-13,125637.0,125774.0,123590.0,123863.0,11259000.0,0.014314086417360983,0.01421260712489139,0.17099802251866456,-0.08523852516309413
2025-03-14,128957.0,129194.0,125647.0,125647.0,14572600.0,0.026425336485271123,0.026082218821007423,0.18320150031479435,-0.06106564538676608
2025-03-17,130834.0,131313.0,128957.0,128959.0,11063200.0,0.014555239343347015,0.014450328622338027,0.18856344743700423,-0.0473992311276794
2025-03-18,131475.0,131834.0,130722.0,130832.0,10992400.0,0.004899338092544836,0.004887375392635493,0.16584962097080855,-0.042732117893755826
2025-03-19,132508.0,132984.0,131451.0,131476.0,12204900.0,0.007857007035558139,0.007826301486720281,0.16697945419661778,-0.035210857409133274
2025-03-20,131955.0,132713.0,131813.0,132505.0,14187500.0,-0.004173332930841878,-0.004182065589380538,0.16756877777391863,-0.03923724370922647
2025-03-21,132345.0,132588.0,131776.0,132005.0,14192000.0,0.0029555530294418375,0.0029511939694301667,0.16261147219548738,-0.03639765843429636
2025-03-24,131321.0,132424.0,130992.0,132344.0,8301200.0,-0.0077373531300767295,-0.0077674417514866844,0.16620331586433218,-0.043853390027958995
2025-03-25,132068.0,133471.0,131325.0,131327.0,9237600.0,0.005688351444171236,0.0056722338658424755,0.16568401384839504,-0.03841449207828518
2025-03-26,132520.0,132984.0,132068.0,132069.0,9404600.0,0.003422479328830663,0.0034166359751616956,0.15513404277468104,-0.03512348555452004
2025-03-27,133149.0,133904.0,132479.0,132522.0,10016200.0,0.004746453365529701,0.0047352244733442385,0.15515501648935412,-0.03054374417520969
2025-03-28,131902.0,133143.0,131315.0,133143.0,8905500.0,-0.00936544773148873,-0.00940957929445312,0.1548922303430294,-0.039623136067101584
2025-03-31,130260.0,131901.0,130115.0,131900.0,9994900.0,-0.012448636108626121,-0.012526769492330753,0.1640286752461258,-0.05157851817334576
2025-04-01,131147.0,131982.0,130081.0,130267.0,8966100.0,0.006809458007062785,0.006786378361898407,0.149673975999904,-0.04512028191985089
2025-04-02,131190.0,131424.0,130393.0,131151.0,8819500.0,0.00032787635248987534,0.0003278226127849457,0.14998413334979646,-0.04480719944082013
2025-04-03,131141.0,132552.0,130182.0,131185.0,12327500.0,-0.0003735040780546983,-0.000373573848076326,0.15051013394113025,-0.0451639678471575
2025-04-04,127256.0,131139.0,126466.0,131139.0,13176400.0,-0.029624602527051014,-0.030072274648803184,0.18575856497055276,-0.07345060577819199
2025-04-07,125588.0,128411.0,123876.0,127229.0,14045900.0,-0.01310743697743133,-0.013194097527605355,0.19169104766717862,-0.0855952935694315
2025-04-08,123932.0,127652.0,123454.0,125588.0,12814700.0,-0.0131859731821512,-0.013273679979389812,0.19554972934657755,-0.09765260950605778
2025-04-09,127796.0,128649.0,122887.0,123928.0,16919800.0,0.031178388148339398,0.030702214460010903,0.22358793494553802,-0.06951887232059646
2025-04-10,126355.0,127797.0,124895.0,127796.0,11456300.0,-0.011275783279601881,-0.01133983688209734,0.22280953432892034,-0.08001077586206896
2025-04-11,127682.0,128386.0,126078.0,126355.0,10084200.0,0.010502156622215209,0.01044739207224015,0.2050002665743897,-0.07034890493942218
2025-04-14,129454.0,129955.0,127683.0,127683.0,10608700.0,0.013878228724487407,0.01378280794230977,0.20436745504219345,-0.05744699440820131
2025-04-15,129245.0,129927.0,128951.0,129452.0,8837800.0,-0.0016144730946899832,-0.0016157777607980288,0.20338232067291845,-0.058968720876048465
2025-04-16,128317.0,129605.0,128149.0,129245.0,11540200.0,-0.007180161708383315,-0.007206063128188696,0.20186574943267502,-0.06572547763280522
2025-04-17,129650.0,130091.0,127973.0,128316.0,9983400.0,0.01038833513875792,0.010334747192132409,0.20594529237189138,-0.05601992078285182
2025-04-22,130464.0,130877.0,128726.0,129650.0,8605300.0,0.00627844195912064,0.006258814652169437,0.20709310821002483,-0.05009319664492078
2025-04-23,132216.0,133318.0,130468.0,130468.0,11342700.0,0.013428991905813037,0.013339622201682142,0.21107525397503665,-0.03733690587138863
2025-04-24,134580.0,134938.0,132223.0,132245.0,14113400.0,0.01787983300054452,0.01772186892164681,0.21928675828710056,-0.020124650512581548
2025-04-25,134739.0,134992.0,134186.0,134579.0,13051800.0,0.001181453410610711,0.0011807560437469182,0.2190956583715456,-0.018966973438956196
2025-04-28,135016.0,135709.0,134711.0,134741.0,11449700.0,0.0020558264496544076,0.002053716130264175,0.2186681235693872,-0.01695013979496738
2025-04-29,135093.0,136150.0,134899.0,135017.0,12761100.0,0.0005703027789298876,0.000570140218103051,0.2153958726355626,-0.016389503727865795
2025-04-30,135067.0,135171.0,133955.0,135094.0,15452400.0,-0.00019246000903083704,-0.0001924785318350126,0.20933866574209894,-0.016578809412861138
2025-05-02,135134.0,135275.0,134355.0,135067.0,12739100.0,0.0004960501084647628,0.0004959271162815518,0.20854545414752454,-0.016090983224603915
2025-05-05,133491.0,135198.0,133390.0,135131.0,10796300.0,-0.012158302129737897,-0.012232818899308136,0.21417001251489803,-0.028053646318732525
2025-05-06,133516.0,134135.0,133260.0,133499.0,11139700.0,0.0001872785431227264,0.00018726100868555107,0.21413609288729715,-0.02787162162162162
2025-05-07,133398.0,134110.0,132872.0,133517.0,9938200.0,-0.0008837892087839583,-0.0008841799807237204,0.18058352832268376,-0.02873077819198509
2025-05-08,136232.0,137635.0,133458.0,133458.0,17202900.0,0.02124469632228365,0.021022173858916963,0.18233869539861977,-0.00809645852749301
2025-05-09,136512.0,137286.0,136105.0,136232.0,13881800.0,0.0020553173997299723,0.0020532081245819575,0.1707539895420977,-0.0060577819198508855
2025-05-12,136563.0,137519.0,136356.0,136516.0,10915800.0,0.0003735935302391358,0.00037352376155242996,0.1411933409879325,-0.005686451537744641
2025-05-13,138963.0,139419.0,136550.0,136565.0,13071200.0,0.017574306364095627,0.017421664035833125,0.13847718535179565,0.0
2025-05-14,138423.0,139362.0,138228.0,138965.0,11155300.0,-0.0038859264696358142,-0.003893496298796144,0.14000730811782172,-0.0038859264696358025
2025-05-15,139334.0,139408.0,138321.0,138425.0,11500800.0,0.006581276232995981,0.006559714186720443,0.13561862414741443,0.0
2025-05-16,139187.0,139335.0,137713.0,139335.0,12106000.0,-0.0010550188755077405,-0.0010555757996663702,0.135342927656344,-0.0010550188755077726
2025-05-19,139636.0,140203.0,138587.0,139186.0,9590600.0,0.003225875979796955,0.0032206840046605616,0.12911083790154082,0.0
2025-05-20,140110.0,140244.0,138966.0,139636.0,9650800.0,0.003394540089948217,0.003388791643950728,0.1270909600216327,0.0
2025-05-21,137881.0,140109.0,137538.0,140109.0,10150400.0,-0.0159089286988795,-0.016036834077283194,0.14494248257599654,-0.015908928698879454
2025-05-22,137273.0,138837.0,137088.0,137881.0,13223200.0,-0.0044095995822485134,-0.004419350542264226,0.14142305978903513,-0.020248376275783315
2025-05-23,137824.0,137824.0,134997.0,137273.0,10682600.0,0.0040138993101337395,0.004005865108107232,0.1288638392342359,-0.01631575190921419
2025-05-26,138136.0,138800.0,137795.0,137824.0,5553800.0,0.002263756675179973,0.0022611982384291027,0.12891976583028988,-0.014088930126329313
2025-05-27,139541.0,140382.0,138136.0,138136.0,11187800.0,0.010171135692361055,0.01011975777918124,0.13271442673377462,-0.004061094854043251
2025-05-28,138888.0,139547.0,138580.0,139541.0,9735000.0,-0.004679628209630193,-0.004690611949663191,0.13458187180587936,-0.008721718649632431
2025-05-29,138534.0,139108.0,137993.0,138869.0,8826400.0,-0.002548816312424429,-0.002552070074725886,0.13520792549198726,-0.011248304903290271
2025-05-30,137027.0,138637.0,136726.0,138546.0,15141600.0,-0.010878195966333215,-0.010937796162595348,0.141994073608776,-0.02200413960459639
2025-06-02,136787.0,138471.0,136483.0,137026.0,9100100.0,-0.0017514796354003437,-0.0017530152692064717,0.13398567775713757,-0.023717079437584755
2025-06-03,137546.0,137672.0,136175.0,136787.0,9696700.0,0.005548772909706345,0.005533435180198869,0.13478092228478875,-0.018299907215759047
2025-06-04,137002.0,138797.0,136695.0,137547.0,10199100.0,-0.003955040495543294,-0.003962882351605313,0.1359373360701686,-0.022182570837199343
2025-06-05,136236.0,137451.0,136031.0,137003.0,9484500.0,-0.005591159253149569,-0.005606848291316322,0.11621438888031424,-0.02764970380415388
2025-06-06,136102.0,136890.0,135601.0,136236.0,9119300.0,-0.0009835873043835264,-0.0009840713437989103,0.11600308516669451,-0.028606095210905718
2025-06-09,135699.0,136106.0,134119.0,136102.0,7763800.0,-0.0029610145332177318,-0.0029654070096847124,0.11640783061081729,-0.03148240668046535
2025-06-10,136436.0,137369.0,135716.0,135716.0,8186500.0,0.005431138033441751,0.005416442587922202,0.09857839280547216,-0.02622225394333024
2025-06-11,137128.0,137531.0,135628.0,136443.0,8767100.0,0.005071975138526419,0.005059155999920468,0.10010430397719676,-0.02128327742488045
2025-06-12,137800.0,137931.0,136175.0,137127.0,7124600.0,0.004900530890846522,0.0048885623748023185,0.09871391935321708,-0.016487045892513024
2025-06-13,137213.0,137800.0,136586.0,137800.0,8628300.0,-0.0042597968069666425,-0.00426889558988934,0.09958579965097514,-0.020676611234030404
2025-06-16,139256.0,139988.0,137212.0,137212.0,7620500.0,0.01488925976401645,0.01477950286073916,0.11316914425642859,-0.0060952109057169366
2025-06-17,138840.0,139497.0,138293.0,139256.0,8377000.0,-0.0029873039581777006,-0.002991774856822558,0.11279892524969391,-0.009064306616230105
2025-06-18,138717.0,139161.0,138443.0,138844.0,8323400.0,-0.0008859118409679789,-0.0008863044927833528,0.09671477935576002,-0.009942188280636644
2025-06-20,137116.0,138719.0,136815.0,138715.0,11289300.0,-0.01154148374027697,-0.01160860360541788,0.10442898559987235,-0.02136892441652987
2025-06-23,136551.0,137130.0,135835.0,137116.0,7727800.0,-0.004120598617229243,-0.004129111677696224,0.10422320894504351,-0.02540147027335665
2025-06-24,137165.0,138156.0,136254.0,136552.0,8083700.0,0.004496488491479322,0.004486409489219979,0.10528876667651783,-0.02101919920062808
2025-06-25,135767.0,137163.0,135565.0,137163.0,7705700.0,-0.010192104399810442,-0.01024439953093223,0.10321749544334134,-0.03099707372778531
2025-06-26,137114.0,137353.0,135756.0,135767.0,8023300.0,0.009921409473583331,0.009872515423233304,0.10974378693748053,-0.021383198915138107
2025-06-27,136866.0,137209.0,136469.0,137113.0,6244500.0,-0.0018087139168866395,-0.0018103516149526658,0.10960412759035232,-0.023153236742559417
2025-06-30,138855.0,139103.0,136430.0,136865.0,7680300.0,0.014532462408487046,0.014427878203027652,0.11475222507791387,-0.008957247876668331
2025-07-01,139549.0,139695.0,138855.0,138855.0,6345700.0,0.004998019516762042,0.00498557087900986,0.11536215926744987,-0.004003996859610306
2025-07-02,139051.0,140049.0,138384.0,139586.0,8811900.0,-0.003568638972690552,-0.00357502175450304,0.11514478991125493,-0.007558347013061166
2025-07-03,140928.0,141304.0,139051.0,139051.0,6082200.0,0.013498644382277103,0.013408349348369071,0.12240789349932966,0.0
2025-07-04,141478.0,141537.0,140597.0,140928.0,2114300.0,0.0039027020890098907,0.0038951063035233754,0.1197999387418606,0.0
2025-07-07,139490.0,141342.0,139295.0,141265.0,6117300.0,-0.014051654674224978,-0.014151313859539723,0.13243731080168145,-0.014051654674224968
2025-07-08,139303.0,139591.0,138770.0,139491.0,6750100.0,-0.001340597892321993,-0.0013414972975935146,0.13187938022232215,-0.015373414947907095
2025-07-09,137481.0,139331.0,137299.0,139303.0,7584500.0,-0.013079402453644251,-0.01316569106609318,0.14042460040851545,-0.028251742320360762
2025-07-10,136743.0,137472.0,136015.0,137472.0,9566200.0,-0.00536801448927493,-0.005382474048349521,0.14070255908376572,-0.03346810104751269
2025-07-11,136187.0,136742.0,135528.0,136742.0,7401900.0,-0.004066021661072283,-0.0040743104029118925,0.14004898814493832,-0.037398040684770775
2025-07-14,135299.0,136187.0,134840.0,136187.0,7325600.0,-0.006520446151247916,-0.006541797122767666,0.14106982565499973,-0.043674634925571464
2025-07-15,135250.0,136022.0,134380.0,135298.0,6904200.0,-0.00036216084376083924,-0.0003622264398372477,0.12872903097691804,-0.04402097852669673
2025-07-16,135511.0,135641.0,134265.0,135250.0,7833200.0,0.0019297597042513548,0.0019279001099889968,0.12913618537694108,-0.042176168732947876
2025-07-17,135565.0,135793.0,135016.0,135515.0,6800000.0,0.00039849163536542775,0.00039841225866030157,0.12925981587658267,-0.041794483948034325
2025-07-18,133382.0,135563.0,133296.0,135563.0,10071800.0,-0.016102976431969895,-0.01623403825166329,0.1351332408225507,-0.05722444479000269
2025-07-21,134167.0,134865.0,133367.0,133382.0,6726700.0,0.005885351846576015,0.005868100815894877,0.1370816889812128,-0.05167587893524082
2025-07-22,134036.0,135300.0,133986.0,134180.0,7052100.0,-0.0009763950897015983,-0.000976872073895821,0.13560851727166376,-0.05260181795049407
2025-07-23,135368.0,135782.0,133676.0,134036.0,6527600.0,0.009937628696768064,0.009888575180749624,0.13653588711048595,-0.04318692658929303
2025-07-24,133808.0,135363.0,133648.0,135357.0,5976800.0,-0.011524141599196236,-0.011591059127155513,0.13690136060394031,-0.05421337593124019
2025-07-25,133524.0,134204.0,133285.0,133820.0,5560900.0,-0.0021224440990075255,-0.0021246996756061906,0.13692387456762733,-0.056220755170415186
2025-07-28,132129.0,133902.0,131550.0,133538.0,6625600.0,-0.010447559989215427,-0.010502518870021092,0.12736018945122393,-0.0660809454473487
2025-07-29,132726.0,133346.0,132130.0,132130.0,6324800.0,0.0045183116499785125,0.004508134723397957,0.126999640621731,-0.061861208103026616
2025-07-30,133990.0,134368.0,131883.0,132702.0,8655300.0,0.009523378991305398,0.009478317483576104,0.13381261911565037,-0.05292695684134636
2025-07-31,133071.0,133987.0,132096.0,133987.0,9196800.0,-0.00685872080005967,-0.006882349931289211,0.1219784567020461,-0.05942266642163446
2025-08-01,132437.0,133237.0,132140.0,132920.0,8497100.0,-0.004764373905659425,-0.004775759713574871,0.1194589171405032,-0.0639039285259899
2025-08-04,132971.0,133929.0,132440.0,132440.0,6136600.0,0.00403210583145186,0.004023998678027445,0.1148997744033468,-0.060129490097400304
2025-08-05,133151.0,134233.0,132682.0,132971.0,6606300.0,0.001353678621654364,0.0013527632247580187,0.11562256842376897,-0.05885720748102179
2025-08-06,134538.0,135241.0,133169.0,133169.0,8681700.0,0.010416744898648966,0.010362864461010604,0.11634566488170846,-0.04905356309814954
2025-08-07,136528.0,137007.0,134534.0,134538.0,9501000.0,0.01479136006184123,0.014683034774780354,0.12775120763661982,-0.03498777195040925
2025-08-08,135913.0,136761.0,135659.0,136526.0,9890600.0,-0.0045045704910348094,-0.004514746639640715,0.12794333450827827,-0.03933473755636919
2025-08-11,135623.0,136307.0,135496.0,135913.0,6947300.0,-0.0021337178930639356,-0.002135997512374444,0.12594168286503646,-0.04138452621609014
2025-08-12,137914.0,138414.0,135629.0,135629.0,8342100.0,0.01689241500335492,0.016751324846586885,0.13904240153142539,-0.02519119580429466
2025-08-13,136687.0,137913.0,136535.0,137911.0,9398500.0,-0.008896848760821974,-0.008936662037471154,0.14333712709170124,-0.03386392230594156
2025-08-14,136356.0,137437.0,135588.0,136681.0,9667800.0,-0.0024215909340317143,-0.0024245277274571593,0.14369571838724274,-0.0362035086727265
2025-08-15,136341.0,136431.0,135583.0,136354.0,9291000.0,-0.00011000616034495536,-0.00011001221146639011,0.12983206514044907,-0.036309532224091376
2025-08-18,137322.0,137902.0,136341.0,136341.0,8089900.0,0.007195194402270788,0.007169432491851044,0.1305465268549393,-0.029375591964828453
2025-08-19,134432.0,137321.0,133997.0,137321.0,8684100.0,-0.02104542607885118,-0.021270038017285425,0.1529139710657684,-0.04980279619446133
2025-08-20,134667.0,134964.0,134122.0,134431.0,6845000.0,0.0017480956915019163,0.0017465695505300477,0.1487081489346844,-0.048141760556411596
2025-08-21,134511.0,134837.0,133874.0,134664.0,6516300.0,-0.0011584129742253646,-0.001159084453151482,0.14265223106782643,-0.04924440549060631
2025-08-22,137968.0,138072.0,134512.0,134512.0,9315600.0,0.025700500330827936,0.025375794125618325,0.1677429097849407,-0.024809511019381104
2025-08-25,138025.0,138890.0,137971.0,137971.0,5991700.0,0.00041313927867325795,0.00041305396013961606,0.16162909930913708,-0.024406621524194573
2025-08-26,137771.0,138037.0,137059.0,138026.0,8453400.0,-0.0018402463321861573,-0.001841941665674481,0.16198874469017566,-0.026201953660639817
2025-08-27,139206.0,139281.0,137456.0,137773.0,6609100.0,0.01041583497252696,0.010361963915234503,0.16256887797654382,-0.016059033913399964
2025-08-28,141049.0,142138.0,139206.0,139206.0,9294800.0,0.013239371866155203,0.01315249731869613,0.16374917475585513,-0.0030322735690354683
2025-08-29,141422.0,142379.0,141000.0,141049.0,9333200.0,0.002644471070337273,0.002640980608978226,0.16122830121758802,-0.00039582125842887235
2025-09-01,141125.0,141950.0,140878.0,141423.0,3388000.0,-0.0021000975802916155,-0.002102305877516451,0.16231725950378736,-0.0024950875754534275
2025-09-02,140335.0,141279.0,139625.0,141279.0,8785200.0,-0.005597874224977817,-0.005613601041518637,0.16510084264205901,-0.00807899461400359
2025-09-03,139864.0,140496.0,139582.0,140332.0,7579800.0,-0.0033562546763102885,-0.0033618995329596697,0.16375444962607383,-0.011408134126860713
2025-09-04,140993.0,141482.0,139832.0,139832.0,8032400.0,0.00807212720928896,0.008039721860376353,0.1585124673302678,-0.0034280948274643406
2025-09-05,142640.0,143409.0,141004.0,141004.0,8379400.0,0.011681430993027986,0.01161372979916074,0.1605736094383786,0.0
2025-09-08,141792.0,143089.0,141329.0,142640.0,7440900.0,-0.005945036455412223,-0.005962778537805977,0.16257435497131328,-0.005945036455412227
2025-09-09,141618.0,142286.0,141606.0,141794.0,7481900.0,-0.0012271496276236027,-0.0012279031922820362,0.15354167622257603,-0.007164890633763321
2025-09-10,142349.0,143182.0,141612.0,141612.0,7138700.0,0.005161773220918153,0.005148496936042695,0.1491331220927024,-0.0020401009534492427
2025-09-11,143151.0,144013.0,142349.0,142349.0,7570400.0,0.00563404028128045,0.005618228438241787,0.14867920961010714,0.0
2025-09-12,142272.0,143202.0,142241.0,143151.0,6388600.0,-0.0061403692604312665,-0.006159298857350221,0.1515731568062454,-0.0061403692604312925
2025-09-15,143547.0,144194.0,142292.0,142292.0,6614000.0,0.008961707152496556,0.008921789365373559,0.1524710035313356,0.0
2025-09-16,144062.0,144584.0,143547.0,143547.0,8478200.0,0.0035876751168606447,0.00358125476200452,0.12468453059870933,0.0
2025-09-17,145594.0,146331.0,143910.0,144059.0,9604400.0,0.010634310227541022,0.010578163653161774,0.126995129301747,0.0
2025-09-18,145500.0,145726.0,144993.0,145594.0,8372000.0,-0.000645631001277569,-0.0006458395107240797,0.12673670972810167,-0.0006456310012775252
2025-09-19,145865.0,146399.0,145496.0,145500.0,10279800.0,0.0025085910652919985,0.0025054498030570595,0.09818402750842779,0.0
2025-09-22,145109.0,145864.0,144117.0,145864.0,9428100.0,-0.005182874575806351,-0.005196352259171378,0.10192745747543434,-0.005182874575806396
2025-09-23,146425.0,147179.0,145107.0,145112.0,8143800.0,0.00906904464919478,0.009028167820413073,0.10307916804930801,0.0
2025-09-24,146492.0,146585.0,146067.0,146426.0,7292900.0,0.0004575721359056928,0.00045746748169926297,0.09969577367251858,0.0
2025-09-25,145306.0,146519.0,145187.0,146492.0,8293800.0,-0.008096005242607118,-0.008128955859134753,0.09829005435581109,-0.008096005242607104
2025-09-26,145447.0,146235.0,145146.0,145326.0,6338200.0,0.0009703659862634328,0.0009698954855371186,0.09820873234416987,-0.00713349534445567
2025-09-29,146337.0,147558.0,145447.0,145447.0,7074100.0,0.006119067426622715,0.006100421956802035,0.09864072455432829,-0.0010580782568331377
2025-09-30,146237.0,147578.0,145774.0,146337.0,9477300.0,-0.0006833541756356976,-0.000683587768524223,0.09521019508742311,-0.0017407093902738716
2025-10-01,145517.0,146879.0,145193.0,146237.0,8340700.0,-0.004923514568816345,-0.004935674997790354,0.09655322723222602,-0.006655653551047156
2025-10-02,143950.0,145621.0,143635.0,145517.0,7245600.0,-0.010768501274765141,-0.010826901216250307,0.10380457051553749,-0.017352483412063458
2025-10-03,144201.0,144518.0,143676.0,143950.0,6177600.0,0.0017436609934005087,0.0017421425813781979,0.09609294504111107,-0.015639079267127216
2025-10-06,143608.0,144532.0,143376.0,144202.0,5981500.0,-0.0041123154485752655,-0.004120794270794061,0.09465023192356335,-0.01968708188843077
2025-10-07,141356.0,143606.0,141035.0,143606.0,9272700.0,-0.015681577627987275,-0.01580583430550405,0.11116320161868598,-0.0350599350135161
2025-10-08,142145.0,142385.0,141356.0,141356.0,7525200.0,0.005581651999207571,0.005566132303266502,0.11143391554552233,-0.029673975370668706
2025-10-09,141708.0,143212.0,141603.0,142148.0,6821400.0,-0.00307432551268072,-0.003079060959386678,0.10980851210531471,-0.032657073423804715
2025-10-10,140680.0,142274.0,140231.0,141725.0,8280800.0,-0.007254354023767173,-0.007280794801363148,0.11064321447183098,-0.03967452147557546
2025-10-13,141783.0,142303.0,140682.0,140682.0,5531200.0,0.007840489053170252,0.007809912140183602,0.10944297117289767,-0.03214510007372416
2025-10-14,141683.0,142589.0,141334.0,141788.0,7122300.0,-0.000705303174569627,-0.0007055520178671808,0.10831330775164034,-0.032827731207164895
2025-10-15,142604.0,142905.0,141154.0,141683.0,10321000.0,0.006500427009591858,0.006479390349573284,0.10345440921907915,-0.026540698468175736
2025-10-16,142200.0,143191.0,141446.0,142604.0,7391900.0,-0.002833020111637774,-0.0028370407085309395,0.10363660462891218,-0.0292985282472763
2025-10-17,143399.0,143425.0,141248.0,142200.0,8875100.0,0.008431786216596349,0.008396437271367168,0.10839086469504536,-0.0211137809573219
2025-10-20,144509.0,145216.0,143396.0,143399.0,6793400.0,0.007740639753415213,0.007710834709451911,0.11117753303833293,-0.013536575376129754
2025-10-21,144085.0,144795.0,143829.0,144509.0,6193200.0,-0.0029340733103128125,-0.0029383861415826188,0.10598671469462626,-0.016430931381918465
2025-10-22,144873.0,145048.0,144039.0,144094.0,7025000.0,0.005468993996599281,0.005454093351934819,0.10823656815938057,-0.011051798050405483
2025-10-23,145721.0,146358.0,144881.0,144881.0,6599600.0,0.005853402635411786,0.005836338032486013,0.10661621390146789,-0.005263086038828059
2025-10-24,146172.0,147240.0,145721.0,145721.0,6491300.0,0.0030949554285244485,0.003090175913024558,0.10709897917145515,-0.0021844196270103485
2025-10-27,146969.0,147977.0,146174.0,146174.0,6445200.0,0.0054524806392468594,0.005437669679940583,0.10664355939535726,0.0
2025-10-28,147429.0,147811.0,146575.0,146970.0,7108000.0,0.0031299117500969142,0.003125023772950811,0.1070737476613465,0.0
2025-10-29,148633.0,149067.0,147430.0,147430.0,7999500.0,0.008166642926425549,0.008133476348788913,0.10846705293060822,0.0
2025-10-30,148780.0,149234.0,147547.0,148632.0,7300600.0,0.0009890132070267121,0.0009885244556926795,0.09898851449287334,0.0
2025-10-31,149540.0,149636.0,148774.0,148774.0,8911000.0,0.0051082134695523695,0.005095210808574183,0.09974252988146896,0.0
2025-11-03,150454.0,150761.0,149551.0,149551.0,7667600.0,0.00611207703624439,0.006093474056807952,0.09825530987606618,0.0
2025-11-04,150704.0,150888.0,149979.0,150454.0,7541200.0,0.001661637444002828,0.0016602584518837942,0.07138682313754195,0.0
2025-11-05,153294.0,153583.0,150296.0,150709.0,9803000.0,0.017186007007113258,0.01703999808811015,0.08645500782444139,0.0
2025-11-06,153339.0,154352.0,153235.0,153297.0,9387600.0,0.00029355356374027863,0.0002935104853232287,0.08369326043109973,0.0
2025-11-07,154064.0,154066.0,152368.0,153339.0,9474100.0,0.004728086135947107,0.004716943844033391,0.07242845664652194,0.0
2025-11-10,155257.0,155601.0,154058.0,154061.0,7751600.0,0.007743535154221659,0.007713707866028872,0.07237170412433681,0.0
2025-11-11,157749.0,158467.0,155252.0,155257.0,12876000.0,0.016050806082817504,0.015923353893057563,0.08005211431533332,0.0
2025-11-12,157633.0,158134.0,156560.0,157749.0,11226600.0,-0.0007353453904620499,-0.0007356158894986292,0.08277711907352936,-0.0007353453904620632
2025-11-13,157162.0,158319.0,156509.0,157633.0,10560800.0,-0.002987953030139656,-0.0029924258737813302,0.08297408721736252,-0.003721101243114061
2025-11-14,157739.0,158366.0,156656.0,157162.0,7977300.0,0.0036713709420852503,0.0036646479099267464,0.08210218009293002,-6.339184400535027e-05
2025-11-17,156993.0,157901.0,156568.0,157742.0,8419200.0,-0.004729331363835243,-0.004740550036599148,0.08787169431580928,-0.00479242340680448
2025-11-18,156522.0,157040.0,155834.0,156990.0,8723000.0,-0.0030001337639258274,-0.003004643186732825,0.08794279875845194,-0.0077781792594564785
2025-11-19,155381.0,156522.0,155212.0,156522.0,8815200.0,-0.007289710072705402,-0.007316409844036836,0.09666201823976929,-0.015011188660466945
2025-11-21,154770.0,155387.0,153571.0,155381.0,7848000.0,-0.003932269711225955,-0.003940021411624358,0.09971072194017806,-0.018884430329193846
2025-11-24,155278.0,155832.0,154529.0,154769.0,9277600.0,0.003282289849454001,0.0032769148943550433,0.0997148591312654,-0.015664124653722054
2025-11-25,155910.0,156373.0,154821.0,155278.0,6929400.0,0.004070119398755789,0.004061858869436886,0.0993918009467453,-0.011657760112583916
2025-11-26,158555.0,158714.0,155914.0,155915.0,8596500.0,0.016964915656468404,0.01682261859177861,0.11092947428634328,0.0
2025-11-27,158292.0,158864.0,158167.0,158554.0,3121400.0,-0.001658730409006326,-0.0016601076254557773,0.11111224815896542,-0.0016587304090063385
2025-11-28,159072.0,159689.0,158078.0,158358.0,8017000.0,0.004927602152983157,0.004915501257479092,0.11097424431187715,0.0
2025-12-01,158611.0,159224.0,158030.0,159074.0,7504300.0,-0.002898058740696041,-0.002902266243955617,0.11291480607854132,-0.002898058740696037
2025-12-02,161092.0,161092.0,158612.0,158612.0,8430000.0,0.01564204248129064,0.015520966684448561,0.12106645665558158,0.0
2025-12-03,161755.0,161964.0,161093.0,161094.0,8292000.0,0.004115660616293759,0.004107214451573749,0.12090729244795768,0.0
2025-12-04,164456.0,164551.0,161759.0,161760.0,10592300.0,0.016698092794658503,0.01656021241904287,0.12020664673473144,0.0
2025-12-05,157369.0,165036.0,157007.0,164461.0,14529000.0,-0.04309359342316488,-0.04404969108208158,0.2073974948454938,-0.04309359342316486
2025-12-08,158187.0,159235.0,157369.0,157369.0,9024100.0,0.005197974188054788,0.005184511353051596,0.2075063640711917,-0.03811961862139417
2025-12-09,157981.0,158851.0,155188.0,158187.0,8703800.0,-0.0013022561904580954,-0.0013031048629235497,0.20628659591331702,-0.039372233302524685
2025-12-10,159075.0,159691.0,157628.0,157984.0,8239900.0,0.006924883372050994,0.006901016487437418,0.1999425871337401,-0.032719998054190784
2025-12-11,159189.0,159850.0,158098.0,159072.0,7018000.0,0.0007166430928806644,0.0007163864268373552,0.1998978474526049,-0.03202680352191468
2025-12-12,160766.0,161263.0,159189.0,159189.0,7671200.0,0.00990646338628931,0.0098577160559257,0.202119542369955,-0.02243761249209515
2025-12-15,162482.0,163073.0,160766.0,160766.0,8229000.0,0.010673898709926188,0.010617334802039698,0.20476372611075946,-0.012003210585202121
2025-12-16,158578.0,162482.0,158558.0,162482.0,9920300.0,-0.02402727686759154,-0.024320640569823537,0.223585126800604,-0.035742082988762955
2025-12-17,157327.0,158611.0,156351.0,158578.0,11344300.0,-0.007888862263365715,-0.0079201439639012,0.22528208679258818,-0.043348980882424476
2025-12-18,157923.0,158496.0,157124.0,157327.0,7800100.0,0.003788288087867908,0.003781130595283772,0.2237732987696456,-0.03972491122245464
2025-12-19,158473.0,159552.0,157906.0,157928.0,9946500.0,0.003482709928256167,0.0034766593382642478,0.22323262258761534,-0.036380551636912
2025-12-22,158142.0,158634.0,157306.0,158480.0,8424000.0,-0.0020886838767487648,-0.002090868219047623,0.22337768057501828,-0.03839324804202948
2025-12-23,160456.0,160456.0,158144.0,158144.0,6569800.0,0.014632418965233818,0.014526398099311243,0.22836642246804942,-0.024322615167582818
2025-12-26,160897.0,160913.0,159359.0,160456.0,4790000.0,0.002748417011517068,0.0027446470195760103,0.2211399301507536,-0.021641046845356813
2025-12-29,160490.0,161133.0,159702.0,160897.0,5605600.0,-0.002529568606002619,-0.0025327733702570038,0.22128683786720588,-0.024115872938658363
2025-12-30,161125.0,162075.0,160491.0,160491.0,5870100.0,0.003956632812013305,0.003948825926286733,0.22106848384367137,-0.020254657780804593
2026-01-02,160539.0,161957.0,160059.0,161124.0,7459400.0,-0.0036369278510473,-0.0036435575525227432,0.221241668099771,-0.023817920902855474
2026-01-05,161870.0,162166.0,160215.0,160542.0,7985200.0,0.00829082029911743,0.008256640239040504,0.21619058195682864,-0.01572457070584229
2026-01-06,163664.0,164135.0,161870.0,161870.0,8412600.0,0.01108296781367768,0.011022001768782493,0.21920310833922335,-0.004815877803181398
2026-01-07,161975.0,163661.0,161746.0,163661.0,8846600.0,-0.010319923746211712,-0.010373543378630586,0.21395796360229222,-0.015086102057693243
2026-01-08,162937.0,162937.0,161748.0,161975.0,8607700.0,0.005939188146318886,0.0059216206916946935,0.14092226813165565,-0.009236513109889575
2026-01-09,163370.0,164263.0,162638.0,162938.0,8301300.0,0.0026574688376488353,0.0026539440107015005,0.14038680461272343,-0.006603590017998736
2026-01-12,163150.0,163493.0,162277.0,163370.0,6896600.0,-0.0013466364693640598,-0.0013475439990876148,0.14039913147434366,-0.007941333852215791
2026-01-13,161973.0,163146.0,161765.0,163146.0,9668600.0,-0.007214220042905284,-0.007240368364044494,0.1422912488966832,-0.015098263365277035
2026-01-14,165146.0,165147.0,161974.0,161974.0,9928900.0,0.01958968470053657,0.019400276462503047,0.15669386936471114,0.0
2026-01-15,165568.0,166070.0,164833.0,165180.0,9406500.0,0.002555314691242927,0.002552055425775859,0.1538541191635047,0.0
2026-01-16,164800.0,165872.0,164100.0,165557.0,11489200.0,-0.004638577502899088,-0.004649369088192589,0.15134087159256052,-0.004638577502899111
2026-01-19,164849.0,165155.0,164265.0,164800.0,4804300.0,0.00029733009708743374,0.00029728590325400425,0.11914588191642081,-0.004342626594511016
2026-01-20,166277.0,166468.0,163575.0,164846.0,8369200.0,0.00866247292977218,0.00862516898594675,0.11540296001633063,0.0
2026-01-21,171817.0,171969.0,166278.0,166278.0,14067700.0,0.033317897243756,0.03277488456021171,0.15713141494075902,0.0
2026-01-22,175589.0,177742.0,171817.0,171817.0,14023500.0,0.021953590156969405,0.021716079945097163,0.16889119604901273,0.0
2026-01-23,178859.0,180532.0,175590.0,175590.0,11778000.0,0.01862303447254665,0.018451749067524337,0.1729383432443798,0.0
2026-01-26,178721.0,179543.0,177694.0,178859.0,9569200.0,-0.000771557483828067,-0.0007718552874951109,0.17163756820035145,-0.0007715574838280434
2026-01-27,181919.0,183360.0,178853.0,178853.0,11340800.0,0.01789381214294905,0.017735602415484,0.17674551473041808,0.0
2026-01-28,184691.0,185065.0,181921.0,181921.0,11856200.0,0.015237550778093523,0.015122625286082807,0.17636577389017485,0.0
2026-01-29,183134.0,186450.0,181567.0,184692.0,12945700.0,-0.008430297090816552,-0.008466033030128169,0.18455127591159162,-0.008430297090816554
2026-01-30,181364.0,183620.0,180089.0,183133.0,11105300.0,-0.009665054004171836,-0.009712063785234053,0.19010590909764524,-0.018013871818334408
2026-02-02,182793.0,182890.0,181348.0,181369.0,8740500.0,0.007879182197128465,0.007848303534100957,0.19004994308874631,-0.010276624199338355
2026-02-03,185674.0,187334.0,182816.0,182816.0,10758800.0,0.01576099741237358,0.015638082715962554,0.1923352293702391,0.0
2026-02-04,181708.0,185671.0,180269.0,185671.0,10728100.0,-0.021360018096233224,-0.021591444734681664,0.20866866688310795,-0.021360018096233183
2026-02-05,182127.0,184017.0,181569.0,181709.0,9832100.0,0.0023058973738085964,0.002303242872348121,0.2090237085423936,-0.01910337473205726
2026-02-06,182950.0,183262.0,181391.0,182128.0,9896700.0,0.004518824776117869,0.004508645541371456,0.20878442105436945,-0.01467087475898618
2026-02-09,186241.0,186460.0,182950.0,182950.0,8921800.0,0.017988521453949247,0.017828642479249562,0.21132877258628424,0.0
2026-02-10,185929.0,186959.0,185083.0,186241.0,10298000.0,-0.0016752487368517643,-0.001676653535160545,0.20737529240612498,-0.0016752487368517136
2026-02-11,189699.0,190561.0,185936.0,185936.0,11642200.0,0.02027655718042909,0.020073725036483168,0.20792688758515368,0.0
2026-02-12,187766.0,189990.0,186959.0,189694.0,12361300.0,-0.01018982704178728,-0.010242098725479569,0.21629154205024528,-0.010189827041787253
2026-02-13,186464.0,187766.0,183662.0,187766.0,11594000.0,-0.006934162734467342,-0.006958315759644718,0.2179891327741674,-0.017053331857310793
2026-02-18,186016.0,187657.0,185001.0,186464.0,7790700.0,-0.002402608546421825,-0.0024054994417236223,0.21916370124868995,-0.01941496792286728
2026-02-19,188534.0,188687.0,185928.0,186020.0,9228700.0,0.013536469981076937,0.013445670456953917,0.22058119866412723,-0.0061413080722618465
2026-02-20,190534.0,190727.0,186700.0,188531.0,9988100.0,0.01060816616631488,0.010552294355902355,0.198143594656676,0.0
2026-02-23,188854.0,191003.0,188526.0,190532.0,9901300.0,-0.008817323942183597,-0.00885642656629344,0.19395717080021238,-0.008817323942183547
2026-02-24,191490.0,191781.0,188855.0,188855.0,11037300.0,0.013957872218751,0.013861358170572791,0.18995128123544938,0.0
2026-02-25,191248.0,192624.0,190419.0,191491.0,9134900.0,-0.0012637735651992443,-0.001264572800450511,0.1901032078158198,-0.0012637735651992272
2026-02-26,191005.0,191978.0,188977.0,191248.0,8797400.0,-0.0012706015226302547,-0.0012714094211621564,0.18291241415917803,-0.002532769335213327
2026-02-27,188787.0,191005.0,188478.0,191005.0,11002300.0,-0.011612261459124085,-0.011680210305944518,0.18300106534543686,-0.014115619614601284
2026-03-02,189307.0,190110.0,186638.0,188786.0,9090200.0,0.0027544269467707494,0.0027506404643340716,0.17952536819165743,-0.011400073110867407
2026-03-03,183105.0,189602.0,180518.0,189284.0,14367500.0,-0.03276159888435193,-0.033310277082979824,0.21532091980878162,-0.04378818737270876
2026-03-04,185366.0,186306.0,183110.0,183110.0,9113300.0,0.012348106277818793,0.012272490253614616,0.21788694351430374,-0.03198078228628127
2026-03-05,180464.0,185366.0,179895.0,185365.0,10596200.0,-0.02644497912238486,-0.02680093714592617,0.2309770621041666,-0.05758003028878793
2026-03-06,179365.0,181091.0,178557.0,180463.0,9918300.0,-0.006089857256848963,-0.0061084760666357055,0.2192889056768267,-0.06331923338033317
2026-03-09,180915.0,181952.0,177637.0,179367.0,11419300.0,0.00864159674406939,0.008604471872390726,0.2215431348849464,-0.055224815917280276
2026-03-10,183447.0,185324.0,180693.0,180921.0,10083000.0,0.013995522759306933,0.01389848973449679,0.22671226346961168,-0.042002193326022244
2026-03-11,183969.0,185714.0,182021.0,183446.0,8956100.0,0.002845508511995387,0.00284146771624702,0.21724335053621813,-0.039276202412658626
2026-03-12,179285.0,183992.0,178495.0,183969.0,12075300.0,-0.025460811332344013,-0.02579054671517002,0.2349494242187501,-0.063737009765523
2026-03-13,177653.0,180996.0,177322.0,179285.0,9525600.0,-0.009102825110857027,-0.009144508976809386,0.22133594056374165,-0.07225964802339548
2026-03-16,179875.0,181255.0,177656.0,177656.0,7370100.0,0.012507528721721561,0.012429955745451733,0.2264495977371623,-0.06065590892474803
2026-03-17,180410.0,182800.0,179850.0,179882.0,9332600.0,0.002974287699791578,0.0029698732571798066,0.2263939367210405,-0.05786202934879106
2026-03-18,179640.0,181551.0,179576.0,180409.0,9750200.0,-0.004268056094451578,-0.004277190245174391,0.22657415960853677,-0.061883127056243145
2026-03-19,180271.0,181251.0,176296.0,179624.0,12560400.0,0.003512580716989566,0.0035064260137266513,0.22039926130289886,-0.05858791581805838
2026-03-20,176219.0,180305.0,175039.0,180262.0,15348900.0,-0.022477270331889176,-0.022733734535557337,0.22636329885229253,-0.07974828972792312
2026-03-23,181932.0,182973.0,176221.0,176221.0,9874700.0,0.0324198866183556,0.031905451189738386,0.2584995290700414,-0.0499138336205546
2026-03-24,182509.0,182649.0,179915.0,181932.0,7563900.0,0.0031715146318405107,0.00316649598764647,0.25258882946485983,-0.04690062144237297
2026-03-25,185424.0,186401.0,182524.0,182529.0,9074000.0,0.01597181508857104,0.015845607716943915,0.26077965167181805,-0.031677894407018646
2026-03-26,182733.0,185424.0,182570.0,185424.0,7806700.0,-0.014512684442143375,-0.014619023544892614,0.2648650608468747,-0.04573084756384145
2026-03-27,181557.0,183351.0,180976.0,182733.0,8073000.0,-0.00643561918208535,-0.006456417058709519,0.26303150179186585,-0.051872160426131915
2026-03-30,182514.0,184414.0,181560.0,181561.0,7704600.0,0.005271071894776824,0.005257228420640047,0.2637753779825209,-0.046874510418298605
2026-03-31,187462.0,187508.0,182515.0,182515.0,11389100.0,0.027110249076783166,0.026749275795061686,0.2546957678353036,-0.021035040994307797
2026-04-01,187953.0,189131.0,187256.0,187463.0,10556000.0,0.002619197490691505,0.0026157733706051872,0.25140091589943964,-0.018470938430205232
2026-04-02,188052.0,189251.0,185214.0,187923.0,7082900.0,0.0005267274265374766,0.0005265887543393731,0.22952497956052126,-0.01795394015353282
2026-04-06,188162.0,189220.0,187811.0,188054.0,5697600.0,0.0005849445897943006,0.0005847735763933952,0.22758737695459746,-0.01737949762389681
2026-04-07,188259.0,188259.0,185885.0,188162.0,8753200.0,0.0005155132279630603,0.0005153803966678572,0.22646826576143272,-0.016872943756854143
2026-04-08,192201.0,193759.0,188260.0,188261.0,12594000.0,0.02093923796471886,0.020723025134148063,0.2324447908717876,0.0
2026-04-09,195129.0,195514.0,192206.0,192206.0,9382900.0,0.015234051851967578,0.015119178868884541,0.23684646823892433,0.0
2026-04-10,197324.0,197554.0,195129.0,195130.0,9661000.0,0.011248968631008216,0.01118616949487319,0.21245899579846766,0.0
2026-04-13,198001.0,198173.0,196223.0,197324.0,9947000.0,0.0034309055158014967,0.003425033386785799,0.20611228579843335,0.0
2026-04-14,198657.0,199355.0,198002.0,198002.0,9222400.0,0.003313114580229426,0.0033076383084621446,0.20453607862890347,0.0
2026-04-15,197738.0,199233.0,196966.0,198657.0,10709900.0,-0.004626064019893628,-0.004636797368950914,0.20728436811712256,-0.004626064019893585
2026-04-16,196819.0,198587.0,196354.0,197738.0,9286300.0,-0.004647563948254718,-0.004658397452884078,0.20750484441734698,-0.00925212803978717
2026-04-17,195734.0,198666.0,195368.0,196819.0,12187300.0,-0.005512679162072764,-0.005527930052512942,0.21057233486729837,-0.014713803188410174
2026-04-20,196132.0,196724.0,195282.0,195734.0,6767400.0,0.002033371820940655,0.002031307318586462,0.18555570680442465,-0.01271035000025169
2026-04-22,192889.0,196132.0,192687.0,196132.0,8398100.0,-0.01653478269736708,-0.01667300801875608,0.17305945514107862,-0.029034969822357128
2026-04-23,191378.0,193347.0,190930.0,192889.0,7763400.0,-0.007833520833225305,-0.007864364037056967,0.17723378055474723,-0.03664104461458695
2026-04-24,190745.0,191390.0,189963.0,191378.0,7223800.0,-0.003307590214131184,-0.0033130723824923184,0.1708495697730271,-0.039827441268115396
2026-04-27,189579.0,191340.0,189579.0,190745.0,6663800.0,-0.00611287320768561,-0.006131633308262316,0.16274957856297984,-0.045696854377142514
2026-04-28,188619.0,189579.0,187237.0,189579.0,7511500.0,-0.005063852008925007,-0.005076716756002676,0.16188827037187942,-0.050529304278228306
2026-04-29,184750.0,188710.0,184504.0,188619.0,9054900.0,-0.020512249561284945,-0.020725547608651033,0.1800159218130512,-0.0700050841400001
2026-04-30,187318.0,187921.0,184759.0,184759.0,8991200.0,0.013899864682002772,0.013804147513524724,0.1598152609118741,-0.05707828065459561
2026-05-04,185600.0,187666.0,185538.0,187318.0,7544200.0,-0.009171569203173191,-0.009213886989735591,0.16270000916220725,-0.06572635245674706
2026-05-05,186754.0,187428.0,185364.0,185597.0,8631700.0,0.006217672413793007,0.006198422440813503,0.1644707543476394,-0.05991734497148351
2026-05-06,187691.0,188674.0,186762.0,186762.0,8844600.0,0.005017295479614825,0.005004750795411052,0.16554742869994946,-0.05520067251594457
2026-05-07,183218.0,187779.0,182868.0,187690.0,9643100.0,-0.023831723417745088,-0.024120292899722708,0.18610321703356963,-0.07771686877381617
2026-05-08,184108.0,185585.0,183217.0,183222.0,9214400.0,0.004857601327380445,0.004845841250519346,0.16885302048903297,-0.07323678501135122
2026-05-11,181909.0,184530.0,181615.0,184103.0,8780300.0,-0.011944076303039508,-0.012015979904008506,0.1592418380999516,-0.08430611556602587
2026-05-12,180342.0,181897.0,179939.0,181897.0,9056000.0,-0.008614197208494323,-0.008651513861822389,0.15028060904780902,-0.09219408326915236
2026-05-13,177098.0,180513.0,176787.0,180342.0,12621300.0,-0.01798804493684225,-0.01815179650304114,0.1546435198028953,-0.10852373689323809
2026-05-14,178366.0,179476.0,177104.0,177104.0,9295700.0,0.007159877581903729,0.007134367352778129,0.15811751348319047,-0.10214087598222062
2026-05-15,177284.0,178341.0,175417.0,178341.0,9772200.0,-0.006066178531782929,-0.006084652541758039,0.15810991348606307,-0.10758744972490272
2026-05-18,176976.0,177330.0,175811.0,177281.0,7367400.0,-0.0017373254213578493,-0.0017388363213712867,0.15864484380830046,-0.10913786073483442
2026-05-19,174279.0,176973.0,173544.0,176973.0,9086100.0,-0.01523935448874425,-0.015356666820164483,0.16260780670743608,-0.12271402467569731
2026-05-20,177356.0,178199.0,174279.0,174279.0,9365700.0,0.01765559820747198,0.017501548714450497,0.1807556144971212,-0.10722501598232129
2026-05-21,177650.0,178547.0,175805.0,177352.0,7354500.0,0.0016576828525676213,0.0016563104128516277,0.17676397021890541,-0.10574507820011377
2026-05-22,176210.0,177649.0,174893.0,177649.0,6760900.0,-0.008105826062482446,-0.008138856886396886,0.1768438601468583,-0.11299375305174245
2026-05-25,177359.0,177512.0,176210.0,176210.0,2377600.0,0.006520628795187555,0.006499461461634552,0.1808293478990823,-0.10720991457638039
2026-05-26,176589.0,177816.0,175516.0,177816.0,7402600.0,-0.004341476891502549,-0.004350928468089889,0.18061401392361606,-0.11108594210120962
2026-05-27,175744.0,177640.0,175555.0,176602.0,7310400.0,-0.004785122516125062,-0.004796607868732801,0.18058532502108982,-0.11533950477456117
2026-05-28,175063.0,176627.0,174686.0,175744.0,7376200.0,-0.003874954479242576,-0.0038824815663893483,0.16883449117127974,-0.11876752392314391
2026-05-29,173788.0,175064.0,172686.0,175064.0,15551600.0,-0.007283092372460165,-0.007309743570649011,0.1577420890234729,-0.12518562144802348
2026-06-01,172198.0,173975.0,171793.0,173790.0,9892300.0,-0.009149078187216664,-0.009191188044088432,0.15773167840487817,-0.1331893665966968
2026-06-02,174198.0,174894.0,172199.0,172199.0,7503900.0,0.011614536754201543,0.011547605771912965,0.1632515713317323,-0.12312176263610142
2026-06-03,170331.0,174192.0,170008.0,174192.0,9974200.0,-0.022198877139806394,-0.022448980484606716,0.17311502514900293,-0.14258747489391263
2026-06-05,169019.0,170457.0,168910.0,170331.0,8585100.0,-0.007702649547058349,-0.007732468172387305,0.158040742090855,-0.1491918230920632
2026-06-08,168669.0,169646.0,168130.0,169042.0,7438000.0,-0.0020707731083488,-0.0020729201234814414,0.15475933147749918,-0.1509536537851674
2026-06-09,169813.0,170601.0,168406.0,168673.0,8440200.0,0.0067825148663951396,0.006759617090466833,0.15680806955723015,-0.14519498431970684
2026-06-10,168619.0,169813.0,168071.0,169813.0,8732300.0,-0.007031263801946852,-0.007056099623887866,0.15620597570296393,-0.15120534388418228
2026-06-11,171497.0,171927.0,168280.0,168619.0,10576900.0,0.01706806469021882,0.016924041759284237,0.161679052668456,-0.13671806178488552
2026-06-12,171133.0,172545.0,169993.0,171497.0,7013700.0,-0.0021224861076286627,-0.002124741773578806,0.15834579638084764,-0.13855036570571386
2026-06-15,170415.0,174228.0,170351.0,171139.0,8709200.0,-0.004195567190430793,-0.0042043932780686626,0.15785338838508234,-0.1421646355275676
2026-06-16,169649.0,170416.0,169121.0,170416.0,8765700.0,-0.004494909485667331,-0.004505041965764045,0.15810350135420892,-0.14602052784447567
2026-06-17,168454.0,171878.0,167916.0,169649.0,10732100.0,-0.007043955460981244,-0.007068881234911275,0.15149547757748183,-0.1520359212109314
2026-06-18,168278.0,169542.0,167911.0,168467.0,9236700.0,-0.00104479561185844,-0.00104534179125742,0.1335606831912392,-0.1529218703594638
2026-06-19,168576.0,168787.0,167658.0,168279.0,4847900.0,0.0017708791404700275,0.0017693129827164127,0.13360934338216643,-0.1514217973693351
2026-06-22,170370.0,170750.0,168326.0,168334.0,8544200.0,0.010642084282460162,0.010585855876689733,0.13974516782662585,-0.142391156616681
2026-06-23,171259.0,171720.0,168495.0,170367.0,7598800.0,0.005218054821858331,0.0052044879484571755,0.13881171211360094,-0.13791610665619636
2026-06-24,170507.0,171342.0,169668.0,171256.0,9571200.0,-0.0043910101074979835,-0.004400678906624388,0.13882418778277159,-0.14170152574538022
2026-06-25,171990.0,173277.0,170508.0,170508.0,7620600.0,0.008697590128264432,0.008659983989117345,0.14306338235266128,-0.13423639740859875
2026-06-26,173295.0,173964.0,171124.0,171990.0,6921000.0,0.00758765044479337,0.007559009014690611,0.14582830005111297,-0.12766728582431025
2026-06-29,173205.0,173892.0,172393.0,173294.0,4909900.0,-0.0005193456245131678,-0.0005194805311628259,0.1436023336725842,-0.12812032800253703
2026-06-30,172024.0,173205.0,170539.0,173205.0,7692000.0,-0.006818509858260491,-0.006841862108841302,0.14187621031583386,-0.1340652481412686
2026-07-01,171689.0,172098.0,169666.0,172017.0,7659700.0,-0.0019474026879969797,-0.0019493013419746006,0.13517303108579992,-0.13575157180466835
2026-07-02,172788.0,174426.0,171697.0,171698.0,6513500.0,0.006401108981938242,0.006380708893020775,0.11014189530354497,-0.13021942342832118
2026-07-03,174266.0,174664.0,172790.0,172790.0,2949700.0,0.0085538347570433,0.00851745800580056,0.1087043584108929,-0.12277946410144118
2026-07-06,172448.0,174058.0,171622.0,174058.0,5740300.0,-0.010432327591153756,-0.010487125768848119,0.11624350215116785,-0.1319309161016224
2026-07-07,172021.0,173544.0,171417.0,172439.0,6763100.0,-0.0024761087400260173,-0.002479179367123923,0.1149040915845855,-0.13408034954720952
2026-07-08,170654.0,172018.0,169972.0,172018.0,7237000.0,-0.007946704181466258,-0.007978447516911963,0.11576748769853348,-0.14096155685427647
2026-07-09,172742.0,172933.0,170653.0,170655.0,6832100.0,0.012235283087416615,0.012161037012309164,0.10782149193396796,-0.13045097831941488
2026-07-10,177866.0,177866.0,172761.0,172761.0,8425700.0,0.029662734019520354,0.029231305920983337,0.14814087175351176,-0.10465777697236946
2026-07-13,175739.0,178154.0,175567.0,177868.0,6119200.0,-0.011958440623840438,-0.012030517973030126,0.15488971926796072,-0.11536467378446266
2026-07-14,176641.0,177179.0,175743.0,175743.0,7258300.0,0.00513261142944943,0.00511948447727702,0.15367215718092925,-0.11082418439823415
2026-07-15,176011.0,176663.0,175288.0,176663.0,7072400.0,-0.003566555895856527,-0.0035729312194816357,0.15141442101644526,-0.1139954796458217
2026-07-16,173825.0,176011.0,173537.0,176010.0,6135900.0,-0.01241967831555979,-0.012497447100026602,0.1598841378751977,-0.12499937077475247
2026-07-17,173714.0,174505.0,173285.0,173825.0,7299200.0,-0.0006385732777218767,-0.0006387772524772281,0.16008300048655003,-0.12555812279456552
2026-07-20,173371.0,174311.0,173222.0,173714.0,5028800.0,-0.0019745098264963845,-0.001976461740829756,0.15680462677339282,-0.12728471687380763
2026-07-21,173326.0,173720.0,172219.0,173373.0,5858100.0,-0.000259558980452379,-0.000259592671714585,0.1560002364005652,-0.12751123796292102
2026-07-22,177548.0,177641.0,173328.0,173331.0,7435200.0,0.024358722869044502,0.024066780573038536,0.17541657863716018,-0.10625852600210413
2026-07-23,176724.0,177896.0,176293.0,177546.0,6346800.0,-0.004640998490548998,-0.004651801361073015,0.1751006023720251,-0.11040637883386943
2026-07-24,174042.0,176720.0,174042.0,176720.0,5418400.0,-0.015176206966795669,-0.015292544134450248,0.18297757274052964,-0.12390703574502786
2026-07-27,175335.0,175555.0,174048.0,174048.0,5839400.0,0.007429241217637106,0.0074017803302681125,0.18470801905979653,-0.11739832978450293
2026-07-28,176565.0,178539.0,175326.0,175326.0,6741100.0,0.007015142441611832,0.006990650804710399,0.18382933199400056,-0.11120675334873677
2026-07-29,173885.0,176564.0,173885.0,176564.0,7338700.0,-0.015178546144479332,-0.015294919361854634,0.1928434940502414,-0.1246973426559346
2026-07-30,177159.0,177159.0,173885.0,173891.0,7200400.0,0.018828536101446414,0.018653473253330367,0.20237787217896785,-0.10821667497243993
2026-07-31,177999.0,178719.0,177014.0,177060.0,5884100.0,0.004741503395255142,0.004730297874746904,0.20101578516126287,-0.10398828130898986
2026-08-03,178000.0,178557.0,176783.0,178009.0,7355200.0,5.618009089936038e-06,5.6179933089820755e-06,0.19641967680394556,-0.10398324750700957
2026-08-04,177895.0,180680.0,177581.0,178003.0,7966200.0,-0.0005898876404494269,-0.0005900616926144507,0.19601536926253035,-0.10451179671494083
2026-08-05,177726.0,180195.0,177691.0,177896.0,7606700.0,-0.0009499985946765932,-0.0009504501293357156,0.1929870318543363,-0.10536250924961114
2026-08-06,175546.0,177720.0,175515.0,177720.0,7933600.0,-0.012266072493613778,-0.012341921646475547,0.19551017497913187,-0.11633619756666012
2026-08-07,172513.0,176117.0,172131.0,175546.0,9159200.0,-0.017277522700602677,-0.017428520873001237,0.1745642864590348,-0.13160371897290304
2026-08-10,172180.0,172936.0,171524.0,172513.0,7832600.0,-0.0019302893115301645,-0.0019321547208495883,0.17013005763397132,-0.13327997503234218
2026-08-11,167875.0,172386.0,167569.0,172180.0,9889100.0,-0.02500290393773963,-0.02532078638640698,0.18883771544750225,-0.15495049255752377
2026-08-12,167491.0,168310.0,167142.0,167878.0,10593900.0,-0.0022874162323157643,-0.002290036365144493,0.18879999660621372,-0.1568834725179581
2026-08-13,167101.0,168516.0,166197.0,167489.0,10721100.0,-0.0023284833214919365,-0.002331198454361088,0.18505802582297617,-0.1588466552902742
2026-08-14,166934.0,167100.0,164835.0,167100.0,10883000.0,-0.000999395575131179,-0.0009998953038678443,0.18502794338926432,-0.1596873002209839
2026-08-17,166784.0,168007.0,166464.0,166933.0,9037400.0,-0.0008985587118262028,-0.0008989626577030215,0.18506856087339704,-0.16044237051802857
2026-08-18,166335.0,168390.0,166211.0,166789.0,7598900.0,-0.0026921047582502133,-0.0026957349890363853,0.1849777606888507,-0.16270254760718222
2026-08-19,167830.0,170341.0,166335.0,166337.0,9254200.0,0.008987885892926872,0.008947735246798948,0.16315431635844765,-0.15517701364663716
2026-08-20,167927.0,169752.0,166966.0,167827.0,10127200.0,0.0005779657987248221,0.000577798840820116,0.16342902647006613,-0.1546887348545483
2026-08-21,171032.0,171980.0,167928.0,167928.0,10806400.0,0.018490177279413045,0.018321312337198768,0.17200707279871788,-0.13905877970572394
2026-08-24,171907.0,173109.0,169330.0,171031.0,8442500.0,0.005116001683895366,0.005102959411226888,0.1707292348551728,-0.13465420297296346
2026-08-25,174577.0,174785.0,171179.0,171898.0,9449100.0,0.01553165374301213,0.015412272151241094,0.17839374405912733,-0.12121395168556859
2026-08-26,174586.0,176297.0,174209.0,174580.0,8850900.0,5.155318283622812e-05,5.155185401656757e-05,0.16969367706187957,-0.12116864746774592
2026-08-27,175135.0,175558.0,173661.0,174584.0,7119800.0,0.0031445820397970614,0.0031396481822684973,0.15567567964185453,-0.11840509018056247
2026-08-28,175665.0,176421.0,173894.0,175137.0,6597600.0,0.003026236902960555,0.0030216670653502985,0.15502021723409065,-0.11573717513100469
