Date,Close,High,Low,Open,Volume,Daily return,Daily log-return,Volatility_20,Drawdown
2019-01-02,20.66042137145996,20.73859589184817,19.739079671666673,19.789333686177777,28984066.0,,,,0.0
2019-01-03,21.001049041748047,21.001049041748047,20.353316676477327,20.520832544020596,24856433.0,0.016486966270621295,0.01635253184038161,,0.0
2019-01-04,20.649259567260746,21.05688360508932,20.520828588183733,20.78327271813956,28181675.0,-0.016751042949710637,-0.01689292838749632,,-0.016751042949710644
2019-01-07,20.688352584838867,20.939627614224232,20.520834289654633,20.548754809982334,19148946.0,0.0018931922208049734,0.0018914023910509932,,-0.0148895636731084
2019-01-08,20.950786590576172,20.978704683924633,20.414731685641843,20.760932454213496,22157287.0,0.012685108911457021,0.01260532690461032,,-0.0023933304984888196
2019-01-09,21.269079208374023,21.269079208374023,20.984301458477205,21.16298653059316,23008397.0,0.015192394635007211,0.015078145895699733,,0.0
2019-01-10,21.1239013671875,21.436599671435477,21.017806265364168,21.174155417488155,28032459.0,-0.0068257699246973,-0.006849172044683054,,-0.006825769924697271
2019-01-11,20.99546241760254,21.17973202606613,20.827946566318815,20.99546241760254,15442903.0,-0.006080266488295072,-0.006098826580360718,,-0.012864533912862408
2019-01-14,21.15181541442871,21.15181541442871,20.911709557949127,20.97871494547236,19711367.0,0.00744698991221493,0.007419397982711538,,-0.005513346054922002
2019-01-15,20.82236671447754,21.07364175522482,20.593427608324188,21.040139060029475,46588733.0,-0.01557543376283621,-0.015698005232976008,,-0.021002907061468158
2019-01-16,20.760942459106445,20.878204299815113,20.49291608416976,20.85586836633856,19605771.0,-0.0029499170873974467,-0.0029542766685215476,,-0.02389086731443999
2019-01-17,20.760942459106445,20.85586836633856,20.515252017646315,20.682767898634,29196956.0,0.0,0.0,,-0.02389086731443999
2019-01-18,21.028968811035156,21.0959766113915,20.772111609813265,20.772111609813265,24162697.0,0.012910124502134357,0.012827499220077025,,-0.011289176883799058
2019-01-21,20.855863571166992,21.01221265616417,20.688347728694485,20.939622699098457,8808508.0,-0.008231751229633488,-0.00826581918187486,,-0.019427998417737836
2019-01-22,20.82236671447754,20.9843004302402,20.643681651117205,20.855869409672884,13807871.0,-0.0016061121887929186,-0.0016074033696805198,,-0.021002907061468158
2019-01-23,20.96195602416992,21.04571514169933,20.638091136921084,20.91170200168635,30874136.0,0.006703815738454244,0.006681445089212341,,-0.014439890941925927
2019-01-24,20.93404006958008,21.06805323875732,20.79444231444818,20.855865519777467,24113752.0,-0.0013317437818135547,-0.0013326313406519102,,-0.015752404488767465
2019-01-28,21.308164596557617,21.414259678289746,20.699519453420915,20.699519453420915,25555494.0,0.017871587411413703,0.017713768139745654,,0.0
2019-01-29,21.15181541442871,21.525936872736747,21.15181541442871,21.442180138332706,17930858.0,-0.0073375246103629665,-0.007364576655330005,,-0.0073375246103629605
2019-01-30,21.285831451416016,21.447765181919397,20.883791832301178,21.341672499679557,21965357.0,0.006335911805276373,0.006315924297704719,,-0.0010481027138869359
2019-01-31,21.65436553955078,21.994981853768863,21.425424054630778,21.47568050321425,30523926.0,0.01731358669150085,0.01716541436732688,0.17124283792063533,0.0
2019-02-01,21.679500579833984,21.84149691682594,21.416954875547862,21.562193387044857,15342292.0,0.001160737784595689,0.0011600646493320646,0.16306148661744155,0.0
2019-02-04,22.17107391357422,22.22693413664158,21.450472931653813,21.60129577536813,20038804.0,0.022674569090280983,0.022421322079157934,0.1636730401241623,0.0
2019-02-05,21.227025985717773,21.67391010796342,21.014756208725387,21.539845112722123,80658836.0,-0.04258016240153584,-0.04351328195589188,0.23402788328204654,-0.04258016240153585
2019-02-06,20.333261489868164,21.16558544182251,20.333261489868164,21.11531195874073,44387767.0,-0.04210502669808591,-0.043017138230074685,0.27757757144828243,-0.08289235022489623
2019-02-07,20.405872344970703,20.713104674650967,20.14332672997172,20.56786621254702,34838503.0,0.0035710382782772054,0.003564677260212767,0.27139949079492315,-0.07961732370224849
2019-02-08,20.841588973999023,20.97565640006872,20.305328927017264,20.377946972061824,34947045.0,0.021352511750653447,0.021127740857680898,0.2827971587233244,-0.05996484179150291
2019-02-11,20.606969833374023,20.89744677501209,20.444975956077204,20.84158415324221,20785904.0,-0.011257257827975597,-0.011321100334775002,0.2847271076704314,-0.07054705993481777
2019-02-12,21.098546981811523,21.221440909753536,20.79131457628064,20.914208504222653,25112491.0,0.023854897270794595,0.023574814692665893,0.2965431257515618,-0.04837505553152487
2019-02-13,20.618146896362305,21.21026954368303,20.584628834627313,21.18233822795789,35669785.0,-0.022769344536538894,-0.02303256937482135,0.30272976550022135,-0.07004293176169224
2019-02-14,21.165586471557617,21.165586471557617,20.350022721943585,20.78014917287116,37265389.0,0.026551347118974,0.02620497777376854,0.3169458894794853,-0.04535131883715352
2019-02-15,20.947723388671875,21.132064273866792,20.774555995241293,21.053859488812716,30422409.0,-0.010293269368108815,-0.010346611423732447,0.3194815348172633,-0.05517777486427252
2019-02-18,20.61256217956543,20.947725929641862,20.61256217956543,20.863934388541665,19942839.0,-0.01599988709454192,-0.016129267188571026,0.32112995848931547,-0.07029482379085804
2019-02-19,21.087373733520508,21.22702547102185,20.774554614101145,20.836001571747648,25550736.0,0.02303505744791834,0.022773755637364064,0.3305776320348688,-0.04887901164725343
2019-02-20,20.81924819946289,21.43929982532122,20.81924819946289,21.243787833895222,32575109.0,-0.012714979942305749,-0.012796507114605988,0.3339160884839057,-0.060972495936864574
2019-02-21,21.19910430908203,21.19910430908203,20.81366697075011,21.031523592427952,28676909.0,0.01824542874842816,0.018080978214852595,0.3393522754287984,-0.04383953651866634
2019-02-22,21.49824333190918,21.49824333190918,21.246082426135104,21.422009199424114,19781160.0,0.01411092744607112,0.014012295089119135,0.34257181812342424,-0.03034722559167958
2019-02-25,21.16983985900879,21.627249568152084,21.158111242457224,21.551012926930156,14109588.0,-0.015275828253974222,-0.015393705709639077,0.3417273713076176,-0.045159474839530665
2019-02-26,21.246065139770508,21.35748504316876,21.163964862912245,21.222607917811004,9124162.0,0.003600654576008999,0.003594187737905712,0.3409466217515005,-0.04172142393325274
2019-02-27,21.05841636657715,21.328169432872382,21.05841636657715,21.240206724416545,11480349.0,-0.008832165954443028,-0.008871400721655029,0.3416078874830563,-0.050185099347661584
2019-02-28,20.659648895263672,21.122922209222903,20.624464318185424,21.07014534360553,20408162.0,-0.01893625163316559,-0.019117838483397157,0.34094805721255683,-0.0681710333113444
2019-03-01,20.439647674560547,20.87965238878796,20.439647674560547,20.820984332869717,18300555.0,-0.01064883637754177,-0.010705940995940598,0.3419275711064023,-0.07809392750946574
2019-03-06,20.445510864257812,20.662579456502456,20.33990965336843,20.615645021523648,10921100.0,0.00028685375553538783,0.0002868126208630909,0.3289288371336639,-0.07782947529032105
2019-03-07,20.72711181640625,20.85031407083315,20.33990907785165,20.416176898627754,21485645.0,0.013773241178371531,0.013679252131295831,0.2992331508485168,-0.06512819824590925
2019-03-08,20.97351837158203,21.055652375636452,20.445513516455133,20.603915353337133,15369145.0,0.011888127847158314,0.011818019149083219,0.2580484877738905,-0.05401432274595347
2019-03-11,21.659927368164062,21.718594157926937,21.020453781370502,21.032187392885728,22654901.0,0.032727412941458534,0.03220327626540404,0.2800956288312433,-0.023054658849755008
2019-03-12,21.706859588623047,21.706859588623047,21.466324986471932,21.659927677518336,14852836.0,0.002166776446719032,0.002164432372080451,0.27176616316643926,-0.020937836694818697
2019-03-13,21.941518783569336,22.099919295930068,21.530848910319072,21.601248011090377,25155772.0,0.010810370518510082,0.010752356192874775,0.268656517038991,-0.010353811948835636
2019-03-14,21.595399856567383,21.941535798781764,21.37832987773017,21.941535798781764,20177710.0,-0.0157746111568694,-0.01590035445630929,0.2653493781691756,-0.02596509574822084
2019-03-15,21.58952522277832,21.806592593674797,21.40178997830294,21.548458217287656,21647098.0,-0.00027203172101841755,-0.0002720687283586368,0.24965773577806336,-0.026230064139556444
2019-03-18,21.62472915649414,21.742065292757303,21.554330010363177,21.62472915649414,12806412.0,0.0016306024960046628,0.0016292745071732834,0.23314462783190087,-0.024642232451607998
2019-03-19,21.12019157409668,21.7068620831504,21.12019157409668,21.7068620831504,39681965.0,-0.023331509899902847,-0.023607998644190085,0.24614927941264997,-0.04739880186111045
2019-03-20,20.644983291625977,21.2492547391714,20.644983291625977,21.15538712059324,29664772.0,-0.02250018806901033,-0.022757179520599257,0.25308261174210567,-0.06883250797400006
2019-03-21,20.281246185302734,20.774050226078295,20.00551077217543,20.715383440599247,35755214.0,-0.017618667992372772,-0.017775724205040467,0.24567644867554608,-0.08523843886129662
2019-03-22,19.68284797668457,20.017250295241592,19.571380537165563,19.97618327711282,34705489.0,-0.0295050019683607,-0.029949030398060097,0.2626776414228843,-0.11222848052327472
2019-03-25,19.712175369262695,20.01724419153594,19.53617373554714,19.647641141077244,22557916.0,0.0014899974136295402,0.001488888468896418,0.2515455024962008,-0.11090570325536037
2019-03-26,19.917509078979492,20.011376695269018,19.653506011973597,19.946842471355005,18209236.0,0.01041659308880627,0.010362714216218179,0.24846412746097382,-0.10164436974859317
2019-03-27,19.242828369140625,19.735632176341166,19.236960932685832,19.612429956728487,32088032.0,-0.03387374933097986,-0.03446075903502371,0.26864404956242166,-0.13207504317780377
2019-03-28,20.00550842285156,20.14630919859176,19.15483379423762,19.301502008524576,35287058.0,0.039634508975511684,0.03886921770860206,0.30931616919570903,-0.09767526368656389
2019-03-29,20.199121475219727,20.269521903759244,19.89991870306647,20.2519221135778,22320553.0,0.009677987096144536,0.009631455360499062,0.3116286934617982,-0.08894257653199046
2019-04-01,20.04945182800293,20.425086073052277,19.95554326674059,20.366392429534475,19521136.0,-0.007409710734222363,-0.007437299006031519,0.30586506696111776,-0.09569324850215433
2019-04-02,19.73250961303711,20.14922874029269,19.679685972373303,20.102273829317728,18533727.0,-0.015808023964183904,-0.015934303361570822,0.3085040819473533,-0.10998855130080554
2019-04-03,19.556434631347656,20.067061132537305,19.468394792156587,19.9790225617125,22057470.0,-0.008923091139564021,-0.008963140337068479,0.30943579923038655,-0.11793020457280386
2019-04-04,19.849889755249023,20.008360640528544,19.515341799702153,19.773589945139655,20454728.0,0.015005553386044035,0.0148940837950826,0.31029269678282145,-0.10469425916730414
2019-04-05,20.27835464477539,20.34878575133266,19.83815800915162,19.955544032324532,18345649.0,0.02158525285577806,0.02135559029114257,0.3177493823881322,-0.08536885836820077
2019-04-08,20.155086517333984,20.34877224893817,20.043570566917353,20.307687358344392,10412949.0,-0.00607880321656995,-0.006097354358209718,0.2915786862846736,-0.09092872109392716
2019-04-09,20.043581008911133,20.08466465254267,19.72663917204482,20.07292719342853,15165318.0,-0.005532375578093052,-0.00554773584657366,0.29084052766141577,-0.09595804483609296
2019-04-10,20.008365631103516,20.213790199352417,19.8440259765044,20.190314011814017,29815914.0,-0.0017569404285572299,-0.001758485658575281,0.2857782748768651,-0.09754639269623232
2019-04-11,19.544687271118164,19.979013739478503,19.433171289969582,19.84988903724752,13699556.0,-0.023174224648541575,-0.023446968991344096,0.29094098115016964,-0.11846005532677657
2019-04-12,19.339265823364254,19.849892179917344,19.163187463223142,19.368612005326792,33375347.0,-0.01051034712934329,-0.010565970921268281,0.29102207415790504,-0.12772534615367426
2019-04-15,19.327524185180664,19.56229487387823,19.157315848093788,19.509471246957276,18725884.0,-0.0006071398103130177,-0.0006073241943226768,0.29040264633234164,-0.12825493882155137
2019-04-16,19.309917449951172,19.63859668001574,19.204270192183056,19.204270192183056,19252729.0,-0.0009109669226539108,-0.0009113821051851814,0.2828282416243775,-0.1290490697372718
2019-04-17,19.010578155517575,19.485990691069464,18.781677514739098,19.368604738892593,40764433.0,-0.015501842263668242,-0.015623252173034962,0.2778028999513736,-0.14255041367759969
2019-04-18,19.268836975097656,19.48600026892856,18.852117844988992,19.086888596373033,19844834.0,0.013585006067010408,0.013493557163810151,0.27959014781762914,-0.13090195584525433
2019-04-22,19.21601104736328,19.45665049984021,19.010585237436143,19.23361850282113,11401605.0,-0.0027415213384516246,-0.002745286190598874,0.2602520581597255,-0.1332846066785111
2019-04-23,19.46252059936523,19.632730230903935,19.36861205582076,19.36861205582076,15183786.0,0.01282834150096801,0.012746755330790921,0.26482275284296575,-0.12216608562883725
2019-04-24,19.49186897277832,19.50947643030808,19.1807971251336,19.474261515248557,16595051.0,0.0015079430880111655,0.00150680728350849,0.26179230178990626,-0.12084236204523939
2019-04-25,19.79119110107422,19.838144717865383,19.157310298384097,19.380342197781484,22194223.0,0.015356255919528383,0.015239541964522926,0.23590418578146888,-0.10734179236319802
2019-04-26,19.83814811706543,19.908580456868545,19.609247451984793,19.84401811289847,11411236.0,0.0023726220292350497,0.0023698118057758734,0.19016796930036908,-0.1052238518351814
2019-04-29,19.679685592651367,20.02010361718725,19.597515768396704,19.926195065415342,12525541.0,-0.007987767985145111,-0.008019841113150248,0.18810439752895058,-0.11237111610536382
2019-04-30,19.855762481689453,19.97314721133893,19.620990485658652,19.77359266358845,15296746.0,0.008947139333558951,0.008907350835146361,0.18997249145615822,-0.10442937680466702
2019-05-02,19.987871170043945,20.09356399145492,19.723635944196467,19.77061165942625,16575223.0,0.006653418043065296,0.006631381747691158,0.18236805596935352,-0.09847077106145993
2019-05-03,19.794105529785156,20.1288018922901,19.75300240093744,20.08182743171917,35157216.0,-0.009694160954428543,-0.009741455233172146,0.1829318599327492,-0.10721034051191206
2019-05-06,19.359588623046875,19.664925824510295,19.33610075557167,19.576846955942564,16586780.0,-0.02195183339224105,-0.0221963600498836,0.19167228404871905,-0.1268087103713102
2019-05-07,19.142324447631836,19.21278676429364,18.760652402529495,19.201042833361964,32977891.0,-0.011222561576354706,-0.011286009667215794,0.1748984559411263,-0.13660815338710472
2019-05-08,19.359588623046875,19.600334823417764,19.22453528845729,19.22453528845729,20450083.0,0.011349936942580463,0.011286009667215699,0.18142376720068057,-0.1268087103713102
2019-05-09,19.118839263916016,19.30086704653463,18.93093888054481,19.12471186466861,24543499.0,-0.01243566502463056,-0.01251363498684007,0.18487576358361504,-0.13766742475155772
2019-05-10,19.030765533447266,19.259769092827153,18.807633307082565,19.077740004354805,16418076.0,-0.004606646316388852,-0.004617289610704924,0.18503047855907942,-0.1416398859328281
2019-05-13,18.73130226135254,18.819381157405896,18.590377550381906,18.625609362589035,21598945.0,-0.015735744921475114,-0.015860866074422855,0.1753486501895893,-0.1551468217385574
2019-05-14,18.64320945739746,18.89570073368127,18.57274715927321,18.831109765014073,15113880.0,-0.0047029727418811396,-0.004714066514325567,0.17282477801593418,-0.15912014320681264
2019-05-15,18.701942443847656,18.701942443847656,18.28503841809438,18.502296796977593,23968388.0,0.003150368855985297,0.0031454168417426867,0.17368891728232236,-0.15647106149434603
2019-05-16,18.461191177368164,18.59624324421063,18.296778641460577,18.49642170996061,20413714.0,-0.012873062100492771,-0.012956637990928652,0.1782175732531771,-0.16732986190329205
2019-05-17,18.49641990661621,18.790014417214373,18.2674163913782,18.420086247489166,26983074.0,0.0019082587309553478,0.0019064403182303573,0.17150397616034657,-0.16574091184226328
2019-05-20,18.97791862487793,19.013149161131388,18.431833892591083,18.613861713710467,27380871.0,0.026031995418177356,0.02569893088045428,0.1900084905653261,-0.1440234830817682
2019-05-21,19.711894989013672,19.72363891959274,19.001397974869825,19.024885836027963,26574515.0,0.038675282502981245,0.0379461343987171,0.23414525132707634,-0.11091834947403774
2019-05-22,19.729511260986328,19.846948027382744,19.35958316276687,19.788229644184536,14927841.0,0.0008936873893896635,0.0008932882885778948,0.2301889833386449,-0.11012378841482488
2019-05-23,19.688411712646484,19.79997716854483,19.453536868292836,19.606205453676285,17894262.0,-0.002083150859449545,-0.0020853236362067423,0.23037119323435143,-0.11197753480979226
2019-05-24,19.394811630249023,19.876306382030545,19.383067701068004,19.84694592461397,13072667.0,-0.01491232948002974,-0.015024636166781206,0.22973885159910878,-0.1252200183963769
2019-05-27,19.46527671813965,19.717768059294315,19.394814401912,19.57097082694524,12018297.0,0.0036331926926644886,0.0036266085908149186,0.230027327041099,-0.12204177415952543
2019-05-28,20.01136589050293,20.01136589050293,19.447664727993857,19.54161492174537,36895918.0,0.028054529112056414,0.027668209509519693,0.24953229948921074,-0.0974110695535145
2019-05-29,20.38716506958008,20.486987862612203,19.876312247486553,19.876312247486553,31874349.0,0.0187792867879899,0.018605132927078317,0.25598392588855584,-0.08046109317699494
2019-05-30,20.598552703857425,20.680758960998983,20.363676595800047,20.44001152125795,18068630.0,0.010368662516631932,0.010315276645055809,0.2573280783969231,-0.0709267045812345
2019-05-31,20.551578521728516,20.786454647466577,20.40478252930284,20.486988792632616,20639521.0,-0.002280460321861022,-0.0022830645314518903,0.25434947590260515,-0.07304541936753765
2019-06-03,20.60737991333008,20.748364954225995,20.401776199743463,20.67787243377804,21458113.0,0.0027151876213580284,0.002711508158232113,0.23791735206492698,-0.07052856376464321
2019-06-04,20.572132110595703,20.736615074206952,20.419398111452704,20.677871521337828,18756361.0,-0.0017104456210650376,-0.0017119101033594795,0.23259452764991775,-0.072118374112657
2019-06-05,20.172677993774418,20.654378023481268,20.131557244049777,20.61325727375663,13815348.0,-0.019417244390315114,-0.01960823546961659,0.24459973342067176,-0.09013527840779445
2019-06-06,20.384153366088867,20.49576790556289,20.196172453732068,20.378279517971823,12972736.0,0.01048325722443555,0.010428688921142945,0.23998682144518418,-0.08059693249190383
2019-06-07,20.601512908935547,20.724876455140013,20.36653732508538,20.43115602322279,15132234.0,0.010663162651056268,0.010606712072090055,0.2394898388891872,-0.07079318804118503
2019-06-10,20.343042373657227,20.484027481981453,20.03757294632436,20.47227851137564,20715092.0,-0.012546191943321516,-0.012625559952386624,0.23619010637169818,-0.08245119505906215
2019-06-11,20.44289779663086,20.548637216457017,20.113931841147014,20.47226957558874,33011654.0,0.004908578625532289,0.004896570831573368,0.23387095692428927,-0.0779473346072463
2019-06-12,20.325414657592773,20.63088403043944,20.249048266485524,20.442903073221885,19982721.0,-0.005746892647354951,-0.005763469575967099,0.2367302808739244,-0.08324627229046593
2019-06-13,19.961196899414062,20.313660791856694,19.80258903644545,20.29603797807624,41781867.0,-0.017919327320717326,-0.01808182259734816,0.24227989169430542,-0.09967388240978084
2019-06-14,19.96708106994629,20.014075684492006,19.66748675248297,19.91421133516184,21272188.0,0.0002947804463768744,0.00029473700715756994,0.24252373221466236,-0.09940848387495281
2019-06-17,19.943574905395508,20.160927605686805,19.86133341174325,19.91420312473003,17717967.0,-0.0011772459113296163,-0.001177939409629609,0.22874648861577307,-0.10046870155508916
2019-06-18,20.460533142089844,20.460533142089844,20.07869724282026,20.17856160633795,25822203.0,0.025921041696214564,0.02559078637610738,0.20645864915478548,-0.07715191326104857
2019-06-19,20.783618927001953,20.8482363522258,20.24904908963017,20.348913421817336,26374993.0,0.015790682611660944,0.015667306879523214,0.21212039302995733,-0.0625795120245753
2019-06-21,21.253564834594727,21.253564834594727,20.854106334766257,20.901100929669248,31106515.0,0.022611360862771823,0.02235951338375393,0.22245105806465526,-0.04138315909080742
2019-06-24,21.206571578979492,21.44154837675115,21.024464497232835,21.288813077357855,25737001.0,-0.0022110763996985305,-0.002213524438320478,0.21247784821637172,-0.043502734164095266
2019-06-25,20.942230224609375,21.282946571989346,20.842365876256995,21.14783531096816,26954749.0,-0.012465067886415881,-0.012543408540278557,0.22090966852920385,-0.055425537515911005
2019-06-26,21.441553115844727,21.441553115844727,20.98922350531571,21.05971605243879,37241370.0,0.02384287088242365,0.02356306843932898,0.21540360166041347,-0.032904170568068145
2019-06-27,21.294689178466797,21.400429891173815,20.97159826893276,21.265317393006654,23374129.0,-0.006849500900632077,-0.006873066401519427,0.21056209955499527,-0.03952829432275972
2019-06-28,21.30056381225586,21.494419888482888,21.23007127066083,21.412178378376595,19957908.0,0.00027587318790267545,0.00027583514189186235,0.20842077418590324,-0.03926332593142411
2019-07-01,21.20359992980957,21.609101432039427,21.121324373125084,21.609101432039427,18040532.0,-0.00455217445420375,-0.004562567151910116,0.2091508077323449,-0.04363676687633581
2019-07-02,21.127195358276367,21.34463929786133,20.986151945029786,21.185963235462815,21334503.0,-0.0036033773409291925,-0.0036098851431412295,0.20989222576137279,-0.04708290448027138
2019-07-03,21.491565704345703,21.538578494005225,20.939141930881476,20.980280979329283,19999036.0,0.017246508109113323,0.01709947521656574,0.21688177030398803,-0.030648412065077613
2019-07-04,21.73838996887207,22.038106947260868,21.573838873287023,21.609099096627844,26215807.0,0.011484703716884592,0.011419255135525047,0.2030517626330553,-0.01951569628015349
2019-07-05,21.979326248168945,22.008711443819237,21.550318647639116,21.650224248859,16253791.0,0.011083446365709682,0.011022475075062972,0.203322042405507,-0.008648551087454366
2019-07-08,21.92057228088379,22.03810805794072,21.779528840416265,22.020477945381785,11237547.0,-0.0026731468754667143,-0.002676726112549502,0.2028623994302637,-0.011298579115604333
2019-07-10,21.861797332763672,22.167391778427035,21.71487638888807,22.0557310482831,25793198.0,-0.002681268872317344,-0.0026848699120443076,0.19557805418925442,-0.01394955345943764
2019-07-11,21.83241081237793,21.83241081237793,21.4974311821271,21.72662763756214,17322437.0,-0.001344195078677335,-0.0013450993192901267,0.1962829458652647,-0.015274997617005051
2019-07-12,21.42691993713379,22.01460138896088,21.42691993713379,22.00872637783988,21213498.0,-0.01857288591392059,-0.018747527741727568,0.20920964826193464,-0.03356418274284955
2019-07-15,21.36814308166504,21.56795689960932,21.2271009472285,21.55620180090915,18855725.0,-0.0027431313339107977,-0.0027469006133320263,0.19571146286993849,-0.036215243115381344
2019-07-16,21.450428009033203,21.538578577484085,21.279998073369715,21.39165757673767,20218045.0,0.0038508225564424237,0.003843427118860333,0.19536841882017386,-0.032503879034014714
2019-07-17,21.391647338867188,21.697244296561355,21.379894782030483,21.503308058793323,26198019.0,-0.00274030290403815,-0.0027440644073849787,0.19595282373450593,-0.03515511146394348
2019-07-18,21.961706161499023,21.961706161499023,21.42691516875118,21.43279017856474,18365476.0,0.026648664013644074,0.02629977311198721,0.19702591678077766,-0.009443284204064203
2019-07-19,21.391647338867188,21.908808099586945,21.391647338867188,21.791272371239952,19425851.0,-0.025956946078770637,-0.02629977311198721,0.21796884018022633,-0.03515511146394348
2019-07-22,21.756011962890625,21.891177795261,21.520937968339357,21.562075726886206,21145292.0,0.0170330324846657,0.016889596858187396,0.21178364187289345,-0.018720877134845167
2019-07-23,21.96758079528809,22.067486428804113,21.585585828320337,21.89118027789738,23938590.0,0.009724614637937279,0.009677634900686828,0.2134648226190243,-0.00917831581272844
2019-07-24,21.949954986572266,22.185029081018687,21.820666647622986,22.038108089489175,16643203.0,-0.0008023554746457995,-0.0008026775340819379,0.20699894336241978,-0.009973307015433893
2019-07-25,21.274112701416016,22.126253125615325,21.144821869607544,22.126253125615325,25357333.0,-0.030790144470441594,-0.031274121365138186,0.22334035680243217,-0.04045637192202221
2019-07-26,21.656105041503903,21.79127342161377,21.162453180655245,21.438663679581452,26994858.0,0.01795573547292806,0.017796435329262547,0.23088507863117838,-0.02322706036152028
2019-07-29,21.74427604675293,21.902952212540864,21.42105124162451,21.603232541605937,22919117.0,0.00407141566223701,0.0040631498775243035,0.23115324716642893,-0.019250211716626973
2019-07-30,21.021404266357425,21.62671669340785,20.956758867644133,21.62671669340785,50086077.0,-0.033244233049711025,-0.03380938321612882,0.26181863062083094,-0.0518544862417742
2019-07-31,20.463117599487305,21.02729259992783,20.39259461318403,21.003784937826737,40269086.0,-0.026558010102284202,-0.02691704516191261,0.2781342598281691,-0.0770353443746006
2019-08-01,20.507213592529297,21.236255073623976,20.507213592529297,20.70123349558304,37163986.0,0.002154901022662248,0.0021525825535703637,0.26974209353884077,-0.07504644689431236
2019-08-02,20.53660774230957,20.695350933835865,20.33083023693024,20.577763243385437,31506464.0,0.0014333565917010738,0.001432330316703227,0.2652759736636782,-0.07372065862195101
2019-08-05,20.25438117980957,20.41312423913545,20.013328457424254,20.107398277334685,24126781.0,-0.013742608615859964,-0.01383791241754805,0.262706350470646,-0.08645015307946609
2019-08-06,20.8658504486084,20.8658504486084,20.460175546491673,20.542486543506097,20106444.0,0.03018948164204427,0.029742748081737238,0.28891161300194423,-0.058870556746766264
2019-08-07,21.63604736328125,21.63604736328125,20.55424550333525,20.61891752223145,36330551.0,0.03691183911098239,0.036246910311283034,0.3199079133245496,-0.024131738154794535
2019-08-08,21.75364112854004,21.95941869127044,21.55962373573204,21.75364112854004,34212974.0,0.005435085405588458,0.005420368629446696,0.32057688572092014,-0.01882781080706275
2019-08-09,21.58900260925293,21.753624533855938,21.3714675836372,21.74774699446956,13465478.0,-0.007568320094749947,-0.007597105157629295,0.3143953547353891,-0.026253636002941495
2019-08-12,20.695341110229492,21.189206888713063,20.68946230024286,21.16569037822191,22939624.0,-0.04139429297398012,-0.04227543877336855,0.34900909754477566,-0.06656117827658364
2019-08-13,21.10102081298828,21.23624617182139,20.648310436720628,20.683585843910663,15448455.0,0.019602465144112458,0.01941281127299359,0.35652438264573927,-0.04826347630958907
2019-08-14,20.63655662536621,20.912887509646456,20.589522311121097,20.81293879778481,23531503.0,-0.022011455831377535,-0.02225732254493952,0.36455812578537955,-0.06921258276390937
2019-08-15,20.57776260375977,20.85997228974164,20.466055000103974,20.85997228974164,21625004.0,-0.0028490228614095336,-0.002853089051991637,0.3491183606172559,-0.07186441739472738
2019-08-16,20.660097122192383,20.966840917719196,20.52777690636089,20.93075417693213,16250619.0,0.004001140455258678,0.003993157180504536,0.33901015062269085,-0.06815081656720029
2019-08-19,20.56987762451172,20.97285486871501,20.395454056229426,20.840533361774337,25638203.0,-0.004366847703912935,-0.004376410232238382,0.3318390080210884,-0.07222006003426695
2019-08-20,20.341331481933594,20.720250198551515,20.178938488964675,20.6721340931672,19603279.0,-0.01111071960417409,-0.011172904692312231,0.3296846359177075,-0.08252836280160371
2019-08-21,20.497713088989254,20.654092066421665,20.305246055333413,20.563872575747023,22148790.0,0.0076878746700801415,0.007658473553529475,0.33207977983751086,-0.07547495584146922
2019-08-22,20.172916412353516,20.648069780260556,20.148857717828943,20.539806954667373,15354416.0,-0.015845507995241204,-0.015972390183855868,0.31925269724263783,-0.09012452482048391
2019-08-23,19.93835067749023,20.389445425246883,19.806030435323592,19.902263929520977,29781924.0,-0.011627755257025751,-0.011695886258546761,0.3112557619803053,-0.10070433416024134
2019-08-26,19.93233108520508,20.106753351127555,19.661675351965386,20.094725305009245,20180429.0,-0.00030191024235248776,-0.00030195582642480285,0.3101149789544379,-0.10097584073266153
2019-08-27,20.166898727416992,20.407481729684022,19.89624171257032,19.93834377046123,32389410.0,0.011768199173955107,0.011699492429163193,0.2944557987965366,-0.09039594536420593
2019-08-28,20.395463943481445,20.50372681077675,19.94437039610821,19.980458451795943,16420455.0,0.011333681948514807,0.011269936966656709,0.282690720909613,-0.08008678230988432
2019-08-29,20.50372886657715,20.73228397597968,20.172926205459397,20.47967016037309,19169793.0,0.005308284400674657,0.00529424512011581,0.2832518214405335,-0.07520362132644554
2019-08-30,20.413503646850582,20.786408265682923,20.317270154901355,20.768363592352227,28678156.0,-0.004400429810288875,-0.004410140198605348,0.28361662551152483,-0.07927312287960782
2019-09-02,20.15777015686035,20.572960358232145,20.15777015686035,20.398460920182803,9478791.0,-0.012527662787063298,-0.01260679554815496,0.28286993507833247,-0.09080767871515795
2019-09-03,19.77266311645508,20.34430128348755,19.718507771117658,20.163783899143503,21658767.0,-0.019104644879295085,-0.01928949674706194,0.26704332968936934,-0.10817747514028683
2019-09-04,19.911060333251953,20.04343905832667,19.742577610242993,20.02538770953059,17459076.0,0.00699942218110694,0.006975039933983498,0.2277592935320429,-0.10193523277817293
2019-09-05,20.4766845703125,20.855772072189737,20.091581684772972,20.109633037129203,47627014.0,0.02840753970876886,0.02801152787705198,0.2530662723189673,-0.07642342224227265
2019-09-06,21.162641525268555,21.198744212855384,20.609054845747764,20.609054845747764,24245520.0,0.03349941503472542,0.032950534135389696,0.2825603754134689,-0.04548414714761527
2019-09-09,21.68013381958008,21.842598586364307,21.276978294013816,21.282994977829333,39482670.0,0.024453104953539695,0.024158914055753017,0.2504157671621574,-0.022143270817998557
2019-09-10,21.258922576904297,21.836577453945452,21.114509182729535,21.728268058485437,25237235.0,-0.019428442932182155,-0.019619655827305706,0.2533997567926236,-0.04114150447676141
2019-09-11,21.162641525268555,21.469520871465217,21.054330861824624,21.367228189513572,18544604.0,-0.0045289713666083475,-0.004539258228447216,0.23985605176871516,-0.04548414714761527
2019-09-12,21.295024871826172,21.42138690670452,21.150611489205776,21.36121488066969,15460578.0,0.006255520909313139,0.006236036353535587,0.23995935234240054,-0.03951315327182626
2019-09-13,21.583852767944336,21.908783526460052,21.367232695714524,21.367232695714524,28419039.0,0.01356316312643946,0.013472006750373442,0.24348690389390093,-0.026485913488852573
2019-09-16,21.19875717163086,21.43342998576735,21.006205052321807,21.37927462094028,22842752.0,-0.01784183762064062,-0.01800292211057045,0.2529780721139457,-0.04385519374179071
2019-09-17,21.2769832611084,21.33113862945977,20.98213837812852,21.00018973413145,13879363.0,0.0036901262108999244,0.0036833343984758395,0.2485606708081373,-0.040326898730801405
2019-09-18,21.210790634155273,21.44546343493246,20.95806647957752,21.282997349699997,15087367.0,-0.003110996805365529,-0.0031158460157907956,0.2483926697340656,-0.04331243868304516
2019-09-19,20.855772018432617,21.559789062276728,20.771530640530887,21.385289622484148,20381537.0,-0.016737641790258273,-0.016879299013133123,0.24926825330100358,-0.0593251323895641
2019-09-20,20.909927368164062,21.120529512500102,20.83170267427966,20.988150761706123,37275926.0,0.0025966600365396886,0.002593294539642262,0.24421963593709997,-0.05688251955346288
2019-09-23,20.84374237060547,20.89187975513999,20.578983504809,20.879845083920696,14969309.0,-0.003165242824294201,-0.0031702628011251706,0.2448486705158358,-0.059867715390912686
2019-09-24,20.62712287902832,20.99417583542324,20.52483011431119,20.952055132264096,11893780.0,-0.010392543130001042,-0.010446922695790537,0.24611174445506367,-0.06963808070661909
2019-09-25,20.867809295654297,21.012224042212672,20.488723024080898,20.57296441776387,16169836.0,0.011668443439132536,0.011600892124312963,0.246295361824824,-0.058782205273421574
2019-09-26,21.46953392028809,21.48156859024541,20.819670844990323,20.988153623707795,21152430.0,0.028835064385944076,0.028427156721679985,0.2644812185574948,-0.03164212956128445
2019-09-27,21.3792724609375,21.445462489076856,21.04230693636241,21.41537646728871,18327294.0,-0.0042041648265729314,-0.004213027175422873,0.2644157937356872,-0.035713265659717955
2019-09-30,21.07840919494629,21.535718768755043,21.07840919494629,21.39130535600936,18111458.0,-0.014072661571665979,-0.014172620372536325,0.26564305882641215,-0.049283346530135684
2019-10-01,20.59983253479004,21.255994467263672,20.587794012050516,21.20181591133835,19370107.0,-0.02270459102155553,-0.022966309306782257,0.2698809165124135,-0.07086897932455083
2019-10-02,20.033971786499023,20.43128079980144,19.93765448936206,20.37710223885568,26887449.0,-0.027469191671114834,-0.0278535244757578,0.28908295729376676,-0.09639145741906334
2019-10-03,20.03998756408691,20.22660155097329,19.775114084533335,20.009887358938244,24835586.0,0.0003002788289809821,0.00030023375431650093,0.2699633457284054,-0.09612012290403997
2019-10-04,20.136306762695312,20.166404368922123,19.72695798326214,20.003870010261256,28530639.0,0.004806350218550692,0.004794836594938557,0.2396958279053048,-0.09177575965921624
2019-10-07,19.763072967529297,20.25067853465843,19.732972766334505,20.039984931688927,17645455.0,-0.01853536497852082,-0.01870929747719933,0.22429984527575636,-0.10861002743627252
2019-10-08,19.67879867553711,20.027947015561587,19.600540481525215,19.93765030022406,16865951.0,-0.004264230169602201,-0.004273347928451914,0.2171990982259856,-0.11241111945015962
2019-10-09,19.99183654785156,20.130292605402424,19.642686772484108,19.85940105418101,14097805.0,0.015907366982903737,0.015782170770241983,0.22806475732268344,-0.09829191739730857
2019-10-10,20.136306762695312,20.20252383801304,19.8714332578272,19.925611811013923,12342562.0,0.007226460385365563,0.007200474635409198,0.22859919198673495,-0.09177575965921624
2019-10-11,20.39515686035156,20.63594940002664,20.22058139098017,20.226601952489087,22626576.0,0.012854894430581298,0.012772971601078213,0.22795189375022964,-0.08010063293034066
2019-10-14,20.73828887939453,20.79246743616658,20.29884246465371,20.353021021425757,11634550.0,0.016824191223065554,0.016684232135531583,0.23057240171318094,-0.06462407007278372
2019-10-15,20.690141677856445,20.852677432958252,20.581784507788576,20.75636009299793,18101714.0,-0.002321657385432885,-0.0023243566105337634,0.22990525576531323,-0.06679569250865534
2019-10-16,20.985107421875,21.057346383447836,20.365066091789416,20.750335349912316,20011385.0,0.014256342397801935,0.014155676373309478,0.2362800049154085,-0.053491612373955055
2019-10-17,20.858686447143555,21.147638325027195,20.66003260024205,20.97908338815326,19322521.0,-0.0060243186841951735,-0.0060425381019052,0.2293677450101157,-0.05919368053827812
2019-10-18,20.61187171936035,20.840624444271196,20.557693168534257,20.840624444271196,12936707.0,-0.01183270712701101,-0.01190327079785835,0.23294402226535918,-0.07032596617970982
2019-10-21,20.948986053466797,20.99112479085407,20.461380292014223,20.6239146785654,18556274.0,0.01635534796142757,0.016223039937880195,0.24029185142335324,-0.055120823865875065
2019-10-22,21.599119186401367,21.60513974744389,20.870721062294223,20.93091886732483,40264667.0,0.03103410977864396,0.030562288656946594,0.2594069135990051,-0.025797339786173948
2019-10-23,21.906139373779297,22.122851030665647,21.376394853547595,21.42455285497794,38952766.0,0.01421447720753477,0.014114398786401666,0.26075184774090304,-0.011949558277044756
2019-10-24,22.008480072021484,22.17101449565223,21.74962702564686,21.94828223370638,30875043.0,0.004671781572096023,0.00466090266997873,0.24231743816925086,-0.007333602431102196
2019-10-25,22.1529483795166,22.351603524581492,21.87603632963773,22.002452530552077,21476581.0,0.006564211023312616,0.006542760409865467,0.24211502743315427,-0.0008175307217085162
2019-10-28,22.453947067260746,22.59240183440113,21.99042085294781,22.0626572177864,23766261.0,0.01358729694068428,0.013495817330516725,0.23782159179947218,0.0
2019-10-29,22.056625366210938,22.411794207816833,22.014486645989933,22.327516767374824,18759987.0,-0.0176949602606451,-0.01785338776438285,0.23096525656333597,-0.017694960260645133
2019-10-30,22.195083618164062,22.273340510655174,21.617181262256036,21.954289777378115,26711381.0,0.006277399631823721,0.0062577788276965175,0.19927737619760533,-0.011528638965846778
2019-10-31,21.809823989868164,22.074696273299875,21.4787333103536,21.851961431766707,29501393.0,-0.017357881363447958,-0.01751029568776714,0.21444450644838256,-0.02868640758184352
2019-11-01,21.8911190032959,22.228368481174073,21.6261370847576,22.077810306710415,21479867.0,0.0037274493120853514,0.0037205195876908975,0.2144409852622485,-0.02506588539996541
2019-11-04,21.963394165039062,22.132018972337736,21.824882045991167,21.951350651465173,11404098.0,0.0033015745669411345,0.0032961363361594066,0.19679076750844413,-0.02184706772275864
2019-11-05,22.34279441833496,22.87878139502651,22.16212614244694,22.668000438385462,53231512.0,0.017274208642115152,0.017126705740959487,0.1976737545713187,-0.0049502498867048765
2019-11-06,22.041675567626953,22.49937051049116,22.023609004471275,22.34278929168176,21562009.0,-0.01347722424823028,-0.013568866353874562,0.20636005982586078,-0.018360758507127248
2019-11-07,22.174169540405273,22.252461468814836,22.023613946034914,22.150079916500538,17776203.0,0.006011066280864563,0.005993071896234263,0.2062244902993584,-0.0124600599626159
2019-11-08,21.84295082092285,22.150087778247983,21.69239257023803,21.89715054178812,17094704.0,-0.014937142014670779,-0.015049824632620083,0.21543642171367025,-0.027211084292113826
2019-11-11,21.93929672241211,22.1621211393255,21.620112529705356,21.800782066245404,19804840.0,0.0044108464226806365,0.004401147150472804,0.20974983524123078,-0.02292026178324027
2019-11-12,21.565914154052734,21.854984406423984,21.337066654019125,21.69238271482471,22256652.0,-0.017018894137018736,-0.01716537991188011,0.2208923343607642,-0.039549078411377336
2019-11-13,21.349117279052734,21.583987899148365,21.18651424173147,21.48160763056598,20040504.0,-0.01005275609702172,-0.010103626260300574,0.2200755957952041,-0.049204257269267464
2019-11-14,21.487632751464844,21.55387728286273,21.17447146078924,21.379230716175645,15875935.0,0.0064881123936686436,0.006467155192062632,0.219350415530233,-0.043035387627008724
2019-11-18,21.391273498535156,21.800790668952473,21.36718387044044,21.68034513135604,15120338.0,-0.004484405241108713,-0.004494490348057196,0.21488365285513072,-0.047326804750289705
2019-11-19,21.156400680541992,21.439449226217636,20.98777590427238,21.379226463675188,20266650.0,-0.01097984269189245,-0.011040566062466185,0.21248571863620197,-0.057787006570914075
2019-11-21,21.373197555541992,21.379220611010464,21.096172142820706,21.15639488887689,29530285.0,0.0102473420821243,0.010195194022353323,0.18474666741023663,-0.04813182771302395
2019-11-22,21.517728805541992,21.577951537149495,21.20456903945764,21.23467910382362,18618589.0,0.006762266133759853,0.006739504567689057,0.17875290338383798,-0.041695041807763865
2019-11-25,21.21060562133789,21.620122825168924,21.08413701567954,21.553876993222545,17224432.0,-0.014273029787651215,-0.01437586920352754,0.18361233224018056,-0.05537295702169551
2019-11-26,20.776988983154297,21.13230500240176,20.686653563775337,21.078104011062,29657861.0,-0.02044338789399658,-0.020655246324378655,0.19230624475479496,-0.07468433407645991
2019-11-27,20.897441864013672,21.035955268324702,20.632459868997593,20.897441864013672,21942357.0,0.005797417564067375,0.005780677208254785,0.1852391491866428,-0.069319892782528
2019-11-28,20.83721351623535,20.897436266696257,20.48791922097337,20.746878089105813,17958276.0,-0.0028820918928855743,-0.0028862531170018553,0.1774092108320572,-0.0720021983744093
2019-11-29,20.957666397094727,20.975732967185337,20.656549954578914,20.879375757637817,18729509.0,0.005780661640075957,0.0057640177266616716,0.1770815993582475,-0.06663775708047738
2019-12-02,21.25589179992676,21.40048923389931,20.990794334311634,21.03899434696866,18635470.0,0.014229895503698575,0.014129600875619912,0.1779962710462789,-0.05335610989663477
2019-12-03,21.261919021606445,21.51496521622807,21.032971534568233,21.442666489478956,18127093.0,0.00028355534251001124,0.00028351514829188894,0.17713000152155237,-0.053087683964141506
2019-12-04,22.027088165283203,22.03311382002082,21.26794811032449,21.322172492964377,38590319.0,0.035987774334912626,0.03535534293263449,0.21992805151992303,-0.019010417219693616
2019-12-05,21.996957778930664,22.334352707900383,21.870434680567023,21.912609046688235,32944354.0,-0.0013678787739193066,-0.0013688151741080804,0.21058721751189036,-0.02035229204741471
2019-12-06,21.599308013916016,22.099374612383443,21.599308013916016,21.99092850505169,32623828.0,-0.018077489124224688,-0.018242883236326324,0.21496014414858625,-0.0380618628334992
2019-12-09,22.021053314208984,22.21987640152352,21.551111030918083,21.68968410601646,30252119.0,0.019525870922403987,0.019337686799080153,0.2256810412586483,-0.019279182931848424
2019-12-10,21.701738357543945,22.153607705752353,21.557140895236987,22.021058946971376,24390430.0,-0.014500439743225346,-0.014606598602780175,0.22530321319650565,-0.03350006604467184
2019-12-11,21.448692321777344,22.093359159632616,21.42459231053053,21.99093606483296,41970398.0,-0.011660173558337927,-0.011728686484525706,0.22807421574499923,-0.04476962301871309
2019-12-12,21.44267463684082,21.74391966308982,21.298077128401296,21.659570899500107,26461781.0,-0.0002805618564639678,-0.00028060122130463977,0.22006431904164275,-0.04503762422662979
2019-12-13,21.899574279785156,21.93576118599722,21.320572050016263,21.591979060107132,30880481.0,0.02130795950983333,0.021084119079657564,0.2292648798761241,-0.0246893245902365
2019-12-16,21.39897918701172,22.098608824725066,21.39897918701172,21.977981452080307,24544972.0,-0.022858667770337515,-0.023123978005750667,0.24396340534025254,-0.04698362729229178
2019-12-17,21.72467041015625,21.881484709485093,21.435169895588327,21.561826696555624,21811156.0,0.01521994204948851,0.015105280693873756,0.2492572782487088,-0.032478773327466626
2019-12-18,22.002103805541992,22.164947477074584,21.549758390854244,21.664352423548472,45832002.0,0.012770430581816372,0.012689576268515058,0.24857192788367335,-0.020123110665811142
2019-12-19,22.11067008972168,22.1408275843401,21.778949379295575,21.809106873913993,24986388.0,0.00493435923851715,0.004922225187444252,0.24695430492137505,-0.015288046084315629
2019-12-20,22.0141658782959,22.134790616305818,21.893538533536223,22.092571697327372,28170345.0,-0.004364599129478286,-0.004374151798104951,0.24709489765526654,-0.019585919021162905
2019-12-23,22.219223022460938,22.219223022460938,21.89956519880473,22.014160496624545,13246469.0,0.009314781459297095,0.009271666413830044,0.24159630976483973,-0.010453576117227538
2019-12-26,22.556976318359375,22.556976318359375,22.104629710638804,22.19509955353279,18505402.0,0.01520094989626819,0.01508657309162615,0.22952018217194886,0.0
2019-12-27,22.496673583984375,22.73189371209913,22.26145345586962,22.617298354953313,15244854.0,-0.0026733518501732556,-0.0026769316366732766,0.23066419849186642,-0.0026733518501732404
2019-12-30,22.37604522705078,22.671580334467343,22.23129498687248,22.52079807397943,10452831.0,-0.005362053037897607,-0.0053764804410667425,0.23177212253447388,-0.008021070233661234
2020-01-02,22.946226119995117,22.946226119995117,22.31872068431852,22.493696506621983,23414691.0,0.025481754579894877,0.025162506641058024,0.24411582852491803,0.0
2020-01-03,22.704872131347656,23.072929688495915,22.59626754838928,22.62643461883212,28201956.0,-0.010518243278233363,-0.01057395097479694,0.24696745562768166,-0.010518243278233341
2020-01-06,22.36699676513672,22.674717745743113,22.270458434788683,22.656616971790665,25259895.0,-0.014881183397833286,-0.014993019092730715,0.25525415238928345,-0.02524290276882017
2020-01-07,21.84809112548828,22.469563467170193,21.84809112548828,22.366990704031984,22661019.0,-0.02319961169115259,-0.023472958654141073,0.2398788475517937,-0.04785688891777859
2020-01-08,21.492101669311523,22.210114899239866,21.492101669311523,21.992900462245863,29436359.0,-0.016293847097765712,-0.016428051626592825,0.24654233249056823,-0.06337096318494324
2020-01-09,21.063703536987305,21.679143898563584,20.828389676972115,21.594670618271213,54864165.0,-0.01993281713048689,-0.020134155718751223,0.24836498640252277,-0.08204061849488185
2020-01-10,20.87666130065918,21.38952767765535,20.858560533252867,21.16628009867017,28915972.0,-0.008879836159851218,-0.008919496866582733,0.23729741519399922,-0.09019194740404562
2020-01-13,21.154216766357425,21.359363619448104,20.961137528613513,21.13008153566387,33084393.0,0.01329501215261275,0.01320740908028311,0.23926886489905488,-0.0780960382882374
2020-01-14,21.154216766357425,21.154216766357425,20.894767600059623,21.069744762832244,20884928.0,0.0,0.0,0.23607490186053787,-0.0780960382882374
2020-01-15,20.894773483276367,21.08181831406086,20.75599782356759,21.051649919150712,37114247.0,-0.012264376693618018,-0.012340204788835232,0.2396507296082826,-0.0894026157500093
2020-01-16,20.937002182006836,21.160249804930597,20.7680581758918,21.05767703090425,25897547.0,0.0020210173019710176,0.002018977793961932,0.22515544211065475,-0.08756228268131042
2020-01-17,21.08180046081543,21.29901350256194,20.955092527154587,21.05766524376531,22346045.0,0.006915903124518508,0.006892097959624533,0.21313120983199124,-0.08125195182117748
2020-01-20,20.653419494628903,21.118015549867476,20.61118348960722,20.99734199489257,20759052.0,-0.02031994216920685,-0.020529232222205825,0.2155006891763927,-0.09992085902824278
2020-01-21,20.212953567504883,20.804258830530745,20.176752029380143,20.520674464977816,30452887.0,-0.021326537585631633,-0.02155723405605781,0.2177010690049551,-0.11911643065821997
2020-01-22,20.333629608154297,20.556877220788653,20.212954764818743,20.424136066631508,19763485.0,0.005970232912592133,0.0059524816896608665,0.21830607586288062,-0.11385735058037405
2020-01-23,20.81633186340332,21.003376669477873,20.152622047450336,20.21295882929972,37476920.0,0.023739109276164294,0.023461718058876677,0.23934057827759103,-0.09282111339153186
2020-01-24,20.659446716308594,20.88872743355016,20.484468297438536,20.882692975574283,16718661.0,-0.007536637488497311,-0.007565181448235824,0.23551107431961135,-0.09965819179711849
2020-01-27,20.212953567504883,20.568943617111504,20.158651260317775,20.357763631710164,16300584.0,-0.02161205742510275,-0.021849018300301695,0.23304065784149108,-0.11911643065821997
2020-01-28,20.206918716430664,20.49653751663064,20.092278348820884,20.375862690571815,19471058.0,-0.0002985635451080437,-0.00029860812407660154,0.23357320132066034,-0.1193794303795101
2020-01-29,19.89316749572754,20.387931842500983,19.862999112911147,20.3275950768682,22740896.0,-0.01552692051203275,-0.015648725626269573,0.23640755192007054,-0.13305275596526842
2020-01-30,20.182783126831055,20.182783126831055,19.65784917633273,19.70008516637846,47347843.0,0.014558547861506455,0.014453589669776869,0.22026147111298147,-0.12043126301958758
2020-01-31,19.802658081054688,20.146580462298093,19.633714119433897,19.905232131968667,28845953.0,-0.01883412428244491,-0.019013745313505737,0.2243734465655109,-0.13699716992682973
2020-02-03,19.86000061035156,20.107495150693342,19.793599063407175,19.920364941484028,19924938.0,0.0028956986007717678,0.00289151414158731,0.22473292258648403,-0.13449817383932477
2020-02-04,20.01695251464844,20.198046847471147,19.8600044407349,20.13768250469626,17822429.0,0.007902915381335696,0.007871850904857784,0.21979452298418095,-0.12765818614478552
2020-02-05,20.13767433166504,20.59644523775533,20.13767433166504,20.34895075012702,39419222.0,0.006030978837975098,0.00601286527695361,0.21790149180369936,-0.12239711112594387
2020-02-06,20.089399337768555,20.367077530979095,19.986779646385873,20.342931260830703,30010677.0,-0.0023972477209334153,-0.002400125719688505,0.2085743952211606,-0.12450094265118182
2020-02-07,20.348966598510746,20.61457163208088,19.920376213261704,19.95055839590627,42053561.0,0.012920608345626361,0.012837849387366037,0.21374452167313343,-0.11318896222421276
2020-02-10,20.693044662475582,20.86810314486701,20.330857172956023,20.361038050542597,52133635.0,0.016908871627418165,0.016767507965529508,0.21728912149787735,-0.09819398822868457
2020-02-11,21.169923782348633,21.399310687335305,20.91035600332221,21.224252225516572,108217248.0,0.023045382042683027,0.022783847708590106,0.2332838091713737,-0.07741152415902638
2020-02-12,21.08541488647461,21.41742148656512,20.98279521014599,21.230291181613296,75093200.0,-0.003991931985342645,-0.003999921014024368,0.22925853428003445,-0.0810944346050445
2020-02-13,20.759431838989254,21.00089173709699,20.64473910486177,20.9525992356764,22982338.0,-0.015460120146578604,-0.015580874000242573,0.23607587773229396,-0.09530082504941027
2020-02-14,20.409326553344727,20.76547936238248,20.32481593840327,20.68700466086616,35695618.0,-0.016864878015928064,-0.01700870949817384,0.2414331373472025,-0.11055846627606276
2020-02-17,20.222190856933594,20.51797925350417,20.137681563696557,20.51797925350417,36522255.0,-0.009169126473723144,-0.009211421652283568,0.23286750687855265,-0.11871386818975979
2020-02-18,20.306703567504883,20.367067909861937,19.902259603816923,20.14975419017967,27135350.0,0.0041792064553831665,0.004170497827090485,0.220398359542068,-0.11503079149865869
2020-02-19,20.59645652770996,20.777550886301096,20.234269115025928,20.34292468658202,22404168.0,0.014268832912336604,0.014167991245894598,0.22510587455384193,-0.10240331372999022
2020-02-20,20.52402114868164,20.687006479467513,20.42140147994519,20.662860214647747,54393857.0,-0.0035168854861450383,-0.0035230842657725274,0.20859841379496513,-0.1055600584883451
2020-02-21,20.329130172729492,20.465985465061472,20.186054796337753,20.391336390534,22094859.0,-0.009495750103759137,-0.009541122195249288,0.20957565608318762,-0.11405343665576072
2020-02-26,19.315160751342773,19.657297609201443,19.140982280644163,19.34626385763872,39916949.0,-0.0498776589441543,-0.051164522620205516,0.2666724500062119,-0.1582423771849903
2020-02-27,19.327587127685547,20.111389632049665,19.016553619686768,19.09742270817061,69123763.0,0.0006433483263612594,0.0006431414665439333,0.26678579369308325,-0.1577008338271505
2020-02-28,19.906129837036133,19.955895897634075,19.1596496824831,19.346269721121356,63523344.0,0.029933519664328,0.029494256143274288,0.28421286549835273,-0.13248785517326853
2020-03-02,19.840776443481445,20.09594233069399,19.46113709554953,19.871894136195262,58095028.0,-0.003283078834997566,-0.003288479963108828,0.27920638245839197,-0.13533596593505254
2020-03-03,19.479806900024418,19.896785555913397,19.26820472716446,19.697632072851462,49501903.0,-0.018193317407979914,-0.018360850911578946,0.2786522523995907,-0.15106707315806042
2020-03-04,19.66651725769043,19.80965838224294,19.249537195922027,19.79721238048959,35383476.0,0.009584815631092258,0.0095391727066587,0.2808179173788177,-0.14293020757111694
2020-03-05,18.994369506835938,19.598057064899024,18.78276730799768,19.454914598763157,34451470.0,-0.03417726392768672,-0.0347749646390918,0.3038355974766533,-0.1722225080714066
2020-03-06,18.58983039855957,18.88856257433707,18.247533197872745,18.42179329751005,36741263.0,-0.021297843454649912,-0.021527915073328244,0.3091358371112347,-0.18985238350978448
2020-03-09,17.30155372619629,17.70608637979832,17.033939175461263,17.426024484269586,53794386.0,-0.0693000766947881,-0.07181837019596411,0.39158528971303314,-0.24599567546665618
2020-03-10,17.73098373413086,18.48403677540363,17.164636858027635,18.359564653691827,50493617.0,0.024820314679852684,0.024517294471684967,0.40168316399142145,-0.22728105086176878
2020-03-11,16.28709602355957,17.513140333715864,15.577608705816536,17.301539678820195,54658299.0,-0.08143302888445547,-0.08494046341338939,0.47736252943023877,-0.2902058953665085
2020-03-12,14.68764877319336,15.28511324538478,13.94704320019621,14.438705915579549,66265997.0,-0.09820334134781195,-0.10336621820030088,0.5586488881549475,-0.3599100481104958
2020-03-13,16.312007904052734,16.915695531310536,14.718771591748048,16.76632870239106,101625228.0,0.11059354400031784,0.10489459673474594,0.709045076877528,-0.28912023185204255
2020-03-16,14.812125205993652,15.969711110097409,14.139977814454411,14.625417671951212,70717328.0,-0.091949605890421,-0.09645540180023676,0.7687980738626721,-0.35448534636872114
2020-03-17,15.683428764343262,16.623189593777223,14.625420124008194,15.254002574488313,79869022.0,0.05882366954318208,0.05715854618627848,0.812467008379123,-0.31651380569823306
2020-03-18,14.594290733337402,15.092176278924326,13.405586538748766,14.91791620347576,94874360.0,-0.06944514795655188,-0.071974255638386,0.8385384748816992,-0.36397860558777984
2020-03-19,14.2208833694458,14.768558564149092,13.150427673870857,14.171095326714656,83448395.0,-0.025585852078349736,-0.025918862507887882,0.835589437848931,-0.3802517549038767
2020-03-20,13.72299098968506,14.91791835427717,13.442930498030924,14.5569508109579,83160613.0,-0.03501135385376164,-0.03563894336393341,0.8289844150158561,-0.4019499800131848
2020-03-23,12.770788192749023,13.996832223007027,12.44716124453923,13.853689767152462,60567800.0,-0.06938740961440282,-0.07191221034267395,0.8459946010273144,-0.4434471217199118
2020-03-24,14.003058433532717,14.48849690311338,13.38070049014293,13.50517127186159,58312904.0,0.09649132239804503,0.09211537493481903,0.9402951547080769,-0.38974459851022786
2020-03-25,14.68764877319336,15.390913657260976,13.698098997650508,13.835018443543833,49727030.0,0.04888862978828068,0.04773115579727448,0.9602405391815672,-0.3599100481104958
2020-03-26,15.092183113098145,15.44692776728925,14.762334495870885,15.079735767082244,57531134.0,0.02754248458358477,0.027170014060070385,0.9700602007425874,-0.34228038047847165
2020-03-27,14.295574188232422,14.949051528707637,14.009289082109245,14.326691900648784,47564812.0,-0.05278288229715189,-0.05422694311656888,0.9676596859458361,-0.376996717740204
2020-03-30,15.005051612854004,15.179311750685905,14.20843364777504,14.38269378560694,34245491.0,0.04962916601178535,0.04843692656150241,0.9941217472976891,-0.34607758441904535
2020-03-31,14.370243072509766,15.092178144292795,14.195982975522938,14.905472050319704,46028351.0,-0.0423063216790559,-0.0432273033733484,0.999483358325594,-0.3737426364857585
2020-04-01,13.327118873596191,13.937425763890944,13.196337479869849,13.837783630360326,50241525.0,-0.0725891826359617,-0.07535864290902188,1.0168801972771582,-0.4192021466230096
2020-04-02,13.389402389526367,13.70078305799976,13.171435517852943,13.31466973711821,44364087.0,0.0046734419135086025,0.004662555289342664,1.0186346267386743,-0.41648782159176173
2020-04-03,12.866278648376465,13.37694496858787,12.461482897178293,13.339578647911445,42366382.0,-0.03906998430035291,-0.03985369711773516,1.0216720840081166,-0.4392856332412363
2020-04-06,13.81287670135498,14.124258625701522,13.632276208046871,13.787965824413716,44533358.0,0.07357201556473081,0.07099142091635668,1.0480585735381323,-0.39803274712269243
2020-04-07,14.323542594909668,14.871573799207471,14.273720842260923,14.634923165738734,43110310.0,0.03697027813942566,0.03630326744746994,1.0542117004032467,-0.3757778503529923
2020-04-08,15.058396339416504,15.189175020536736,14.286170264971943,14.32976360728063,46392951.0,0.051303910302747946,0.050031213085499765,1.0368181862131125,-0.3437528131785137
2020-04-09,14.63491916656494,15.382234485631717,14.63491916656494,15.232770614334749,42268831.0,-0.028122328786305162,-0.02852533510261639,0.9737270456864519,-0.3622080123313954
2020-04-13,14.946310997009276,14.946310997009276,14.336003651239082,14.603792337293296,24475859.0,0.021277318097919107,0.021054116501794663,0.8961190171372768,-0.34863750932946636
2020-04-14,15.133138656616213,15.662487587822849,15.133138656616213,15.232780855871823,38256991.0,0.012499917848914022,0.012422438861678821,0.8285200368571174,-0.3404955317062206
2020-04-15,14.572649002075195,15.245231973982328,14.553965169773043,14.85289168273541,39479498.0,-0.03703723776402268,-0.037740536430123074,0.811622531867314,-0.3649217555048527
2020-04-16,14.205218315124512,14.834209270283653,14.198991268197078,14.759477978121684,35203782.0,-0.025213719681189017,-0.025537031685063893,0.7757369398935354,-0.38093444033717494
2020-04-17,14.46055507659912,14.703432846162814,14.080670128142025,14.597562255492525,28510925.0,0.017974856549916263,0.017815218952892634,0.7728947035632026,-0.369806825707242
2020-04-20,14.099348068237305,14.304859443143362,14.01216134277374,14.149168477442291,32385445.0,-0.024978778922970957,-0.025296043013939284,0.7672724287632964,-0.3855482816866661
2020-04-22,13.93120002746582,14.404499915449833,13.831557874953068,13.949882510497496,54442009.0,-0.011925944374001518,-0.011997628956218412,0.719372560636097,-0.3928761986997806
2020-04-23,13.731910705566406,14.16161707894825,13.60113068051182,14.11179669379661,46968628.0,-0.01430525162990326,-0.014408558142632952,0.6422396638638049,-0.4015612574478836
2020-04-24,13.003289222717283,13.588685586203017,12.685680156543205,13.538865163147417,77972720.0,-0.05306045884450494,-0.05452003033091507,0.6419449982951912,-0.43331469171802744
2020-04-27,13.432991027832031,13.78796494548803,13.140291606946604,13.414307198413884,43526121.0,0.033045623899839116,0.03251135557055753,0.6458834046825008,-0.41458822215097696
2020-04-28,14.541508674621582,14.703428031851738,14.068210079045585,14.31108776908437,66017077.0,0.08252202688833754,0.07929352885223276,0.6858263531997709,-0.36627885567857044
2020-04-29,14.73457145690918,15.021042616433052,14.42318941069446,14.946309956360514,35725869.0,0.013276667958431299,0.01318930540858772,0.6644707358585946,-0.35786515046717776
2020-04-30,14.180304527282717,14.52905134994647,13.987247289160884,14.068206949767609,52450082.0,-0.03761676620507082,-0.03834253571725873,0.6605593725443355,-0.38202018697418233
2020-05-04,13.64125919342041,13.765892959824331,13.572709813882309,13.678648784664288,36303925.0,-0.038013664151231086,-0.03875503231671551,0.6170059026000986,-0.4055118640387863
2020-05-05,14.146031379699709,14.56355755661876,13.653724656273004,13.834445544802248,58831591.0,0.037003342515679494,0.03633515249743137,0.6295034534215866,-0.3835138159223056
2020-05-06,13.85937213897705,14.195886633917524,13.709811039021474,14.083715135604033,33059693.0,-0.020264287065984377,-0.02047242436746888,0.6157151873714493,-0.3960064689286693
2020-05-07,13.360834121704102,14.008934460198242,13.167650923766669,13.946617560223638,59143166.0,-0.03597118341825156,-0.03663409209871382,0.5770559268972295,-0.4177328310182736
2020-05-08,13.909225463867188,14.189654183987722,13.64749288955035,13.72227343268466,40499198.0,0.04104469355489182,0.04022472200122627,0.5806347314721938,-0.3938338535003443
2020-05-11,13.946615219116213,14.35167769434373,13.81574759642748,13.81574759642748,43299294.0,0.00268812633357296,0.002684519783775563,0.5483640586770702,-0.39220440231941806
2020-05-12,13.466766357421877,14.121098865296272,13.454304061040933,14.027622215588671,49000210.0,-0.03440611604718402,-0.03501194315340667,0.5527039638501394,-0.4131162881861838
2020-05-13,13.46053981781006,13.672417782529276,13.211270911067418,13.54778400250465,39327676.0,-0.00046236338008376343,-0.0004624703029908127,0.5449076280220992,-0.41338764172289416
2020-05-14,14.052552223205566,14.077479514180828,12.918376644149468,13.279818323211185,69987336.0,0.04398132715392267,0.04304160343260277,0.5684003334224818,-0.3875876516809747
2020-05-15,13.47923469543457,14.18965317124009,13.47923469543457,14.021395951176668,42790577.0,-0.04079810689650043,-0.04165370164327853,0.5716685417268068,-0.4125729161324312
2020-05-18,14.127333641052246,14.29559084571464,13.716038700775265,13.990236225422104,56197819.0,0.04808128653158539,0.0469611463752961,0.5928065316199727,-0.384328666196581
2020-05-19,13.516630172729492,14.158498129762556,13.466775566342156,14.102412370923728,46319079.0,-0.04322850184185689,-0.04419068494377764,0.6083656813853616,-0.4109432155838806
2020-05-20,13.46053981781006,13.678650279546542,13.310978743103153,13.6661866322054,46901668.0,-0.0041497292004479824,-0.004158363220842538,0.6028659674881633,-0.41338764172289416
2020-05-21,14.233271598815918,14.233271598815916,13.529085801390638,13.53531695014697,68890818.0,0.057407191053618245,0.05581986548988262,0.6355980275406441,-0.3797118739968668
2020-05-22,14.308055877685549,14.55109229014428,13.84067515725654,14.08371291640868,58072141.0,0.005254187580868708,0.0052404324974563545,0.6330722675551133,-0.3764527638286608
2020-05-25,14.931219100952148,15.074548933603722,14.57601009249118,14.900060675887463,31903240.0,0.043553312105697684,0.042631535933675385,0.61147905778311,-0.34929521643904526
2020-05-26,14.33921718597412,15.217891715253456,14.245740484547634,15.1618059637363,60124797.0,-0.03964859874973492,-0.04045601852861269,0.6256550249804302,-0.37509474930698666
2020-05-27,14.78789520263672,14.78789520263672,14.432686051631428,14.731809476336249,41286633.0,0.031290272742467096,0.030810710260562,0.5685793864886411,-0.3555412935746025
2020-05-28,14.52617073059082,14.987319093256804,14.52617073059082,14.638342245119045,27099660.0,-0.01769856145580706,-0.017857053837158007,0.5703132626286151,-0.3669472855960023
2020-05-29,14.357911109924316,14.51993720293355,14.152264264727789,14.445155307686091,61146310.0,-0.011583205497658344,-0.011650813407078547,0.554608477796922,-0.3742800652777943
2020-06-01,14.75387191772461,14.87235160146569,14.155235598448954,14.236301354466429,44437732.0,0.02757788405073791,0.027204464078372882,0.5417671864812815,-0.35702403346979006
2020-06-02,15.745366096496582,15.776544825785471,14.85988317732764,14.96589112642388,65499523.0,0.06720230352419132,0.06504055465158473,0.5732157589089563,-0.3138145674082666
2020-06-03,16.16318130493164,16.693224356126397,16.088351998926044,16.400142346116287,66527720.0,0.026535756988719683,0.026189790760783628,0.5692466483025105,-0.29560611751981286
2020-06-04,16.630849838256836,16.730622593542694,15.888791402611668,16.069628595112725,50233367.0,0.028934188418866746,0.02852349797361018,0.5485691094708902,-0.2752250522030341
2020-06-05,16.998762130737305,17.89671565217267,16.948876422911063,17.559983418527004,73266011.0,0.022122278540098517,0.021881130945498223,0.5393713226267507,-0.25919137892898436
2020-06-08,17.68470001220703,17.759529249012644,17.1546574511808,17.217016271494145,35987818.0,0.040352225426427246,0.0395593341093751,0.5485160632837194,-0.22929810245368598
2020-06-09,17.33550262451172,17.609876148318477,16.998768909022584,17.192079304411735,58505854.0,-0.019745734304470908,-0.019943286178736856,0.5338446996547933,-0.24451617735058703
2020-06-10,16.580961227416992,17.56621692475692,16.51236721193969,17.528801639704714,55794358.0,-0.04352578713396138,-0.04450145035439275,0.5698399164330067,-0.2773992053983768
2020-06-12,16.25046730041504,16.443777621339184,15.976093882299578,16.156931091635276,61413132.0,-0.019932133153744647,-0.02013345783138643,0.565990878542401,-0.2918021806533781
2020-06-15,15.870088577270508,16.206820900673872,15.60818550933781,15.651836020659928,42389042.0,-0.023407248303242145,-0.0236855493596362,0.5487232043307332,-0.30837914285863904
2020-06-16,16.325300216674805,16.568496280842524,16.02598188019372,16.524845774328863,43066689.0,0.02868362310568706,0.028279949037539706,0.5350409972250263,-0.288540950860364
2020-06-17,16.531078338623047,16.79921654391994,16.306589285285767,16.325297604777454,40552449.0,0.01260485989336102,0.012526079962815259,0.4994380370929619,-0.2795731092260951
2020-06-18,17.179609298706055,17.4040971178334,16.412606891771624,16.524851475120823,61149709.0,0.03923101365794057,0.03848102971063395,0.5062191890805045,-0.2513100320345963
2020-06-19,17.516332626342773,17.609868832293948,17.19830736999621,17.5225691819484,70349896.0,0.019600173774736662,0.019410563954034638,0.4804484706479498,-0.2366355785590724
2020-06-22,16.973819732666016,17.609868900243033,16.78050941684178,17.485153958493576,33178998.0,-0.03097183099051648,-0.031461597328674956,0.50279696448869,-0.2602783724041142
2020-06-23,16.74933624267578,17.304321151901007,16.562262420367237,17.273142406111386,67533031.0,-0.013225278312471889,-0.013313511104648965,0.4915812834757658,-0.2700613968028244
2020-06-24,16.113283157348633,16.786749088577828,15.963623312869585,16.705683283336235,64993751.0,-0.03797482336682356,-0.038714657522530734,0.48944483160141417,-0.2977806863278631
2020-06-25,16.30658721923828,16.418831731685522,15.907497565916165,16.23175799346352,52542988.0,0.011996565814800464,0.011925177395880086,0.48118283434622705,-0.2893564661149713
2020-06-26,16.032217025756836,16.350240961589797,15.92620769957538,16.032217025756836,44938632.0,-0.01682572752916367,-0.016968888209743876,0.48063602772485964,-0.30131356058648273
2020-06-29,16.51237678527832,16.537320323107906,16.057164631528444,16.150702224603933,34859350.0,0.029949679370611992,0.02950994606811264,0.48399558182513563,-0.28038812574545335
2020-06-30,15.870088577270508,16.40636648030947,15.870088577270508,16.350244201813787,51811183.0,-0.03889738081682148,-0.03967409196341796,0.5047254401658083,-0.30837914285863904
2020-07-01,16.285009384155273,16.353643866354567,15.935599436035426,15.97303544569676,44340408.0,0.026144832454118916,0.025808899022110244,0.4585299519556693,-0.290296831426904
2020-07-02,16.56578826904297,17.0025521427004,16.478435763984564,16.53459248679687,47130873.0,0.01724155499479685,0.017094606066034645,0.4531886331717041,-0.2780604452159694
2020-07-03,16.53459358215332,16.65314322567672,16.34740943771856,16.465959081241955,11603506.0,-0.0018830789324975061,-0.0018848541545694393,0.44160545631733594,-0.2794199143821198
2020-07-06,17.302043914794922,17.376917284482378,16.752970739266676,16.921435483972157,33275416.0,0.04641482893598026,0.04536987300415728,0.46452273329859567,-0.24597431297349198
2020-07-07,16.45348358154297,17.289572854233462,16.422286441995173,17.114866445707353,73551300.0,-0.04904393593212142,-0.050287417222305654,0.4746783506919004,-0.28295470045919385
2020-07-08,16.809127807617188,16.89024142605432,16.53459251836555,16.628183910378777,38509083.0,0.021615132401090476,0.021384838078613782,0.47846897624896184,-0.2674556713720398
2020-07-09,16.815366744995117,16.9526343790269,16.58450637780798,16.859042994236862,49262840.0,0.00037116365877731816,0.00037109479458591625,0.450741755213899,-0.26718377753880973
2020-07-10,16.971345901489258,17.039981714827086,16.609458273220977,16.815360319775273,27255901.0,0.009275988972441862,0.009233231197115254,0.44475146136909266,-0.2603861823404332
2020-07-13,16.721773147583008,17.1897340924428,16.721773147583008,17.127339839140927,28077666.0,-0.014705536930005647,-0.01481473520670036,0.4389888927957019,-0.2712626006499684
2020-07-14,17.00255012512207,17.108620626287625,16.497153163437538,16.69057615929596,32228524.0,0.016791100743980936,0.01665168863606219,0.431854279070913,-0.2590262975615753
2020-07-15,17.12110710144043,17.345728669064382,16.89024664510063,17.183502730428103,36201842.0,0.006972893798041779,0.006948695596619756,0.43050847916214185,-0.25385956662733034
2020-07-16,16.834081649780273,17.046223970584904,16.79664564210979,16.952631254678572,22066534.0,-0.016764421246801775,-0.016906534695451222,0.4123475276532344,-0.26636817916166095
2020-07-17,16.98383140563965,17.096140788126075,16.84656243496206,16.915196920300854,36778199.0,0.008895629650301107,0.00885629662610611,0.40708146909031134,-0.25984206218380707
2020-07-20,17.03374481201172,17.17725265393094,16.821602491703942,17.002547689571028,32553016.0,0.0029388778762544643,0.002934567817095492,0.39156742073090456,-0.25766682839542493
2020-07-21,17.333242416381836,17.49546828831593,17.071183579115647,17.22093167874851,42023423.0,0.01758260486319596,0.017429819180092128,0.3927250919159662,-0.24461467756225858
2020-07-22,16.89023780822754,17.376916717874668,16.70305371592981,17.376916717874668,51680208.0,-0.025558092220276607,-0.02589037414622177,0.37756108514657727,-0.26392088529496577
2020-07-23,16.53459358215332,16.933918768146107,16.50963533666455,16.908960522657335,33214348.0,-0.021056200043612083,-0.021281043659768975,0.3847280339937911,-0.2794199143821198
2020-07-24,16.515878677368164,16.77169739169592,16.29125845249681,16.441005269077714,34212861.0,-0.0011318636102042312,-0.0011325046515802066,0.3791512457417096,-0.28023551275926856
2020-07-27,17.345731735229492,17.420605154884065,16.559557457941274,16.615712859773726,56040672.0,0.050245770998456285,0.04902420439745854,0.40380704372415843,-0.24407039116054943
2020-07-28,17.24588966369629,17.632737005145987,17.171014940810338,17.295804797254995,26941380.0,-0.005756002286742556,-0.0057726319120494215,0.37369694959627847,-0.2484215237176457
2020-07-29,17.65145492553711,17.776244781372732,17.395636327838453,17.56410243096175,30774772.0,0.02351663322388986,0.0232443773050747,0.3718324208442606,-0.2307469283519435
2020-07-30,17.351959228515625,17.614016699373863,17.10861976318578,17.389396587937597,32962255.0,-0.016967196091478676,-0.0171127881725287,0.37569561794870293,-0.24379899606256833
2020-07-31,16.77793312072754,17.458033849837165,16.715537506946216,17.433076952690143,34987266.0,-0.03308134258664874,-0.03364090556405336,0.39672942177817205,-0.26881514053819017
2020-08-03,17.03076171875,17.299209079885806,16.543812668187144,16.918388342036533,37612314.0,0.015069114664077121,0.014956703440610128,0.3647409306508013,-0.25779683205032305
2020-08-04,16.03815269470215,16.662449419536834,15.863350043466518,16.38775799717341,90419518.0,-0.0582833017360016,-0.06005079458128038,0.3834789932069082,-0.30105488323735036
2020-08-05,16.02564811706543,16.41895359566381,15.832115886163368,16.325308663168574,56571143.0,-0.0007796769288054284,-0.0007799810349420511,0.37406071478697456,-0.30159983461939144
2020-08-06,16.250398635864258,16.418958757881576,15.8633354014825,16.044381608366038,33894374.0,0.014024426167169812,0.01392699380111619,0.37845534974005085,-0.2918051730648719
2020-08-07,15.9070405960083,16.512605716330654,15.85709624642417,16.0006842278015,75467317.0,-0.021129207199765188,-0.021355623915179322,0.38228201280510954,-0.30676876830098604
2020-08-10,16.11306381225586,16.281622683611115,15.86334466730536,15.932017499622674,34110211.0,0.012951699909488967,0.012868543882511022,0.38378989601019997,-0.297790245420135
2020-08-11,15.92577075958252,16.412720125514358,15.92577075958252,16.306590394949378,29715757.0,-0.011623677213447259,-0.011691760247130352,0.37881843662945286,-0.30595250494350534
2020-08-12,15.74471378326416,16.144262954422086,15.551182912362998,16.038131946954802,56153519.0,-0.0113688046281476,-0.011433923507137513,0.3778594086804714,-0.31384299531745785
2020-08-13,15.29522705078125,15.950737725911432,15.29522705078125,15.894551019522115,46391704.0,-0.02854842194468421,-0.028963853861460186,0.3855860456379836,-0.33343169500743575
2020-08-14,15.43881130218506,15.7384732147698,15.21406587958456,15.338923997990143,34715799.0,0.009387520101996616,0.009343731168177175,0.3858187120099741,-0.32717427164496427
2020-08-17,15.070483207702637,15.45130275992873,14.889436984257486,15.43257295635717,42819015.0,-0.023857283263141738,-0.024146477094234318,0.39059296661396187,-0.34322606563306
2020-08-18,15.16614055633545,15.416406549626998,15.04726431092798,15.403893047150389,47555975.0,0.00634733122451725,0.006327271755662196,0.3836398261272939,-0.3390573039320038
2020-08-19,15.091066360473633,15.278766261458864,15.02850017750546,15.216198726409978,31101529.0,-0.0049501186925539065,-0.004962411112826852,0.376871983185126,-0.3423290487265169
2020-08-20,15.091066360473633,15.166146050451584,14.728180065512946,14.828286769510452,37688678.0,0.0,0.0,0.3726990859739386,-0.3423290487265169
2020-08-21,15.066044807434082,15.166151547717217,14.897114429691069,14.95968198741878,26907617.0,-0.0016580374402890286,-0.0016594135056213046,0.37263936295237504,-0.34341949178711884
2020-08-24,15.316301345825195,15.535285631976054,15.15988457803759,15.17239808171024,37897717.0,0.01661063282299735,0.016474185176240847,0.3254446470851358,-0.3325132740464577
2020-08-25,15.203682899475098,15.453950297320995,15.091064057733004,15.416409782019958,36263931.0,-0.007352848694165637,-0.007380014130267838,0.32546526158189965,-0.33742120294775807
2020-08-26,14.884596824645996,15.241225688854636,14.709409079182649,15.203685167952338,34718858.0,-0.020987419754730507,-0.021210786436875396,0.3098172605535052,-0.35132702228207785
2020-08-27,15.128612518310549,15.32882464882238,14.890858500700842,14.947168627185214,39986969.0,0.016393839654461395,0.016260911499480547,0.3200276082173941,-0.3406927814971882
2020-08-28,15.285026550292969,15.366363692226384,15.1098401080497,15.203689408359557,63602201.0,0.010338954203044537,0.01028587277351722,0.3090628094368015,-0.3338762343593509
2020-08-31,14.7344388961792,15.197431981649904,14.7344388961792,15.122352277642946,51036438.0,-0.036021373747840535,-0.036686156554986395,0.3197681021084159,-0.35787092748381166
2020-09-01,15.238422393798828,15.238422393798828,14.856523162218089,14.94417221054622,63655112.0,0.03420445808427197,0.03363249163040308,0.2856603002412412,-0.3359072505382392
2020-09-02,15.207118034362791,15.307288559884135,14.96295246296344,15.244682488786816,28518629.0,-0.0020543044829086643,-0.0020564174606586285,0.28559087908956754,-0.3372714992505257
2020-09-03,15.576491355895996,15.9646518637248,15.125724794622728,15.150767757177444,91774926.0,0.024289501843712147,0.023999203304746513,0.2954010392984005,-0.3211741541096907
2020-09-04,15.626580238342283,15.833181336162223,15.369893205934124,15.751793721870248,47223326.0,0.0032156717005031865,0.0032105124855294374,0.28693110063771887,-0.3189912730474911
2020-09-08,15.27598476409912,15.50762883916229,15.194595793368896,15.3761552846353,33126654.0,-0.022435841297056336,-0.02269135377479886,0.29203546876009207,-0.3342702767673079
2020-09-09,15.294769287109377,15.532673474040688,15.125731247167922,15.40120124689899,33617016.0,0.001229676731179019,0.0012289212979764192,0.2903363985328131,-0.33345164441739444
2020-09-10,14.96920680999756,15.438754827286248,14.962945394080254,15.27597830756743,41152259.0,-0.021285870417555364,-0.021515681562061836,0.2968048593233774,-0.34763970634136043
2020-09-11,14.793912887573242,15.069381440283037,14.668699417089718,14.9942538991699,26452944.0,-0.01171030133054507,-0.011779406937277288,0.2824221964897163,-0.3552790419561859
2020-09-14,15.056859970092772,15.163290540677076,14.599831952460123,14.894083405392529,49272923.0,0.017774005059905562,0.017617894524079164,0.288169082568788,-0.343819768385688
2020-09-15,14.856520652770996,15.169552335521107,14.775131684666963,15.131989237121248,33112604.0,-0.013305517732097316,-0.013394829241774002,0.27922852151318966,-0.352550586092884
2020-09-16,14.812691688537598,15.163287717364632,14.800170208516318,14.875297735701798,29033351.0,-0.002950149988532047,-0.0029545102587551714,0.2780650957155777,-0.3544606589738971
2020-09-17,14.831475257873535,14.919124277051942,14.64365573778518,14.712523210837466,28402837.0,0.001268072658966668,0.0012672693338771311,0.27782006321739544,-0.35364206818525457
2020-09-18,14.462100982666016,14.787654171274376,14.41827646293248,14.71252661643727,44287157.0,-0.024904756188123045,-0.02522012679435321,0.29089152490912745,-0.3697394548873602
2020-09-21,14.336889266967772,14.412016831120091,14.05516056316086,14.24298015001309,41436302.0,-0.00865792016307454,-0.008695617699742237,0.2918117824244846,-0.3751962003688813
2020-09-22,14.462100982666016,14.593574541866625,14.249238449841966,14.305584454205473,30894983.0,0.008733534406709209,0.008695617699742154,0.28636597185657925,-0.3697394548873602
2020-09-23,14.073942184448242,14.48088439911781,14.067680764855076,14.349410822975774,27895932.0,-0.02683972395732903,-0.027206486782258697,0.2988823775048076,-0.3866554739393792
2020-09-24,14.418275833129885,14.61235545406007,14.036375303897064,14.086461240229136,45360901.0,0.02446604115385176,0.02417154139669696,0.30723690074637866,-0.3716493615232903
2020-09-25,14.343149185180664,14.386973705760816,14.161589683952766,14.280541760821365,24666882.0,-0.005210515377753855,-0.00522413745229419,0.3000605331495969,-0.3749233921876947
2020-09-28,14.336889266967772,14.962954105494251,14.136548193933011,14.556011892804898,66094801.0,-0.0004364395944065347,-0.00043653486188632607,0.29631260908523754,-0.3751962003688813
2020-09-29,14.023852348327637,14.343146776585264,13.961246287424274,14.336885358729432,30706679.0,-0.02183436816809159,-0.022076265585378407,0.2784131924545393,-0.3888383965628497
2020-09-30,14.086463928222656,14.205416020295932,14.005074942623628,14.136548521169283,25282781.0,0.004464649109236163,0.004454712129176618,0.24555483044272886,-0.3861097744544647
2020-10-01,14.10838794708252,14.158505941156497,13.895383426116505,14.127182025629615,23197155.0,0.0015563890960554883,0.0015551791777860396,0.24625402615310754,-0.38515432240125064
2020-10-02,14.15223789215088,14.60956937272674,13.995617002807714,14.008146836416543,40201106.0,0.00310807621911402,0.0031032561350985747,0.2253035851871467,-0.38324333517228093
2020-10-05,14.302604675292969,14.415371914499705,13.99562824377699,14.233691212017089,25874887.0,0.010624947396163043,0.010568899298435649,0.23023129517144308,-0.3766903280522535
2020-10-06,14.327658653259276,14.64716480112888,14.227421297668291,14.465484171043546,23946974.0,0.0017517073662522975,0.0017501749162454553,0.22066194268381503,-0.37559847190844625
2020-10-07,14.221155166625977,14.409101385906128,14.13971324903956,14.36524627525421,25827981.0,-0.007433418760927291,-0.007461184298985748,0.22050224653083167,-0.38023990994171364
2020-10-08,15.079440116882324,15.211001409468375,14.158509714934436,14.233687403005677,71616250.0,0.06035268866699095,0.05860157794077434,0.302499635569129,-0.3428357221781996
2020-10-09,15.035581588745115,15.41773689335584,14.778724658911107,14.972933755201977,55458763.0,-0.002908498445383656,-0.0029127363462672353,0.2993990868957702,-0.344747083458606
2020-10-13,14.89149570465088,15.1170301505578,14.79752392142012,15.023058367327042,35136596.0,-0.009582993730158695,-0.00962920608670575,0.2946965933473567,-0.35102636804949044
2020-10-14,14.84764289855957,15.016792374697332,14.822583215485215,14.966674362394278,24984802.0,-0.00294482212942615,-0.002949166649435287,0.29096801238789066,-0.3529374799622723
2020-10-15,14.716082572937012,14.866437973702013,14.571991416434823,14.697288486302824,24705404.0,-0.008860687620344199,-0.008900176954394315,0.2925219101663967,-0.3586708988231594
2020-10-16,14.478008270263672,14.691012735684676,14.465478436551283,14.665953068259896,24088939.0,-0.01617783139591511,-0.016310121225574514,0.29785666626137713,-0.3690462128912921
2020-10-19,14.634634017944336,15.004259496676838,14.37151148419167,14.565720586577136,43371919.0,0.010818183327216069,0.010760085415625575,0.28654958230850464,-0.36222043915134877
2020-10-20,15.217260360717772,15.286173781586564,14.722339286364283,14.734869122326344,51806311.0,0.039811473389703256,0.03903942113405242,0.31473785573721613,-0.33682949513612614
2020-10-21,15.35508155822754,15.624468193932834,15.0794293299218,15.198460697040163,43210807.0,0.009056899484058523,0.009016131737955771,0.31481710418508835,-0.3308232265327817
2020-10-22,16.144454956054688,16.238426696589233,15.380145780224415,15.39267561639804,75295554.0,0.05140795865093839,0.050130178949355515,0.3354270750128531,-0.2964222146322106
2020-10-23,15.93772792816162,16.47650316230788,15.918932482963369,16.225910313509964,57271110.0,-0.012804831656180404,-0.012887520146252985,0.33585775143075225,-0.3054314097308734
2020-10-26,16.050485610961914,16.200840959794878,15.76230339749434,15.850010909954449,36406802.0,0.007074890681315615,0.007049981061788001,0.33371647671321,-0.3005174128840438
2020-10-27,15.593151092529297,16.395048464435725,15.467854078169326,16.351194712486507,53568353.0,-0.028493500415979534,-0.02890731993069619,0.3551853464231813,-0.3204481202710028
2020-10-28,14.897756576538086,15.298705973693712,14.86643265873129,15.192203028536287,43793395.0,-0.04459615069877543,-0.04562114904001832,0.3867202298611889,-0.3507535183070332
2020-10-29,14.97293186187744,15.060639359285329,14.434157041536844,14.772457195275116,48676512.0,0.005046080928570396,0.005033392130102673,0.3867541073912736,-0.34747736801782086
2020-10-30,14.709816932678224,14.991733646766216,14.553197288099192,14.816319915606853,44402270.0,-0.017572705975449687,-0.017728938969753416,0.3937382475676534,-0.3589439563719703
2020-11-03,15.070261001586914,15.245788062052371,14.863390016711191,14.982497471354185,42419859.0,0.02450364070187394,0.024208242328252326,0.40151075617453374,-0.3432357494091442
2020-11-04,15.672069549560549,16.135962891677675,15.590574260649705,15.985510154819965,109894315.0,0.039933518597339734,0.03915678668439325,0.42088015536816686,-0.3170088419941064
2020-11-05,16.04193687438965,16.261347156475164,15.929097610393802,15.991786843008487,50004728.0,0.023600413695169742,0.023326229460478073,0.4258999347432807,-0.30088996811502433
2020-11-06,16.023128509521484,16.186117781782954,15.835063547770435,15.89148317176679,36059991.0,-0.001172449749393456,-0.001173137606305222,0.4239126122930365,-0.3017096394967063
2020-11-09,17.320772171020508,17.5652567055825,16.76284700230246,16.76284700230246,113427009.0,0.08098566149100783,0.07787327445347564,0.45966253790143097,-0.24515813273855275
2020-11-10,18.10438346862793,18.27364237698305,17.333317366194635,17.333317366194635,96471437.0,0.045241129544933756,0.044247604775029314,0.47644698088720816,-0.21100823403583796
2020-11-11,17.953927993774414,18.17960513306936,17.684367720902532,18.02915370687273,69702386.0,-0.008310444545887585,-0.008345168806684403,0.47579219032687387,-0.217565106354045
2020-11-12,17.515113830566406,18.08557707391187,17.295703536107485,17.8160180999543,52200255.0,-0.02444112304339019,-0.024744765069763357,0.4893620351801385,-0.2366886938630877
2020-11-13,17.84735870361328,17.928854024201033,17.54645582235808,17.659295080184037,41748557.0,0.018969038754807377,0.018791369828846233,0.4863447552430112,-0.22220941211499406
2020-11-16,18.47424697875977,18.549472715815448,18.116923034356756,18.192148771412437,61190157.0,0.03512498883207704,0.034522181582766334,0.48382842589212466,-0.19488952640183865
2020-11-17,18.486785888671875,18.562012990269633,18.116925402015724,18.411561496496113,45997873.0,0.0006787237350740494,0.0006784935062883772,0.485543282236489,-0.1943430788140508
2020-11-18,18.035423278808594,18.536930327546873,17.99781109684728,18.449166763356484,46844791.0,-0.024415418265857802,-0.024718416645797523,0.4906176415648214,-0.21401352952358899
2020-11-19,18.06049537658691,18.430357005451533,17.97273182985806,18.116914993014067,30181873.0,0.0013901585447000375,0.0013891931688903875,0.49125681415006206,-0.2129208837156376
2020-11-23,18.116918563842773,18.311253137552853,18.010348908870153,18.085574627363208,31243381.0,0.0031241217961832657,0.0031192518678811124,0.4656010481361838,-0.21046195269313295
2020-11-24,18.62468147277832,18.91931590542483,18.242283534462228,18.242283534462228,53998780.0,0.02802700178544293,0.027641433016271283,0.46629353277763175,-0.1883335684315882
2020-11-25,18.405284881591797,18.6748451728371,18.135724590346495,18.56827416353267,47849082.0,-0.011779884209412783,-0.01184981678638342,0.4714884668320921,-0.1978949050121313
2020-11-26,18.016624450683594,18.39275455018512,17.941398701725493,18.36141060101183,34762819.0,-0.021116784304541003,-0.02134293294872445,0.4645949475118845,-0.2148327852925635
2020-11-27,18.154539108276367,18.67485384141005,18.11692690905974,18.210960116523523,50016285.0,0.007654855545792261,0.007625705802619635,0.4206337708318183,-0.20882244368468594
2020-11-30,17.903778076171875,18.304983718381525,17.903778076171875,18.16080052538184,67854576.0,-0.013812580457642887,-0.013908861770781825,0.42882606245433974,-0.21975064733757252
2020-12-01,18.659564971923828,19.11115770325808,18.15152297974504,18.220516671379695,58196205.0,0.04221382171608967,0.041347125462309654,0.43136525439059464,-0.1868133402701865
2020-12-02,18.80382919311523,18.966904128508723,18.46513353257983,18.766195890137165,36436713.0,0.007731381809193749,0.007701647834990264,0.4290878453271464,-0.18052628372167231
2020-12-03,18.79128074645996,19.368316469713456,18.753647451517388,18.904177920443463,45192877.0,-0.0006673346437259253,-0.0006675574106014995,0.41764303060043473,-0.18107314692216764
2020-12-04,18.979446411132812,19.07352762477838,18.596845951542992,18.954357545325095,39764447.0,0.010013456092304862,0.009963653628087703,0.41427560344605857,-0.17287285883606332
2020-12-07,19.092342376708984,19.481212967167288,18.835184925420375,18.973172313329115,34741292.0,0.005948327634569539,0.005930706178014409,0.41286167540806534,-0.16795283560497543
2020-12-08,19.04216194152832,19.52511501962449,18.935536324536717,19.09233965923393,31536148.0,-0.0026283016609779386,-0.0026317617098196486,0.32331157093811824,-0.17013970654916685
2020-12-09,19.155057907104492,19.280500829287504,18.998254593231152,19.06097537661181,35784218.0,0.005928736764388098,0.005911230962029567,0.28787069650716185,-0.16521968331807896
2020-12-10,19.788549423217773,19.895176425007847,19.29305177918162,19.29305177918162,57185795.0,0.0330717619954739,0.03253665722651824,0.3030173665133936,-0.1376120273662681
2020-12-11,19.671632766723633,19.784759322414736,19.363674502000023,19.589928971558255,27197665.0,-0.0059082984807852235,-0.0059258215312865395,0.28548357393163387,-0.1427072729148274
2020-12-14,19.407665252685547,19.879029669727537,19.407665252685547,19.778471692008107,30308089.0,-0.013418688584132754,-0.013509532774368652,0.28899931597282363,-0.15421101704502524
2020-12-15,19.583642959594727,19.734479259297313,19.407666823883076,19.407666823883076,28385955.0,0.009067433131083602,0.009026570784604126,0.2668287186307692,-0.14654188199907384
2020-12-16,19.95444679260254,20.22469659855547,19.495650957843676,19.63391867945003,46688550.0,0.018934364447557694,0.018757340436482944,0.2724754132685811,-0.13038219495211767
2020-12-17,19.929311752319336,20.205845903854527,19.84132367492978,20.04243966844193,20237079.0,-0.0012596210029997001,-0.00126041499235578,0.25182995786363277,-0.13147758380393854
2020-12-18,19.897886276245117,20.18699032743414,19.803612566512367,19.935596031773407,35932075.0,-0.0015768470313863858,-0.0015780915631294307,0.2526121597782859,-0.13284711079760983
2020-12-21,19.54594039916992,19.79733477725478,19.426528171442843,19.51451627168137,26583352.0,-0.01768760119487489,-0.017845896162582052,0.26516115382846067,-0.14818496527680527
2020-12-22,19.640213012695312,19.891608751914152,19.577364756978813,19.5899346797574,22273647.0,0.0048231301027295,0.004811536075458235,0.2498740154576553,-0.14407655054087423
2020-12-23,20.07385635375977,20.142990205585033,19.652770322715757,19.68419443040664,22613773.0,0.022079360380875324,0.021839140802830934,0.25253827517616034,-0.12517830824182427
2020-12-28,20.21841049194336,20.38181668426831,20.117852521702844,20.249834602985576,17498731.0,0.007201114506157902,0.0071753102864646956,0.23365583803506138,-0.11887861706700284
2020-12-29,20.17441749572754,20.35667789235588,20.067575241089404,20.281261108541443,18563298.0,-0.0021758879726648805,-0.002178258656418798,0.23520675161075694,-0.12079583848658457
2020-12-30,19.8790283203125,20.318968594111396,19.8790283203125,20.237264818330583,29055105.0,-0.014641769730283194,-0.014750018374596737,0.23613379803118476,-0.1336689433653707
2021-01-04,19.42945671081543,20.114832338788855,19.39173040986764,20.108545074904494,35517057.0,-0.02261537144839698,-0.022875021145541043,0.2149509967857354,-0.15326134200844507
2021-01-05,19.303693771362305,19.530055573875497,18.9704376498548,19.322556915199986,32007023.0,-0.006472797532373509,-0.006493836924613258,0.21587988417293558,-0.1587421099044581
2021-01-06,19.869590759277344,20.158830474681885,19.360273891241036,19.479744034939497,48789132.0,0.029315476852133093,0.028893995726202038,0.23677616468111945,-0.13408023370068786
2021-01-07,20.642993927001953,20.787614452460048,19.806709782601747,19.901028166466386,52265063.0,0.03892396059357672,0.03818552425468608,0.2673368195440374,-0.10037520684005419
2021-01-08,20.63671112060547,21.02655792329515,20.391484884093895,20.705877773738464,59519322.0,-0.00030435538656370387,-0.0003044017120642179,0.26771763255910846,-0.10064901249173866
2021-01-11,20.17142105102539,20.56126667438802,19.94505784884786,20.416646041623615,35762351.0,-0.022546716231129138,-0.022804779805465362,0.2833545231003492,-0.12092642399927318
2021-01-12,20.234294891357425,20.404065898737763,20.133689195700043,20.234294891357425,37490176.0,0.0031169762493672426,0.0031121285497285587,0.2831315588579788,-0.11818637254143248
2021-01-13,19.901037216186523,20.45436781943179,19.655810937208702,20.2342933020979,48404705.0,-0.016469942588078212,-0.01660707994038613,0.2678649410311782,-0.1327097923590601
2021-01-14,20.49209213256836,20.71216662874,19.91360982330573,20.133685678297425,31976092.0,0.029699704088845147,0.029267210304441668,0.28558845566971264,-0.10695152983297107
2021-01-15,19.718700408935547,20.36634845540925,19.712413144291364,20.15256243401339,42778794.0,-0.037740984113752374,-0.03847161727397361,0.31576904114233956,-0.14065605795835578
2021-01-18,19.618083953857425,20.077096113976765,19.580356312737138,19.9073237671657,21439532.0,-0.00510259058616902,-0.00511565325609812,0.3148683946685342,-0.14504093826729883
2021-01-19,19.38543128967285,19.87588380697347,19.209371690399824,19.80042988711647,30824398.0,-0.011859092087269207,-0.01192997205857191,0.3095324013991436,-0.15517997651123222
2021-01-20,19.064754486083984,19.55520569642976,18.932708413845265,19.523766673066337,32848502.0,-0.016542154713870105,-0.016680504007433296,0.31421362935528363,-0.1691551200451588
2021-01-21,18.80695152282715,19.152783507785887,18.64346778116638,19.0647550550334,39282922.0,-0.013522490596194925,-0.013614752153601162,0.31678312425766697,-0.18039021212124487
2021-01-22,18.404537200927734,18.53029470541064,18.222190246189346,18.391961314597367,41696212.0,-0.02139710528901928,-0.02162934211904169,0.31943698557809697,-0.19792748904839735
2021-01-26,17.79366111755371,18.80144363871337,17.724375720428593,18.25976065269092,57774842.0,-0.033191602521971064,-0.03375494434234206,0.3358284792914448,-0.22454956102570223
2021-01-27,17.79366111755371,18.25976065269092,17.54801388131211,17.70548019799547,48685803.0,0.0,0.0,0.32136998239581244,-0.22454956102570223
2021-01-28,18.51171112060547,18.662879425812005,17.78106862242544,17.818861039015356,58947950.0,0.04035425864907527,0.03956128846734301,0.357543832518905,-0.1932568334417944
2021-01-29,17.850345611572266,18.612480749854363,17.81885262652544,18.404625959623335,52468890.0,-0.035726870667133204,-0.036380695318252915,0.3749037587588676,-0.2220792422150129
2021-02-01,18.326143264770508,18.54040949738897,18.111875670278856,18.275726719302735,52534944.0,0.026654814621056122,0.026305764050468604,0.390374302194959,-0.20134390862638255
2021-02-02,17.935428619384766,18.46479441564764,17.645537437086386,18.32615157647709,113671397.0,-0.021320069353426785,-0.02155062489469962,0.38955543826856043,-0.21837131188400483
2021-02-03,17.84719467163086,18.212709215222745,17.77787259563757,18.12448161373068,46949933.0,-0.004919533824719546,-0.004931674565469083,0.3894622866685561,-0.22221656065356263
2021-02-04,17.771575927734375,17.998446379594455,17.569912395942957,17.979540849074535,74160061.0,-0.004237010089696902,-0.004246011652419748,0.36968979370217975,-0.2255120369336726
2021-02-05,17.695951461791992,17.92912603195382,17.576214162805925,17.84089704326156,44519988.0,-0.004255360709140232,-0.004264440524270176,0.3318049283698786,-0.2288077625814071
2021-02-08,17.36824607849121,17.771573077385185,17.336736412053895,17.645533049762452,32786187.0,-0.018518664227144987,-0.018692281470009404,0.33278592725851974,-0.24308921268074268
2021-02-09,17.576215744018555,17.903919360164213,17.16028585499095,17.32413698212686,42778341.0,0.011974131676133482,0.011903008953722587,0.33595626079596325,-0.23402586324629598
2021-02-10,17.45018196105957,17.765281523617197,17.254821103873343,17.58252345048396,32474159.0,-0.0071707007238959175,-0.007196533766421332,0.3338736187421612,-0.23951843454320132
2021-02-11,17.45018196105957,17.727469085835562,17.330444617562392,17.6392414262193,25381012.0,0.0,0.0,0.33300345575457646,-0.23951843454320132
2021-02-12,17.494291305541992,17.708559007620487,17.267419460767833,17.349345707352697,28173404.0,0.0025277297727239745,0.0025245404372103183,0.30737487598677404,-0.2375961426485884
2021-02-17,17.71485710144043,17.82199025160613,17.41866456976997,17.519496330697415,27915647.0,0.012607872593762393,0.012529055156831222,0.2930951821578447,-0.22798385195010884
2021-02-18,17.58881378173828,17.960631086212953,17.525794453606316,17.595116531675497,55882732.0,-0.007115119189524788,-0.007140552361903969,0.29316108404667135,-0.23347683885972165
2021-02-19,17.40606117248535,17.77157581074857,17.22960592379784,17.57621366979192,30505118.0,-0.010390274837219216,-0.010444630584745405,0.292773421740976,-0.2414412251730632
2021-02-22,16.139362335205078,16.76955980498023,16.088945774973855,16.731747384806813,97990677.0,-0.07277343361763022,-0.07555733509962412,0.3834512138575003,-0.2966441518180022
2021-02-23,17.172889709472656,17.286324265204257,16.29061201483186,16.328424441324938,86633938.0,0.06403768332365445,0.0620708069498676,0.4567269317031796,-0.2516028727482831
2021-02-24,16.920808792114258,17.34304001042269,16.769560467320392,17.286322058859195,40386578.0,-0.014679004036190157,-0.014787806671561292,0.45396996105905413,-0.2625885971998842
2021-02-25,16.391443252563477,17.053151842305656,16.37253772087403,16.952320070172313,46423088.0,-0.031284883958826226,-0.03178470821074945,0.4523197343659018,-0.28565842736640107
2021-02-26,16.19306182861328,16.725436103847407,16.167710281331587,16.605018308679725,54721294.0,-0.012102742930777066,-0.01217657746231407,0.45291908254482405,-0.2943039197847525
2021-03-01,15.707940101623535,16.468922552287296,15.707940101623535,16.42453195501253,51129457.0,-0.029958616358305545,-0.03041654484663322,0.4297119089347884,-0.3154455979174811
2021-03-02,16.342084884643555,16.6908685910863,15.168904323276475,15.428906872124848,75324899.0,0.04037097028110481,0.03957735174354839,0.44787562859550045,-0.2878094724952082
2021-03-03,16.380130767822266,16.671840634416775,15.739638616333156,16.342082488955537,69736603.0,0.002328092372991142,0.0023253865647098926,0.4339322062240343,-0.2861514271600078
2021-03-04,16.893800735473633,17.18551072707649,16.443553896624316,16.500627709800384,74479227.0,0.03135933253111989,0.03087767247120799,0.4480693649435436,-0.2637656123874531
2021-03-05,17.52161407470703,17.642102645793436,16.817705428357748,16.950878593727378,87989913.0,0.03716235020548786,0.03648847456873731,0.4693095267214651,-0.2364054122416728
2021-03-08,16.963560104370117,17.743566707726238,16.843071535718572,17.058683596223496,64742225.0,-0.03184946135427569,-0.032367688666903795,0.48238630299415014,-0.2607254885548157
2021-03-09,17.198196411132812,17.47722322081937,16.709899836785983,16.881121300827235,42477076.0,0.01383178444377653,0.013736998353741993,0.4856483041945208,-0.25050000286772767
2021-03-10,17.32501792907715,17.432823216551654,16.874769898299263,17.19184620793177,42320722.0,0.0073741173151296024,0.007347061439426675,0.48215325740964793,-0.24497310196118494
2021-03-11,17.350379943847656,17.68013941237647,17.10940297756772,17.502577148713865,39134159.0,0.0014638954415131522,0.0014628249911389165,0.4801189536822304,-0.24386782152692618
2021-03-12,17.236236572265625,17.445506221463667,17.16013864259523,17.217212432452474,27834637.0,-0.006578724613031106,-0.006600459800785994,0.48001575124563023,-0.2488422069001518
2021-03-15,17.439170837402344,17.49624327496928,17.109411210201202,17.217217901025727,31826649.0,0.01177369922290672,0.011704928490512833,0.4820092325743205,-0.23999830097525185
2021-03-16,17.084041595458984,17.464534034823863,16.87477191866358,17.445508522083937,24795138.0,-0.020363883423958562,-0.020574085886288278,0.4873288509890976,-0.25547488697620224
2021-03-17,17.749902725219727,17.787951012165607,16.976237322164085,17.033311123000967,40771231.0,0.038975620964171176,0.03823524789972033,0.505141659608446,-0.22645655837268008
2021-03-18,17.85136604309082,18.212831599608656,17.654778214062336,17.71185201149525,51899784.0,0.005716274587067582,0.0056999986850506685,0.5047571306546601,-0.2220347716553131
2021-03-19,17.889413833618164,18.124049940842053,17.597703930537875,17.908437975430985,53595885.0,0.0021313657697401567,0.002129097631966986,0.5030318672791528,-0.22037664319757122
2021-03-22,17.990863800048828,17.99720608918609,17.43915316594905,17.74988696200336,40546557.0,0.005670949723350693,0.00565493042253339,0.4128230386089379,-0.21595543833799472
2021-03-23,17.534290313720703,18.086002794754467,17.52794938952359,17.756243216890027,35929469.0,-0.02537807474963405,-0.02570565216010336,0.3682673473218777,-0.23585297983089717
2021-03-24,17.22989845275879,17.62941507854473,17.22989845275879,17.527950690931267,45459132.0,-0.017359805017242436,-0.01751225332385957,0.36994368185377013,-0.2491184231055396
2021-03-25,17.534290313720703,17.553314456730067,17.039651632133058,17.122091869203672,58976162.0,0.017666491871469958,0.017512253323859677,0.3531732590608854,-0.23585297983089717
2021-03-26,17.833293914794922,17.858706894067154,17.4648112070773,17.48387025506526,37105863.0,0.017052506587064142,0.016908744629532277,0.3512774408243629,-0.22282235773597803
2021-03-29,17.82694435119629,17.922240980077415,17.53469915926858,17.865062453575675,25971872.0,-0.0003560510822605556,-0.0003561144834969776,0.32662035430748027,-0.22309907267661483
2021-03-30,18.11919212341309,18.13825117731691,17.68082427309513,17.687176833418786,27019104.0,0.016393598726704317,0.016260674457719535,0.3049027460312206,-0.21036287062367076
2021-03-31,17.76976203918457,18.09377270504834,17.585520007157932,17.98576823447217,33286180.0,-0.01928508080539615,-0.01947346389789972,0.31716396965685506,-0.22559108647063433
2021-04-01,17.226276397705078,17.881002814138686,17.226276397705078,17.881002814138686,36071207.0,-0.03058485759578755,-0.03106233530477049,0.32386727433668605,-0.2492762728118386
2021-04-05,17.448759078979492,17.537749494842252,17.23899154050893,17.391548501515462,27186335.0,0.012915308923294289,0.01283261754969655,0.2994258241680331,-0.23958044395915656
2021-04-06,17.245342254638672,17.563169363542592,17.130923891019016,17.480534947115192,26249344.0,-0.011657953635561213,-0.011726440374205928,0.27823691558665703,-0.24844537988705476
2021-04-07,17.092796325683594,17.385197014019884,16.940237951693337,17.1754307951616,35444885.0,-0.008845630704374496,-0.008884985546472086,0.2758893182500817,-0.2550933545107403
2021-04-08,16.959306716918945,17.22628214618569,16.95295074779479,17.16907292939002,30197509.0,-0.007809699842036166,-0.007840355258556572,0.27556757790191194,-0.2609108518223495
2021-04-09,16.93387794494629,17.156358814782138,16.844887520149108,16.86395679877212,23231598.0,-0.0014993992618393959,-0.001500524485826595,0.27540750744788745,-0.2620190415455606
2021-04-12,17.353408813476562,17.353408813476562,17.016510954084442,17.035580229546134,28113582.0,0.024774648187155357,0.024472732991458645,0.2890952456684788,-0.24373582293103216
2021-04-13,17.347055435180664,17.442403200388505,17.08643601240823,17.27077557461114,30517241.0,-0.0003661170185170759,-0.00036618405571550526,0.28595900886665265,-0.24401270411675194
2021-04-14,17.569534301757812,17.855578960860438,17.194496475161102,17.39154934043897,45978612.0,0.012825166058209048,0.012743620102829065,0.2789447431291715,-0.23431704150915292
2021-04-15,17.569534301757812,17.84922161920477,17.410619991736652,17.582246237730498,33895961.0,0.0,0.0,0.24263520937432956,-0.23431704150915292
2021-04-16,17.766584396362305,17.861933516973174,17.474182441203673,17.474182441203673,22814088.0,0.011215442095399153,0.011153015353386872,0.24524452293835702,-0.22572956862476498
2021-04-19,17.49961280822754,17.77294554733087,17.44876094035707,17.72209230579099,30561428.0,-0.015026613004434752,-0.015140656453662396,0.2506359249649184,-0.2373642307578174
2021-04-20,17.41062355041504,17.658529704932217,17.3343450506412,17.423336862655614,22424902.0,-0.005085212958006791,-0.005098186654784062,0.24969598599902076,-0.2412423960538072
2021-04-22,17.416973114013672,17.620383287712606,17.308912060216347,17.49960892635046,27442166.0,0.00036469478420730894,0.00036462829922848713,0.23295634613126173,-0.24096568111317043
2021-04-23,17.49961280822754,17.73480561617596,17.41697697755994,17.44876094035707,19459161.0,0.004744779340985161,0.004733558355555523,0.2244286101764978,-0.2373642307578174
2021-04-26,17.486900329589844,17.703023869075217,17.340699313712893,17.588605443837697,23160786.0,-0.0007264434234635075,-0.0007267074113431694,0.21555233815632413,-0.23791824249688145
2021-04-27,17.219921112060547,17.639453413603086,17.175425220270608,17.461469846443322,33665508.0,-0.01526738372709413,-0.015385130221279531,0.212138387981464,-0.24955323712009986
2021-04-28,17.96932029724121,18.026649024043632,17.478842872590572,17.52980097611541,42502908.0,0.043519315814739556,0.04259895796728712,0.2642720184918486,-0.2168943074441805
2021-04-29,17.402400970458984,18.058493799225833,17.37055199111636,17.950206994153138,37968076.0,-0.03154929164845843,-0.032057692266058264,0.28093561805100353,-0.24160073733019208
2021-04-30,17.53615951538086,17.574377722553866,17.166709045658532,17.313215385077577,48196913.0,0.007686212100786127,0.007656823666984909,0.27502199216565826,-0.23577151974023208
2021-05-03,17.78154754638672,17.966374336241802,17.577601218715543,17.65408074726977,46978032.0,0.013993259515610035,0.0138962577263943,0.2546561409127952,-0.22507747228673686
2021-05-04,17.023122787475586,18.06834671827068,16.984883710583148,17.90901493573568,89509379.0,-0.04265234828029618,-0.043588681062255705,0.29686408073486287,-0.25812973782901044
2021-05-05,17.50749397277832,17.622213951387433,16.902029102362224,17.144215876902557,56856659.0,0.02845372093885734,0.02805643244206061,0.3114454276926356,-0.23702076841636013
2021-05-06,17.399150848388672,17.603097203278203,17.265311311234303,17.437389929124183,27016611.0,-0.006188385645490291,-0.0062076130694583625,0.31048990641706314,-0.24174237814089952
2021-05-07,17.609466552734375,17.65407972324404,17.36090706638345,17.46925432139962,30255405.0,0.012087699346843728,0.012015226544202048,0.3110854545338318,-0.232576787980414
2021-05-10,17.87076759338379,17.9982329702811,17.539354583414156,17.634954993376514,32535114.0,0.014838668727806592,0.014729652794126611,0.31406591785539945,-0.22118924916322616
2021-05-11,17.83252716064453,17.947247101726735,17.66682134424211,17.679568157394506,28633629.0,-0.0021398315735142726,-0.0021421242843563675,0.30362131748603133,-0.22285577299765902
2021-05-12,17.571226119995117,17.717812437085367,17.45013343473526,17.654078357509384,26098428.0,-0.01465305720807153,-0.014761473642429544,0.30896076401266737,-0.23424331181484687
2021-05-13,18.081090927124023,18.208557712047725,17.57122654200863,17.596720174451313,48363464.0,0.029017030664052923,0.028604007408880312,0.32205228529649294,-0.21202332651257466
2021-05-14,18.482601165771484,18.597321083114604,18.061963305232165,18.265909518889025,50573834.0,0.02220608481345243,0.021963119998629967,0.3300902979177167,-0.19452544967009078
2021-05-17,18.469865798950195,18.501730776670264,18.08109268687573,18.399758991554492,42125619.0,-0.0006890462390582996,-0.0006892837405240078,0.32866222096680225,-0.19508045887965278
2021-05-18,18.43162727355957,18.641946340445337,18.278668202604464,18.355147738082017,29956293.0,-0.0020703196117861644,-0.002072465685984901,0.32287654219796136,-0.19674689959154415
2021-05-19,18.565465927124023,18.635572738534364,17.972747833586407,18.183066890527513,29980879.0,0.007261358510458171,0.007235121779729214,0.32194587589599205,-0.19091419085484135
2021-05-20,18.66742706298828,18.94147865695461,18.520840814201073,18.603693013109694,36382216.0,0.005491978292626376,0.00547695236943423,0.3218577968800325,-0.18647070915414418
2021-05-21,18.756669998168945,18.788536362738487,18.44437769718106,18.69293726902986,31633020.0,0.004780676784194027,0.004769285639430694,0.3218596869281314,-0.18258148856013554
2021-05-24,18.70567321777344,18.86500633703177,18.61007417259217,18.81402045505967,28429122.0,-0.002718861098504277,-0.0027225639144918606,0.322282417934739,-0.1848039359520867
2021-05-25,18.513349533081055,18.75593908931476,18.372904109645035,18.717635039515628,38124430.0,-0.010281569791866563,-0.010334790237992417,0.3188650709982619,-0.1931854311786502
2021-05-26,18.76870346069336,18.877229511342584,18.564417993934715,18.564417993934715,23792660.0,0.0137929620545445,0.013698704888145048,0.28691076434232243,-0.1820570684458437
2021-05-27,18.609111785888672,18.83254866126912,18.43036228558431,18.768709948183453,67821833.0,-0.008503074021011359,-0.008539431401284546,0.2606338752891713,-0.18901209773781172
2021-05-28,18.915538787841797,18.985760815562436,18.513351060304597,18.55165511326355,29988923.0,0.016466503370971664,0.016332400637227285,0.2643274510909428,-0.17565796271139414
2021-05-31,18.858083724975582,19.107056624571815,18.762324280709095,18.941073771787305,17563652.0,-0.0030374531495314105,-0.0030420755729854546,0.2625668429800995,-0.1781618630288476
2021-06-01,19.54470443725586,19.54470443725586,19.03373247590253,19.059280107773084,48906171.0,0.03640988778573084,0.03576271017143333,0.22437221627642548,-0.14823882868369387
2021-06-02,20.196191787719727,20.304772996483155,19.563862839586264,19.576637343019836,64182184.0,0.033333190202764706,0.03278968430952777,0.23082604218167307,-0.11984691155287787
2021-06-04,20.617746353149418,20.681617498875852,20.081225416371772,20.16425762975984,41730769.0,0.020872972977312276,0.020658117120497508,0.22991401220097676,-0.1014754999218231
2021-06-07,21.103168487548828,21.19258863451805,20.35587036192207,20.617744241023924,67509805.0,0.023543898837675936,0.023271016100909654,0.23560636432754506,-0.08032072998880921
2021-06-08,20.95626449584961,21.17342692877768,20.604970457497014,20.962651057878684,81765550.0,-0.0069612291531432335,-0.006985571543219272,0.24120508438634466,-0.08672282813475261
2021-06-09,21.24368667602539,21.837692174538187,20.707165758695307,20.866844997504913,101547730.0,0.013715334630974185,0.013622130677588032,0.2389252348662012,-0.074196926111791
2021-06-10,21.167041778564453,21.63969156924579,21.026524982019957,21.460851257126528,56582926.0,-0.003607890599678032,-0.00361441473393652,0.2273725173794512,-0.0775371223192253
2021-06-11,20.91794204711914,21.173428006064768,20.66884265052753,21.10317029904471,26202324.0,-0.011768282693974341,-0.011838077046264987,0.22717217968495584,-0.08839292623846975
2021-06-14,20.847686767578125,21.115947262749177,20.668845057182462,21.039300223887476,26905690.0,-0.0033586133560730147,-0.003364266158511528,0.22322586039546255,-0.09145466193189587
2021-06-15,20.847686767578125,20.969042508686695,20.624134974653952,20.92433242615819,19955642.0,0.0,0.0,0.2229643144176143,-0.09145466193189587
2021-06-16,21.26285171508789,21.46723967497389,20.72632935207751,20.87323410405538,75863980.0,0.019914197298638525,0.0197185034624168,0.22582764552187864,-0.07336171081484945
2021-06-17,21.013751983642575,21.933502620573805,20.98820297142738,21.4991749340418,56128933.0,-0.011715255074113973,-0.011784419390600221,0.23560656388250448,-0.08421751473409406
2021-06-18,20.630521774291992,21.0584615062778,20.490004971398957,20.91794332310321,46601083.0,-0.018237114897372675,-0.018405460983073836,0.2512989772774584,-0.10091874513888988
2021-06-21,20.726327896118164,20.91155615397136,20.47722849155494,20.57942315445989,31004431.0,0.004643902024114466,0.004633152378463115,0.25130109646615323,-0.096743499879597
2021-06-22,20.45806884765625,20.73271728213399,20.317552039056704,20.58581253024988,46060415.0,-0.012942912502708959,-0.013027401811673575,0.25806823163438536,-0.10843426972815853
2021-06-23,20.31116485595703,20.83491135165809,20.215358125637263,20.47084412010497,32356327.0,-0.007180736011456412,-0.007206641584840198,0.25591679694738945,-0.11483636787410194
2021-06-24,20.317550659179688,20.56664868388315,20.106773390173007,20.547487615894003,26939907.0,0.0003143986702851542,0.0003143492573798455,0.25403198221683354,-0.11455807360517674
2021-06-25,19.672452926635746,20.521944675676355,19.551097159670213,20.42613792710839,44105310.0,-0.03175076284367373,-0.03226574844575649,0.2819486217170021,-0.14267153022198442
2021-06-28,19.448896408081055,19.736317944535816,19.193410444534436,19.697995809158645,40825275.0,-0.011363937145428604,-0.011429000062723255,0.28146849959372416,-0.15241415706552824
2021-06-29,19.257274627685547,19.4425028159757,19.052885378634684,19.327533690849467,34621647.0,-0.00985257859237132,-0.009901436426815062,0.28394338984956496,-0.16076506319682146
2021-06-30,19.03372383117676,19.333919756636067,19.014562770906004,19.1614660733564,25504056.0,-0.011608641452690027,-0.011676547775882971,0.25552794919771477,-0.17050744067274048
2021-07-01,18.97302627563477,19.158347852478137,18.736582314717616,19.03693098194812,22975087.0,-0.0031889479998953307,-0.0031940435303732077,0.22146501207547273,-0.17315264931073526
2021-07-02,19.177507400512695,19.235020912197225,18.896330999486164,19.09443202119591,28580038.0,0.0107774649076684,0.010719801969637026,0.20981350131893964,-0.16424133100468305
2021-07-05,18.915508270263672,19.081659086524,18.88355661512948,18.99219251878105,13798920.0,-0.013661792681254226,-0.013755973742733916,0.18677128143236954,-0.17565929267205804
2021-07-06,18.883554458618164,18.998581508746373,18.679062231940552,18.838821870343462,27612682.0,-0.0016892917276635222,-0.0016907201898870483,0.18714748253726984,-0.17705184460972345
2021-07-07,18.966629028320312,19.132779830442058,18.62794040793727,18.90272572348977,44403516.0,0.004399307867816837,0.004389659200912929,0.17744517593438006,-0.1734314423149096
2021-07-08,18.7174015045166,18.960235114687812,18.50651815881532,18.627936344877085,55591098.0,-0.013140317313718342,-0.01322741511988325,0.17924077753173592,-0.1842928154444342
2021-07-12,18.97302627563477,19.1711274127639,18.736582314717616,18.7877060797683,30539448.0,0.013657065114325961,0.013564647881954049,0.19085302890602632,-0.17315264931073526
2021-07-13,19.088041305541992,19.190287390063865,18.63432439178717,18.85159749401816,35688706.0,0.006062028705190015,0.0060437285293986785,0.19472605673578566,-0.1681402769360466
2021-07-14,19.113609313964844,19.71430512433983,19.056097163449817,19.298930846657417,48257302.0,0.0013394778444568711,0.0013385815443024973,0.19518547267908426,-0.1670260192673064
2021-07-15,18.883554458618164,19.215853291236964,18.77491856737287,19.081656907389284,25655652.0,-0.01203618069029988,-0.012109202036685106,0.17477843131084977,-0.17705184460972345
2021-07-16,18.57682228088379,19.03693063402324,18.544870618799525,19.02414969299416,21614354.0,-0.016243349651494654,-0.016376719071589788,0.1775555233021136,-0.19041927924278024
2021-07-19,18.468175888061523,18.58959268756805,18.28285580059916,18.340367931173752,39053943.0,-0.005848491802285638,-0.005865661206608616,0.1715664398831817,-0.19515410545141731
2021-07-20,18.711008071899418,18.832426243198785,18.289244193728532,18.385099118412462,29845712.0,0.013148682647909471,0.013062989074602155,0.18056689894320752,-0.18457144220352523
2021-07-21,18.787700653076172,18.953850079546015,18.679063374211015,18.698234090079247,15188431.0,0.004098794724584298,0.004090417548568692,0.18084104534435136,-0.1812291679325537
2021-07-22,18.59598922729492,18.864384771564037,18.50013288664081,18.800480084135796,19526235.0,-0.01020409199195238,-0.01025651063328537,0.18182182236241412,-0.18958398082329733
2021-07-23,18.544864654541016,18.742967105314268,18.404277110389565,18.666282864779255,18986587.0,-0.002749225767396224,-0.0027530118293077025,0.18108899316990007,-0.19181199742552865
2021-07-26,18.87078094482422,19.00497876243627,18.583214587363244,18.583214587363244,27382004.0,0.017574476619509616,0.017421831350788584,0.16549898306660668,-0.17760851627011534
2021-07-27,19.05609703063965,19.183905030949862,18.742968879905018,18.85160478253393,41281308.0,0.009820265857426458,0.009772360420762658,0.1667209997989259,-0.16953241326100454
2021-07-28,19.675960540771484,19.95074723530779,19.235025807271207,19.266977459454775,78928065.0,0.03252835610225846,0.03201050901323106,0.20013810633249599,-0.1425186678681753
2021-07-29,19.573720932006836,19.797383936839605,19.362837486612953,19.733480615737903,26288092.0,-0.00519616862174499,-0.005209715654740152,0.19594565971852812,-0.14697428545993074
2021-07-30,19.362836837768555,19.86767637189929,19.20946831987309,19.42674153770564,48144908.0,-0.010773837788473073,-0.010832295836325643,0.20015093089600888,-0.15616464613778178
2021-08-02,19.48111915588379,20.14604618994384,19.48111915588379,19.692105671755183,42392667.0,0.006108728752210357,0.006090146107882661,0.1978354478662547,-0.15100988484951205
2021-08-03,19.672922134399418,20.09489509489105,19.282915273295274,20.07571488259432,62356921.0,0.009845583150580817,0.009797431194889102,0.19246728247884684,-0.14265108207677665
2021-08-04,19.12307357788086,19.647344608644584,19.071925892315324,19.551442180086564,57249470.0,-0.0279495111484791,-0.02834753260782096,0.2204101684065985,-0.1666135652164083
2021-08-05,19.180614471435547,19.545046718400183,18.98880962548187,19.308485750398297,55969180.0,0.0030089772609169785,0.003004459349431716,0.2201514952957143,-0.1641059243845877
2021-08-06,19.717681884765625,19.84555322304777,19.14865588015406,19.257347001275217,37719836.0,0.0280005322107848,0.027615684747610558,0.23355284433654322,-0.1407004453955141
2021-08-09,19.947851181030273,20.094901363390875,19.67292827126693,19.67292827126693,38432832.0,0.011673243214380236,0.011605636528364308,0.23243421883010768,-0.13066963270060733
2021-08-10,19.570627212524418,19.928665244700525,19.545052672608772,19.922272300551978,35944764.0,-0.018910506454178022,-0.019091596721602905,0.2441860301055745,-0.14710911022223544
2021-08-11,19.788002014160156,20.005382789119754,19.2701253015067,19.436358390296014,39474399.0,0.011107196477414316,0.011045964563346168,0.24665234865441177,-0.13763588353567716
2021-08-12,19.41718101501465,19.877515817139688,19.41718101501465,19.717678399614854,30945175.0,-0.018739688771011398,-0.01891750168188834,0.25282692622340064,-0.15379631868550678
2021-08-13,19.679309844970703,19.781606586118944,19.257336996686917,19.449143213632336,34220225.0,0.013499839639613986,0.013409528685547966,0.24710313962807856,-0.1423727046853101
2021-08-16,19.463659286499023,19.98970499385735,19.41875304706629,19.668945348573622,40491380.0,-0.010958237873712418,-0.011018721631845864,0.2501806645627536,-0.15177078859435708
2021-08-17,19.393091201782227,19.61762377670466,19.078747537763032,19.444413408508712,44072680.0,-0.003625632964390557,-0.003632221501485848,0.24795114849272878,-0.15484615638458837
2021-08-18,19.431583404541016,19.96404368948153,19.251958448609855,19.32252579167919,53791214.0,0.0019848410115892445,0.001982873817283794,0.24780465262707993,-0.1531686603746782
2021-08-19,19.181392669677734,19.778004377147692,19.02101283556472,19.181392669677734,45082749.0,-0.012875468234092247,-0.01295907550574016,0.2497103138986003,-0.16407201038765776
2021-08-20,19.110828399658203,19.20064089290135,18.73233190217811,18.988938827681732,39317932.0,-0.003678787626879676,-0.0036855710076030826,0.24994526866132685,-0.16714721193280607
2021-08-23,19.316116333007812,19.393098284876977,19.104415618783168,19.15573784425448,24393150.0,0.010741969372362714,0.010684684290620526,0.24535622870324886,-0.1582007327917013
2021-08-24,19.854984283447266,19.89347593878838,19.399507320099264,19.405923289158103,34165275.0,0.02789732372436715,0.027515282399112165,0.26118346677786025,-0.13471678612345642
2021-08-25,19.880643844604492,19.919135496959303,19.57913075333868,19.726680007859652,19855031.0,0.001292348600780313,0.0012915142371091276,0.23599994330754237,-0.13359853857272444
2021-08-26,19.399513244628903,19.84857576239718,19.35460699285208,19.82291465099964,39789600.0,-0.024200956655946793,-0.024498611982051947,0.25162338630607606,-0.15456628278737494
2021-08-27,19.73309326171875,19.797246011324887,19.309692046003768,19.5149780720692,25233269.0,0.017195277679567855,0.0170491120851022,0.2557896648661877,-0.14002881526023464
2021-08-30,19.591968536376953,19.758762985477865,19.4636643675021,19.68819562327981,21302552.0,-0.0071516778170592765,-0.007177373650366597,0.25658575427301533,-0.14617905210544826
2021-08-31,19.848573684692383,20.06027436571739,19.585550786244593,19.64970355802307,49407297.0,0.013097466333665375,0.013012436169881526,0.25841408351962136,-0.13499616098542105
2021-09-01,19.93522071838379,20.301064035335056,19.896711771553157,19.93522071838379,32612838.0,0.004365403533163281,0.004355902798817306,0.2351098303676571,-0.1312200701703871
2021-09-02,19.216371536254883,19.83252714576781,19.113678703501066,19.826109450537565,36876544.0,-0.03605925373407082,-0.036725452789855055,0.2723795622879068,-0.16254762609918133
2021-09-03,19.107261657714844,19.357573972362125,18.786346371075197,19.338319499006957,56222519.0,-0.005677964663317714,-0.005694145583541423,0.2526901501150957,-0.16730265108540168
2021-09-06,19.351158142089844,19.42817742994411,19.010988349307507,19.043079603662605,30840146.0,0.01276459645260175,0.012683815687595182,0.25346370860435524,-0.15667360545935552
2021-09-08,18.433332443237305,19.319057280627774,18.337058728047637,19.280546962346214,54336867.0,-0.04743001385825152,-0.048591698416226646,0.29826258261785143,-0.19667258803944762
2021-09-09,18.67723846435547,18.94038759389356,18.20228455010251,18.58738100637901,63103001.0,0.01323179201965985,0.013145016485383057,0.2996628120995217,-0.18604312680069401
2021-09-10,18.49110221862793,19.0366575796646,18.349900454165297,18.933964756869116,40810093.0,-0.009965940419016994,-0.010015932828137753,0.29497684659114093,-0.19415497250264765
2021-09-13,18.722156524658203,18.882612718027957,18.580953410081428,18.82484932062054,35205595.0,0.012495431764879328,0.012418008151222565,0.29429028594160245,-0.18408559094848723
2021-09-14,18.606630325317383,18.84410719892093,18.54886553043979,18.67723189539108,27397073.0,-0.006170560490115884,-0.0061896770791142015,0.2929308518243799,-0.18912024016429668
2021-09-15,18.304969787597656,18.657974841284368,18.304969787597656,18.64513945392202,29908367.0,-0.01621252921380756,-0.016345390231378733,0.29717092968855274,-0.20226665195951832
2021-09-16,18.29214096069336,18.39483381327717,18.073918475576477,18.176611328160288,52599525.0,-0.0007008384637153808,-0.0007010841657965121,0.2967399514138178,-0.20282573417361358
2021-09-17,17.855693817138672,18.292138734250173,17.855693817138672,18.2728828731649,49421346.0,-0.023859817420636364,-0.024149073190830272,0.30427308749912313,-0.221846166608661
2021-09-20,17.451339721679688,17.733744655742722,17.239536367884895,17.521941301947933,49865822.0,-0.02264566695643422,-0.022906018131465897,0.3119138252222661,-0.23946797916051388
2021-09-21,17.40640640258789,17.68239355770916,17.374315163226946,17.534772747041195,38037755.0,-0.0025747776278732815,-0.002578098068612081,0.3068381875693503,-0.24142617999305263
2021-09-22,17.81077003479004,17.964810025165782,17.521947306727455,17.541201785395515,43868060.0,0.023230736020390053,0.02296500994429993,0.3007675928037851,-0.22380395182849228
2021-09-23,18.426925659179688,18.58096424947845,17.849278865043882,17.926298160193262,56944126.0,0.034594552800698786,0.034009613544129486,0.33133804803124384,-0.19695179665632928
2021-09-24,18.170190811157227,18.407669140967457,18.14451864029435,18.292139517549007,46899175.0,-0.013932592596886284,-0.014030562210047465,0.32468003322131306,-0.20814034010917815
2021-09-27,18.6451416015625,18.82485368945141,17.990475742250105,18.247207098232856,66204022.0,0.026139009509665412,0.025803224422589012,0.33331947046567145,-0.18744191292897153
2021-09-28,18.221534729003903,19.004567010626857,18.208697952320264,18.561704456585765,69369851.0,-0.022719423730367283,-0.022981486725234118,0.3406892451833597,-0.20590276441467492
2021-09-29,18.54887008666992,18.593798117387255,18.221537093299336,18.38841243781942,59439332.0,0.01796420348418759,0.017804753938553165,0.34419998466594653,-0.19163744008838934
2021-09-30,18.568124771118164,18.760673674518873,18.42050389894395,18.67081761206588,47356794.0,0.0010380516095200853,0.0010375132065092666,0.34341066419946437,-0.19079831803199734
2021-10-01,19.052955627441406,19.181388604594915,18.584177828130663,18.699765981066378,48506222.0,0.026110921932050557,0.02577585194988353,0.33489190241203687,-0.16966931608684677
2021-10-04,15.63023281097412,15.93204875688081,15.3091524012965,15.893519829338942,66781965.0,-0.17964261731327613,-0.19801520112647014,0.7778587888937091,-0.31883209338052815
2021-10-05,16.00910186767578,16.29807423942336,15.630225469190652,15.79718870254562,55746545.0,0.02423950182211332,0.023950387767822913,0.7832342284587643,-0.3023209226668604
2021-10-06,16.06047821044922,16.1375374362634,15.64307279853712,15.765083355053692,44244216.0,0.003209195818609345,0.0032040573403618326,0.7704033007599905,-0.3000819338891516
2021-10-07,15.72012996673584,16.214595927470626,15.668757618827003,16.137535324013548,43538924.0,-0.021191663115731063,-0.021419429995593663,0.7682480496921564,-0.31491436175478665
2021-10-08,15.835726737976074,16.278819166037707,15.816462272152044,15.835726737976074,55105154.0,0.007353423380394464,0.0073265187761455425,0.7702932156762197,-0.3098766370049419
2021-10-11,15.55960178375244,15.9320561192403,15.553180755438143,15.784359978438362,48452065.0,-0.017436834999271067,-0.01759064722816139,0.7672308807498391,-0.3219102042146288
2021-10-13,15.578855514526367,15.70086605934389,15.27061725309584,15.604540995515295,47860412.0,0.0012374179649015105,0.0012366529942854712,0.7680763469729108,-0.32107112371950763
2021-10-14,15.50180435180664,15.80362035903543,15.30915551176635,15.68803077746526,41792857.0,-0.00494588082211056,-0.004958152169131126,0.7676719034017985,-0.32442902502828036
2021-10-15,15.899942398071287,15.970580622394408,15.463272387921702,15.55317507788573,59503573.0,0.02568333577363502,0.02535905951272802,0.7766193727673069,-0.3070781088391597
2021-10-18,16.00910186767578,16.0861610742932,15.649491311641796,15.78434527015454,32581454.0,0.006865400318540438,0.006841940769365283,0.7753372031806215,-0.3023209226668604
2021-10-19,15.63023281097412,15.919206706186658,15.521065665965889,15.86141192714415,47718221.0,-0.02366585332726512,-0.023950387767822823,0.7756577092536324,-0.31883209338052815
2021-10-20,16.047636032104492,16.086166341894923,15.610966126460465,15.76508459016318,42786725.0,0.026704862696434795,0.026354511550423378,0.7838640272789438,-0.3006415979610373
2021-10-21,15.72012996673584,16.15037875792306,15.488952319552252,15.65591418491749,80104912.0,-0.02040836823027714,-0.020619496437832154,0.7791847367990861,-0.31491436175478665
2021-10-22,15.116495132446287,15.58527273980408,14.71193329350572,15.488949087178248,105874771.0,-0.03839884502016577,-0.03915551409975818,0.7723055862271787,-0.34122085900330595
2021-10-25,15.41189193725586,15.604540673204635,15.199978744030975,15.199978744030975,45016582.0,0.019541355467745047,0.019352874670417547,0.7790002759460054,-0.32834742163435376
2021-10-26,15.2449312210083,15.405472077713476,15.077969340635828,15.212823327213131,32568991.0,-0.010833239483334145,-0.01089234628858566,0.7685559015588288,-0.3356235948653876
2021-10-27,15.360513687133787,15.694438682092052,15.2706110707467,15.334828216543697,33442194.0,0.007581698103446222,0.007553101480069311,0.7693929527581685,-0.3305864935346041
2021-10-28,15.328420639038086,15.399058873896108,15.013761177236049,15.19998761090805,41697345.0,-0.002089321278531342,-0.0020915069551515676,0.7635765667258317,-0.33198511341779857
2021-10-29,14.968802452087402,15.501797382844211,14.962381428322344,15.373364417978804,39933604.0,-0.02346087672169017,-0.0237404646668396,0.7640915742977035,-0.34765732832015744
2021-11-01,15.564955711364746,15.661353775741842,15.198646677562293,15.237204792288358,40188416.0,0.0398263829845793,0.03905375977943782,0.7739061225079611,-0.3216768792406523
2021-11-03,15.712763786315918,15.98267612267216,15.429998283164494,15.429998283164494,70258916.0,0.009496209156782287,0.009451403594593313,0.32735542571848003,-0.3152353810100403
2021-11-04,14.883749008178713,15.892708200772782,14.793778213220074,15.732045670123473,81180809.0,-0.052760595743136296,-0.05420341493974531,0.36744543885109227,-0.3513639702517723
2021-11-05,14.703813552856444,15.134388648022396,14.48531375324269,15.102256406242825,126468405.0,-0.012089390597986638,-0.012163061641249466,0.3676954891303724,-0.3592055845713259
2021-11-08,14.626687049865724,14.896599384132353,14.543142160734265,14.65239338325707,37621718.0,-0.0052453401094532115,-0.005259145201982942,0.3622156998781503,-0.36256676922048753
2021-11-09,14.47887897491455,14.903027957626405,14.382482299486972,14.690952771879996,49238027.0,-0.010105369346268378,-0.010156775201067192,0.360530233754729,-0.36900826745109966
2021-11-10,14.845184326171877,15.121522479033253,14.408182324914064,14.478874029349958,54292566.0,0.025299289530078317,0.024984559755092704,0.3715016393495518,-0.3530446249182593
2021-11-11,14.813055992126465,15.082969742453573,14.665248032139669,15.057263406464136,44943164.0,-0.002164226010233472,-0.0021665713318268147,0.37126217755314816,-0.35444478256847156
2021-11-12,14.78093147277832,15.03799077619856,14.626694779700914,14.800210538619904,41650213.0,-0.002168662520766751,-0.0021710174746807902,0.37115124290319557,-0.35584477397360076
2021-11-16,14.626687049865724,15.04440871796134,14.498156771689825,14.832334939434825,28013991.0,-0.010435365538137065,-0.010490195747517826,0.35716533282589885,-0.36256676922048753
2021-11-17,14.684525489807127,14.896599266661282,14.562422490332365,14.735936767403564,33810419.0,0.003954308979485122,0.003946511249395624,0.3561273284869948,-0.3600461612721939
2021-11-18,14.440322875976562,14.761647980720497,14.260382650511264,14.65882400275369,37668284.0,-0.016629928832230356,-0.016769758504671443,0.3517625432418998,-0.3706885480661499
2021-11-19,14.318218231201172,14.446748536447998,14.196115205046311,14.395335858836814,32752424.0,-0.00845581126018502,-0.008491764451280848,0.333191221940202,-0.3760098869275756
2021-11-22,14.3536958694458,14.620348568151329,14.230125586547452,14.314673009097618,31671315.0,0.0024777970046103714,0.0024747323270010828,0.32954156775095894,-0.3744637660944982
2021-11-23,14.594331741333008,14.594331741333008,14.249634764873468,14.470761471868292,43766770.0,0.016764732517388747,0.016625755513241188,0.3107950142787155,-0.36397681845313773
2021-11-24,14.984557151794434,15.069105984566516,14.399222646487384,14.444748616717831,52266989.0,0.026738148575604637,0.02638693112962771,0.31805019775433163,-0.3469707361274089
2021-11-25,15.121131896972656,15.277221908993155,14.991057121200454,15.023576869245458,20130804.0,0.009114366463734092,0.00907308129487468,0.3180478624979865,-0.3410187881049316
2021-11-26,14.834976196289062,14.932532680000866,14.620353899781092,14.802457836875128,36577772.0,-0.018924224894889208,-0.019105579683110364,0.32323296517148303,-0.3534894967603405
2021-11-29,14.73741340637207,15.082110365635527,14.698390552212912,15.004066062786478,38197962.0,-0.0065765383527475185,-0.0065982590648725765,0.32369339347863996,-0.35774129788035025
2021-11-30,14.555309295654297,14.795946711516756,14.340685709948067,14.75042075190681,69161379.0,-0.01235658562981179,-0.012433563009715412,0.31600227395515007,-0.3656774225295835
2021-12-01,14.462654113769531,14.91827298274884,14.449636230858925,14.683953903514691,27021256.0,-0.006365730882299414,-0.006386078544925791,0.27769030537946454,-0.3697153493503267
2021-12-02,15.009405136108398,15.074493180420893,14.540768122584282,14.605856166896777,35524082.0,0.03780433508523995,0.03710726513032832,0.31044622254789633,-0.345887857218083
2021-12-03,14.957324981689451,15.36087227451512,14.853183336469796,14.950815337662974,40226598.0,-0.003469834676769201,-0.0034758685147681747,0.24278493346892066,-0.3481575182136036
2021-12-06,15.13306999206543,15.471529443492974,14.970349913443853,15.035437944892484,42204929.0,0.011749762112618578,0.01168126964914367,0.24136935829814232,-0.3404985241177145
2021-12-07,14.944308280944824,15.386909253164015,14.840166627497071,15.373891370660754,34780267.0,-0.0124734578786444,-0.01255190447049442,0.24540782987549714,-0.34872478799803597
2021-12-08,14.801115036010742,15.061469909085195,14.612359229939225,15.028924495016993,42979561.0,-0.009581791424676744,-0.009627992148794166,0.24509384690633085,-0.3549651712395009
2021-12-09,14.404074668884276,14.833657781732798,14.28691512662435,14.827149543419877,31683098.0,-0.02682503082777732,-0.02719138853072355,0.2476208049948611,-0.3722682504059914
2021-12-10,14.42360019683838,14.599339502996209,14.234844414590356,14.501706086271296,23448341.0,0.0013555558689433145,0.0013546379325354845,0.2478120179779692,-0.3714173249487071
2021-12-13,14.039583206176758,14.592834243065353,14.039583206176758,14.44964030384274,54986869.0,-0.026624212084428,-0.026985055617666384,0.2640477862997586,-0.3881528434018698
2021-12-14,14.176267623901367,14.423603226826836,14.111178196885204,14.163249738498134,35664007.0,0.009735646401844322,0.009688560358463822,0.2657326341805585,-0.3821961158332565
2021-12-15,14.13070011138916,14.29992974120586,13.915907197483024,14.26087610051981,35939779.0,-0.003214351881688504,-0.0032195290077448742,0.2649781098099187,-0.38418195491084234
2021-12-16,14.27389144897461,14.293418969143064,14.039573866153718,14.254365335383996,28503900.0,0.010133350538664265,0.010082352374244794,0.26215021874501854,-0.37794165479191894
2021-12-17,13.961475372314451,14.221830281164957,13.876861222529955,14.078634940639306,39972240.0,-0.021887239214124832,-0.022130318266474953,0.27189874104136147,-0.39155679459863085
2021-12-20,13.746679306030272,13.987506604269983,13.609993656211376,13.980998366621677,25313939.0,-0.015384911734337092,-0.015504487516196657,0.27607967896219604,-0.40091763960908805
2021-12-21,13.766210556030272,13.870352232622462,13.688103243652144,13.792244920244334,28202409.0,0.0014207976752198537,0.0014197892972239714,0.2674991290956794,-0.40006646478417945
2021-12-22,13.818283081054688,13.870354631646428,13.649053354789311,13.818283081054688,20497442.0,0.003782633195422491,0.003775497028483734,0.24580307121482942,-0.3977971362788249
2021-12-23,13.889878273010254,14.039581844290517,13.7792283576817,13.883368627062314,25353141.0,0.0051811930277883,0.005167816830405784,0.24341676371886894,-0.3946770069999986
2021-12-27,14.033068656921388,14.124192424567177,13.870348647966964,13.98099853537163,15891231.0,0.010308973275120037,0.01025619820476232,0.24195315245939522,-0.3884367484423458
2021-12-28,13.981006622314451,14.12420059433676,13.928936470646097,14.078638684159785,17328328.0,-0.0037099536729807703,-0.003716852619575873,0.24156570027800245,-0.39070561977372226
2021-12-29,13.86384391784668,14.046091517737832,13.81828201787389,14.01354750441138,14565961.0,-0.008380133679414259,-0.008415444410470922,0.2398186281390224,-0.39581158813013434
2021-12-30,13.636033058166504,13.95496632617127,13.636033058166504,13.95496632617127,45316940.0,-0.01643201272533934,-0.016568515657486224,0.24471810055048715,-0.4057396198024826
2022-01-03,14.012331008911133,14.207761089535197,13.73872917759033,13.790844616564438,37222335.0,0.02759585204432069,0.027221949698461992,0.22498060468087913,-0.3893404982747501
2022-01-04,14.409710884094238,14.44879606798377,13.960221415010528,14.08399351026883,49793763.0,0.028359298315918435,0.027964617948354763,0.25107564420540035,-0.3720226232958736
2022-01-05,14.1361083984375,14.474854656286238,14.025365160480291,14.390167739882816,35851405.0,-0.018987368161476947,-0.019169943007806722,0.2528751218436595,-0.38394626094443335
2022-01-06,14.422733306884766,14.487876195809957,14.01884429846696,14.097017454494445,40624734.0,0.020276083089384667,0.020073260367221454,0.2635213179581969,-0.3714551041438166
2022-01-07,14.741933822631836,14.75496268054608,14.253359393550866,14.390160290004106,48590177.0,0.022131763026824958,0.02189041011191654,0.2745830609693436,-0.35754429745700717
2022-01-10,14.878745079040527,14.904801402782269,14.533485063752972,14.702857503017128,47125888.0,0.00928041450021011,0.009237616041413528,0.2569723051595484,-0.35158204223938444
2022-01-11,15.21096897125244,15.21096897125244,14.787537332045131,14.846166501506392,63361665.0,0.022328757596627558,0.022083120676317347,0.26702448939936274,-0.3371036748392473
2022-01-12,15.14582347869873,15.308682098418997,14.937364558077936,15.152338611835544,47231371.0,-0.004282797018180018,-0.004291994463250208,0.2448407667667458,-0.3399427252440083
2022-01-13,15.425943374633787,15.517143993919438,15.015539180083808,15.041596902098153,49188741.0,0.018494860733655027,0.01832591075511013,0.24947537940251624,-0.3277350578711603
2022-01-14,15.308682441711426,15.536683951326944,15.25005328098682,15.35428274363453,33902872.0,-0.007601540474677426,-0.007630579437640089,0.2517023947293328,-0.3328453070384594
2022-01-17,15.308682441711426,15.471541065083745,15.08068093209591,15.28262613187274,19948957.0,0.0,0.0,0.251016263026224,-0.3328453070384594
2022-01-18,15.39989185333252,15.608350897853477,15.158861347061126,15.237033136815205,49389056.0,0.005958018396970299,0.005940339591040766,0.2320631549208263,-0.32887038710416944
2022-01-19,15.29565143585205,15.68651151397467,15.243537415725628,15.517139188858636,35038364.0,-0.006768905812667203,-0.006791918762735938,0.22381544171411255,-0.3334132002419531
2022-01-20,15.171884536743164,15.41942867963978,15.100226503044029,15.3347431923268,29391946.0,-0.00809163961587045,-0.008124554609464782,0.2285460203935423,-0.33880698039829166
2022-01-21,15.178401947021484,15.40640353591715,15.061142177034668,15.100228767030274,42676371.0,0.0004295715711872816,0.00042947933173458113,0.22906489970954708,-0.3385229506740033
2022-01-24,15.158856391906738,15.341257644297642,14.898283375314689,15.210970432119282,44921297.0,-0.0012877215389978103,-0.0012885513648450537,0.23003220561475854,-0.3393747489179731
2022-01-25,15.70605754852295,15.732115268197004,14.982967793565606,15.022052965312255,44585362.0,0.036097786169962065,0.03546152757795001,0.25466531457666886,-0.3155276398659366
2022-01-26,15.87543487548828,15.960120371755869,15.510630941611472,15.849377149976062,63314645.0,0.01078420389343715,0.010726469078410189,0.25278704144353503,-0.30814615037482873
2022-01-27,15.953598976135254,16.2337158960589,15.764684059715744,15.953598976135252,47070145.0,0.004923587999952073,0.004911506779628436,0.24681581339641334,-0.3047397470630936
2022-01-28,16.149038314819336,16.162065771056845,15.719091433799877,15.738634025921025,33360845.0,0.012250485860678673,0.012176055910930754,0.2309606994477657,-0.29622247116499817
2022-01-31,16.500802993774414,16.618061297946845,15.97314203276259,16.07085775549432,50129358.0,0.0217823917497475,0.021548545186069613,0.2256643987588955,-0.2808925133272449
2022-02-01,16.616613388061523,16.7469900073231,16.414527374212575,16.486235360054007,32598902.0,0.007018470212074135,0.006993955387554894,0.21320471472974442,-0.2758454788527527
2022-02-02,16.355859756469727,16.629652364416327,16.24503793272037,16.603576475446356,39095411.0,-0.01569234509476758,-0.015816773373013817,0.20798811542638818,-0.28720916150053144
2022-02-03,16.544906616210938,16.642689087831958,16.10814181039575,16.427566523268876,47261735.0,0.01155835661078175,0.011492069101153411,0.20316907442317414,-0.27897047080025644
2022-02-04,16.597055435180664,16.79262034354991,16.427563593934053,16.45363947854827,39194888.0,0.0031519560780495226,0.003146999077923645,0.1955326798609073,-0.2766978173932422
2022-02-07,16.505794525146484,16.655728778330296,16.447124477487943,16.590539053850765,26166974.0,-0.0054986205469155225,-0.005513793607036486,0.1991963444506081,-0.2806749816361525
2022-02-08,16.688318252563477,16.766545906587652,16.316743235304738,16.47971540140307,42299308.0,0.01105816064406473,0.010997466221520157,0.19041973552699068,-0.2727205700277904
2022-02-09,16.023395538330078,16.564461024782887,16.016875862351096,16.26459255714284,100922428.0,-0.039843602223445185,-0.040659093438778875,0.24806323113197606,-0.301698002340897
2022-02-10,16.32978630065918,16.49927678672623,15.945171811655165,16.003841866206496,68333609.0,0.01912146283827143,0.01894094521191101,0.24858231361862973,-0.28834544664276784
2022-02-11,17.294580459594727,17.600967273766432,17.05990023852959,17.17724034906216,182038996.0,0.05908186066688459,0.05740236360051033,0.3114601487368349,-0.24629957147836182
2022-02-14,17.255464553833008,17.398880540367408,17.125087921070193,17.340210492125706,43043123.0,-0.0022617435475295045,-0.0022643051526583524,0.31215113785650217,-0.2480042485593409
2022-02-15,17.41844367980957,17.535783822952155,17.275029044993804,17.470594071902582,33336032.0,0.009445073209597199,0.009400747394095904,0.31238609291505864,-0.2409015936336778
2022-02-16,17.235916137695312,17.51622715193679,17.196802284924846,17.45755707715445,44408048.0,-0.010478981100121687,-0.010534272224872505,0.31471754239272387,-0.24885617148712294
2022-02-17,16.994709014892578,17.261981943705504,16.923001025273788,17.209831575002937,38194109.0,-0.013994447459349635,-0.014093293015387852,0.31894795933027986,-0.25936801432966117
2022-02-18,17.059894561767578,17.307611238244082,16.98818658377593,17.09248871301493,29924682.0,0.0038356377162962474,0.003828300414121384,0.3184346372138463,-0.2565272183515287
2022-02-21,16.64269256591797,17.131609252437833,16.447127581805628,17.09901508841911,25401293.0,-0.024455133315101962,-0.024759126450348754,0.3358295306709359,-0.2747089443428918
2022-02-22,16.795093536376953,17.04946607096176,16.62551231648721,16.795093536376953,34318570.0,0.00915723040940386,0.00911555718934064,0.31624004902612046,-0.2680672870323599
2022-02-23,16.56028938293457,17.01033158785311,16.521154604050153,16.808138754034648,25506096.0,-0.013980520735643043,-0.014079168728441983,0.3207933763425108,-0.2783000875030994
2022-02-24,16.279823303222656,16.390703037358556,15.87543631769747,16.142853722407686,49889615.0,-0.016936061515986256,-0.017081116714228906,0.3276726430448767,-0.29052284161722886
2022-02-25,16.612464904785156,16.632031586210058,16.181988046936098,16.221122819286077,44070414.0,0.02043275257764332,0.020226804553269185,0.3325209186010264,-0.27602627038050426
2022-03-02,16.33680534362793,16.584826599666197,16.25848291595679,16.42818174432391,36789303.0,-0.01659353760788529,-0.016732752547229647,0.32952954059416256,-0.2880395556900663
2022-03-03,16.349857330322266,16.872007725012864,16.121416356335413,16.343329639363933,50467105.0,0.000798931395692204,0.0007986124198865768,0.3283928677262454,-0.2874707481386162
2022-03-04,16.101842880249023,16.40207870777591,15.847293856267282,16.36291818745769,34369894.0,-0.015169211881334133,-0.01528544127943343,0.3280760759682143,-0.29827925533175
2022-03-07,15.755904197692873,15.95823714404312,15.677581812346874,15.840752860785557,59892079.0,-0.021484415487651343,-0.021718565331245613,0.33274250052393994,-0.31335531536650674
2022-03-08,15.605788230895996,15.96476600604688,15.527465832871757,15.814647488801514,49265672.0,-0.009527600886203524,-0.009573278841278456,0.3329715880608991,-0.31989739187232774
2022-03-09,16.382503509521484,16.51956819394248,15.768974867009335,15.8016105246628,58459174.0,0.0497709738933767,0.04857202027623697,0.37978362182724346,-0.2860480227183881
2022-03-10,16.395544052124023,16.395544052124023,15.977822645517955,16.147522848500177,33553115.0,0.0007960042611900864,0.0007956876178200097,0.3774512238192137,-0.2854797139021869
2022-03-11,16.212785720825195,16.702301680046915,16.173623823477524,16.467334527392254,48649207.0,-0.01114682932861577,-0.011209420796242958,0.34975133180010226,-0.2934443495831529
2022-03-14,16.44123077392578,16.669671706979873,16.323746462504396,16.330274152293075,36267443.0,0.014090425731535516,0.013992078442971866,0.3467351063355965,-0.28348867966575764
2022-03-15,16.382503509521484,16.60441836497971,16.121428121645124,16.38902979476492,41720798.0,-0.003571950616825692,-0.0035783452645487997,0.2734530842493712,-0.2860480227183881
2022-03-16,16.702306747436523,16.74799493629846,16.408597364889076,16.545661931474893,45741022.0,0.01952102361700514,0.01933293231755073,0.28444416766463054,-0.2721109493084662
2022-03-17,17.06782341003418,17.09393136657861,16.61746891727439,16.73495190076737,49108185.0,0.02188420247123979,0.021648180539374708,0.2939078924488057,-0.25618167794653407
2022-03-18,17.19182586669922,17.361524668207686,17.015599374472533,17.028653345431287,73408542.0,0.007265276519801356,0.007239011536533676,0.2930442297937675,-0.25077763215632093
2022-03-21,17.616079330444336,17.68134779608202,17.204884047588124,17.257099948480786,40745625.0,0.024677626857941837,0.024378052739112817,0.30045286453533543,-0.2322886021290509
2022-03-22,17.857566833496094,17.968524879739732,17.68786803453705,17.753136477872605,41741192.0,0.013708356923348708,0.013615247353047068,0.3033258062599772,-0.22176454027291292
2022-03-23,17.77924346923828,18.040320049583357,17.73355527924953,17.87714753948708,30594059.0,-0.004386004262960319,-0.004395650997069505,0.2874423624089376,-0.2251778843168628
2022-03-24,17.896728515625,18.099062944127382,17.772717910691206,17.837986353187382,53835967.0,0.006607989062638708,0.006586252009174382,0.28690370768967083,-0.22005786825093798
2022-03-25,17.929363250732422,17.961997472915815,17.707449975694278,17.961997472915815,36342901.0,0.0018235028306390344,0.001821842267739998,0.2796804706103685,-0.21863564156595885
2022-03-28,17.91631317138672,18.08601199652776,17.700924736288368,17.975055343642826,24411278.0,-0.0007278607256266945,-0.0007281257448505089,0.2691808202309879,-0.2192043659948675
2022-03-29,18.12516975402832,18.32750134894682,17.8771471491635,18.086007844688332,33838857.0,0.011657341588288128,0.011589918260462984,0.26431308197688425,-0.21010236457862566
2022-03-30,18.164335250854492,18.249185372532423,17.962000779308028,18.170861532301437,37371325.0,0.002160834759490582,0.0021585035137488616,0.25256579455856504,-0.2083955263115677
2022-03-31,17.935890197753906,18.27528778696148,17.811879594407973,18.196965374873397,46340719.0,-0.012576571063333541,-0.012656325530565723,0.26014961289785105,-0.21835119622896304
2022-04-01,17.986602783203125,18.20865864933996,17.84944872106968,18.09109883115929,45495048.0,0.0028274362125371155,0.0028234465333754097,0.24948649219706792,-0.2161411340956945
2022-04-04,17.823328018188477,17.967011163653687,17.646988265159894,17.927825492792355,28469684.0,-0.009077576626483563,-0.009119028873174359,0.23480881759672192,-0.22325667301528931
2022-04-05,17.464120864868164,17.810268540899845,17.385748099072853,17.784143815173266,41644661.0,-0.020153764378557537,-0.020359622055092504,0.2471924293608389,-0.238910975009956
2022-04-06,17.45758819580078,17.575146624031785,17.2812484363779,17.353090717407692,38196035.0,-0.00037406229136471847,-0.0003741322701151142,0.18849385760835555,-0.23919566971457631
2022-04-07,17.444530487060547,17.477187107159807,17.24859782338869,17.31390965220247,26732002.0,-0.0007479675080991344,-0.0007482473753588336,0.18883203602685159,-0.23976472663365095
2022-04-08,17.41187286376953,17.56861839571097,17.248594033305185,17.346561049306906,29650496.0,-0.001872083821071513,-0.0018738383600927751,0.18224131450382647,-0.241187950789128
2022-04-11,17.346561431884766,17.45759081322776,17.268188664185537,17.372686158245994,30882294.0,-0.003750971098615441,-0.0037580236321300563,0.17964804974371823,-0.24403423285499912
2022-04-12,17.039602279663086,17.568620270653362,16.987352822516865,17.503308449220587,33798183.0,-0.017695677234189855,-0.017854117653549054,0.19290216244096572,-0.2574115590704938
2022-04-13,17.085317611694336,17.333498266486504,16.961227284298253,17.163690375766368,38370517.0,0.002682887269370715,0.0026792947514331996,0.18175231183386378,-0.2554192779959421
2022-04-14,17.196352005004883,17.287787165834075,16.987356948428175,17.026544050805654,26768711.0,0.006498819385982513,0.006477793107435986,0.16636803631568683,-0.25058038236535335
2022-04-18,17.294309616088867,17.346559061672025,17.117971265706373,17.137564102107927,23802743.0,0.005696418115625601,0.00568025487860591,0.1656053411602481,-0.2463113748792541
2022-04-19,16.98733901977539,17.379203984431236,16.81753124479344,17.320424098594515,39035022.0,-0.017749803439849554,-0.017909220431446982,0.15147436171926618,-0.2596891998299978
2022-04-20,17.098384857177734,17.14410102217288,16.88938981904519,16.99388733811146,28485092.0,0.006536976584329723,0.006515703211596243,0.14378197724488387,-0.25484980546416003
2022-04-22,16.765289306640625,16.99387705015517,16.628136660531897,16.915504311147888,34773809.0,-0.01948111200674485,-0.019673369897157,0.15657362333623742,-0.2693661598657604
2022-04-25,16.69998550415039,16.7522349627414,16.38649439814282,16.654267933575568,42282427.0,-0.0038951789793670866,-0.0039027849465011182,0.1524864160887494,-0.27221210944146557
2022-04-26,16.131771087646484,16.654256857773177,16.099114492052845,16.497511409011906,47838319.0,-0.03402484489358926,-0.03461716445190892,0.18675257836342082,-0.2969749795331522
2022-04-27,16.00115966796875,16.393024963995618,15.935849255759148,16.321182663734277,27688480.0,-0.008096533168497233,-0.008129488094142774,0.18620580087674707,-0.3026670449296455
2022-04-28,15.870534896850586,16.05993703793996,15.713789368033751,16.007688998795818,41170160.0,-0.008163456513695655,-0.008196959985495198,0.17480179621019776,-0.3083596921839292
2022-04-29,15.589691162109377,16.295047096729427,15.589691162109377,15.975024313805775,50954295.0,-0.017695921187693586,-0.017854366001773092,0.17587019129781922,-0.3205989045612746
2022-05-02,15.522801399230955,15.738486297769157,15.320187114301172,15.601232143024072,44535284.0,-0.004290640666506418,-0.004299871879846802,0.17521071337731928,-0.32351397053023295
2022-05-03,15.60123348236084,15.790774345096883,15.477051342991892,15.55548209351814,29699668.0,0.005052701578322827,0.0050399795175585255,0.17706352742735837,-0.3200958885014178
2022-05-04,15.581622123718262,15.581622123718262,15.29404183777356,15.529334028585614,53745441.0,-0.001257038981228753,-0.001257829717455887,0.17807868539059926,-0.3209505544730692
2022-05-05,15.222145080566406,15.418222595291768,14.96724417018062,15.418222595291768,45795293.0,-0.023070578935723396,-0.023340870015274268,0.18139069371767513,-0.3366166183073574
2022-05-06,15.548943519592283,15.829987100971394,15.20907512214074,15.215610428133036,68490643.0,0.02146861938946376,0.021241414675878128,0.20618979786819677,-0.32237469297650273
2022-05-09,15.326722145080566,15.62083775501092,15.039141841234464,15.516262970664302,63819963.0,-0.014291734626967423,-0.014394845063326672,0.20745113417093067,-0.33205913404099985
2022-05-10,15.24829387664795,15.516265480734386,15.143719075384242,15.418227399040749,40331174.0,-0.005117093380451854,-0.005130230537988214,0.20681500305490913,-0.335477049824732
2022-05-11,15.758090019226074,15.82998543973824,15.274432228844926,15.2809689465796,64249824.0,0.03343299563230828,0.03288626555834555,0.2499751224089628,-0.3132600569339536
2022-05-12,16.006454467773438,16.124102676966878,15.640443466662312,15.640443466662312,61754278.0,0.0157610756280957,0.015638159718051933,0.2550011006282938,-0.30243629675445544
2022-05-13,16.195999145507812,16.287501909680177,16.01299361716308,16.137175738192944,29721422.0,0.011841765340100396,0.011772200280446544,0.25974588526884007,-0.2941759110708502
2022-05-16,16.365934371948242,16.542404612475075,16.09142605052556,16.241752237842064,30939624.0,0.010492420067061081,0.010437756662757603,0.2619670081823179,-0.28677010823635496
2022-05-17,16.50972557067871,16.745019229253725,16.477046209749652,16.57508429253683,30953220.0,0.008786006069835706,0.008747633714542123,0.26345551379216303,-0.2805036660781314
2022-05-18,16.274429321289062,16.581615520945164,16.235213250363532,16.457433414990057,43092975.0,-0.014251978228368323,-0.014354513052047772,0.26095630523011665,-0.29075791216457664
2022-05-19,16.222145080566406,16.42475796407842,16.137177612923104,16.287503801874422,25636391.0,-0.0032126620043297915,-0.0032178336824465444,0.25895199600578245,-0.293036467272037
2022-05-20,16.424762725830078,16.490122878515454,16.24175712316905,16.39862007718494,43072014.0,0.01249018821230985,0.012412829297093668,0.25597329215367753,-0.28420635968902525
2022-05-23,16.849594116210938,16.99338358750585,16.522797680423714,16.529332987670863,43627637.0,0.025865298480857613,0.02553645009919674,0.27238914709964557,-0.2656921435316823
2022-05-24,17.1044979095459,17.189465399253116,16.699272037294932,16.784238114573178,44474328.0,0.015128185971537311,0.01501489611721192,0.24304613671478245,-0.2545833977186686
2022-05-25,16.797306060791016,17.078351109436905,16.77116200686381,17.026063001582497,32876147.0,-0.017959711555370572,-0.018122944539894742,0.2515171540656226,-0.26797086488422567
2022-05-26,17.006454467773438,17.10449254444224,16.810376902007302,16.81691220881381,39868230.0,0.012451306550318009,0.012374426546103394,0.25058967121229064,-0.25885614571913507
2022-05-27,17.097963333129883,17.26789690739494,16.90842100659764,17.03260317962099,27475589.0,0.005380831467831859,0.005366406516540685,0.23761844006607447,-0.2548681755458304
2022-05-30,16.94109344482422,17.280961866708854,16.94109344482422,17.16985176985365,20339502.0,-0.00917477042436421,-0.009217117848139396,0.24068720158617848,-0.26170458897108506
2022-05-31,17.097963333129883,17.254824876693164,17.006460530646464,17.12410739453344,75013550.0,0.009259726287242032,0.009217117848139321,0.2412969908649974,-0.2548681755458304
2022-06-01,16.86096954345703,17.214146895409662,16.86096954345703,17.194524910636275,32284608.0,-0.013860936829454995,-0.013957896626061245,0.2494460945880938,-0.2651964006942062
2022-06-02,16.93290901184082,17.057174963554537,16.67129625875164,17.017933827951214,20319901.0,0.004266627028675529,0.004257550783052879,0.22769394078945912,-0.26206126779664
2022-06-03,16.77594757080078,16.978697278748974,16.730165287497485,16.841350428839085,22647423.0,-0.009269608720526401,-0.00931283890207951,0.2251834961176678,-0.26890167110388646
2022-06-06,16.71708106994629,16.991774714501148,16.71708106994629,16.906749885451347,15100624.0,-0.003508982166643859,-0.0035151530845565298,0.21667651639896449,-0.27146708210204606
2022-06-07,16.71708106994629,16.802104485613953,16.592813685939163,16.65821794420137,23796625.0,0.0,0.0,0.21445592310181683,-0.27146708210204606
2022-06-08,16.3966121673584,16.730169080386148,16.305047579993243,16.64514421495447,33085526.0,-0.01917014706377329,-0.019356276930375612,0.2029251267005955,-0.2854331652789497
2022-06-09,16.115375518798828,16.42931181853008,16.036891797211663,16.39007066442779,43419279.0,-0.01715211933349514,-0.017300920894939443,0.20717341153911048,-0.2976895008998431
2022-06-10,15.762194633483888,16.049969158909096,15.605227224481872,16.049969158909096,40198953.0,-0.02191577136399636,-0.022159489306025508,0.21711104696344194,-0.3130811772246563
2022-06-13,15.572521209716797,15.781811987961431,15.32398929391504,15.696787167617677,38005578.0,-0.01203344002390161,-0.012106427985102112,0.21560915092326144,-0.32134717367981247
2022-06-14,15.467880249023438,15.657549082078352,15.343614266900248,15.579065378283827,22637566.0,-0.006719590186081481,-0.00674226828097782,0.2118850087050833,-0.3259074425513101
2022-06-15,15.53327751159668,15.794890234586266,15.441712987881235,15.64446260085636,48238381.0,0.0042279395444226875,0.004219026920552583,0.20922580260961565,-0.3230574199710717
2022-06-17,15.337071418762209,15.422094832789549,14.99043380349754,15.265127442752837,51504593.0,-0.01263133892303081,-0.012711792493379953,0.2124490544273094,-0.33160811113084804
2022-06-20,16.00418472290039,16.030346425335043,15.422094617330805,15.422094617330805,50406830.0,0.04349678539816182,0.0425773669344575,0.262252010479211,-0.3025352125788345
2022-06-21,15.834132194519045,16.121905189816847,15.755647108475964,16.063043495357093,37577078.0,-0.010625503974470929,-0.010682357733694862,0.2439765355220668,-0.3099461274496316
2022-06-22,15.716411590576172,15.906080416116296,15.579064761031947,15.87337899194608,41717966.0,-0.00743461040344362,-0.007462384866538773,0.23470167872436112,-0.31507640914943114
2022-06-23,15.356698989868164,15.781820493952392,15.278215259071231,15.736038199872288,30701240.0,-0.02288770554492847,-0.023153695514467644,0.23928539505708585,-0.330752738617594
2022-06-24,15.330527305603027,15.520197493952743,15.238964190369638,15.4940357962393,30073785.0,-0.0017042519543036816,-0.0017057058437630031,0.2312124088427256,-0.33189330457071736
2022-06-27,15.422089576721191,15.480952681269097,15.323985344729095,15.38938816605716,26288885.0,0.005972545450847022,0.005954780500819672,0.23157775464517658,-0.32790300696625085
2022-06-28,15.252049446105955,15.59214740601838,15.055839465144045,15.520203416543124,39383080.0,-0.011025751716025711,-0.011086985833939465,0.2321069797506389,-0.3353133815405284
2022-06-29,15.095080375671388,15.487500294674453,15.04275837938268,15.3501534643616,34774375.0,-0.01029167070230308,-0.01034499613259104,0.22624652925051,-0.34215411733794066
2022-06-30,14.826923370361328,14.96427017228944,14.735358835742586,14.92502903652822,41362317.0,-0.017764529809476626,-0.017924213027093357,0.22847062559731499,-0.35384044013053234
2022-07-01,14.956296920776367,15.034841773010305,14.557025015655036,14.609389193466637,39467601.0,0.008725582994085768,0.008687735098746773,0.2317365537754322,-0.3482023212634693
2022-07-04,14.812296867370604,14.923570038136978,14.73375201502482,14.83847895631369,9918395.0,-0.009628055271203362,-0.009674704665471268,0.23180444249163557,-0.35447786533998665
2022-07-05,14.917031288146973,14.917031288146973,14.537396466054984,14.727214584343066,32430425.0,0.007070775161621468,0.007045894446044218,0.2364268174402463,-0.3499135234639557
2022-07-06,14.779569625854492,14.96938764463103,14.629026154078977,14.799206899355005,31863245.0,-0.009215081716809626,-0.009257803239758462,0.23575126426932122,-0.3559041234682282
2022-07-07,14.989026069641112,15.08720679601764,14.87120806640234,14.91702602160812,45776032.0,0.014172025917467135,0.014072541586101397,0.2407417999805693,-0.3467759800126862
2022-07-08,14.995572090148926,15.22466186297053,14.910480996893618,15.205026000866866,25028649.0,0.00043672087014856587,0.00043662553534480993,0.23641514040210476,-0.3464907034502754
2022-07-11,14.753384590148926,14.864656310992752,14.615929374217762,14.786111483662816,18746051.0,-0.016150600893653166,-0.016282443331854305,0.23115818882040737,-0.35704527127914204
2022-07-12,14.720660209655762,14.864660276916023,14.471934621003264,14.746842297245516,22335508.0,-0.0022180930953982214,-0.0022205567075764326,0.22881872979847456,-0.3584714047235714
2022-07-13,14.661747932434082,14.88429279808228,14.589749329430523,14.64865830605749,38407906.0,-0.004002013250943515,-0.004010042735870391,0.2284015738251201,-0.36103881066272686
2022-07-14,14.498120307922363,14.59630103903338,14.164303558970913,14.543938265337587,54813633.0,-0.011160171711160682,-0.011222913671580162,0.22879552373435919,-0.36816972725249825
2022-07-15,14.759930610656738,14.858111299231158,14.413022964957486,14.530840922833294,35260546.0,0.018058223905847326,0.017897110899323082,0.2379726175711387,-0.35675999471673125
2022-07-18,14.956296920776367,15.054479046931386,14.714116134606371,14.845025164651911,23331189.0,0.013304013094604272,0.013216291885297273,0.18121365020581545,-0.3482023212634693
2022-07-19,15.46030044555664,15.558481195921852,14.943211765538198,14.943211765538198,39625655.0,0.033698416623445304,0.033143066834763694,0.22035530858681238,-0.32623777153121114
2022-07-20,15.26392936706543,15.486474262485345,15.211566611104825,15.38174733608087,33584725.0,-0.012701634045388044,-0.012782989430812587,0.2231541189831177,-0.33479565279082685
2022-07-21,15.38829231262207,15.466838569117206,15.021748773577896,15.237747442731315,24553356.0,0.008147505309148872,0.008114493575401147,0.21005693722188548,-0.32937589684027113
2022-07-22,15.224663734436035,15.512662543454049,15.113390535042008,15.447207304256434,25588351.0,-0.010633316216109301,-0.010690253906997491,0.2134760440413632,-0.3365068549913133
2022-07-25,15.447202682495115,15.551929619393452,15.178841232771324,15.316295072234752,36454048.0,0.014617002512556487,0.014511203858017435,0.21891709439747808,-0.32680857402365726
2022-07-26,15.362119674682615,15.643572290274369,15.26393750996446,15.466846656956111,24585080.0,-0.005507988052032009,-0.00552321294966181,0.21602416414377373,-0.33051650435466534
2022-07-27,15.414472579956056,15.578108473294854,15.316291892642642,15.460290516932268,27262812.0,0.0034079219783531567,0.003402128171743649,0.21247142844454878,-0.32823495683571097
2022-07-28,15.512659072875977,15.532294933000305,15.244296188414967,15.414476943287324,26772676.0,0.00636976013357704,0.006349558950575998,0.2008801881481397,-0.32395597464463244
2022-07-29,15.46030044555664,15.695936509607586,15.362119695191426,15.538845328745614,33518445.0,-0.003375219365897464,-0.0033809282682663033,0.20032599432120218,-0.32623777153121114
2022-08-01,15.3735990524292,15.622510612102268,15.222941608772029,15.622510612102268,28369526.0,-0.0056080018258868325,-0.005623785706474297,0.1977867378519636,-0.33001623133867775
2022-08-02,15.537360191345217,15.615963781751828,15.314648838908765,15.47840714465494,24247559.0,0.010652101590365115,0.01059576765299132,0.1994159777790123,-0.3228794961710016
2022-08-03,15.648711204528809,15.681462574291777,15.41945020064715,15.52425543321318,22712684.0,0.007166662278037306,0.007141103793965142,0.19555516855749625,-0.31802680219852475
2022-08-04,16.028640747070312,16.094143531979334,15.701123991441454,15.753527351802171,38418670.0,0.024278647460217018,0.023988606260660947,0.20598743473767672,-0.30146941535178584
2022-08-05,16.32994842529297,16.460953935767446,15.871424892008587,16.041732904950152,64015406.0,0.01879808044719744,0.01862357999025273,0.2125830177330902,-0.28833838122674077
2022-08-08,16.53300666809082,16.565758043435757,16.231691750051574,16.42820141766234,46382867.0,0.012434714275235681,0.012358038191487826,0.19979653404027106,-0.2794890723366436
2022-08-09,16.9653263092041,17.214237862070895,16.56575590125878,17.05703071452776,117640069.0,0.02614888203896215,0.025812845421024435,0.2096066773233564,-0.26064851708139136
2022-08-10,17.279733657836914,17.358338615550245,16.965319489145145,17.135627399776585,55029810.0,0.01853234903370171,0.018362717627272825,0.20892752164136594,-0.24694659734135876
2022-08-11,17.305944442749023,17.541755193705104,17.24699140112472,17.443501068025355,45877889.0,0.0015168512102743392,0.0015157019534981875,0.1978060451553736,-0.24580432737613472
2022-08-12,17.515560150146484,17.54831153510991,17.27319820276728,17.417304579714656,43155063.0,0.012112352960042427,0.012039585414435078,0.19533064056725405,-0.23666924318837787
2022-08-15,17.66620445251465,17.757908828103666,17.253534762364055,17.253534762364055,41430750.0,0.008600598614992183,0.008563824171111054,0.19455585916785112,-0.2301041417385628
2022-08-16,17.869274139404297,17.915126353891488,17.443503374088763,17.64656277666309,29105976.0,0.011494811318157439,0.011429247922103269,0.1717511646645297,-0.22125433411321674
2022-08-17,17.915128707885742,18.000283438354455,17.685867605325562,17.738270951934467,28593294.0,0.0025661125417697495,0.0025628256967233174,0.15593211105948168,-0.2192559850931359
2022-08-18,17.862720489501953,18.0264773511619,17.757915248714983,17.934774357956936,37051026.0,-0.0029253609749797516,-0.002929648206571509,0.16068722312980493,-0.22153994316579348
2022-08-19,17.648408889770508,17.820654245990912,17.469540804542042,17.754405481432347,26106699.0,-0.011997702133748178,-0.012070255461415325,0.1628147017774713,-0.230879675050711
2022-08-22,17.44966697692871,17.515914310181675,17.27742161986001,17.489414804227742,24991487.0,-0.011261180205145438,-0.011325067377750556,0.1733101265151874,-0.23954087762940496
2022-08-23,17.496042251586914,17.5887891082166,17.409920988506286,17.456294416821127,16685011.0,0.0026576595828171623,0.00265413425029589,0.16840090828009685,-0.23751983615549602
2022-08-24,17.568906784057617,17.65502943756043,17.4562860639344,17.4562860639344,22899063.0,0.004164629430069677,0.004155981363272607,0.16823795193383723,-0.23434438882530476
2022-08-25,17.787532806396484,17.800781129334926,17.575539596532806,17.628537183182704,31242248.0,0.012443917258258441,0.012367128102240506,0.1694983175267229,-0.2248166337515256
2022-08-26,17.681537628173828,17.979652119352213,17.595414932332524,17.820657914941364,28445551.0,-0.0059589589729127646,-0.005976784418275285,0.17180955937127165,-0.22943591962748466
2022-08-29,17.62191390991211,17.7411588437927,17.43642019983995,17.58216464419717,21271281.0,-0.0033720889843151802,-0.003377787290109946,0.16984441927625976,-0.23203433027461776
2022-08-30,17.542409896850586,17.820651806646236,17.482788164356876,17.694779887030624,34434249.0,-0.004511655968129746,-0.004521864203519567,0.17382307598017518,-0.23549912717175303
2022-08-31,17.098560333251953,17.661667184725722,17.098560333251953,17.661667184725722,56502823.0,-0.02530151593814467,-0.025627102927085525,0.20690969296728842,-0.25484215819034245
2022-09-01,17.362159729003906,17.375418542965466,16.931254722002315,17.275978154559223,54988228.0,0.015416467270599643,0.015298840920433971,0.19812807384274086,-0.24335445671065317
2022-09-02,17.600826263427734,17.740043190066075,17.454982074138467,17.46824089727602,52927981.0,0.01374636209717206,0.013652737880920524,0.1940032948049788,-0.23295333309338626
2022-09-05,17.885889053344727,18.05162220915769,17.633975687989686,17.660491904134616,28039710.0,0.016195989077473882,0.016066233188278115,0.1966151949785333,-0.22053025365425394
2022-09-06,17.72014808654785,17.912397358220204,17.600818729388877,17.700259144049046,60187679.0,-0.009266576925673231,-0.009309778745410275,0.18389042204592337,-0.22775327002000179
2022-09-08,17.594196319580078,17.899144932267163,17.561049980394404,17.832852253895812,32229771.0,-0.007107828126074689,-0.007133209076875798,0.17623646963331085,-0.23324226704762283
2022-09-09,17.733409881591797,17.925660633687052,17.647229695572527,17.700263545998872,27710574.0,0.007912470651290304,0.00788133120748955,0.17797059550430896,-0.22717531898898718
2022-09-12,17.952177047729492,18.111280020741543,17.812960155579514,17.899141768317776,30293474.0,0.012336441079207505,0.012260967274761793,0.1781507443196815,-0.2176414128471374
2022-09-13,17.766559600830078,18.011844250066197,17.700266917018777,17.819594893968652,36812756.0,-0.010339550819152055,-0.010393375310214642,0.1804949968004457,-0.22573064921780442
2022-09-14,17.70026206970215,17.826220140105978,17.547787792602563,17.72677970900943,32836152.0,-0.0037315908435548995,-0.003738570597801741,0.17604736196699278,-0.22861990563762843
2022-09-15,17.746660232543945,17.972057212658697,17.640591149702352,17.653849964133922,24907645.0,0.002621326320428663,0.002617896636828745,0.17606007455307948,-0.22659786669322154
2022-09-16,17.6870059967041,17.812962654056506,17.541161823088622,17.63397214246531,49605006.0,-0.003361434492922144,-0.0033670968064053045,0.17614787694890174,-0.22919760730101857
2022-09-19,18.349931716918945,18.42948462405654,17.620708195714975,17.640595706193707,46524605.0,0.03748094620075193,0.03679560784636667,0.21473269426634312,-0.20030720428885715
2022-09-20,18.9598331451416,18.999609607946557,18.40960138831556,18.44274629173553,71309887.0,0.03323725873379235,0.03269684308159806,0.2345791336049603,-0.1737276079302562
2022-09-21,18.760950088500977,19.012864772597705,18.68139861080094,18.959829499056752,54495600.0,-0.010489705005214622,-0.01054510975434235,0.24030464673814717,-0.18239496157702081
2022-09-22,19.138822555541992,19.22500273133971,18.767579916142864,18.953201952148166,49376706.0,0.020141435548758357,0.019941279986155493,0.24731506137904846,-0.16592722239128424
2022-09-23,18.760950088500977,18.92668316939935,18.54881185955996,18.827242747815777,38830402.0,-0.019743767723662597,-0.019941279986155542,0.2595875132723467,-0.18239496157702081
2022-09-26,18.356565475463867,18.68140156309746,18.323419140568223,18.648255228201812,16535115.0,-0.021554591378875054,-0.02179028458523179,0.27232535222494686,-0.2000181040895376
2022-09-27,18.250497817993164,18.34330813624023,18.17757501576712,18.263756639544415,43896612.0,-0.00577818642667538,-0.005794944732121888,0.27307765643308685,-0.20464054862207348
2022-09-28,18.24386978149414,18.562077237352796,18.1046557207826,18.28364625070593,47539207.0,-0.0003631701756917627,-0.00036323613795085226,0.27220796021073196,-0.20492939945376853
2022-09-29,18.51565933227539,18.63498722518928,18.13778814891838,18.204082218654374,58853685.0,0.01489758225839477,0.014787703223660102,0.25515119845977446,-0.19308476978089978
2022-09-30,18.601852416992188,18.654886272986115,18.36982661087164,18.436119289017,38351030.0,0.004655145310788367,0.00464434363114293,0.25166207723603584,-0.18932846213074161
2022-10-03,19.7346248626709,19.754524902131855,18.90543887179327,19.09780926478156,80831732.0,0.06089567964983744,0.059113532130407535,0.3188722315668151,-0.13996206785941417
2022-10-04,19.767784118652344,20.039757427073784,19.502445109724245,19.880552874906297,49601833.0,0.0016802577303696165,0.0016788476766308798,0.3167643127700254,-0.13851698247552394
2022-10-05,19.767784118652344,19.95352156825334,19.674915393851844,19.814218481052592,34375446.0,0.0,0.0,0.31288548352477263,-0.13851698247552394
2022-10-06,19.409564971923828,19.860642632043263,19.32996488703664,19.83410831473917,55358719.0,-0.018121360724013047,-0.01828756352362758,0.3212372624470367,-0.15412822699369624
2022-10-07,19.449373245239254,19.449373245239254,19.004929725873605,19.369771699019584,63511108.0,0.002050961645611915,0.002048861295111278,0.3211888408216274,-0.15239337643015466
2022-10-10,19.243730545043945,19.595305258931045,19.097793222217152,19.555503779929374,54805929.0,-0.010573230180856652,-0.010629523935244542,0.3242278099315558,-0.16135531636397732
2022-10-11,19.111068725585938,19.336607671371457,19.05136719777467,19.1707702533972,36485999.0,-0.0068937682923529975,-0.00691764008732918,0.3224862283400768,-0.1671367384925777
2022-10-13,18.99829864501953,19.21720327605812,18.805926909537035,18.905429926790237,42127432.0,-0.005900773116650937,-0.005918251469451111,0.32324028788438364,-0.17205127563592693
2022-10-14,19.00493812561035,19.34988022303599,18.87890216893151,19.071273971373177,45494368.0,0.0003494776408603517,0.000349416587773666,0.32342622042510566,-0.1717619260689829
2022-10-17,19.15750503540039,19.303442436777303,19.038101967639903,19.19730653582503,23093825.0,0.008027750934082034,0.007995699958787869,0.32277561228563967,-0.1651130370973409
2022-10-18,19.628477096557617,19.628477096557617,19.270269434638426,19.436105386027773,52346412.0,0.024584206570058997,0.02428687816451853,0.3086606840797074,-0.14458800353869283
2022-10-19,19.635112762451172,19.74124864659003,19.44274245798982,19.60857986655136,32142870.0,0.00033806320586737826,0.000338006075377246,0.28859987750308547,-0.1442988202168318
2022-10-20,19.940250396728516,20.066287726647904,19.648377115491773,19.767780147250665,77600529.0,0.015540406514031657,0.015420891019267344,0.28864629844348366,-0.1310008760284648
2022-10-21,20.60360336303711,20.74954075483939,19.78105197651456,19.854020672415704,55808067.0,0.03326703291636823,0.03272565907070415,0.30183584705417926,-0.10209185356700853
2022-10-24,19.668285369873047,20.490838339924935,19.528982252390428,20.437771100008813,57756261.0,-0.04539584541032393,-0.0464585222412278,0.3414458098891288,-0.1428531529751511
2022-10-25,19.509082794189453,19.747888964666004,19.509082794189453,19.668285952164727,29513856.0,-0.008094379997529044,-0.008127317350009702,0.33193987720800255,-0.14979122526865413
2022-10-26,19.09116554260254,19.456007515215493,19.024831159768564,19.23710147153989,55085780.0,-0.021421676046778915,-0.021654450430450577,0.34215792675194157,-0.1680041222130778
2022-10-27,19.442739486694336,19.655011222532075,19.177400533653653,19.310069293417506,44860228.0,0.018415530644645406,0.018248018188617748,0.3466200706744693,-0.15268247662947404
2022-10-28,19.595306396484375,19.66827362862103,19.303433167399525,19.376401833048924,32422834.0,0.007846986269319123,0.00781635879049863,0.3444004896678122,-0.14603358765783203
2022-10-31,20.165794372558594,20.27856313453748,19.2039384452829,19.237105643893553,94899400.0,0.02911350118906908,0.028697753187968432,0.35645047007613867,-0.12117163549668337
2022-11-01,20.21733283996582,20.768232208882033,19.96511454303847,20.575750126352457,47491734.0,0.0025557370294997384,0.0025524766874874725,0.29108561559385815,-0.1189255813029475
2022-11-03,20.071313858032227,20.1376867979178,19.573512505851593,19.91201679422206,36849352.0,-0.007222465153511326,-0.007248673423414414,0.2926151507102034,-0.12528911058963724
2022-11-04,20.14432144165039,20.52928700771609,20.07794851333266,20.36998997166909,35511052.0,0.003637409296399774,0.0036308099214487784,0.2927735455471517,-0.12210742906883386
2022-11-07,19.686344146728516,20.124409188525824,19.513773678167265,19.9584740044938,52676342.0,-0.02273480872753353,-0.022997229510511447,0.2973186177772226,-0.14206614875227663
2022-11-08,19.62661361694336,19.68634984148433,19.381031997984433,19.546965795670864,31659758.0,-0.003034109804236129,-0.003038722047118461,0.2975626516317825,-0.14466921426173343
2022-11-09,18.684104919433594,19.294738948232126,18.484984722075456,19.02260911150784,147203325.0,-0.04802197240465933,-0.049213324714120064,0.3444483679609301,-0.18574388565131209
2022-11-10,18.33232879638672,18.551360618304734,17.894263718204577,18.159756879145995,99105549.0,-0.018827560890058326,-0.019007055954859457,0.34961609056626214,-0.20107434222431433
2022-11-11,17.741609573364258,18.71729787494652,17.66196031930555,18.58455055252838,111377525.0,-0.03222281411071415,-0.03275339806745162,0.3661108334194921,-0.22681797518310026
2022-11-14,17.688505172729492,18.11993205819382,17.522571424240294,17.953998309704623,59148831.0,-0.0029932121105005205,-0.0029977007290323816,0.3658462320849478,-0.2291322729834035
2022-11-16,17.43629264831543,17.715060749070194,17.263720689836955,17.688510996327896,50719991.0,-0.014258555030580045,-0.014361184964145398,0.36506294779807513,-0.24012373289036776
2022-11-17,17.542482376098633,17.549119094141588,17.124328977709805,17.190703329868402,77606874.0,0.006090155168017475,0.00607168512538055,0.35134344215418667,-0.23549596851517623
2022-11-18,17.68186378479004,18.02036937301466,17.5159315010029,17.715051675893182,56028889.0,0.007945364042737157,0.007913965841622631,0.354065368463546,-0.22942170567288903
2022-11-21,17.734968185424805,18.013736220774216,17.49602333549896,17.920813542324414,43986685.0,0.0030033259661488287,0.0029988249923950483,0.34712949803386695,-0.22710740787258576
2022-11-22,17.44292449951172,17.887626279231757,17.31681536071336,17.788065451417335,64036253.0,-0.01646711078698737,-0.016604200722824026,0.3172840697665031,-0.23983471581358973
2022-11-23,17.263717651367188,17.403101677212533,17.15752009343556,17.316817147506097,55607979.0,-0.010273899204777726,-0.010327039995973777,0.2838508429408524,-0.24764457732229211
2022-11-24,17.88099479675293,18.013742138582074,17.33009669887644,17.389832930982227,30856235.0,0.03575574843445484,0.03513135198116987,0.3198522718848487,-0.22074354609573008
2022-11-25,17.250436782836914,17.801335974937558,17.18406387007394,17.77478623609409,46086134.0,-0.035264146155364995,-0.03590094169898133,0.333765781686588,-0.24822335957872166
2022-11-28,16.938486099243164,17.396462740523052,16.91857450790152,17.32345165980901,45835061.0,-0.01808363970842297,-0.018249147074249693,0.32497524884330015,-0.2618182174853087
2022-11-29,17.084508895874023,17.33009045748707,16.540246281301286,16.951761601853487,77138265.0,0.00862077022558605,0.008583823573165904,0.3254470970149644,-0.255454521953536
2022-11-30,17.257083892822266,17.283633645447633,16.878754938123326,17.124336564041872,60017162.0,0.010101255938935294,0.010050579233017765,0.30448441966834994,-0.24793367752161166
2022-12-01,17.255521774291992,17.33522369814624,16.996489445275152,17.009773338470982,50130944.0,-9.052042280000006e-05,-9.052452002072863e-05,0.3034366479511414,-0.24800175488309603
2022-12-02,17.48798179626465,17.700521161814912,16.989843824454,17.315294100000187,63158518.0,0.01347163099518589,0.013381695393527251,0.31273649550631627,-0.2378711120158538
2022-12-05,16.976566314697266,17.361793521285176,16.89686438149302,17.361793521285176,37424462.0,-0.029243825132332812,-0.029679949465875852,0.32014033278629384,-0.26015867594436143
2022-12-06,17.368436813354492,17.368436813354492,16.976568330518912,17.082838065850147,53504452.0,0.023083024646625372,0.022820641688697636,0.33374727053583414,-0.2430809004265932
2022-12-07,17.242233276367188,17.487981646558378,17.19574038025859,17.41492097115335,25238368.0,-0.0072662576571236315,-0.0072927854907922415,0.3335436419824668,-0.24858086962969156
2022-12-08,16.637826919555664,17.16917393484296,16.538199892434463,17.135964925802558,69736150.0,-0.03505383247771876,-0.03568296415019327,0.31339951481330225,-0.2749209899462455
2022-12-09,16.479454040527344,16.81134583067718,16.432040927648796,16.716519604920084,22514069.0,-0.009518844004932747,-0.009564437764466482,0.30989443980766135,-0.2818229039341982
2022-12-12,16.323665618896484,16.594597445704228,16.045959654774435,16.47267761133563,101446780.0,-0.009453494105310378,-0.00949846200763759,0.29313894917413696,-0.2886121868784252
2022-12-13,15.707295417785645,16.479451938116174,15.659880847227043,16.42526469389429,63557901.0,-0.0377593008519681,-0.038490652598399164,0.31733961595483934,-0.3154736933365064
2022-12-14,15.775030136108398,15.964682588995924,15.32121849134779,15.517645082540788,76898069.0,0.004312309441003803,0.004303038079077642,0.3176856271256133,-0.3125218040816659
2022-12-15,15.863079071044922,16.20174343960658,15.477000139332226,15.60569262866023,55898707.0,0.00558153830305419,0.005566019238196568,0.31745674631291504,-0.30868461819863313
2022-12-16,16.0391902923584,16.15433601318365,15.842763689354998,15.930817246516728,64978909.0,0.01110195697346894,0.011040782602878383,0.31933636725464687,-0.30100966457477707
2022-12-19,16.520097732543945,16.581057675613643,16.018874298793282,16.113700551628476,54924554.0,0.029983274181532016,0.029542563450989177,0.3411707360321825,-0.28005164569748164
2022-12-20,16.696199417114258,17.0551848492419,16.452361167047602,16.520093770333478,44636914.0,0.010659845203179419,0.010603429620088112,0.3410305124341445,-0.2723771076863331
2022-12-21,16.763931274414062,16.933264224037522,16.547185215994354,16.75715860046987,69855681.0,0.004056723066590662,0.004048516751915187,0.3402967608724891,-0.26942534311530486
2022-12-22,16.797794342041016,17.000993549776194,16.574275652650922,16.79102166939894,25305328.0,0.0020199956127615604,0.002017958164919539,0.31220021729901987,-0.267949585513603
2022-12-23,17.06196403503418,17.278710186141268,16.845217883927088,16.953590959480636,28695830.0,0.015726451200322566,0.015604071959875497,0.29345094982721703,-0.25643703039400667
2022-12-26,16.72329330444336,17.055185114935348,16.62846707287422,16.89939895396759,17822996.0,-0.019849457535803694,-0.020049104355674443,0.2949565790904319,-0.2711963519843969
2022-12-27,16.628467559814453,16.75038742218193,16.438815091122482,16.702974305008937,19491678.0,-0.005670279346455698,-0.005686416410408013,0.2933836334663767,-0.27532887225736136
2022-12-28,16.967134475708008,17.06873339092413,16.608149007231617,16.763935181546454,25715021.0,0.02036669432557936,0.02016206693077789,0.30070056229538666,-0.2605697169120541
2022-12-29,16.933259963989258,17.25837896982579,16.90616634757073,17.095818735043224,28098060.0,-0.0019964780598190623,-0.0019984736787226846,0.3007131494806574,-0.26204597324900497
2023-01-02,16.59954833984375,16.626661112653057,16.294534772411392,16.558880645393316,26445013.0,-0.01970746476787033,-0.019904246522466137,0.3028876226685995,-0.27658917623150825
2023-01-03,16.253868103027344,16.707999020024054,16.15219593096215,16.599549386710873,33847015.0,-0.020824677258638014,-0.021044568990409743,0.29407314151888914,-0.2916539731618925
2023-01-04,16.30130958557129,16.619879459040863,16.18608252734601,16.308087044682065,33855739.0,0.0029187810706492456,0.0029145296997183674,0.2797733551892029,-0.2895864661872879
2023-01-05,16.809663772583008,16.884223137219735,16.28097369139532,16.335197751736505,41153732.0,0.031184867960649898,0.0307084983309937,0.30383105823661166,-0.2674323139378797
2023-01-06,17.10112953186035,17.155353615106527,16.80967087321684,16.897786656350913,42632750.0,0.017339178416687417,0.017190570232373522,0.2815546047500164,-0.25473019212694875
2023-01-09,17.223134994506836,17.392587643836805,16.870674772892524,16.9452341729599,29083430.0,0.00713435112102867,0.007109022037766367,0.2791742355442846,-0.2494131756376808
2023-01-10,17.55526351928711,17.62304399576843,16.891009283668026,17.033349163137032,35564190.0,0.019283860045584245,0.019100282715432286,0.28171561519355237,-0.23493896436461836
2023-01-11,17.86026954650879,17.94838383557713,17.460361389597608,17.541699684563444,38743614.0,0.01737405006120163,0.01722484694914084,0.23709783693800765,-0.22164675563161454
2023-01-12,17.60948371887207,17.83316041367758,17.216354405519233,17.284134867032805,57811778.0,-0.014041547748406824,-0.014141062943187429,0.2480700540646112,-0.23257603987754055
2023-01-13,17.521371841430664,17.548484617967596,17.04012811410062,17.358698111736526,23525385.0,-0.0050036604620598,-0.005016220686652798,0.25086120831774605,-0.23641596880444266
2023-01-16,17.331581115722656,17.52136757574908,17.141794655696234,17.453587115672033,27737426.0,-0.010831955820904016,-0.010891048568475715,0.2558534639135677,-0.2446870772959007
2023-01-17,17.690826416015625,17.72471665797995,17.277363120428657,17.392590236060137,36595560.0,0.020727785762550743,0.02051588831852949,0.24564535688826,-0.22903111285040412
2023-01-18,18.009387969970703,18.05683311071517,17.758598560178974,17.873825612193553,45007971.0,0.018007160686777324,0.017846952177047154,0.24976456944434827,-0.21514815221499545
2023-01-19,18.009387969970703,18.07039095773227,17.65014896690987,17.778932401178473,40213569.0,0.0,0.0,0.25012122143744464,-0.21514815221499545
2023-01-20,17.690826416015625,18.083955859376776,17.643379784312796,18.07040093440215,37996401.0,-0.017688638530429568,-0.017846952177047164,0.26145277056374766,-0.22903111285040412
2023-01-23,17.148569107055664,17.738262178373546,17.080787199897355,17.65014789621222,52002547.0,-0.030651892467219666,-0.031131487504205885,0.28239105920734614,-0.2526627682748856
2023-01-24,17.30447006225586,17.6433753257846,17.1756865894298,17.27735875439383,34378279.0,0.009091193220083449,0.009050117089330333,0.2733911686009625,-0.24586858110071036
2023-01-25,17.365468978881836,17.45358326458715,16.95878337862688,17.304464527604242,43609396.0,0.0035250381205851333,0.003518839735800224,0.2720382436983231,-0.24321023910115938
2023-01-26,17.2637996673584,17.44680865680589,17.107903446294966,17.385805660323392,33862197.0,-0.00585468274119616,-0.005871888585570629,0.26479897593065205,-0.24764100305300782
2023-01-27,16.897783279418945,17.25702233651906,16.82322389818761,17.22313064340424,34365362.0,-0.021201380634154332,-0.021429357952165665,0.2763196153425194,-0.2635920525208116
2023-01-30,16.904558181762695,16.98589647521698,16.626656007701584,16.93844840498711,39913324.0,0.0004009343848079272,0.000400854032094193,0.2662388774537763,-0.2632968012534214
2023-01-31,17.168907165527344,17.345137237915836,17.006233477901556,17.019788397900918,32928039.0,0.01563773397223933,0.015516724522338486,0.2577463783101116,-0.2517764326149246
2023-02-01,16.943477630615234,17.296183485070426,16.80782074347929,17.085916702504964,31850216.0,-0.01313010389879321,-0.013217065763988714,0.26388771994864046,-0.26160068579421636
2023-02-02,17.099485397338867,17.61497989572008,16.753561669788738,16.821389391807283,52480220.0,0.00920754110370714,0.009165410114861116,0.24298105718879326,-0.2548018437577174
2023-02-03,17.038436889648438,17.201223980416227,16.841735943786066,16.889215634075374,41535326.0,-0.00357019560950822,-0.0035765839675108305,0.23553094624022164,-0.25746234694334724
2023-02-06,17.04522705078125,17.119838446374914,16.767130963613603,17.119838446374914,31860299.0,0.00039852019154040796,0.0003984408034600103,0.23397453778771407,-0.2571664306956251
2023-02-07,16.651817321777344,17.146963758077895,16.45511635695657,17.09270041206899,34547549.0,-0.023080345473360797,-0.023350867243575567,0.23528200667259958,-0.2743112861043798
2023-02-08,18.02872085571289,18.04906886732251,17.17408677870243,17.2622624728667,120349072.0,0.08268788369031799,0.0794467304439071,0.3700397706999156,-0.21430562213440232
2023-02-09,17.581064224243164,18.225431968140445,17.492888480504714,18.076210689468237,40856546.0,-0.024830193725467464,-0.025143662866859248,0.3777815918889398,-0.23381456574581574
2023-02-10,17.49967384338379,17.62176493541735,17.302972831360787,17.44541195013829,59102038.0,-0.0046294342493296,-0.004640183267475858,0.3777187871778559,-0.23736157083648957
2023-02-13,18.116899490356445,18.198294481573544,17.486099301804696,17.486099301804696,49663922.0,0.03527069432816976,0.034662932935291234,0.3946300977612543,-0.2104627839185479
2023-02-14,17.893083572387695,18.23222528722912,17.845603849572733,18.14404803095042,39640950.0,-0.012353985740655382,-0.012430930596339707,0.39168427353913293,-0.22021671542773488
2023-02-15,18.157602310180664,18.36108691632145,17.71671924117305,17.825244462167102,41791724.0,0.014783295272882357,0.01467508750470806,0.3899866081722624,-0.208688948883045
2023-02-16,18.293262481689453,18.37465604557756,17.92020705926878,18.035514485961528,34692120.0,0.007471260202275065,0.007443488578009814,0.3907771081524585,-0.2027768581192145
2023-02-17,18.23221206665039,18.415348635762655,18.11012102057555,18.286473939470095,21326685.0,-0.0033373169548170933,-0.0033428982181349723,0.38495467266764094,-0.20543744442738585
2023-02-22,17.893083572387695,17.981260828666397,17.811689971245684,17.83882166022151,20794515.0,-0.018600512818903403,-0.018775677864582847,0.37338483232381275,-0.22021671542773488
2023-02-23,17.960905075073242,18.354310030883116,17.87951150227239,17.913425368790666,43189053.0,0.003790375337552554,0.0037832099655447466,0.37255635549533855,-0.21726104409725636
2023-02-24,17.41149139404297,17.845590770578365,17.330097852554104,17.80489326694174,35419959.0,-0.030589420674171253,-0.031067042358460327,0.3903200776690254,-0.241204575297427
2023-02-27,17.18766212463379,17.499672008997894,17.14696607541183,17.492889822722503,20098513.0,-0.012855261180312105,-0.012938605092628931,0.3925614646732608,-0.2509590886644045
2023-02-28,17.248706817626953,17.52001917366737,17.079136045432417,17.22835879401472,29465137.0,0.003551657726950097,0.003545365484837715,0.3845950042673615,-0.2482987517238576
2023-03-01,16.968820571899414,17.20638390442494,16.554780363667067,17.186021752152037,49786059.0,-0.016226506061400192,-0.01635959751424666,0.3895273100749102,-0.2604962365853725
2023-03-02,16.412246704101562,17.10457320380224,16.317219887653348,16.90094871182147,52237191.0,-0.032799796865054076,-0.033349769657852114,0.4024324651496822,-0.2847518098063153
2023-03-03,16.432605743408203,16.690531224442445,16.351154201900307,16.520842713171376,29015336.0,0.0012404785081345793,0.0012397097503559994,0.40047590180250714,-0.2838645597983979
2023-03-06,16.805923461914062,16.9959741789203,16.36473408789203,16.588723690194715,35169906.0,0.022718108395901382,0.022463895132348373,0.40790003364755334,-0.26759531724175134
2023-03-07,16.853429794311523,16.88736573026867,16.493689218016137,16.8670035819735,31883639.0,0.002826761201496719,0.002822773425278045,0.40796847750867343,-0.2655249841007359
2023-03-08,17.063852310180664,17.19281510098874,16.805925261761466,16.96203857699326,40035234.0,0.012485441743149694,0.012408141369900915,0.41055626715851823,-0.2563547390779266
2023-03-09,16.738046646118164,17.0231226879252,16.70410923163676,16.9688231181155,47884998.0,-0.01909332418847276,-0.019277955632674294,0.4077214161818095,-0.27055339912593324
2023-03-10,16.33758544921875,16.704111631806878,16.215409566088397,16.663385848495786,37246581.0,-0.02392520497559303,-0.02421606125897979,0.28962766806029105,-0.28800555857059484
2023-03-13,16.1407413482666,16.337580372905204,15.930328533544795,16.13395298642253,38429660.0,-0.012048543009246293,-0.012121715041766701,0.2811347123218371,-0.2965840542205013
2023-03-14,16.08644676208496,16.256135325426552,15.930333459827049,15.991421401302135,43849139.0,-0.0033638223307178583,-0.0033694927007032575,0.28114893073137254,-0.29895022048669745
2023-03-15,16.04572105407715,16.127171154158237,15.624893825721434,15.8624572287925,57389962.0,-0.0025316782885702604,-0.002534888405181618,0.24108517989940556,-0.30072505299269825
2023-03-16,16.310426712036133,16.391876770831928,15.964262862052363,16.05928817511449,45421743.0,0.016496962465374798,0.016362365852950318,0.2524082100097281,-0.2891891404389419
2023-03-17,15.842098236083984,16.23577502081059,15.814949175167245,16.222199756950605,68565874.0,-0.02871344105341833,-0.02913373687964776,0.25584612985843536,-0.3095989661550779
2023-03-20,15.882814407348633,16.195040886601124,15.733488062139902,15.882814407348633,36932854.0,0.002570124907564919,0.0025668277846814694,0.25280753715318116,-0.30782454926178454
2023-03-21,16.208614349365234,16.39187661319281,15.95068745438979,15.95068745438979,43704795.0,0.020512733679357353,0.02030518107267506,0.27072620623394783,-0.29362613858140246
2023-03-22,16.113595962524414,16.45975998946458,16.072871645709654,16.256135471784898,41241539.0,-0.005862215288288453,-0.005879465521757295,0.26641612042491497,-0.29776705423105787
2023-03-23,15.71312427520752,16.459751523066032,15.536647437108105,16.120376034694775,59823759.0,-0.02485303021425367,-0.02516708110236597,0.2731490707758736,-0.31521967084969776
2023-03-24,15.941058158874512,16.078363256247783,15.611526815334775,15.899866184584472,34011300.0,0.014505955637774237,0.014401750781803327,0.2669310893243473,-0.3052862777734231
2023-03-27,16.21566390991211,16.32550767104041,16.050899010016288,16.1332814599642,44616067.0,0.017226318874241198,0.01707962807522768,0.27534738806726433,-0.29331891766803697
2023-03-28,16.29117774963379,16.42161672012987,16.13327747474078,16.22939055653714,32135279.0,0.004656845389815922,0.004646035831294449,0.275717146512841,-0.2900280131277092
2023-03-29,16.449079513549805,16.531461950605223,16.188200065349115,16.304909877804565,25802715.0,0.009692470755809257,0.00964580008819244,0.2742730474966657,-0.28314663040750576
2023-03-30,16.902183532714844,17.02575792917009,16.627574916719976,16.69622669982044,43270629.0,0.027545858647701094,0.027173297679606686,0.2652086659362311,-0.2634002888175827
2023-03-31,16.98457145690918,17.224854238001182,16.81293899150914,16.98457145690918,65512439.0,0.004874395313177793,0.004862553912531804,0.2654784516760552,-0.259809810637707
2023-04-03,16.508913040161133,16.969211617979877,16.35776951447635,16.955471162494703,38304803.0,-0.028005323416891548,-0.028404951303044844,0.27386149549675026,-0.2805390762808082
2023-04-04,16.838680267333984,16.97608185899717,16.570745085077693,16.584485541174452,25918394.0,0.01997510232022104,0.01977821750828389,0.28336024808255944,-0.26616777071411657
2023-04-05,16.824934005737305,17.044778277522358,16.611962187214,16.879895816009476,36165246.0,-0.0008163502945861545,-0.0008166836899451719,0.2795147820321449,-0.2667668348706709
2023-04-06,16.769973754882812,16.94859815441192,16.646311165870916,16.87302640727667,24650907.0,-0.0032665953302254414,-0.0032719423001845234,0.2710550319435781,-0.2691620109038487
2023-04-10,16.948612213134766,17.00357258458929,16.838689985572664,16.928000774767895,16023452.0,0.010652280132515957,0.010595944313322595,0.2574694883736043,-0.2613769199125119
2023-04-11,17.498218536376953,17.60127125464118,17.182192377857398,17.31272453429301,54871529.0,0.032427806851127006,0.03191312268318219,0.27279875812153725,-0.23742499333565023
2023-04-12,17.61501121520996,17.876077027314654,17.42951720276606,17.61501121520996,47390217.0,0.006674546816877847,0.006652370651816171,0.2715060717850069,-0.23233515075228808
2023-04-13,17.61501121520996,17.800505227653858,17.48447905148404,17.697452503634075,40614537.0,0.0,0.0,0.27077827133463184,-0.23233515075228808
2023-04-14,17.869199752807617,17.95164249681338,17.477603399715743,17.553175172728192,38988116.0,0.014430222864585618,0.014327098090381863,0.2697064536106124,-0.22125757589233502
2023-04-17,17.8348445892334,18.027207971240692,17.66996211455627,17.896675888400306,24167003.0,-0.0019225910532910673,-0.0019244416037517442,0.24030894115127827,-0.22275477910974262
2023-04-18,17.82111358642578,18.027216029575953,17.642489093584807,17.869202968772075,27411575.0,-0.0007698975305849842,-0.0007701940538935953,0.24121750521028232,-0.223353178285965
2023-04-19,17.539432525634766,17.759276864840785,17.511953096723218,17.690576065583507,31036155.0,-0.0158060302699361,-0.01593227764679462,0.246470146190902,-0.2356288814590267
2023-04-20,17.587526321411133,17.64248815772443,17.319592565667637,17.443255212720032,24745399.0,0.0027420383017566774,0.0027382857728859423,0.24379773251463072,-0.23353294657523077
2023-04-24,17.429506301879883,17.711183373411764,17.29897421979227,17.580649806672223,28674303.0,-0.008984777997965265,-0.009025384525883575,0.22376423023624598,-0.2404194828930069
2023-04-25,17.587526321411133,17.669969075881077,17.312721593802213,17.312721593802213,25980256.0,0.009066236116751503,0.009025384525883666,0.22163023821918096,-0.23353294657523077
2023-04-26,17.408903121948242,17.628747495361264,17.381423688760993,17.539435254708316,19299068.0,-0.01015624347611832,-0.010208170001704127,0.22292740369616168,-0.2413173725862357
2023-04-27,17.718063354492188,17.724932843028796,17.402037188751972,17.402037188751972,23660439.0,0.017758742775366043,0.017602898661638694,0.22844814356432497,-0.2278441229578558
2023-04-28,17.80736541748047,17.81423638730865,17.525691286174947,17.81423638730865,23245081.0,0.0050401706553127035,0.005027511513534054,0.2275739682574782,-0.2239523255650608
2023-05-02,17.118268966674805,17.853873006388607,17.090769333695714,17.688876694177644,49467233.0,-0.038697271306019076,-0.03946590536869574,0.25830682457626297,-0.2539832529690748
2023-05-03,17.09078025817871,17.27639918527684,16.967033316336934,17.152652243435064,26517638.0,-0.0016058112271519764,-0.0016071019239292442,0.2579230890905927,-0.2551812150371005
2023-05-04,17.2282657623291,17.379510770186958,16.85702517950211,17.180140662483915,45003213.0,0.008044425244107645,0.008012241340810808,0.2355714643621595,-0.24918957600105932
2023-05-05,17.86762809753418,17.86762809753418,17.200772887959612,17.427641231715093,49402765.0,0.03711124172481095,0.036439196131325687,0.25843782013411876,-0.2213260688665269
2023-05-08,18.115123748779297,18.266370317022428,17.743884468209167,18.183871378527467,59838715.0,0.013851623164200078,0.013756566221536093,0.26077568138331025,-0.21054017100467973
2023-05-09,18.225122451782227,18.417617020550136,18.032627883014317,18.067001700913668,43258053.0,0.006072202681493888,0.006053841151255868,0.25956981921780503,-0.20574641091412268
2023-05-10,18.493227005004883,18.589474220136648,18.07386286564789,18.190735545210288,35088896.0,0.014710713408481846,0.014603560450061946,0.2612718677896292,-0.19406237399142226
2023-05-11,18.671977996826172,18.795724883012635,18.29386317155147,18.396986071928147,35897745.0,0.009665754482595768,0.009619339925868449,0.24131257007149143,-0.18627237877013716
2023-05-12,18.500104904174805,18.596352138736965,18.33511006940072,18.43135730396288,20136809.0,-0.009204867994198729,-0.009247494574600577,0.2449092132017125,-0.19376263410679134
2023-05-15,18.56885528564453,18.630728729368183,18.36261096845366,18.527607313604687,20327832.0,0.003716215763414965,0.0037093276933768114,0.2447707039238141,-0.19076648209860478
2023-05-16,18.50698471069336,18.781976658944593,18.44511126234563,18.582606493639258,29875057.0,-0.0033319541780802986,-0.003337517498659629,0.24159167482443172,-0.19346281109961896
2023-05-17,18.692596435546875,18.85071707971479,18.527601626703586,18.630723010814787,27183049.0,0.010029279634421906,0.00997932017002517,0.24287980402961232,-0.18537382409657643
2023-05-18,18.62386131286621,18.65823513057962,18.39699292742618,18.630735482143123,26807799.0,-0.0036771308318599427,-0.003683908096463977,0.24359521180929808,-0.18836931112443103
2023-05-19,18.47260475158691,18.56197781788604,18.266361956737153,18.500104385165663,55195001.0,-0.008121654190734628,-0.008154814490502158,0.23740123831297033,-0.19496109491006614
2023-05-22,18.121990203857425,18.658225647504384,18.080742237831448,18.472605343396513,29853077.0,-0.018980244120654688,-0.019162681108495696,0.24963553545257466,-0.21024092985529763
2023-05-23,18.26636505126953,18.54135697665296,18.05324508342468,18.211365774794523,31465336.0,0.007966831776643035,0.007935264124306975,0.24740349501820802,-0.20394905219937673
2023-05-24,18.163244247436523,18.355738765992463,18.04637151426753,18.14949442673052,32566612.0,-0.005645392695458051,-0.005661388153636363,0.24763618546170602,-0.20844307240530285
2023-05-25,18.733858108520508,18.80947991196308,18.34199332466111,18.472614424059444,51557618.0,0.03141585574198946,0.030932475545440274,0.26410605824109523,-0.1835756341564155
2023-05-26,18.58949089050293,19.08447722444645,18.41762028487949,18.836983314642342,33629706.0,-0.007706219251864432,-0.007736065593286719,0.26167797074425625,-0.1898671793221706
2023-05-29,18.50698471069336,18.596356313901413,18.355738173473583,18.534482865553688,11247177.0,-0.004438323797868016,-0.004448202397387474,0.2625764867633737,-0.19346281109961896
2023-05-30,18.245738983154297,18.692601404414663,18.018870689272777,18.61697963023004,48896654.0,-0.014116061131671742,-0.014216640366247155,0.2219361126916823,-0.20484793936310344
2023-05-31,18.10137176513672,18.25949248321583,18.012000154264257,18.211368851003236,38429660.0,-0.00791237987953608,-0.007943848863501947,0.22487286894406666,-0.21113948452885853
2023-06-01,18.368053436279297,18.51252118209309,18.09975576929347,18.209826645150752,28928095.0,0.01473267742371931,0.014625205808919985,0.22807988751917713,-0.19951745702211335
2023-06-02,18.636350631713867,18.725783680666492,18.478123844588897,18.574435672694467,28470477.0,0.014606729905557003,0.014501079191293445,0.19683301022914043,-0.18782502472272192
2023-06-05,18.677623748779297,18.76705529183315,18.457482049990677,18.677623748779297,27870213.0,0.002214656607458121,0.002212207870255206,0.1919759657556187,-0.18602633604731203
2023-06-06,18.808332443237305,18.88400643104685,18.677623773986536,18.8014521788944,29698762.0,0.006998143672668711,0.00697377031135842,0.19229106127115936,-0.1803300314012025
2023-06-07,18.863365173339844,19.000954092700503,18.69825965943525,18.918401335748207,31760369.0,0.0029259760411310953,0.002921703705040933,0.18616675078128436,-0.17793169671144782
2023-06-09,19.124784469604492,19.124784469604492,18.80145072368407,18.96655772854947,33168008.0,0.013858571567819666,0.013763419669960496,0.18926951319959617,-0.1665390042966873
2023-06-12,18.91840362548828,19.28989182006585,18.863367456418757,19.21421783092547,33613277.0,-0.01079127686088266,-0.010849924996162205,0.190523771420789,-0.17553311265406868
2023-06-13,19.131662368774418,19.193577306925036,18.94591904098277,19.014712755967807,37732299.0,0.011272554889294017,0.011209493111470178,0.19371022184588965,-0.16623926441205625
2023-06-14,19.393085479736328,19.41372330149498,19.104150028473043,19.241737489078105,56524690.0,0.013664422146012267,0.013571905765553241,0.19738204303389717,-0.15484640575221287
2023-06-15,19.647619247436523,19.67513732955537,19.317406721991286,19.331167249711005,30322705.0,0.013124975289061425,0.013039589116993995,0.19924342781852056,-0.1437537857122492
2023-06-16,19.709537506103516,19.84024618817661,19.434361098582176,19.599468132423414,47145602.0,0.0031514382423238896,0.0031464828691317955,0.19790630939980677,-0.14105537864769765
2023-06-19,19.97783660888672,20.01911374205688,19.633864959117357,19.661383047897463,18433003.0,0.013612653401944064,0.01352083357152129,0.19689875681974933,-0.12936286322576473
2023-06-20,19.968320846557617,20.00303604980616,19.690597720149896,20.00303604980616,28148931.0,-0.0004763159552956253,-0.00047642942977482716,0.17812577945569846,-0.1297775615852832
2023-06-21,20.162731170654297,20.252991917277864,19.919723199459707,19.954438409570407,29839027.0,0.009735937517760584,0.009688848667463642,0.17863651624344037,-0.1213051302983243
2023-06-22,19.968320846557617,20.134954422318376,19.829458533144063,20.04469519395604,27091956.0,-0.009642062994899891,-0.009688848667463605,0.18233987971791635,-0.1297775615852832
2023-06-23,19.90583610534668,20.03081205762341,19.773917711463294,20.03081205762341,18796809.0,-0.003129193570710731,-0.0031340997344763374,0.15556035931832546,-0.13250065604465874
2023-06-26,19.878063201904297,20.093299896110754,19.739202367365543,19.878063201904297,15397130.0,-0.001395214111851506,-0.00139618832932721,0.15130837965223876,-0.13371100337136715
2023-06-27,19.6558837890625,20.01692525469705,19.42676221496764,19.982210046551717,29488704.0,-0.01117711572727631,-0.011240049066820633,0.15773579737933052,-0.14339361573995146
2023-06-28,19.54479598999023,19.697543207998912,19.44064886371283,19.64894161584802,21198769.0,-0.005651630843182098,-0.005667661737774269,0.14796822174500424,-0.14823483880170227
2023-06-29,19.78085708618164,19.822514727042243,19.58644926062813,19.600335641054755,70141424.0,0.012077951405187637,0.012005594979065524,0.14451843239432247,-0.13794726057611734
2023-06-30,19.732263565063477,20.079417215856157,19.683660463507415,19.975270070324427,31561301.0,-0.002456593306672805,-0.002459615682857377,0.14122974651032952,-0.14006497356578496
2023-07-03,20.119672775268555,20.154411045875605,19.70283004285027,19.827882111900013,19990991.0,0.01963328783480245,0.01944304092216222,0.1472581455151778,-0.12318162167257349
2023-07-04,19.99462890625,20.161366067598173,19.95989212274847,20.05715571709359,9245166.0,-0.0062150051054638,-0.006234398645416009,0.15148006551497673,-0.12863105237044292
2023-07-05,20.16830825805664,20.286415096847332,19.91125581806644,19.952939348291117,19998696.0,0.008686300337004571,0.008648791482511797,0.15211852906689058,-0.12106207998699299
2023-07-06,19.869571685791016,20.084942106656012,19.869571685791016,20.02936206203853,32074550.0,-0.014812178019258937,-0.014922973773640493,0.16559467740942097,-0.1340810649261028
2023-07-07,20.24473762512207,20.467053356005312,19.90431351875092,19.987682105501165,31476099.0,0.01888143062486547,0.018705388907957032,0.17085952237731825,-0.11773127662674762
2023-07-10,20.11273193359375,20.404524184078824,20.0432583746626,20.404524184078824,15000240.0,-0.006520494064813809,-0.006541845350803021,0.16691839116579443,-0.12348410460107373
2023-07-11,19.75840950012207,20.050200177176535,19.522198857564582,20.0154634062917,31780310.0,-0.017616822748970473,-0.017773845869602702,0.17939163960185933,-0.13892552976697178
2023-07-12,19.64031219482422,19.90431296237925,19.5916803954666,19.800102607192425,20884135.0,-0.005977065375485924,-0.005994999528850613,0.17549261331193677,-0.14407222816871648
2023-07-13,19.855676651000977,20.001572015920452,19.563885921162026,19.605570954575516,24777803.0,0.010965429369982793,0.010905744963069059,0.17364561578929122,-0.13468661264089374
2023-07-14,19.647254943847656,20.001572481376236,19.563886376432436,19.904308902499835,27914740.0,-0.010496832256925992,-0.010552312587315038,0.17766626272830316,-0.14376966211767475
2023-07-17,20.02936363220215,20.02936363220215,19.563887478123863,19.61251927030064,18054808.0,0.019448451676662648,0.01926174739668507,0.18456352918525604,-0.12711730776727784
2023-07-18,19.64031219482422,20.105788417633487,19.570838624699668,20.02936658968518,44289196.0,-0.019424053830269128,-0.019615179772439064,0.1974493173486083,-0.14407222816871648
2023-07-19,19.431888580322266,19.73757436869606,19.37630852715318,19.64031077700222,44539023.0,-0.010612031643615016,-0.010668740807865082,0.1962874653326773,-0.15315536076803898
2023-07-20,19.79315185546875,19.79315185546875,19.244305657672147,19.52914963985046,42807912.0,0.01859125908699988,0.018420554130742475,0.20648631495693373,-0.13741145267364072
2023-07-21,20.147462844848633,20.147462844848633,19.751461872659192,19.800093650016745,36214305.0,0.01790068564961711,0.017742355068244915,0.21595460200582833,-0.12197052624299162
2023-07-24,19.827884674072266,20.321150764755338,19.688937579095164,20.14746539468228,37238424.0,-0.015861956080394424,-0.015989103233215556,0.2238159578770741,-0.13589779119301712
2023-07-25,19.869571685791016,20.11273062761293,19.67504453233349,20.11273062761293,39541700.0,0.002102443725288561,0.002100236683392438,0.22000713425319193,-0.1340810649261028
2023-07-26,19.98072624206543,20.008516258766843,19.68198881725558,19.862620923111713,38028465.0,0.005594209982588749,0.005578620503447034,0.21941899977032564,-0.12923693257539984
2023-07-27,19.53609848022461,19.952942864030565,19.51525671143992,19.952942864030565,22188332.0,-0.02225283287775326,-0.02250416269436032,0.23058592997835572,-0.14861387759091924
2023-07-28,19.827884674072266,19.855674693608357,19.49441044504588,19.584727257862337,18444673.0,0.014935745442879345,0.014825305507520805,0.23683758775496408,-0.13589779119301712
2023-07-31,19.89736557006836,20.064102733579908,19.793155218211673,20.00157592192505,17263407.0,0.003504201135835272,0.003498075728636751,0.22621687375907842,-0.13286980325143796
2023-08-01,19.95829391479492,19.972197494810494,19.65937070015424,19.694130401332025,16807601.0,0.0030621312410430424,0.003057452466089675,0.22552654239206968,-0.13021453678592246
2023-08-02,19.895729064941406,19.9861015862162,19.680225822602353,19.944390845102205,20784091.0,-0.003134779461641868,-0.0031397031753086194,0.22333889878094437,-0.13294112239204064
2023-08-03,19.74279403686523,20.25026803352213,19.659374044856992,20.04866834241409,24826182.0,-0.007686827035942367,-0.007716522967089215,0.21865953898761745,-0.13960605401419132
2023-08-04,19.38129997253418,19.8401105156293,19.256169278134635,19.69412670853304,50087777.0,-0.01831017755926756,-0.018479883617902686,0.2155646256463607,-0.15536001993611034
2023-08-07,19.228364944458008,19.65936989824947,19.200559287838736,19.41606101359565,37391152.0,-0.007890855014519138,-0.007922152562614533,0.2159903836738963,-0.16202495155826088
2023-08-08,19.186655044555664,19.471674657693505,18.84602261782578,19.019813599224392,50438327.0,-0.0021691859928196777,-0.0021715420845728373,0.2080709377265314,-0.16384267529567312
2023-08-09,19.117141723632812,19.186658127361767,18.7139438779048,19.117141723632812,39723999.0,-0.0036230036325469728,-0.0036295826054430465,0.2075571671395511,-0.16687207632045767
2023-08-10,19.179698944091797,19.423009277445473,19.13103717787652,19.221409673252303,34693139.0,0.0032723103361027572,0.0032669679800269675,0.2033023531450175,-0.1641458232045053
2023-08-11,19.214468002319336,19.325695165354578,19.08933725611994,19.20751545959824,22008185.0,0.0018128052128913996,0.0018111640646102274,0.20091067519879577,-0.1626305823955933
2023-08-14,18.936389923095703,19.20055486724158,18.88772815736847,19.10323133578712,28513531.0,-0.014472327789146533,-0.014578073421983435,0.1910597883280306,-0.174749267087771
2023-08-15,18.83212661743164,19.019821253331212,18.679188689521283,18.97811200192161,28083444.0,-0.0055059758532378655,-0.005521189608363653,0.1808930418567511,-0.17929307769605263
2023-08-16,18.818220138549805,19.13104548512073,18.762607311131088,18.80431655612564,38445182.0,-0.0007384444234228571,-0.0007387172078051036,0.17806716946394996,-0.17989912414609252
2023-08-17,18.595762252807617,19.005912597574028,18.58881121406953,18.99200901782019,43034739.0,-0.011821409469351174,-0.011891837922919977,0.16487465458429568,-0.18959387240573508
2023-08-18,18.741748809814453,18.894686694809096,18.44977812276405,18.56100526577531,23685478.0,0.007850528255962885,0.007819873193446734,0.1514366109857391,-0.18323175620225077
2023-08-21,18.665283203125,18.825172143017557,18.574910671089068,18.6722342429995,37088868.0,-0.004079961131984167,-0.004088306881360306,0.1442624452918642,-0.18656413889078455
2023-08-22,18.957244873046875,19.012857672339887,18.720887095927893,18.769548858663228,24097210.0,0.01564196303611376,0.015520888462814691,0.15781103116511172,-0.17384040521906488
2023-08-23,19.193603515625,19.270070930316237,18.846018621969847,18.95724572784841,27395600.0,0.012467984887095884,0.01239089963404204,0.1640787018455923,-0.1635398598770069
2023-08-24,18.971155166625977,19.186656905832383,18.866879065393523,19.186656905832383,21142233.0,-0.011589712625767912,-0.011657396813557796,0.1500247759413718,-0.17323419252394198
2023-08-25,18.67223358154297,18.978107868465695,18.54015181038317,18.94334966576868,25293885.0,-0.015756635927414164,-0.01588209129675534,0.1453182432934478,-0.18626124034957683
2023-08-28,19.304838180541992,19.457774572085786,18.57490991850955,18.68613706794042,38836520.0,0.03387942830922697,0.033318162236068906,0.19355598050441655,-0.15869223637956112
2023-08-29,19.610708236694336,19.87487324321381,19.388253968765618,19.46472290504317,40091091.0,0.015844217563068863,0.0157200082299634,0.20253123743865184,-0.14536237313526007
2023-08-30,19.235322952270508,19.70803727648175,19.172757578109337,19.680230109681663,19884943.0,-0.01914185249676148,-0.019327429767108637,0.21281828061346975,-0.16172172052688719
2023-08-31,19.0684757232666,19.214462553955904,18.894684738689055,19.15189719859695,41890409.0,-0.008674001960763067,-0.008711840079946298,0.21322118268703874,-0.1689929479667021
2023-09-01,19.233789443969727,19.4216063595688,19.011191952128936,19.10162265295327,33312919.0,0.008669477471731746,0.008632113348234969,0.20660178496200454,-0.16178855105024917
2023-09-04,19.059890747070312,19.27553278930922,19.004242109126743,19.150321474879572,11195852.0,-0.009041312290851589,-0.009082432999251112,0.20720359729983076,-0.16936708252597102
2023-09-05,18.774688720703125,19.108583549268484,18.74686365057425,19.0598904281656,23401321.0,-0.01496346595853526,-0.015076548100453821,0.2135988379909002,-0.18179622991063246
2023-09-06,18.593822479248047,18.899892134111248,18.503391783553393,18.823375472017833,21773767.0,-0.009633514789282982,-0.009680217274301503,0.21562494507007718,-0.18967840803043548
2023-09-08,18.621646881103516,18.858156901398324,18.45469951574532,18.53817319842442,25732129.0,0.0014964325859581074,0.0014953140464562128,0.21520899690587594,-0.1884658163951067
2023-09-11,19.094669342041016,19.1224929042976,18.705124437998503,18.78164111326041,31296405.0,0.025401752270230338,0.025084489231060915,0.23488137083196123,-0.16785142610435155
2023-09-12,19.205965042114254,19.26856917465519,19.00423560422195,19.115534345258254,18673652.0,0.005828626727156561,0.005811706000291215,0.2295473347961225,-0.16300114268557808
2023-09-13,19.30334854125977,19.505077966526724,19.122488662111778,19.24074290939225,26195186.0,0.005070481953495909,0.0050576703489654895,0.22881082639023193,-0.15875715508446855
2023-09-14,19.22683906555176,19.456392132657093,19.108583270849714,19.338137841200307,34267698.0,-0.0039635338679439025,-0.003971409485377414,0.22946759777960846,-0.16209144959145672
2023-09-15,19.18509864807129,19.477257327595822,19.08771242156311,19.421608699553307,40731689.0,-0.0021709453820341063,-0.0021733053000807397,0.22472844433598346,-0.16391050328953302
2023-09-18,19.136404037475582,19.338133492740937,19.032060801098357,19.233790256363708,16235663.0,-0.0025381475221448735,-0.002541374079375468,0.22390858621483378,-0.16603262177390002
2023-09-19,19.07971572875977,19.26236363161562,19.009466885685853,19.1780647163057,21474768.0,-0.0029623281680716262,-0.0029667245466500907,0.22360293534510817,-0.16850310682967204
2023-09-20,19.40286445617676,19.55741222746667,19.128891819960824,19.156991966779447,27867381.0,0.016936768451423667,0.01679494055279918,0.22473575354935466,-0.15442023648196795
2023-09-21,18.96028709411621,19.2483081811054,18.93921123259805,19.178059357660093,25385884.0,-0.022809898149840357,-0.023074068743015767,0.2361992486478056,-0.17370782476538038
2023-09-22,18.911117553710938,19.121865597200447,18.89004320479382,19.05161523729987,18539052.0,-0.0025932909222947664,-0.002596659325959271,0.23274374964340355,-0.1758506407625795
2023-09-25,18.967315673828125,19.10078907590812,18.918141182635175,18.925165459331573,16063674.0,0.002971697466190193,0.0029672907014973095,0.22535426877492298,-0.17340151819997138
2023-09-26,18.686317443847656,18.967314299140796,18.67226737336711,18.946239952472943,27469811.0,-0.014814865467136284,-0.014925701630687519,0.19615209886391313,-0.1856474635031779
2023-09-27,18.65119171142578,18.911115740983693,18.51771831756796,18.833841111553284,26052315.0,-0.0018797568074837567,-0.0018815257674687173,0.18514684145801386,-0.18717824822734946
2023-09-28,19.14293098449707,19.2342556505618,18.580935958916797,18.63713622052752,32463735.0,0.02636503236251908,0.026023465502904866,0.19990127780979938,-0.16574817643690404
2023-09-29,19.11484146118164,19.36773974256116,18.98136804294522,19.318565245415833,19969351.0,-0.0014673574980852422,-0.001468435121400275,0.19746888318398523,-0.16697232210550061
2023-10-02,18.93744659423828,19.113184178501538,18.810916931132635,19.078036965467128,14289396.0,-0.009280478067454134,-0.009323810006476717,0.1974910481977929,-0.1747032171997828
2023-10-03,18.698450088500977,18.930422973698544,18.66330134669356,18.860128528266944,24198953.0,-0.012620313121306403,-0.01270062570168628,0.19991212750216458,-0.18511872101672833
2023-10-04,19.127246856689453,19.21160048717791,18.712507540499757,18.768742787794903,26973104.0,0.02293220914883065,0.022673218057067974,0.20924129271305889,-0.16643169309561728
2023-10-05,19.42951202392578,19.56307204033641,19.028830455602705,19.09209604634273,32443908.0,0.015802858064260183,0.015679292990283672,0.21153596037644345,-0.15325893145474173
2023-10-06,19.612276077270508,19.886426431056417,19.141300140067223,19.253772119033012,50011299.0,0.00940651793620284,0.00936255214134118,0.21302731748070763,-0.1452940464061512
2023-10-09,19.443574905395508,19.50684051309309,19.260808438208937,19.43654606858093,16544632.0,-0.008601815067783791,-0.00863902421011312,0.1989698731118733,-0.15264606895629923
2023-10-10,19.4224853515625,19.71772381825285,19.324072529332383,19.48575095429493,27848800.0,-0.0010846541305095103,-0.0010852427935032548,0.19821894289447592,-0.15356515489760925
2023-10-11,19.668519973754883,19.696638360658895,19.387340661989786,19.47169430361015,17994759.0,0.012667514879736608,0.01258795310854717,0.2022462405773436,-0.1428429289025472
2023-10-13,19.46466064453125,19.745839886640994,19.39436469468534,19.64039824050908,25238141.0,-0.01036475187231456,-0.010418839977467884,0.20558888864050454,-0.15172714926007222
2023-10-16,19.492773056030273,19.612273855541748,19.3803010898056,19.598214669877308,12962992.0,0.001444279559372763,0.001443237590791911,0.20533906368537916,-0.15050200612097772
2023-10-17,19.204570770263672,19.436543623242247,19.120215624552003,19.40139640540809,30382867.0,-0.01478508393537381,-0.014895472711686314,0.21255754931426424,-0.16306190526341077
2023-10-18,18.803890228271484,19.183483848568695,18.705477405029576,19.02883425827913,63292779.0,-0.020863811369978724,-0.021084536187782252,0.22545060743448891,-0.1805236238003443
2023-10-19,19.021804809570312,19.26080650455414,18.684388775421365,18.754683212876436,26245718.0,0.011588803096244105,0.011522167243365727,0.2207428003433485,-0.1710268734345428
2023-10-20,18.951507568359375,19.141304359532064,18.796859512623044,18.923390706738168,27017857.0,-0.0036956136347046087,-0.0037024592858988,0.20520351092337927,-0.17409043782388178
2023-10-23,18.97259521484375,19.197539199851217,18.85309286831974,18.9093296241172,18187709.0,0.0011127160416293247,0.0011120974319834,0.20500880993644624,-0.17317143500511328
2023-10-24,18.97259521484375,19.24674560162839,18.85309286831974,19.15536163300312,17958163.0,0.0,0.0,0.20474073068984358,-0.17317143500511328
2023-10-25,19.00774383544922,19.563073485077187,18.958537430027643,19.01477267089889,28965258.0,0.0018525995103699788,0.0018508855644075528,0.19701939384479616,-0.17163965281044377
2023-10-26,19.47871780395508,19.556041062088124,19.0428890367083,19.120212294841345,32592557.0,0.02477800482703807,0.024476008476845935,0.21367824725247617,-0.15111453612925407
2023-10-27,19.190515518188477,19.61228525694995,19.11319071162747,19.57010767543711,34189408.0,-0.014795752403584106,-0.014906301339835238,0.20216102056332633,-0.16367443527168726
2023-10-30,19.03586196899414,19.324070043251513,18.97259637440096,19.324070043251513,17119856.0,-0.008058853293844925,-0.008091501374417132,0.20420961918079272,-0.17041426030372478
2023-10-31,18.853086471557617,19.10614874860099,18.740616036305756,19.035854346795908,28770042.0,-0.009601640195449512,-0.009648033147128168,0.20440474930998942,-0.17837964408756427
2023-11-01,19.118738174438477,19.23128423881473,18.89364604568597,18.92178294180294,29703861.0,0.01409062135696626,0.01399227135023823,0.20475385337222235,-0.1668025027532264
2023-11-03,19.646299362182617,19.77291389231486,19.37900337198508,19.519684832050377,40014727.0,0.027593933393025072,0.027220082570365876,0.2116252242312056,-0.14381130651096374
2023-11-06,19.829187393188477,19.85028930786147,19.611128701230857,19.730708244500253,20420512.0,0.009309032079491963,0.009265970077775167,0.2070358525854733,-0.13584101849717603
2023-11-07,20.3848819732666,20.52556342550154,19.66036671790796,19.82918658871836,68857281.0,0.028024072245593556,0.027638583340126192,0.22609239633483946,-0.11162376476786243
2023-11-08,20.476322174072266,20.560731339376808,20.24419658946188,20.441151815203003,26848927.0,0.004485687036382302,0.004475656327515808,0.2227273049191031,-0.10763878700605158
2023-11-09,20.567766189575195,20.701414160446696,20.24419645793373,20.4833555047275,29266749.0,0.004465841801352344,0.004455899519304427,0.2223835995231458,-0.10365364299915772
2023-11-10,20.813955307006836,21.010910484976954,20.588863240729214,20.694374291745547,27757367.0,0.011969657529285804,0.01189858773721297,0.22199696014100695,-0.0929246840782346
2023-11-13,20.673276901245117,20.764721048173143,20.51852702193409,20.736584153719665,17013694.0,-0.0067588501890537556,-0.006781794660932941,0.2194791329385655,-0.09905547024873838
2023-11-14,20.982776641845703,21.15159495600848,20.701412278210597,20.743616096705576,47389424.0,0.014971005423041861,0.014860046000059217,0.22334028082466903,-0.08556742480797239
2023-11-16,21.320425033569336,21.49627841536357,20.940582884163845,21.102366292911313,46722314.0,0.01609169260517529,0.015963593711268834,0.21603655393802612,-0.07085265689982345
2023-11-17,21.41890335083008,21.51738100448525,21.18677767008463,21.306357243782426,27884376.0,0.004618965949585441,0.004608331261298438,0.19250411848072096,-0.06656095695989596
2023-11-20,21.62991523742676,21.68618750001288,21.27821017605793,21.43999502111866,26508121.0,0.009851666219339972,0.009803454938062561,0.19200668852088154,-0.057365027071764774
2023-11-21,21.594749450683594,21.70026053538289,21.461101468694473,21.545510640472248,18805760.0,-0.0016257940152405448,-0.001627117052515713,0.19069172064024556,-0.058897557369307886
2023-11-22,21.728395462036133,21.9675560271258,21.64398629791377,21.73542892567485,44180768.0,0.006188819724801675,0.006169747628735504,0.18962856081223564,-0.05307324400929609
2023-11-23,21.70026397705078,21.897219249133315,21.5103436904523,21.728400878803125,25892449.0,-0.0012946876374052563,-0.0012955264695397129,0.19029760650362512,-0.05429921837380556
2023-11-24,21.580686569213867,21.72840303795435,21.383731277559885,21.61585693985321,23216076.0,-0.005510412590527647,-0.005525650919421231,0.19455292683374287,-0.05951041986775037
2023-11-27,21.524404525756836,21.777633529632332,21.46109879487947,21.686189384879174,20472630.0,-0.002607982061948011,-0.0026113887715464843,0.18458068473882924,-0.06196319982218426
2023-11-28,21.735431671142575,21.84094427969182,21.44000031944326,21.51737450960872,23380701.0,0.009804087501385617,0.009756339267111702,0.16945637864154364,-0.05276660495372126
2023-11-29,21.883146286010746,22.0730680535398,21.69322603857331,21.946455061945382,25551189.0,0.006796028581492974,0.006773039675984552,0.1607915753151812,-0.04632917972764219
2023-11-30,22.22079086303711,22.27002968505527,21.967563286983168,22.01680210900133,48828674.0,0.015429434717173729,0.015311611408398193,0.15066916896121113,-0.031614578064576404
2023-12-01,22.169864654541016,22.29654995175896,21.90945666401144,22.205054676892345,34579613.0,-0.0022918270015674924,-0.00229445725656479,0.15345561005383365,-0.03383394992249238
2023-12-04,22.198020935058594,22.345819965829868,22.03614558884124,22.04318298609343,14713024.0,0.0012700249169905753,0.001269219117530457,0.13561907558269698,-0.032606894964943484
2023-12-05,22.381006240844727,22.49361522458796,22.183940899529432,22.233207234858256,29425256.0,0.008243316209200158,0.008209525648648977,0.1353441329761049,-0.024632367701539537
2023-12-06,22.183940887451172,22.521767838496935,22.043179277613408,22.4654641071267,26385417.0,-0.00880502651547077,-0.008844019821578755,0.11915891675710542,-0.03322050556625943
2023-12-07,22.430265426635746,22.430265426635746,22.139423446767697,22.30967158802576,22783950.0,0.011103732219369222,0.011042538354936415,0.12159448230735016,-0.022485644944890016
2023-12-08,22.714006423950195,22.78494287394342,22.302572254651395,22.36641567283154,20982366.0,0.012649917061503313,0.012570575271417837,0.12487241099184562,-0.01012016942701388
2023-12-11,22.55794906616211,22.749479360368504,22.508293234289997,22.59341883147011,21996515.0,-0.006870534192661593,-0.006894244978962602,0.12878494567465754,-0.01692117264959169
2023-12-12,22.444448471069336,22.657259385459938,22.267107319882022,22.61469812236131,16825276.0,-0.005031512162736007,-0.005044212840378211,0.12698655233903636,-0.021867545726333495
2023-12-13,23.125442504882812,23.246034786433015,22.444447009978084,22.444447009978084,53507397.0,0.030341312894868855,0.02989011909264562,0.15250540268567186,0.0
2023-12-14,23.316974639892575,23.43756847198068,22.99066597562286,23.224757540434204,48235322.0,0.008282312218212518,0.008248202081487207,0.14743063415311558,0.0
2023-12-15,23.217668533325195,23.437572536439603,22.912638916457265,23.35244845565229,31684684.0,-0.0042589618979761434,-0.004268057109492751,0.150656379796657,-0.004258961897976176
2023-12-18,23.33116149902344,23.430473161727853,23.175100971759026,23.28860023384491,31521986.0,0.004888215435384646,0.004876306902196512,0.1491606732450462,0.0
2023-12-19,23.345348358154297,23.657470935752023,23.288599495393733,23.42337938579519,27090256.0,0.0006080648462978289,0.000607880049777561,0.14829344169659409,0.0
2023-12-20,23.104164123535156,23.38791150754748,23.040320693863357,23.260224648203877,25825488.0,-0.010331147384009642,-0.010384884115611668,0.1563527251396908,-0.010331147384009687
2023-12-21,23.260223388671875,23.316972249215063,23.089973741110736,23.231848191917383,24714129.0,0.006754594725967511,0.00673188465852266,0.15597628259420754,-0.0036463353716753846
2023-12-22,23.62909889221191,23.79225400225667,23.26732196950761,23.281508037367104,36993016.0,0.01585863976352364,0.015734205385224576,0.15795548760487915,0.0
2023-12-26,23.870283126831055,23.962501758321704,23.57234813227563,23.671659797127436,26212408.0,0.01020708558203376,0.010155345066054509,0.15679216546090982,0.0
2023-12-27,24.033437728881836,24.08309356028519,23.813532237691344,23.841907436483517,20593974.0,0.006835050978821089,0.006811797914997748,0.1559967417263203,0.0
2023-12-28,24.097280502319336,24.097280502319336,23.93412541316398,24.033437073261513,14225154.0,0.0026564145403458195,0.0026528925071820217,0.15606999008365183,0.0
2024-01-02,23.79042625427246,24.05302791682471,23.591698143164532,24.05302791682471,21468310.0,-0.012733978343213437,-0.012815750375992413,0.16278113541680397,-0.012733978343213485
2024-01-03,23.527820587158203,23.967858648224063,23.527820587158203,23.78332705286184,20995509.0,-0.011038291803077582,-0.01109966580672721,0.16972809666401628,-0.023631708777524622
2024-01-04,23.371685028076172,23.584606627039392,23.208445084412265,23.52782671597553,30121031.0,-0.006636210034993706,-0.006658327582239705,0.17308282212087076,-0.030111093829584892
2024-01-05,23.918184280395508,23.918184280395508,23.33619936916611,23.35749106986287,31414011.0,0.023382963259295675,0.023113770053977616,0.18703952074629243,-0.007432217171003604
2024-01-08,23.662673950195312,23.89688875543063,23.62718881055493,23.79042873522063,13381523.0,-0.010682680892697305,-0.010740150380134298,0.1887881552925956,-0.0180355020593379
2024-01-09,23.648481369018555,23.733649695040604,23.272319856471743,23.563313042996505,21458906.0,-0.0005997877165797583,-0.000599967661188213,0.18690913894946487,-0.01862447230332007
2024-01-10,23.627187728881836,23.804621087775452,23.556212851561508,23.570407827025573,11422452.0,-0.0009004231521020367,-0.0009008287765358239,0.18350631322254032,-0.019508125549364548
2024-01-11,23.66976547241211,23.833005350645212,23.51362384709839,23.57040220164087,23114559.0,0.001802065654992191,0.0018004438827474729,0.1805061675251951,-0.017741214817418038
2024-01-12,23.698158264160156,23.762034879297502,23.39297016225535,23.60589170145894,27608377.0,0.0011995383638734314,0.0011988194925486224,0.17843724904814887,-0.016562957721339745
2024-01-15,23.74074935913086,23.825916156444123,23.54911946388673,23.68396944923789,11169567.0,0.0017972322783883499,0.0017956191888989215,0.1467479949831724,-0.014795492925193814
2024-01-16,23.407163619995117,23.825908417508604,23.385871927582595,23.563306787720553,40226258.0,-0.014051188279254667,-0.014150840817658564,0.1540647525373356,-0.028638786947672197
2024-01-17,23.42136573791504,23.534924021695577,23.300710732419564,23.350392385713356,30594852.0,0.0006067423695790275,0.0006065583758482726,0.15316169498059048,-0.028049420943547586
2024-01-18,23.32199478149414,23.56330624709574,23.236826480035507,23.56330624709574,25613957.0,-0.004242748161352283,-0.0042517741563954615,0.15307969273573546,-0.03217316247576464
2024-01-19,23.3787784576416,23.449753336476025,23.21553853696679,23.3858767124065,36066109.0,0.0024347692673578614,0.002431810019083063,0.15331559017234164,-0.02981672743563654
2024-01-22,22.995512008666992,23.54200994420893,22.69032397342222,23.38586833423796,41153165.0,-0.01639377564867317,-0.016529640527418937,0.160267889039777,-0.04572169434415223
2024-01-23,23.10197639465332,23.151658034633513,22.83227650155018,23.123269621618157,24343524.0,0.00462978975837558,0.004619105247107308,0.1592216947523241,-0.04130358641798682
2024-01-24,22.995512008666992,23.47103662456416,22.931635407481753,23.2155302198232,26632184.0,-0.004608453587155781,-0.004619105247107272,0.14795957249195602,-0.04572169434415223
2024-01-25,22.945837020874023,23.18714852479209,22.88905865547361,23.12327190511487,17399934.0,-0.002160203598608579,-0.0021625402040377317,0.14156817475816127,-0.047783129774104066
2024-01-26,23.28651237487793,23.357485716776885,22.960032548122182,22.9813242439393,16393377.0,0.014846935140957918,0.01473779830507236,0.150600393317969,-0.03364562766173431
2024-01-29,23.165857315063477,23.33619394859792,23.03100581860563,23.21553742722842,9956124.0,-0.005181328052569101,-0.005194797679947087,0.15025177654869687,-0.03865262667985339
2024-01-30,23.01681137084961,23.236831189115495,22.94583802754468,23.11617619874454,23823364.0,-0.006433862653421052,-0.0064546491540366825,0.14579275435586725,-0.044837803642022285
2024-01-31,23.26522445678711,23.655580993876097,23.045206126412097,23.05230438248024,27023862.0,0.010792680269001487,0.010734854983127236,0.147618002102648,-0.03452904345169332
2024-02-01,23.21384048461914,23.47658513031692,22.894285356289984,23.277749975696032,26301462.0,-0.002208617082693931,-0.0022110596745657262,0.146017132320355,-0.036661399099170766
2024-02-02,23.249347686767575,23.35586504631367,22.858780965920488,23.256448230235037,25338865.0,0.0015295703514444092,0.0015284017502011757,0.11731667121454463,-0.03518790493683089
2024-02-05,23.689626693725582,23.696727238355425,23.291959364311555,23.34876832511815,21139400.0,0.018937262795058807,0.01876018492134879,0.13203698621112375,-0.016917004744768496
2024-02-06,24.705095291137695,24.76190424175944,23.632811961380263,23.831645590439894,76215210.0,0.042865538175874685,0.04197224937226186,0.19881678386518828,0.0
2024-02-07,24.527565002441406,24.76190596839272,24.21511345035122,24.499161292444462,53422083.0,-0.007185978706181095,-0.007211922212198285,0.20136200701447723,-0.007185978706181044
2024-02-08,24.04468536376953,24.74060316744237,24.04468536376953,24.449454759140437,55241227.0,-0.019687222870424015,-0.019883597902043238,0.2156644223905312,-0.026731729612274307
2024-02-09,24.35003662109375,24.435250822225505,23.95946987010161,24.05888669385352,30560069.0,0.012699324308244941,0.0126193641377943,0.21972636759054107,-0.014371880207695992
2024-02-14,24.35003662109375,24.456553988861156,24.22931509611703,24.28612558659764,14313415.0,0.0,0.0,0.2197712463440844,-0.014371880207695992
2024-02-15,24.555965423583984,24.591472739636536,24.243512398278753,24.413940763140214,32298657.0,0.008457022290958127,0.008421462026580886,0.21327825359841054,-0.006036401228017419
2024-02-16,24.527565002441406,24.70509701380972,24.342933981810255,24.626981823903495,25879532.0,-0.0011565589319205705,-0.0011572282623318873,0.21356618751630788,-0.007185978706181044
2024-02-19,24.797409057617188,24.81161167836425,24.534664410268853,24.555967574094975,32035461.0,0.011001665071478595,0.010941586991952017,0.21418579711385793,0.0
2024-02-20,25.337108612060547,25.528840213479583,24.77611336365369,24.77611336365369,62343778.0,0.021764352605925907,0.021530890445485003,0.22394163576403278,0.0
2024-02-21,25.195079803466797,25.44362186462697,25.195079803466797,25.31579979471912,32185244.0,-0.00560556497461373,-0.005621335115267092,0.21378110434751676,-0.00560556497461371
2024-02-22,25.05216407775879,25.470189705010263,25.05216407775879,25.44818727183844,24314973.0,-0.005672366462929124,-0.005688515431105599,0.21685700045947773,-0.011246134618775059
2024-02-23,25.125499725341797,25.21350469798826,24.83948396045256,25.0814980314421,25725331.0,0.0029273178698407953,0.002923041618151302,0.21449682628350147,-0.008351737759770406
2024-02-26,25.198833465576172,25.257502907282536,25.052157484040137,25.14749710976557,15356342.0,0.0029186977785922164,0.0029144466500616454,0.2131805052569668,-0.005457416179624994
2024-02-27,25.50685691833496,25.55819328484862,25.22817423864569,25.389516425611298,17802262.0,0.012223718736011246,0.012149612378473578,0.21175462924452002,0.0
2024-02-28,25.521522521972656,25.58752664260663,25.272173797893977,25.44818372968661,15121697.0,0.00057496710334215,0.0005748018730887935,0.20920681713092376,0.0
2024-02-29,24.89081382751465,25.48484921883301,24.744137854836623,25.426178195823137,48078175.0,-0.024712816169764285,-0.025023303836703373,0.23168130524160746,-0.02471281616976423
2024-03-01,24.99916076660156,25.145913105326397,24.881759212756055,25.035848454864823,16520612.0,0.004352888573178948,0.004343442156592186,0.23029215290080587,-0.02046749973170182
2024-03-04,24.808380126953125,25.094546272560336,24.808380126953125,25.006495516759248,17674233.0,-0.0076314817697126225,-0.007660750531146819,0.23291175081265447,-0.02794278415034033
2024-03-05,24.786367416381836,24.977144315011877,24.654290492071983,24.88909356069582,20542423.0,-0.000887309467955677,-0.0008877033600216489,0.233316022529596,-0.02880529972135837
2024-03-06,25.0578556060791,25.160581739893768,24.771689494546425,24.91844020818374,36605983.0,0.010953125366722105,0.01089357434103088,0.22796775166149544,-0.018167682413710327
2024-03-07,24.793699264526367,25.197266857354737,24.580908531439537,24.984476124267907,18729056.0,-0.010541857440053648,-0.010597816441181216,0.17937657283100983,-0.02851801873574245
2024-03-08,25.02116584777832,25.138565774660723,24.69097359819895,24.71298747195173,19630131.0,0.00917437050538883,0.009132541609519774,0.17982641686771575,-0.019605283100314872
2024-03-11,25.145906448364254,25.145906448364254,24.940454179942652,24.95512956849725,22865412.0,0.0049854032120173475,0.004973017238415419,0.16234304042039188,-0.014717620129638299
2024-03-12,25.248634338378903,25.395385062787252,25.043182055670037,25.285322019480994,24434504.0,0.004085272894241987,0.004076950824516301,0.1578687923101605,-0.010692472729979629
2024-03-13,25.498109817504883,25.62284823584555,25.094542201082746,25.17525604150143,30214957.0,0.009880751401542875,0.00983225596333815,0.1602125502966935,-0.00091737099334949
2024-03-14,25.48344039916992,25.63019114084813,25.3513634631222,25.53480347589163,32383745.0,-0.0005753139522872708,-0.0005754795088601684,0.1588329082203689,-0.0014921571693048983
2024-03-15,25.34402656555176,25.60818045422889,25.241301991331703,25.58616815872972,42577460.0,-0.005470761852967798,-0.005485781274090944,0.16065393758654045,-0.0069547557857522185
2024-03-18,25.44675064086914,25.64486604114756,25.22662294689478,25.43941373819437,14672010.0,0.004053186854570567,0.004044994821165652,0.15718409337254455,-0.002929757855909304
2024-03-19,25.48344039916992,25.57149116131118,25.417401931146063,25.50545269328732,11934228.0,0.001441824884386378,0.0014407864529254687,0.137865706935733,-0.0014921571693048983
2024-03-20,25.534799575805664,25.681550295069737,25.358698078420208,25.483436506928953,19759180.0,0.0020153941473859405,0.00201336596520177,0.13617871040599863,0.0
2024-03-21,25.270652770996097,25.630194353109797,25.145914307801668,25.534806676198247,38034356.0,-0.010344581089246074,-0.010398458147345515,0.1400661624784413,-0.010344581089246027
2024-03-22,24.917285919189453,25.271980840984124,24.83600136686256,25.198086664441465,13144839.0,-0.013983289430980372,-0.014081976684352331,0.14879315085724143,-0.024183219248813212
2024-03-25,24.917285919189453,24.93206507387464,24.79166549969027,24.858170897331977,13844693.0,0.0,0.0,0.14828669913849835,-0.024183219248813212
2024-03-26,25.412376403808594,25.412376403808594,24.81382951639753,24.887725278158968,19262812.0,0.019869358413464155,0.019674539106437926,0.15887013688429066,-0.004794365886195042
2024-03-27,25.55277442932129,25.62666858978531,25.235028261819657,25.345869502515686,19398772.0,0.0055247893105996315,0.005509583641838062,0.16014395944598897,0.0
2024-03-28,25.59712028503418,25.7079631589932,25.412383226358113,25.545394036355557,18913508.0,0.001735461479361211,0.0017339573061263915,0.1298568865481779,0.0
2024-04-01,24.722972869873047,25.721060584375476,24.715578728099153,25.565801181790885,35605204.0,-0.03415022492480213,-0.03474696920743316,0.18183305495414884,-0.034150224924802144
2024-04-02,24.75255012512207,24.811695280107713,24.501179621614256,24.730370891714617,20491664.0,0.00119634703337268,0.0011956319805046481,0.1799508913082279,-0.032994733411707354
2024-04-03,24.56770896911621,24.826471913056544,24.40505706281279,24.722966735480412,33775409.0,-0.007467560112857208,-0.007495581930106349,0.18184703456991533,-0.04021590336940491
2024-04-04,24.24241828918457,24.90780971779205,24.1093396839236,24.671225885705297,54117291.0,-0.013240578530971714,-0.013329016505002119,0.18214556064150358,-0.05292400007362002
2024-04-05,24.19805908203125,24.390282840609093,24.050193792057428,24.249811693867493,28261098.0,-0.001829817744424922,-0.0018314939059393082,0.17906857924505942,-0.05465697654360425
2024-04-08,24.56032371520996,24.789513362799244,24.316345783353785,24.36809838749956,19296916.0,0.014970813648757408,0.014859857054462203,0.18452923643353733,-0.04050442230528567
2024-04-09,24.819087982177734,24.863448046970227,24.60468499659054,24.678616840214087,20178616.0,0.01053586548647667,0.010480750043634884,0.1878712783291515,-0.030395305963825
2024-04-10,24.294164657592773,24.767330602437905,24.16108608654069,24.73036628544195,31255391.0,-0.02114998443786098,-0.02137684986119555,0.2006607064463547,-0.05090243015356703
2024-04-11,24.24981117248535,24.345922250859175,24.064978365719064,24.190664418688577,20688126.0,-0.0018256847161673972,-0.0018273533097019105,0.1958078896528088,-0.05263518308098731
2024-04-12,23.99843978881836,24.1980576790548,23.946685582285443,24.17587684834148,25841237.0,-0.010365910970564829,-0.010420011215993646,0.19762777125839553,-0.06245548242981527
2024-04-15,23.591812133789062,24.12412492518559,23.503093601505853,23.998440470925814,35825686.0,-0.016943920463477702,-0.01708911108631144,0.20375882077856863,-0.07834116216649406
2024-04-16,23.414369583129883,23.562234844177617,23.199966632192535,23.443942954878832,34875666.0,-0.007521361633981427,-0.007549789709324126,0.20215272920436073,-0.08527329158899494
2024-04-17,23.429161071777344,23.4883062256692,23.19996980591547,23.429161071777344,28706141.0,0.0006317269655689017,0.0006315275100859057,0.2018754729021244,-0.08469543406116557
2024-04-18,23.458728790283203,23.65834664580617,23.1851791057652,23.473515475621603,24583607.0,0.001262005003733524,0.0012612093447655125,0.20158576056632319,-0.08354031511901071
2024-04-19,23.32564926147461,23.636164847730928,23.251717435517453,23.49569373933358,30496961.0,-0.005672921580632151,-0.005689073715758726,0.2003669932163228,-0.0887393190431514
2024-04-22,23.310869216918945,23.46612544593438,23.126038014347504,23.3921936039847,24603774.0,-0.0006336391493322324,-0.0006338399834600742,0.1970551739760199,-0.08931672948585284
2024-04-23,23.65835189819336,23.88754157757853,23.214757630346895,23.214757630346895,53107109.0,0.014906466079875447,0.014796456602084,0.20711629358737688,-0.07574166020442372
2024-04-24,23.55484962463379,23.724894168521264,23.37741253435882,23.658354860243772,27387442.0,-0.004374872518802753,-0.004384470276454001,0.189683626162186,-0.07978517261546961
2024-04-25,23.421764373779297,23.658348158931048,23.251719878057543,23.495696207502824,23076377.0,-0.005650014879114762,-0.005666036590286355,0.1865345948610515,-0.08498440008217424
2024-04-26,23.81361198425293,23.91711721669257,23.45134367071419,23.525275523114654,30762989.0,0.01673006372279562,0.0165916577671731,0.199940018870781,-0.06967613078819693
2024-04-29,23.62877655029297,23.88014704049409,23.44394535448912,23.843181120872757,25020378.0,-0.007761755506984214,-0.007792034712885613,0.16391514730572812,-0.07689707720333051
2024-04-30,23.185192108154297,23.806223654463412,23.185192108154297,23.591820591060536,53143478.0,-0.01877306009452162,-0.018951510894935863,0.1735915064436232,-0.09422654384642089
2024-05-02,23.523719787597656,23.75304006792016,23.316592823820297,23.612489856585036,31652054.0,0.014601029737609794,0.014495461069718524,0.18374688811287243,-0.08100131867758478
2024-05-03,23.819618225097656,24.108116989190943,23.73085134211117,23.864003265187694,32765680.0,0.012578726501240034,0.01250027154495329,0.1858068382126686,-0.06944148561022985
2024-05-06,23.96756362915039,24.167293885568785,23.745641654884373,23.804821700606823,21100312.0,0.00621107368953755,0.006191864470233666,0.1874372714041455,-0.06366171810492835
2024-05-07,24.46319007873535,24.588945281909297,23.80482244048808,24.041539433542145,43603391.0,0.020679050121813702,0.020468141206205173,0.1944502183516848,-0.044299131842647194
2024-05-08,24.618541717529297,24.6851184890778,24.13031259237262,24.285659458383833,27721450.0,0.006350424384307329,0.0063303454012520145,0.1919693771243781,-0.03823002574539709
2024-05-09,23.878803253173828,24.381825819337337,23.864008236728264,24.33004406107643,31837186.0,-0.03004802123712913,-0.03050871514022233,0.20732322424264593,-0.0671293103570325
2024-05-10,24.15250015258789,24.42620388205055,23.90098814214751,23.91578315436126,26443200.0,0.011461918610920607,0.011396728484832969,0.21177303061960556,-0.05643682243783151
2024-05-13,24.448402404785156,24.54456921163831,24.204288631815903,24.27086540600699,26666401.0,0.012251412910789794,0.012176971741250977,0.21250006262374002,-0.0448768403421006
2024-05-14,24.71470642089844,24.825666631654485,24.27086238068041,24.278259088625376,34497357.0,0.010892491529882697,0.010833595640035248,0.20404555285150586,-0.03447316941553218
2024-05-15,24.648128509521484,24.833062185520383,24.544565011523364,24.788678742719387,23867664.0,-0.0026938580715107907,-0.0026974930366866117,0.20164384594904444,-0.037074161661362376
2024-05-16,24.57415008544922,24.87004550599752,24.500175031364755,24.75908372416908,20274355.0,-0.0030013809788311807,-0.0030058941554919035,0.2025185206045575,-0.03996426895657708
2024-05-17,24.581546783447266,24.68511026053482,24.45579158943995,24.52976504490349,21065189.0,0.00030099506889658123,0.00030094977896863326,0.2026178974224535,-0.0396753029355684
2024-05-20,24.507577896118164,24.707306582817797,24.411411107213173,24.55196133823061,17755129.0,-0.003009122573967238,-0.003013659086199803,0.20143125912498672,-0.04256503765984318
2024-05-21,24.381816864013672,24.618533843003423,24.28565169033421,24.537162081738845,18694273.0,-0.0051315161635949735,-0.0051447276085393925,0.20298400784835957,-0.0474781306446826
2024-05-22,24.004560470581055,24.3004560280524,23.908395253666427,24.256072573660195,23786768.0,-0.015472858135909817,-0.015593812096499226,0.2066928558014924,-0.06221636640056905
2024-05-23,23.790029525756836,23.99715651328882,23.708657752484477,23.96756648689946,21792348.0,-0.008937091145123754,-0.008977266490465773,0.20883096785002225,-0.07059742420845255
2024-05-24,23.56070899963379,23.84920613957904,23.471938927315772,23.83441112752604,23438031.0,-0.009639354414199719,-0.009686113719930946,0.21088192748909243,-0.07955626502997742
2024-05-27,23.479339599609375,23.575506394897747,23.375777694940485,23.560712978942853,13641546.0,-0.003453605747843924,-0.0034595832106762,0.20216201827040803,-0.08273511480363686
2024-05-28,23.35359001159668,23.775242433025294,23.30180824746315,23.767844124664897,28440452.0,-0.00535575489588247,-0.005370148366069765,0.20121681601681624,-0.08764776070334836
2024-05-29,23.190839767456055,23.323993284647585,22.89494270734227,23.198236474590367,28148705.0,-0.006968960406507407,-0.006993357023189383,0.19095612888947125,-0.09400590733579513
2024-05-31,22.954126358032227,23.235226850760725,22.931934634552867,23.183445096910894,38825757.0,-0.010207194383534568,-0.0102596450132309,0.1862125061925198,-0.10325356514995272
2024-06-03,23.27805519104004,23.42608793102288,23.011596578972252,23.06340939754689,25750257.0,0.014112008793332409,0.014013361389319145,0.1877627617045744,-0.09059867157595942
2024-06-04,23.35947608947754,23.44089258673582,23.070813091497097,23.196639895947307,25163703.0,0.003497753475077303,0.003491650562240497,0.18660347007389774,-0.08741780991922439
2024-06-05,23.31506729125977,23.418689748573975,23.18924047866592,23.278059499291395,25288786.0,-0.001901104204891535,-0.001902913597082873,0.1679820133189432,-0.0891527237580961
2024-06-06,23.611127853393555,23.68514502626303,23.285458690794695,23.32246487796937,14607995.0,0.012698250381836695,0.012618303677940227,0.17370351831495756,-0.07758655698476252
2024-06-07,23.27805519104004,23.537111286380032,23.18923618685299,23.374276711954884,26331259.0,-0.014106596873374011,-0.014207040643097656,0.14571198806771213,-0.09059867157595942
2024-06-10,23.093015670776367,23.38907954361147,22.878368283303967,23.30766145874217,23061082.0,-0.007949097067820987,-0.007980859574057185,0.13946400694827651,-0.0978275910092075
2024-06-11,23.352069854736328,23.455693888356215,23.122620636201592,23.226243070314904,16807035.0,0.01121785857911095,0.011155405032899163,0.13810359712830783,-0.08770714851117299
2024-06-12,23.31506729125977,23.492705332510717,23.05601114797424,23.440894103853612,39355661.0,-0.0015845517637937956,-0.0015858084936843581,0.12919478075672736,-0.0891527237580961
2024-06-13,23.070812225341797,23.440891706686504,23.070812225341797,23.315064906960252,23094958.0,-0.010476275400223112,-0.01053153787547746,0.1319825597548272,-0.09869501067154943
2024-06-14,23.048603057861328,23.21884012755249,22.90057033654097,23.041200542066772,17478111.0,-0.0009626521712171598,-0.0009631158183963926,0.13224322861834745,-0.09956265387645533
2024-06-17,23.611127853393555,23.68514502626303,23.15963029666994,23.2484493046066,30480419.0,0.024406025567799583,0.02411295737181407,0.1638499791332461,-0.07758655698476252
2024-06-18,23.59632873535156,23.855384871457257,23.47790284463083,23.566721862794655,24588705.0,-0.0006267857314520286,-0.0006269822437469634,0.163875847334222,-0.07816471256934397
2024-06-19,23.7813663482666,23.89979223230548,23.38908250680215,23.492703355891017,16497726.0,0.007841796704494142,0.007811209617800119,0.16689304253956447,-0.07093586765028376
2024-06-20,23.6185302734375,24.025619124274307,23.5815224869081,23.966405386221908,23141638.0,-0.006847212748184672,-0.006870762470933269,0.15966299878163753,-0.07729736742118988
2024-06-21,23.78340530395508,24.007214094267972,23.604357304391897,23.78340530395508,58654050.0,0.006980748954688698,0.006956496328950637,0.1588693511140097,-0.07085621198332687
2024-06-24,24.12657356262207,24.514507853672544,23.85800242867347,23.86546202142193,36808677.0,0.0144288950333753,0.014325789146652251,0.16230710455526925,-0.057449693795121604
2024-06-25,24.201175689697266,24.380222035694477,24.05196932657443,24.11911210937032,27162088.0,0.003092114463811413,0.003087343709831074,0.161483017326419,-0.05453522036043556
2024-06-26,24.156415939331055,24.156415939331055,23.73118041802851,24.044512363889726,26776528.0,-0.0018494866092503282,-0.0018511990213237626,0.15996934062520934,-0.056283844809896795
2024-06-27,24.201175689697266,24.328000050429647,24.081810921636546,24.208635282368924,17012674.0,0.0018529135480456205,0.001851199021323846,0.15664806192494435,-0.05453522036043556
2024-06-28,24.178802490234375,24.27578528474718,23.910231279178134,24.231024491029952,32848049.0,-0.0009244674618190674,-0.0009248950454081036,0.15022691090389154,-0.055409271785508224
2024-07-01,24.06507873535156,24.378581426973412,24.01282828674792,24.169579632558847,17694174.0,-0.004703448606635852,-0.004714544627748432,0.14600305130740904,-0.05985210572996981
2024-07-02,24.37858009338379,24.37858009338379,24.05761376083354,24.094935277356463,34497357.0,0.013027231761003844,0.012943107196442023,0.15133086689405337,-0.04760458122169439
2024-07-03,24.527870178222656,24.848838155319644,24.45322713785586,24.527870178222656,28588875.0,0.006123821989098666,0.006105147591566077,0.15116640884906615,-0.04177228121386295
2024-07-04,24.5651912689209,24.811514588277973,24.55772761024132,24.759264138321427,11373280.0,0.0015215789396740842,0.0015204225113552826,0.14640664067860226,-0.04031426209754608
2024-07-05,24.580123901367188,24.69208847682288,24.341264204714957,24.632374359193193,19063291.0,0.0006078777194453711,0.0006076930366237303,0.13356225434448676,-0.03973089051980576
2024-07-08,24.535337448120117,24.63237470533203,24.333800886854497,24.505481195419097,19708195.0,-0.0018220597026599172,-0.0018237216725523547,0.12871905287023322,-0.04148055816789879
2024-07-09,24.707012176513672,24.707012176513672,24.29647226066231,24.43829628449441,19027715.0,0.006997039627295143,0.006972673937958203,0.12604528310111252,-0.03477375964986677
2024-07-10,24.9682674407959,24.990660029802108,24.70701357910203,24.766729300540568,38936224.0,0.010574134274745406,0.01051861912377187,0.12774530606746906,-0.024567327778896732
2024-07-11,25.1175537109375,25.125017369641327,24.916015569136157,24.968267632328953,22220282.0,0.005979040015314796,0.0059612364856601735,0.11679126330837654,-0.018735176799441262
2024-07-12,24.975732803344727,25.147413094593215,24.87123189676448,25.117555231836977,24991940.0,-0.005646286625875407,-0.005662287159697796,0.12069900806810073,-0.02427567924712057
2024-07-15,25.07276725769043,25.13248298039248,24.916015905197327,25.00558787618388,22336415.0,0.0038851494412490695,0.0038776217393570065,0.09454938210004991,-0.0204848444475343
2024-07-16,25.222055435180664,25.266842228066288,25.020518899861734,25.05037514871893,22061662.0,0.005954196278212809,0.0059365401024451744,0.09407631610241793,-0.014652618953890844
2024-07-17,25.498233795166016,25.56541317050469,25.08769388501473,25.169802189658263,18500757.0,0.010949875227065364,0.01089035940969561,0.09662153645704255,-0.003863188076120416
2024-07-18,25.378803253173828,25.535554586824393,25.207122990642304,25.431053697724018,17774957.0,-0.004683875085294331,-0.004694878801668741,0.09379573632975782,-0.008528968471035181
2024-07-19,25.57287979125977,25.841597323745574,25.423593707049037,25.490773090170492,26942513.0,0.007647190300893003,0.007618098759382526,0.0941390694581234,-0.0009470008151105636
2024-07-22,25.557950973510746,25.71470070750706,25.505700524489814,25.58780722076094,14046027.0,-0.000583775385129881,-0.0005839458483247294,0.08620822287797633,-0.001530223364474909
2024-07-23,25.5206241607666,25.67737709828753,25.453446404342795,25.53555308877175,19171379.0,-0.001460477515698777,-0.001461545052521327,0.08756581127065637,-0.002988466023355876
2024-07-24,25.483306884765625,25.625130917864546,25.416127504104693,25.602736715599896,17873754.0,-0.0014622399423265264,-0.0014633100584559061,0.08731156253274094,-0.004446336111296776
2024-07-25,25.371341705322266,25.535556710537396,25.259375535936364,25.431055812746003,22461951.0,-0.004393667585987249,-0.0044033481091556225,0.09084421116946355,-0.008820467974435375
2024-07-26,25.557950973510746,25.632594011235938,25.319091317110367,25.319091317110367,12668639.0,0.007355120212240607,0.0073282032201327785,0.09160540748579865,-0.001530223364474909
2024-07-29,25.744558334350582,25.83413030142179,25.56541440020817,25.587806988709353,17147388.0,0.0073013427810877385,0.007274817015433899,0.08843783846072226,0.0
2024-07-30,25.64752197265625,25.759486525015003,25.483305360183728,25.69230714837319,19972297.0,-0.0037691989287249594,-0.0037763202591130024,0.08425610137325851,-0.0037691989287249963
2024-07-31,25.289230346679688,25.68484130148991,25.266837760729302,25.572875145605455,28667619.0,-0.01396983405876595,-0.01406833058661003,0.10157530451046172,-0.017686377903922225
2024-08-01,24.921533584594727,25.4816513719287,24.84685002941826,25.40696943065942,25644208.0,-0.014539658069635086,-0.014646394771511357,0.11667985164839499,-0.031968882086343894
2024-08-02,24.607866287231445,25.048491978571697,24.488374218718963,25.01115100976913,27354812.0,-0.01258619564075203,-0.012666072741380157,0.1259912412806179,-0.044152711122741065
2024-08-05,24.607866287231445,24.667611514534133,24.159771433786418,24.234453371391552,30036736.0,0.0,0.0,0.1257964467822604,-0.044152711122741065
2024-08-06,25.15304946899414,25.34722347911292,24.652675312226243,24.652675312226243,29244996.0,0.02215483355603176,0.021912980850526623,0.1460893085601452,-0.022976073532681284
2024-08-07,25.22026824951172,25.526466855143635,24.697491323243227,25.429379020019116,46066533.0,0.0026723909003731894,0.0026688264128680735,0.14182565791144186,-0.020365083682143077
2024-08-08,25.13064193725586,25.49658567437575,25.04849084127591,25.280007419591485,22235464.0,-0.0035537414340386375,-0.0035600709732752068,0.14098932296033087,-0.02384645287449284
2024-08-09,25.81025505065918,25.81025505065918,25.205325533567613,25.24266650313711,27350166.0,0.02704320546606498,0.026683999648731214,0.1678701781422718,0.0
2024-08-12,25.847593307495117,26.00442795527112,25.743039565489575,25.892403437417844,23753798.0,0.0014466442413161307,0.001445598859611165,0.16766271028894147,0.0
2024-08-13,26.579490661621097,26.579490661621097,25.922284902235923,26.026840290596855,44797573.0,0.028315880144777372,0.02792239623867282,0.19177085739279504,0.0
2024-08-14,27.236684799194336,27.468199755808755,26.57948089520112,26.57948089520112,61454486.0,0.02472561065747514,0.02442487983361887,0.20506834202215857,0.0
2024-08-15,27.669851303100582,27.69972472866455,27.30390748861786,27.38605860196507,36976474.0,0.015903789580112848,0.015778649377243097,0.207349457563344,0.0
2024-08-16,27.43833351135254,27.998449693561728,27.363651568912275,27.811743223553854,39069012.0,-0.008367149834379473,-0.008402350925281625,0.21172315671699005,-0.008367149834379497
2024-08-19,27.602636337280273,27.82668216959998,27.46820431894815,27.542889490869214,25227717.0,0.005988075983541563,0.005970218708237248,0.21131581993754953,-0.0024291769798118535
2024-08-20,27.804275512695312,27.90136170888453,27.43833175864372,27.63250415102215,17856533.0,0.007305069448844792,0.007278516663895687,0.21067953560886454,0.0
2024-08-21,27.692251205444336,27.91630024799234,27.565291587647117,27.87895766496292,16012462.0,-0.0040290316933389025,-0.004037170108843218,0.21180607761522394,-0.004029031693338916
2024-08-22,27.43833351135254,27.445799446126465,27.109729091238066,27.124667416414773,24315199.0,-0.00916926876793156,-0.009211565263289681,0.21504619698265084,-0.013161357186799774
2024-08-23,27.229223251342773,27.669848978815185,27.162007242516356,27.475673342867676,24645695.0,-0.0076210991430382125,-0.007650288115048271,0.21843994053568766,-0.02068215232186045
2024-08-26,27.288965225219727,27.36365039226292,27.07985450425307,27.28149929076684,16314180.0,0.002194038857645575,0.0021916354691676235,0.21791672988328428,-0.01853349091006876
2024-08-27,27.3188419342041,27.415931371918926,27.1321354497552,27.281502574003127,16586780.0,0.0010948274783524337,0.0010942285918271813,0.21661570147465742,-0.017458954406834447
2024-08-28,27.908830642700195,27.983512579759015,27.057451072945508,27.154535654433456,36121512.0,0.021596402582402696,0.021366504373691295,0.215760764132846,0.0
2024-08-29,27.602636337280273,27.91630243921656,27.602636337280273,27.774404485943933,25176619.0,-0.010971233776862266,-0.011031861611400465,0.21175576720304778,-0.010971233776862297
2024-08-30,27.408456802368164,27.610098345560235,27.19187693579058,27.50554299311782,69846390.0,-0.0070348184332613695,-0.007059679432141025,0.2063809485799875,-0.017928871572514576
2024-09-02,27.190021514892575,27.421647900188677,27.15266096206594,27.324514983953947,11520344.0,-0.00796963101755932,-0.00800155827227054,0.21105376855354097,-0.0257556160990798
2024-09-03,27.630859375,27.638332131473845,27.1676033728697,27.26473951892708,17829227.0,0.016213222187631215,0.016083191495751065,0.20580277000880193,-0.00995997543784233
2024-09-04,27.825122833251953,28.236075963721813,27.660744810431265,27.757877718829935,23012702.0,0.007030670150915297,0.007006070224871239,0.20581152213479187,-0.00299933058894163
2024-09-05,28.00445556640625,28.094115738080472,27.75041087813742,27.869962079526974,13102351.0,0.006444993405024135,0.006424313243140544,0.20339604638962533,0.0
2024-09-06,27.608436584472656,28.079161981563264,27.54866100819767,28.079161981563264,18068290.0,-0.01414128480357435,-0.014242225522456041,0.19845146835944932,-0.014141284803574348
2024-09-09,27.877429962158203,27.98203887188363,27.623388518251787,27.660749073822853,15484371.0,0.009743158648716443,0.009696000146248045,0.1995496136386006,-0.0045359069361957174
2024-09-10,27.877429962158203,27.929736031704795,27.660749073822853,27.68316411541839,15099944.0,0.0,0.0,0.1782190069758981,-0.0045359069361957174
2024-09-11,27.929737091064453,28.049285060564284,27.750410292762886,27.929737091064453,22282257.0,0.001876325363466158,0.0018745672638657586,0.15806615079213707,-0.0026680924099602246
2024-09-12,27.623394012451172,27.855020460831764,27.42165536859846,27.80271761025007,16309421.0,-0.010968348094880231,-0.011028943922986511,0.1539901417905141,-0.013607175938538659
2024-09-13,27.653274536132812,27.89237368003493,27.331984758761138,27.765352966261084,22909713.0,0.0010817108016549781,0.0010811261740864247,0.1508429250922045,-0.012540184166076392
2024-09-16,27.64580726623535,27.810188565797716,27.518786527252864,27.690640584804843,12252828.0,-0.0002700320313857585,-0.0002700684965994105,0.1494006983166927,-0.012806829946057864
2024-09-17,27.57855987548828,27.63086271839889,27.391763546612104,27.57855987548828,19981701.0,-0.002432462546651748,-0.0024354257899664284,0.14715350928622456,-0.015208140358524492
2024-09-18,27.421646118164062,27.66821800031409,27.31704045228841,27.533721310625612,18703790.0,-0.005689700913776963,-0.005705948922204113,0.1478171657974312,-0.020811311502206723
2024-09-19,27.346927642822266,27.556138969953487,27.175073635897487,27.496363382382498,27012532.0,-0.0027247990518083354,-0.0027285180740063753,0.14449845396035124,-0.02347940391216695
2024-09-20,27.048059463500977,27.462097574660632,27.033003265979552,27.341651248124577,34731661.0,-0.010928766230152154,-0.010988923896707792,0.1472514704072165,-0.03415156922573966
2024-09-23,26.889965057373047,27.085692334062596,26.777046037796623,26.905021252013377,17373195.0,-0.005844944490057236,-0.005862093032270559,0.14819158358896126,-0.03979689968942407
2024-09-24,26.88243865966797,27.349172574817697,26.739407246095716,27.138389096539132,27208315.0,-0.0002798961504419939,-0.00027993532868023926,0.14804663765526183,-0.040065656840843455
2024-09-25,27.2211971282959,27.228724411942604,26.93513269382695,26.93513269382695,24582587.0,0.012601478344900885,0.012522740502142743,0.13304875832864949,-0.027969065002996785
2024-09-26,27.567480087280273,27.77073461862529,27.35669664629011,27.477146186075487,42599440.0,0.012721077524706637,0.012640844336614105,0.13645071984789534,-0.015603784122486787
2024-09-27,27.67287826538086,27.748157618496418,27.492207167176527,27.507261736345637,31411178.0,0.0038232793772550178,0.0038159892202864506,0.13450225189251283,-0.011840162371274452
2024-09-30,27.183563232421875,27.85355347849242,27.183563232421875,27.55243602154502,28491777.0,-0.01768211561755484,-0.017840311827079326,0.14671104908424104,-0.02931291886884978
2024-10-01,26.737417221069336,27.34748230615932,26.684695587237183,27.309822601182525,30144937.0,-0.0164123447517881,-0.016548519300180534,0.1449451443553617,-0.04524416989048112
2024-10-02,26.90311622619629,27.30982578784244,26.75248389916371,27.01609209908371,23530370.0,0.006197270430308377,0.006178146320763932,0.14431830297038117,-0.03932728981637879
2024-10-03,26.240325927734375,26.60184639406511,26.09722458510745,26.52653024060099,35700490.0,-0.02463619057693167,-0.024944739713098435,0.16272279042582927,-0.06299460578651991
2024-10-04,26.293054580688477,26.46628308199659,26.082169620207143,26.12735867330557,17541559.0,0.0020094511439878726,0.0020074348976184026,0.15833209989893804,-0.06111173922519479
2024-10-07,26.466279983520508,26.60185038217062,26.247862454684675,26.51147065894155,26410683.0,0.006588257073762094,0.006566649360982369,0.15551515561274423,-0.05492610199967308
2024-10-08,26.62444496154785,26.744951794608507,26.564190731211063,26.647039484117688,26176152.0,0.005976094038369739,0.005958308013851637,0.15824913744702698,-0.049278251512014384
2024-10-09,26.13488388061523,26.511467920722986,26.082163872822026,26.44368272839908,23707005.0,-0.01838765396385411,-0.01855880820309466,0.16745508245969842,-0.0667597940391218
2024-10-10,26.27798843383789,26.33824103751076,26.03697476392053,26.142418041057756,23211884.0,0.005475614656501371,0.005460677978755096,0.16761783674537536,-0.061649730289325994
2024-10-11,26.082162857055664,26.338238431847778,26.02190863173085,26.232795165142132,19225310.0,-0.007452076374691807,-0.007479981817939286,0.1679486533965801,-0.06864238816542255
2024-10-14,26.247867584228516,26.413563504594443,26.074639069347167,26.165018810238887,16356101.0,0.006353181984216638,0.006333085595983703,0.17094179077670998,-0.06272530376505203
2024-10-15,26.54912376403809,26.594314430987037,26.157477827598036,26.285515609200992,32631872.0,0.011477358259403436,0.011411993054224311,0.1780325181826349,-0.051967866288889976
2024-10-16,26.390960693359375,26.56418915387223,26.24785934622601,26.549125597182485,39642197.0,-0.005957374415985539,-0.00597519036370521,0.17811136396802887,-0.05761564866779273
2024-10-17,26.443687438964844,26.68470113735793,26.014381686976336,26.127357570178845,22310809.0,0.001997909292432043,0.0019959161259972807,0.1786141421845646,-0.055732850215223666
2024-10-18,26.57172203063965,26.647038187282288,26.37589741918823,26.511467803235263,17703125.0,0.004841782825119267,0.0048300990928750315,0.17649238371821507,-0.051160913747071324
2024-10-21,26.43615341186523,26.67716709718943,26.36083724555632,26.654572572819365,16873089.0,-0.005101988445389227,-0.0051150480272656,0.17623289283958216,-0.05600187980166743
2024-10-22,26.481346130371097,26.549131336321707,26.217737900348254,26.360839278415913,24850542.0,0.001709504321668165,0.001708044782311074,0.1764594702874081,-0.054388110935541745
2024-10-23,26.647045135498047,26.662108696276967,26.36084073592511,26.3683733301212,17395402.0,0.006257197210111309,0.006237702231999934,0.17153010519265957,-0.04847123086143955
2024-10-24,26.888050079345703,26.98596075104119,26.579251253169986,26.647036440750643,24236796.0,0.009044340286968655,0.009003685189841609,0.16812742267229946,-0.03986528088051
2024-10-25,26.586780548095703,26.94830098329093,26.526527956036148,26.888048391231376,17380220.0,-0.011204588297067386,-0.011267832557546572,0.17060923698888728,-0.05062319511796436
2024-10-28,26.910646438598633,27.046216823025784,26.72988538349148,26.842861246385056,11933889.0,0.01218146326205427,0.012107866314653085,0.1668116494202338,-0.03905839644744728
2024-10-29,26.62444496154785,27.06881258602352,26.62444496154785,27.008558355686738,13225282.0,-0.010635250910965621,-0.010692209397089961,0.1605175538967658,-0.049278251512014384
2024-10-30,26.54912376403809,26.805200954856712,26.4587440577529,26.616908950655155,12081065.0,-0.002829024139978986,-0.0028330333920705817,0.15893908630593215,-0.051967866288889976
2024-10-31,26.375898361206055,26.82026760753915,26.375898361206055,26.54912682976127,22748147.0,-0.00652471261845089,-0.006546091601046133,0.13295052685945935,-0.058153503514411814
2024-11-01,26.2309513092041,26.60018882854325,26.21588178584752,26.37412480855939,25777562.0,-0.005495435644199409,-0.0055105911000494865,0.13430954724615743,-0.06332936032256307
2024-11-04,26.585121154785156,26.781042884819705,26.291237745516543,26.472088322712494,23226386.0,0.013501982501747056,0.013411643002476213,0.14086591337312918,-0.050682449735738024
2024-11-05,27.38388442993164,27.617483272223105,26.82625981113857,26.901615589647022,59510598.0,0.030045500657901236,0.029602976661860948,0.17459689788786825,-0.02215972865471585
2024-11-06,27.255779266357425,27.45170264204212,26.765974084013145,27.029715210780545,44058971.0,-0.004678122415466834,-0.004689099076957076,0.15988288098528897,-0.02673418514684235
2024-11-07,26.856395721435547,27.489374339435443,26.79611111299736,27.22563324860215,16816325.0,-0.014653169187308746,-0.01476158728691223,0.1700361521554069,-0.04099561379610963
2024-11-08,26.434419631958008,26.65294734628556,26.283709684245345,26.42688323893362,26247984.0,-0.015712312771022252,-0.015837059590123027,0.17802189424085096,-0.05606379066092737
2024-11-11,26.464553833007812,26.69061624261366,26.306307540789955,26.3439862374912,20677703.0,0.0011399607583355564,0.00113931149644549,0.17678115221338223,-0.054987740423908894
2024-11-12,26.14806365966797,26.585122224268705,26.117922981211848,26.487160541093772,26591283.0,-0.011959021691312355,-0.0120311060734367,0.17701765245889522,-0.06628916253473546
2024-11-13,26.01242446899414,26.26109440999523,25.846643422704393,26.22341734359307,29706013.0,-0.005187351248614469,-0.005200852265017924,0.1767362573317384,-0.07113264861330573
2024-11-14,25.93706703186035,26.08024052631098,25.748681712021853,25.95967294455429,35013665.0,-0.0028969786043439028,-0.0029011829687934686,0.1765920797640258,-0.07382355745654662
2024-11-18,25.84664535522461,26.05010348312882,25.786360741726927,25.906928340288648,20962992.0,-0.0034861951247098233,-0.0034922860631871992,0.17543556197447546,-0.07705238925516264
2024-11-19,26.080245971679688,26.148065352355115,25.7411506967363,25.846647149246134,18019798.0,0.009037947216924191,0.008997349402560712,0.17857794905445185,-0.06871083746526453
2024-11-21,25.62812042236328,25.944609791515074,25.62812042236328,25.801436261913143,28727441.0,-0.01733593884840523,-0.017487965818488445,0.18793134114310509,-0.08485560943714925
2024-11-22,25.70347023010254,25.921999497686965,25.575367877098003,25.921999497686965,14604143.0,0.0029401222757448053,0.002935808569394356,0.18645587412614337,-0.0821649730289326
2024-11-25,25.695941925048828,25.778830841591965,25.59798022385464,25.6884055327233,27017291.0,-0.00029289060917903065,-0.00029293351001054155,0.1821809186139579,-0.08243379828910805
2024-11-26,26.18574333190918,26.494696289508177,25.748686379478524,25.77129229627023,30264922.0,0.01906143033359231,0.018882037343635208,0.19350781918604942,-0.064943674058737
2024-11-27,25.545230865478516,26.261100169420295,25.40959209393644,26.13299616143772,26816070.0,-0.02446035074552011,-0.0247644746865482,0.2049146246831119,-0.0878154797580777
2024-11-28,24.625898361206055,25.4924774147803,24.58822129425649,25.44726395738069,44303925.0,-0.03598842026966509,-0.03665197227533974,0.23675142200439217,-0.12064355963602681
2024-11-29,24.56561851501465,24.814288491365687,24.24912915812537,24.6861861217011,41721478.0,-0.002447823235003921,-0.002450824052279218,0.2367781869242356,-0.12279606876260012
2024-12-02,24.217021942138672,24.616618095310297,24.1265476795804,24.420588625565905,25024231.0,-0.014190425234476112,-0.014292072072367218,0.23951454684738951,-0.13524396556421295
2024-12-03,24.488449096679688,24.518606101359985,24.262262600340964,24.28488076118012,23357474.0,0.011208114490276033,0.011145768992851473,0.245590400759502,-0.1255516809240996
2024-12-04,24.63923454284668,24.7674062701286,24.397968773232712,24.435667873553676,25113058.0,0.006157411013318903,0.0061385316172901955,0.24027190137742666,-0.12016734321364354
2024-12-05,25.167007446289062,25.257481720722605,24.729715391412885,24.865425988405327,36947243.0,0.021420020273949847,0.021193835855790225,0.22620889269857042,-0.10132130986759658
2024-12-06,24.654321670532227,25.17455084563615,24.639242351488004,25.0916154055509,24236456.0,-0.020371344382163814,-0.020581701965861773,0.23355990072684352,-0.11962860295319566
2024-12-09,24.77495002746582,24.9785183530706,24.69201460266584,24.69201460266584,18324009.0,0.004892787501745488,0.004880856717678067,0.23309568889897658,-0.11532113278483082
2024-12-10,25.110288619995117,25.247294081909686,24.889554765204345,24.920001154457207,21447916.0,0.013535389260423747,0.013444604169492757,0.23657734887724927,-0.10334665994660273
2024-12-11,25.353849411010746,25.688754687030254,24.85149231941212,25.13311724799356,35985666.0,0.009699641238758216,0.009652901713385884,0.24024919041674658,-0.09464944423255041
2024-12-12,24.72209930419922,25.254902814017864,24.63837256841017,25.11789572724695,27479555.0,-0.02491732504087396,-0.025233016749295387,0.25175038049814913,-0.11720835830654389
2024-12-13,24.40241241455078,24.83626758523117,24.394801641758672,24.76015327786525,27998356.0,-0.012931219380472925,-0.013015555432042953,0.25425304723784536,-0.12862393069252984
2024-12-16,24.13601303100586,24.440473579672947,24.13601303100586,24.36435762007549,37414605.0,-0.0109169281716619,-0.01097695510493367,0.25574108191140194,-0.13813668065166457
2024-12-17,24.265405654907227,24.49375020930009,24.05228429012204,24.204512896476537,45447689.0,0.005360977545675993,0.005346658658245291,0.2577067736352236,-0.13351625074919632
2024-12-18,23.572763442993164,24.23496156179536,23.496647487774723,24.18168121557309,58162101.0,-0.02854443159799347,-0.028959746257349487,0.2689403569056104,-0.15824953686045878
2024-12-19,23.702157974243164,24.006616858923245,23.527093745458338,23.740215129220516,53287369.0,0.005489154106302463,0.005474143604818377,0.2672059709272101,-0.15362903884923446
2024-12-20,23.976173400878903,23.99139659369856,23.64126809343091,23.64126809343091,60210112.0,0.011560779694975709,0.011494464495621762,0.27180016202241253,-0.14384433062714555
2024-12-23,23.511871337890625,23.831553424185433,23.40531064245902,23.694546345812995,31425454.0,-0.019365144521821698,-0.01955510534452377,0.27734952476139585,-0.1604239088977279
2024-12-26,23.664098739624023,23.770661074408505,23.43575416909402,23.48142374114451,23278278.0,0.006474491100505242,0.006453621614101506,0.2667953484581304,-0.1549880809676892
2024-12-27,23.428144454956055,23.770662148660858,23.428144454956055,23.709769383174976,15418543.0,-0.00997098124311313,-0.01002102440744277,0.257319831525904,-0.16341367896256742
2024-12-30,23.39008522033691,23.64887616093115,23.39008522033691,23.4966459056061,32151480.0,-0.0016245091322668603,-0.0016258300780133907,0.2272370732531157,-0.1647727210810223
2025-01-02,23.28167152404785,23.494915356077087,23.030348671414295,23.34259927365981,29053972.0,-0.004635027844823614,-0.004645802894380105,0.22735479489645444,-0.16864402277556803
2025-01-03,22.710487365722656,23.319755106182008,22.710487365722656,23.296908018511605,40039200.0,-0.024533640453401895,-0.02483960485794249,0.2373599130315473,-0.18904021140957883
2025-01-06,23.73101806640625,23.799559345324003,22.931351708488645,23.007511428075617,35104078.0,0.04493653897643335,0.04395615532052247,0.2870531998325238,-0.15259848526126518
2025-01-07,23.989952087402344,24.26412373957924,23.791940141833884,23.852866261313896,28624338.0,0.010911205759125853,0.01085210804978975,0.28921173397706607,-0.14335231297335585
2025-01-08,23.601543426513672,23.92140925796687,23.50253827628677,23.776708283615196,21783171.0,-0.016190472555909552,-0.016322970337550098,0.2809937855274794,-0.1572218438402441
2025-01-09,23.6624698638916,23.738627920684905,23.548231132895,23.61677404233163,11465733.0,0.002581459876453973,0.002578133632054994,0.27394218280710353,-0.1550462458453659
2025-01-10,23.334989547729492,23.715783160686993,23.266446631564868,23.654855392626523,21853643.0,-0.013839650638576728,-0.013936311474492634,0.27576206454622976,-0.16674011060861985
2025-01-13,23.502532958984375,23.708160006507164,23.327368141512803,23.327368141512803,17535780.0,0.007179922275610595,0.007154269351148956,0.27166219549833165,-0.16075736936740587
2025-01-14,23.51777458190918,23.571083917904044,23.16744480269463,23.555853619509534,22928521.0,0.0006485097989823441,0.0006482996073719593,0.26781719970304746,-0.16021311229771698
2025-01-15,24.53829002380371,24.591600987439655,23.662467520015056,23.738625569264553,40308287.0,0.04339336778402303,0.04247825523558274,0.3015361796031215,-0.12377193101945186
2025-01-16,24.462133407592773,24.667760481773737,24.256506333411817,24.48498049454475,24765227.0,-0.0031035828550832756,-0.0031084089564095254,0.2980576271838195,-0.1264913774314826
2025-01-17,24.637298583984375,24.804848279402883,24.43928665414972,24.576372469345483,23627808.0,0.007160666384773862,0.007135150547759182,0.2960391690358018,-0.12023647360104615
2025-01-20,24.873388290405273,25.056169916743755,24.52305862288025,24.52305862288025,10462575.0,0.00958261335414301,0.009536991335349283,0.29722127759409167,-0.11180603988448755
2025-01-21,24.92670249938965,25.05617152341784,24.774384741974945,24.873389885358872,15918423.0,0.002143423660737831,0.0021411298054607674,0.27498304789184996,-0.1099022639350515
2025-01-22,24.835309982299805,25.101864814027596,24.759151929179456,25.01808996811127,23835940.0,-0.003666450349462891,-0.0036731882530466296,0.2757158849446006,-0.11316576309050291
2025-01-23,24.78200340270996,25.03332633913999,24.622070475362957,24.911472445093672,22913792.0,-0.0021464028283857406,-0.002148709652443481,0.2739520621221003,-0.11506926660491473
2025-01-24,24.7210750579834,24.827696999970595,24.606836322536136,24.69822632340992,9909218.0,-0.002458572204049436,-0.0024615994555194937,0.2628973595971984,-0.11724493270854901
2025-01-27,25.315107345581055,25.368418309117708,24.606832880621717,24.721071600089683,22917984.0,0.02402938732253146,0.023745224762679956,0.27329913588835025,-0.09603286928567537
2025-01-28,25.360803604125977,25.47504232558313,25.109480721049355,25.315107786381812,16244500.0,0.0018050983517909902,0.0018034711196762297,0.2687996234821037,-0.09440111970794965
2025-01-29,25.29987907409668,25.55120197288013,25.28464713389668,25.46742712468344,13655935.0,-0.002402310706723254,-0.0024052008847539855,0.26902869848693395,-0.09657664959407182
2025-01-30,25.916763305664062,26.03100204021676,25.30749554073868,25.30749554073868,29709865.0,0.024382892493702846,0.024090375178115356,0.2761310822024524,-0.07454857516482319
2025-01-31,25.749208450317383,26.061457397961497,25.749208450317383,26.008148087262057,20432975.0,-0.006465115005702127,-0.006486104376425764,0.2564944889988745,-0.08053172505857353
2025-02-03,25.51120376586914,25.747417990429945,25.328326696747503,25.663601049026184,25677405.0,-0.009243184500504875,-0.009286167803792636,0.2197605556425448,-0.08903053996621806
2025-02-04,25.60264015197754,25.823614472119047,25.31308714029809,25.450242876708145,23154667.0,0.0035841658805113585,0.0035777580645343665,0.2180946951853301,-0.08576547430937721
2025-02-05,25.991254806518555,26.21984992394319,25.71694000694258,25.770278812786128,45348664.0,0.015178694550022742,0.015064650741973745,0.20899681699819256,-0.0718885876968343
2025-02-06,26.036977767944336,26.204613330280356,25.1073572871126,25.374051349919608,44044581.0,0.0017591671416461452,0.0017576216194191672,0.20913392641402354,-0.07025588459652372
2025-02-07,25.846481323242188,26.26557269559417,25.67884411563491,26.12841527967298,40083613.0,-0.007316380818079393,-0.007343276800012904,0.20251217565948473,-0.07705824660818394
2025-02-10,26.12841033935547,26.31890488470959,25.91505513122613,25.95315404029695,42687021.0,0.01090782968046633,0.010848768405043759,0.20342911165272665,-0.06699095515719501
2025-02-11,26.40273094177246,26.593227187682253,26.21223634252904,26.21223634252904,35512412.0,0.01049893961607773,0.010444208495404422,0.2034326909474366,-0.05719534953413611
2025-02-12,25.671228408813477,26.3722521842616,25.54931087250371,26.21223737327142,34311545.0,-0.0277055632832911,-0.028096601959395246,0.1882843209764186,-0.08331628344139923
2025-02-13,25.808380126953125,25.831239145365128,25.564545108338187,25.686462617645656,15168830.0,0.0053426238883278465,0.005328402703130309,0.18747567668624926,-0.07841878711927205
2025-02-14,26.494163513183594,26.593222002809867,25.945535551662356,25.983636110748957,33546090.0,0.0265721204840077,0.02622521363913387,0.20492847348353466,-0.05393042009480739
2025-02-17,26.547504425048828,26.898017081778253,26.547504425048828,26.577984216068653,20231641.0,0.0020133080192810127,0.0020112840308435715,0.20379086405927993,-0.05202569062278647
2025-02-18,26.503095626831055,26.62283771036825,26.23167782231654,26.590905798044936,34668327.0,-0.0016728050029392039,-0.0016742057035120308,0.20451662901257486,-0.053611466790170544
2025-02-19,26.25562858581543,26.40730259722606,26.14386860634265,26.383354523086748,25496918.0,-0.009337288160598756,-0.009381153907307037,0.20798551474616842,-0.06244816923663706
2025-02-20,26.183788299560547,26.375376371710125,26.064044460629116,26.255632532778694,17946380.0,-0.0027361861103448737,-0.0027399363099515745,0.2081818601138381,-0.06501348553370022
2025-02-21,26.10395240783691,26.1917643058822,25.976226481166552,26.159832392935392,34362303.0,-0.0030490580969514403,-0.0030537159450333066,0.20838900926932277,-0.06786431373617405
2025-02-24,25.96026039123535,26.319490097248018,25.80060427755581,26.2396603152914,29019415.0,-0.005504607668470163,-0.005519813849642799,0.1946704759683323,-0.07299535498283659
2025-02-25,26.223697662353516,26.455201471515448,26.048075570159167,26.167817670502988,29667378.0,0.010147712971596556,0.01009657062653844,0.19718798097039994,-0.06358837792186564
2025-02-26,26.15983009338379,26.487127859525636,26.143864138313855,26.46317806436239,24486962.0,-0.0024354905929766524,-0.0024384612244677905,0.1971971394601202,-0.06586899961859097
2025-02-27,26.135887145996097,26.4392351764312,26.135887145996097,26.319493077612197,23485390.0,-0.0009152562269029163,-0.0009156753296271245,0.17859036873374295,-0.0667239688334331
2025-02-28,25.49725341796875,26.271591055116293,25.49725341796875,26.13588301952432,40016653.0,-0.02443512724323893,-0.024738619072973395,0.19858618997310523,-0.08952868740805318
2025-03-05,25.87877082824707,26.01455564986342,25.559280277867348,25.886759084497346,29404182.0,0.014963078729470336,0.014852236196151346,0.2028469182529656,-0.07590523347681578
2025-03-06,25.926694869995117,26.14235189504738,25.72701263117683,25.8787705112932,21081617.0,0.0018518670019573857,0.0018501544102629815,0.20261613688480062,-0.07419393287201002
2025-03-07,26.038516998291016,26.294110129335497,25.75896255060828,25.862796073421336,23391804.0,0.0043130113134979275,0.00430373693763217,0.19593798000426166,-0.07020092083038196
2025-03-10,26.270143508911133,26.270143508911133,25.76694557161244,25.91870343310512,31361893.0,0.008895533898313879,0.008856201718378334,0.19834429204325849,-0.06192986160300768
2025-03-11,26.038516998291016,26.31807144597375,25.88675911613052,26.31807144597375,21005253.0,-0.008817101076800227,-0.008856201718378217,0.19920314063162384,-0.07020092083038196
2025-03-12,26.118385314941406,26.19825923529239,25.88675526110023,26.134360099011605,20300754.0,0.003067314342657612,0.003062619731468279,0.19565663179430262,-0.0673489347790552
2025-03-13,26.541711807250977,26.621584003805413,26.07046343108079,26.118386058585163,32681045.0,0.016207988633485604,0.016078041427332417,0.2006119213582842,-0.05223253691494579
2025-03-14,27.404340744018555,27.59603472474865,26.62158658288373,26.67749747110258,35848233.0,0.03250087797773138,0.031983896194317685,0.20132219542841534,-0.02142926224595434
2025-03-17,28.227031707763672,28.314892175680757,27.356418737493374,27.388368312385232,30713817.0,0.03002046177391371,0.029578667844138234,0.22196107308913574,0.0
2025-03-18,28.3787841796875,28.63357810713034,28.24699522905162,28.38757160565784,30775164.0,0.005376139917754319,0.005361740064906487,0.2066792093809563,0.0
2025-03-19,28.449077606201172,28.651155639253037,28.32607261047731,28.554509473352496,25414117.0,0.002476971038244402,0.0024739084018142064,0.206643437251855,0.0
2025-03-20,28.18549537658691,28.59843538033898,27.983417361901605,28.40514479217675,32136515.0,-0.009265053625387432,-0.009308241198498815,0.21089169697081744,-0.00926505362538739
2025-03-21,28.24699592590332,28.37878487979043,28.09763384571272,28.211851399367077,49041184.0,0.002181992847551495,0.002179615758391121,0.20576381849607156,-0.00710327705857862
2025-03-24,28.27335548400879,28.396358748471997,28.062491758602786,28.185496749136888,32838563.0,0.0009331809362884691,0.0009327457936487122,0.20465986515282708,-0.0061767247650264725
2025-03-25,28.501787185668945,28.949873384202487,28.378782217367466,28.378782217367466,19574017.0,0.008079398350484324,0.00804693475197028,0.20349120961512027,0.0
2025-03-26,28.194276809692383,28.64236302700712,28.080059261966273,28.59843280263462,32860090.0,-0.01078916118394091,-0.010847786241590187,0.2077678671357208,-0.010789161183940865
2025-03-27,28.229421615600582,28.290923239906448,28.08005954167453,28.24699474116703,29373952.0,0.0012465226948512598,0.0012457464304573612,0.20676832798229597,-0.009556087423363814
2025-03-28,27.842836380004883,28.238204917582816,27.649544097681584,28.09763028141181,22939851.0,-0.01369440865136462,-0.013789042024129068,0.21498883095379312,-0.02311963110844471
2025-03-31,27.59682846069336,27.763761921652947,27.31567573332617,27.763761921652947,26139340.0,-0.008835591171601709,-0.008874856466443521,0.21879193716150516,-0.031750946671534004
2025-04-01,27.60355567932129,27.840911591610126,27.401364053641487,27.594765039429337,12749134.0,0.00024376781692536653,0.0002437381103786509,0.1937460528118388,-0.03151491871356398
2025-04-02,27.612348556518555,27.796958905825974,27.410156927102346,27.577184269259696,12147820.0,0.00031854146978083087,0.00031849074621826534,0.1897449106443146,-0.031206416052310275
2025-04-03,28.104646682739254,28.306838360643255,27.331044266814903,27.38378984683153,32876673.0,0.01782891177159507,0.017671840911411215,0.19640032656728398,-0.013933880719219539
2025-04-04,27.37499237060547,27.902448039094377,27.17280074317785,27.761794345524834,32585286.0,-0.02596205248087713,-0.026305015606629605,0.22396032239570282,-0.039534181057601994
2025-04-07,27.427736282348633,27.796956955051776,26.847533354981486,27.164008464018632,33261069.0,0.001926718774168501,0.0019248650322621077,0.22270022820200286,-0.03768363353229859
2025-04-08,27.4365234375,27.928816453891617,27.2431224862718,27.726624864342305,37102660.0,0.00032037478634427963,0.00032032347730087375,0.21903382343048405,-0.03737533163199581
2025-04-09,27.937612533569336,28.438696285877217,27.093683457717137,27.251920159439425,37906369.0,0.018263578372486267,0.01809880246605416,0.2258386144359671,-0.019794360557968217
2025-04-10,27.823335647583008,28.166182758406443,27.366206742165613,27.83212628916076,36347258.0,-0.0040904313440890405,-0.004098820041788708,0.2221019743878367,-0.023803824429194792
2025-04-11,27.96398544311523,28.245294551965564,27.63871968117555,27.9200305170671,28350853.0,0.005055101850968802,0.005042367720461754,0.19313837205972223,-0.01886905333515815
2025-04-14,28.421117782592773,28.588145140667113,28.104642621186876,28.271671706302648,27027200.0,0.016347181284565027,0.01621500464816605,0.17153905060563496,-0.0028303278861310653
2025-04-15,28.78154754638672,28.82550248002359,28.306835644741703,28.38595487069638,25716216.0,0.01268175891430623,0.012602018864764293,0.1762104441773312,0.0
2025-04-16,28.73758888244629,28.93978051470536,28.570561537940492,28.65846966676174,32431301.0,-0.0015273210681108207,-0.0015284886118942785,0.17625016397414012,-0.0015273210681108192
2025-04-17,28.790332794189453,28.860661365649857,28.447485757683253,28.632096098965327,20502356.0,0.0018353631530785286,0.0018336809321364046,0.17241842986023834,0.0
2025-04-22,29.35295295715332,29.484815999578515,28.676049558417205,28.746376399241235,21624747.0,0.019541981921008533,0.019353489116381573,0.18426530391491008,0.0
2025-04-23,29.968324661254883,30.03864978966683,29.493612774059574,29.61668520286342,28074813.0,0.020964558659560595,0.02074782619958993,0.19591287158187318,0.0
2025-04-24,30.548524856567383,30.601268697975364,29.950737142032033,30.021065717991945,27701953.0,0.019360448135514963,0.019175419010331207,0.20361330167008038,0.0
2025-04-25,30.43423843383789,30.741921192253013,30.32874730106935,30.548523660579413,32716096.0,-0.0037411437464196506,-0.0037481593276832955,0.19848809903063297,-0.0037411437464196463
2025-04-28,30.759506225585938,30.82983134539466,30.302375676416723,30.42544809016449,15664343.0,0.010687561394222556,0.010630853101033951,0.19966436123798417,0.0
2025-04-29,31.00564956665039,31.13751261405265,30.636428889025265,30.76829539050986,25215842.0,0.008002187657346393,0.007970339941808288,0.1881367640445699,0.0
2025-04-30,31.278165817260746,31.366075655822097,30.79466343221424,30.812244709110132,32424606.0,0.00878924500596412,0.008750844436052202,0.18067978973521875,0.0
2025-05-02,31.196950912475582,31.38165291060009,30.563689881017833,31.152972436075927,39184393.0,-0.002596536678642014,-0.0025999135266768733,0.1822113168926786,-0.0025965366786419807
2025-05-05,30.642841339111328,31.126583788224117,30.56368631127215,31.003450289121833,28440154.0,-0.017761658019683768,-0.01792128930291331,0.20049746850141226,-0.020312075901804193
2025-05-06,30.484529495239254,30.67802648546929,30.27344249786051,30.62525300822606,17773062.0,-0.005166356543771622,-0.005179748308072559,0.19804791942816952,-0.025373493019322957
2025-05-07,30.81874656677246,30.90670004851945,30.546091118936456,30.71320307983541,13799837.0,0.010963497782880305,0.01090383432508713,0.1633793375512069,-0.01468817747090387
2025-05-08,31.065021514892575,31.663099057129408,30.906704533614135,31.31128853488438,34181683.0,0.007991076067501046,0.007959316502350034,0.16282314735063325,-0.006814475746865829
2025-05-09,32.74491882324219,32.76250882898448,31.47839694023535,32.01490939435935,59744738.0,0.054076811359820454,0.05266532351680062,0.2298579570429106,0.0
2025-05-12,32.08527755737305,32.929625602647086,31.8829855502097,32.929625602647086,27701747.0,-0.020144843523048572,-0.020350517754258717,0.24904291588389635,-0.02014484352304854
2025-05-13,32.481056213378906,32.63937316614288,32.120450752211184,32.26117424460405,25374256.0,0.01233521060549192,0.01225975179499295,0.24619552626005367,-0.008058123805028121
2025-05-14,32.700950622558594,32.841674153615344,32.375525081129055,32.489863598074706,18405585.0,0.00676992791537101,0.006747114857342073,0.24602216747979733,-0.0013427488069503268
2025-05-15,33.14071273803711,33.21987123152723,32.736128722195744,32.85926223662631,27141221.0,0.013447991789423686,0.013358370141260168,0.24493655535005987,0.0
2025-05-16,33.334197998046875,33.42215146473885,32.86804566131822,33.14070106248374,30524874.0,0.005838295076487476,0.005821318276783112,0.2443116847261633,0.0
2025-05-19,33.72999572753906,33.941082720711435,33.16709477521473,33.263843268401814,25052690.0,0.011873623883657869,0.011803685482100642,0.2424676580727618,0.0
2025-05-20,33.68601989746094,33.75637992295543,33.299025934053496,33.75637992295543,18517546.0,-0.001303760321624381,-0.0013046109565422552,0.2437801186092429,-0.0013037603216243714
2025-05-21,33.00878143310547,33.598067398748974,32.73612595889795,33.58926893950625,20822892.0,-0.020104436986529084,-0.020309281349931006,0.25913244374123473,-0.021381985940921833
2025-05-22,32.78010177612305,33.193480727767245,32.66575982899883,33.10552724463918,23576494.0,-0.0069278430482463405,-0.006951951965951206,0.2566803057849012,-0.028161697946509637
2025-05-23,33.1758918762207,33.1758918762207,31.97972653755214,32.19081697787968,20729677.0,0.012074096133098289,0.012001785707826201,0.25246299486078894,-0.01642762886168876
2025-05-26,33.246253967285156,33.64204295183358,33.017576962460716,33.087936991146954,6695412.0,0.002120880165843664,0.002118634274455124,0.2508902861998235,-0.014341589728069615
2025-05-27,33.51011276245117,33.96746674917377,33.30782077852459,33.68601973694305,15157789.0,0.007936497008825594,0.007905168665475616,0.25018071810959613,-0.006518914703222622
2025-05-28,33.23745346069336,33.55408390474931,33.158294985730244,33.49251888984195,14984646.0,-0.008136627402320573,-0.008169910419016735,0.253562285357657,-0.014602500125535562
2025-05-29,32.973594665527344,33.386970110196565,32.850457730915046,33.1231131492761,18040759.0,-0.007938598409112596,-0.007970276847782511,0.25588438239674133,-0.022425175150382556
2025-05-30,32.92082595825195,33.175891410191724,32.62178549173471,33.09673292815546,32129614.0,-0.0016003322601207959,-0.001601614159618147,0.2556376979009645,-0.02398961967927134
2025-06-02,32.689971923828125,33.22673745964772,32.584375189560795,33.14754163766071,23768074.0,-0.007012401047184591,-0.007037103481395746,0.24676441422393566,-0.030833795892295464
2025-06-03,32.58437728881836,32.68997402988879,32.36439156934721,32.566778984449016,24216330.0,-0.0032301843285706955,-0.003235412635935912,0.24598046529168238,-0.03396438137658452
2025-06-04,32.50518798828125,32.8131687161057,32.26760048458067,32.70757542249239,17784701.0,-0.0024302842995954643,-0.0024332422338698826,0.24508853615013687,-0.03631212257337497
2025-06-05,32.10921096801758,32.55798158328009,32.01241683135328,32.55798158328009,25542146.0,-0.012181963703961074,-0.012256771985778557,0.2497561555756469,-0.04805173331813335
2025-06-06,32.18840789794922,32.33799695566637,31.942021242836713,32.09161030055387,18733537.0,0.002466486330371831,0.002463449545396951,0.16186853542087706,-0.04570376593114137
2025-06-09,32.021217346191406,32.23240393381967,31.56364410137849,32.09161057044915,24664895.0,-0.0051941230609440225,-0.005207659411455435,0.14580970430711207,-0.05066049800749051
2025-06-10,31.9715633392334,32.4866640325609,31.94492128286041,32.41561505943576,20974508.0,-0.0015506595649122934,-0.001551863081779621,0.1383322933649451,-0.05213260038660429
2025-06-11,32.26464080810547,32.495545640280966,31.740662847646774,31.94492561983225,16665400.0,0.009166816954253365,0.009125056699453595,0.14029444010766673,-0.04344367343744416
2025-06-12,32.5133056640625,32.708687720505594,32.024850522954765,32.05149257897961,22525482.0,0.007707039338697985,0.007677491829784128,0.13407067192143418,-0.03607145619894604
2025-06-13,32.12254333496094,32.28240265891466,31.891638524329103,32.12254333496094,14821597.0,-0.012018535830808474,-0.012091342372615048,0.1371046983054594,-0.04765646594095802
2025-06-16,32.70869445800781,33.05505172606656,32.43338268731629,32.4422633744872,17874002.0,0.018247344767652107,0.018082859900119406,0.14686357573258585,-0.030278725137738525
2025-06-17,32.90407180786133,32.93959455142033,32.65540213455632,32.85078420305882,20133513.0,0.005973254301064879,0.00595548514228461,0.14925770008630937,-0.0244863333618333
2025-06-18,32.70869445800781,32.930718616209404,32.60212272249247,32.797501329716845,20285232.0,-0.005937786392954503,-0.005955485142284754,0.1326203570277786,-0.030278725137738525
2025-06-20,32.53995895385742,32.566601019079904,32.31793476474007,32.43338720350249,21841974.0,-0.005158735527246994,-0.00517208774353079,0.13161082740818458,-0.035281260729897686
2025-06-23,32.468910217285156,32.539959214579376,32.104791521265454,32.539959214579376,14711387.0,-0.002183430430044986,-0.0021858175896974125,0.12329829469934239,-0.03738765698165462
2025-06-24,33.081687927246094,33.3747610203623,32.48666454487986,32.61099763271173,20742037.0,0.018872752607345555,0.018696871671097577,0.14167126784412296,-0.019220512375092116
2025-06-25,32.486671447753906,32.984003904756236,32.36233484403869,32.94848115481739,20384627.0,-0.01798627932168273,-0.018149998547768633,0.1516226005029462,-0.03686108619249057
2025-06-26,32.24687957763672,32.67316649722285,32.14918853444287,32.53107202051558,23717707.0,-0.007381238502775722,-0.007408614640082602,0.15120531798078454,-0.0439702442266082
2025-06-27,32.21134948730469,32.29127564940733,31.918276424537737,31.97156053260617,14240265.0,-0.0011018148359592805,-0.0011024222801606653,0.1492680225236325,-0.04502361199513782
2025-06-30,32.81526184082031,32.82414252681326,31.900519778370516,32.10478253513635,30712643.0,0.018748433801373032,0.018574848198868288,0.16486040668851945,-0.027119300402754273
2025-07-01,32.96422576904297,33.02642377836798,32.7065557828367,32.8131749568817,18712010.0,0.004539470961568037,0.004529198638804912,0.16356888514297888,-0.022702936717862558
2025-07-02,32.697662353515625,33.124156440046704,32.475532126006,32.964220721206104,20331479.0,-0.008086445512021534,-0.008119318147653378,0.1659174305121247,-0.03060579616915227
2025-07-03,33.50621795654297,33.58618581372286,32.73320464682124,32.73320464682124,13945170.0,0.024728238804521352,0.024427444562799674,0.18644592712624583,-0.00663438480110417
2025-07-04,33.52398681640625,33.75500545149895,33.390709385833375,33.497332028517945,7528785.0,0.0005303152950992818,0.0005301747276376946,0.1793055290342919,-0.0061075878217385976
2025-07-07,33.079742431640625,33.56843123561019,33.00866296279636,33.53289150118806,13885121.0,-0.013251537986771256,-0.013340123079129724,0.18753249601903327,-0.01927819087648251
2025-07-08,32.999759674072266,33.15969538919858,32.78651438132483,33.01752953327931,21526588.0,-0.002417877277419711,-0.0024208050629869688,0.18649492659376923,-0.021649455854232176
2025-07-09,32.31560134887695,32.955337270692645,32.21786362544969,32.946452340483965,16093132.0,-0.020732221445020182,-0.02095015132402432,0.2027181588538884,-0.04193283598631821
2025-07-10,31.320457458496097,31.89799543680558,31.311572527378413,31.89799543680558,39571879.0,-0.030794534182958633,-0.03127865054159351,0.22903564204831353,-0.07143606801810777
2025-07-11,31.062780380249023,31.2760256846068,30.858420005978513,31.231601034170456,43139284.0,-0.00822711732702286,-0.008261146828438693,0.2275618197542992,-0.07907547243216442
2025-07-14,31.009477615356445,31.124985223010235,30.66295130126264,31.036132411476757,26665052.0,-0.0017159688939651918,-0.0017174428550099294,0.22459075092625272,-0.08065575027516038
2025-07-15,31.1160945892334,31.293800179737445,30.82288141224126,31.00947193315733,27356285.0,0.0034382060607223153,0.0034323089434015624,0.2131495989444378,-0.07749485530386618
2025-07-16,31.26714515686035,31.364882892713215,30.991705303110407,31.17829584347789,27655294.0,0.004854419220052808,0.004842674520863449,0.2126002906770305,-0.07301662859885574
2025-07-17,31.738067626953125,31.844690306418027,31.267148756155805,31.28492211201042,25587775.0,0.015061255760008052,0.014948961175203333,0.22094664599771063,-0.059055094956908506
2025-07-18,31.160520553588867,31.738062001483726,31.08944110729924,31.471503604501805,32227155.0,-0.018197297962582404,-0.018364905235859177,0.22867740740251136,-0.07617774976035148
2025-07-21,31.52481460571289,31.61366739885949,31.107208921716072,31.142748642522022,12354541.0,0.011690884672402202,0.011623074277486448,0.23385610575507432,-0.06537745037500073
2025-07-22,31.098325729370117,31.7558315478137,31.045012654050197,31.54258622879784,23330324.0,-0.013528671989889718,-0.013621018300576281,0.22484555098200457,-0.07802165228323175
2025-07-23,31.444849014282227,31.569241537220655,30.97393371505847,31.06278302349166,13271962.0,0.011142827685570289,0.011081203735292186,0.22281224913988257,-0.06774820642479697
2025-07-24,31.151634216308594,31.3382247366582,30.965043695958993,31.3382247366582,11460089.0,-0.009324732258706447,-0.009368479742654793,0.22359366770483688,-0.07644120479758465
2025-07-25,31.284915924072266,31.533700963238243,31.1249801909428,31.1249801909428,18518061.0,0.004278482048106991,0.0042693553667568,0.22460368621623136,-0.0724897750719398
2025-07-28,30.627405166625977,31.3826521611158,30.34307692741959,31.347108949257688,17849385.0,-0.021016861897345418,-0.02124086019274854,0.22195112034403608,-0.09198312937762862
2025-07-29,30.805112838745117,30.97393350589206,30.538554441849723,30.600752448464895,16655821.0,0.005802243812439656,0.005785475626613025,0.222593991520524,-0.08671459410846906
2025-07-30,31.160520553588867,31.329341220790617,30.485244867045772,30.66294697390178,19531787.0,0.011537296315199175,0.011471249229831088,0.22786987137863812,-0.07617774976035148
2025-07-31,31.240488052368164,31.29380112758688,30.77845420128958,30.813997415146027,22001830.0,0.0025663081796649667,0.002563020833855604,0.20587446924309788,-0.07380693716300488
2025-08-01,31.051713943481445,31.789557985696216,30.882808496887588,31.647324210012272,16498643.0,-0.006042610748278943,-0.006060941200435135,0.2054918686734678,-0.07940356131948506
2025-08-04,31.380630493164062,31.61176167774404,31.14060991632217,31.505085477715976,17430072.0,0.010592540891021018,0.010536832976693833,0.20829571611296957,-0.06965210589863331
2025-08-05,31.727325439453125,31.94067780371127,31.167272863612187,31.309510101707215,49690805.0,0.011048055467355544,0.010987471517355999,0.2138435832280783,-0.059373570760664074
2025-08-06,32.12736892700195,33.0252290244804,32.091807863363854,32.26071331021068,41157358.0,0.012608799576007579,0.012529970596900352,0.20734713215136483,-0.0475134006384897
2025-08-07,32.69630432128906,32.90076731886431,32.100694112198596,32.21626319159748,26887326.0,0.017708745324891417,0.017553772403639513,0.18138523143619353,-0.030646058025024778
2025-08-08,32.91855239868164,33.025232106667026,32.669642394410324,32.70519996848181,18329262.0,0.006797345510632269,0.006774347714793419,0.17775511209637687,-0.024057024359327564
2025-08-11,33.123008728027344,33.22079552980778,32.6607463871633,32.72297562207258,22695226.0,0.006210975709669775,0.006191767095164849,0.1772457539613014,-0.017995466243600513
2025-08-12,33.807525634765625,34.02087808041636,33.238583451106514,33.3008127031237,27812781.0,0.020665903642958394,0.020455260993254155,0.1874259926547601,0.0
2025-08-13,33.48749542236328,33.887532112736324,33.469716634859694,33.70973725192929,22618491.0,-0.009466241802483344,-0.009511331448017366,0.19354595817951029,-0.009466241802483288
2025-08-14,33.44303894042969,33.78084981372873,33.140792621506755,33.20301836656768,26818728.0,-0.0013275546998330334,-0.0013284366812456878,0.1892746561943638,-0.010781229548521626
2025-08-15,33.32748031616211,33.62972666658799,33.20302182729816,33.32748031616211,19527976.0,-0.003455386469914279,-0.0034613701055680062,0.1741519721055924,-0.014199362703724934
2025-08-18,33.567501068115234,33.83418984744488,33.34525925437876,33.425263792446465,21658634.0,0.007201887141666807,0.0071760773976219695,0.17205676648621543,-0.007099737769733843
2025-08-19,32.5921630859375,33.139706623652565,32.215169885397884,33.13072732015679,40817973.0,-0.029056019993820126,-0.029486505448655245,0.19957128260082402,-0.035949467640965696
2025-08-20,32.6101188659668,32.789641476250935,32.35879003303158,32.55626419897849,16894884.0,0.0005509232382627793,0.0005507715357706119,0.19694122378164378,-0.03541834979982939
2025-08-21,32.64601516723633,32.69986981717235,32.30492161033312,32.358779787096246,16147619.0,0.001100771862165617,0.0011001664570538942,0.19250949456035213,-0.0343565654605278
2025-08-22,33.56157684326172,33.58850769859756,32.66397101169883,32.762708076390055,32623087.0,0.028045128060353752,0.027659064960839932,0.21248155048615003,-0.0072749716782285695
2025-08-25,33.391029357910156,33.73211938981239,33.31024385574651,33.642358112611355,11064054.0,-0.005081629094724871,-0.00509458448013177,0.19450309260089552,-0.012319632065210032
2025-08-26,33.16663360595703,33.47182058995319,32.80758843568968,33.435913956829815,22088247.0,-0.006720240623548368,-0.006742923118900149,0.1982977618754566,-0.018957081796886637
2025-08-27,33.72315216064453,33.74110371526846,32.897352433319554,33.03199261982706,12612968.0,0.01677947063604135,0.016640250520165555,0.20180471349532259,-0.0024957009582011274
2025-08-28,34.42327880859375,34.75539306597102,33.85778734622998,33.96550017367199,25167947.0,0.020761008479103005,0.020548435856041238,0.2100915044769787,0.0
2025-08-29,34.54894256591797,34.692558490986755,34.39635086595907,34.530991016137754,32600942.0,0.0036505458420434955,0.0036438987716162705,0.206194280400044,0.0
2025-09-01,34.825225830078125,35.085649818615394,34.5647983130952,34.65460078348774,14863209.0,0.0079968660005445,0.007965060517899582,0.20553498209222448,0.0
2025-09-02,34.23252868652344,34.55581543495287,34.08884333492456,34.25946836678122,24358676.0,-0.017019190240046722,-0.017165681141548532,0.21889484475557022,-0.01701919024004669
2025-09-03,33.93617630004883,34.38518501442693,33.792494499412385,34.2325233217785,20686108.0,-0.008657040477155209,-0.008694730331449374,0.22062628366130274,-0.025528894898405385
2025-09-04,34.070884704589844,34.43907446105879,33.68473868911823,33.92720287655918,15877244.0,0.003969463246241478,0.003961605713604139,0.21368710968855067,-0.02166076766218027
2025-09-05,34.44804763793945,34.86113678248269,34.2055834977753,34.412128070046926,15664343.0,0.01106994833329944,0.011009124918298576,0.21544796078578923,-0.010830602907760835
2025-09-08,34.286415100097656,34.49295972686396,33.91822531827698,34.44805672670632,11800195.0,-0.00469206671857314,-0.004703109017962097,0.21628744407947972,-0.015471851714888362
2025-09-09,33.99007034301758,34.45703899477369,33.94516733976659,34.45703899477369,19497179.0,-0.008643212077288132,-0.008680781270442918,0.20736738659103102,-0.02398133729657636
2025-09-10,34.016998291015625,34.43906732234023,33.9451556276695,33.99903850729028,14517129.0,0.0007922298402534,0.0007919161918369975,0.20412179385675053,-0.023208106187338595
2025-09-11,34.07986831665039,34.789301095478024,34.07986831665039,34.16966725439149,18078972.0,0.0018481943967223469,0.0018464885869136731,0.2039969961155405,-0.021402804882430314
2025-09-12,33.567996978759766,33.90924353004839,33.4602311957786,33.87332395468502,22589754.0,-0.015019756917327598,-0.015133695795297143,0.2114123590360918,-0.03610109687307486
2025-09-15,34.12476348876953,34.28640861324127,33.59493218058224,33.68473463546153,14196181.0,0.016586229746209158,0.01645018053877694,0.21784356653659068,-0.02011364821369264
2025-09-16,34.03495788574219,34.349264684524606,33.82841331715818,34.29538180520304,19993536.0,-0.002631684262277667,-0.0026351532307956767,0.18695375740909542,-0.022692399704509387
2025-09-17,34.519893646240234,34.86114015961145,33.9990422191178,34.06190146901913,25226348.0,0.01424816690315911,0.014147615760571981,0.19156883199800437,-0.0087675578997733
2025-09-18,34.56479263305664,34.61867551781584,34.268445587993725,34.51989316946154,15433005.0,0.0013006699057804827,0.0012998247674298846,0.19154601328069581,-0.007478291692700278
2025-09-19,35.02278518676758,35.02278518676758,34.52887343959737,34.57377290368324,26702853.0,0.013250261865390911,0.01316324496729452,0.1726269617387192,0.0
2025-09-22,34.519893646240234,34.89705973098364,34.376208303861205,34.780317595578886,18325039.0,-0.014358981955477024,-0.014463069734724431,0.18083570971025445,-0.014358981955477027
2025-09-23,35.067684173583984,35.23830919167835,34.54683275505101,34.54683275505101,16930110.0,0.015868835893803945,0.015744242292637163,0.18455141461767113,0.0
2025-09-24,34.83421325683594,35.14852020695284,34.76237055929748,35.07667750941439,18713452.0,-0.006657722693987234,-0.006679984191990657,0.1798381809291143,-0.006657722693987229
2025-09-25,34.55581283569336,35.04074468608402,34.54683294294956,34.85215988157403,15146768.0,-0.007992154698310716,-0.008024263158285541,0.1681742710439232,-0.014596667842589126
2025-09-26,34.726436614990234,34.89705809947638,34.56479149448234,34.609694485043406,12786935.0,0.004937628876165112,0.004925478765450513,0.1685841777347798,-0.009731111895059418
2025-09-29,34.92400360107422,35.34607268649199,34.89706039358837,35.09462509677692,19124422.0,0.005689238670653074,0.005673116073625041,0.16738619860208973,-0.004097235842508194
2025-09-30,35.08565139770508,35.471800979238616,34.77134450140811,35.381998504804365,33263438.0,0.004628558583297249,0.004617879745091255,0.15490747924881335,0.0
2025-10-01,34.45463180541992,35.40696230319966,34.40971205412628,35.27219951927935,25519177.0,-0.017985118336050876,-0.018148816298558544,0.16616755415247952,-0.01798511833605092
2025-10-02,34.077293395996094,34.76908230911336,34.04135759325114,34.517521099780005,17094601.0,-0.010951746968443032,-0.011012158831144512,0.1707756306102943,-0.028739896839280007
2025-10-03,34.328857421875,34.328857421875,33.88862968197216,34.05932828905539,17766985.0,0.00738215981403223,0.0073550450342604184,0.16812602415468642,-0.0215698995367542
2025-10-06,33.93355178833008,34.36479560666486,33.93355178833008,34.319875846438364,14832309.0,-0.011515257518970756,-0.011582071512307167,0.1723054376163178,-0.03283677410790092
2025-10-07,33.394500732421875,33.89761622311887,33.21481461143553,33.88863580011409,20705472.0,-0.01588548877142848,-0.016013015500951345,0.17875778238283554,-0.04820063467294838
2025-10-08,33.45738983154297,33.64605991362614,33.286691186357764,33.46637378497163,15395204.0,0.0018832172286389337,0.001881446198215224,0.17893499903694393,-0.04640818970995683
2025-10-09,33.40348434448242,33.619106275448765,33.2058303194232,33.619106275448765,18067539.0,-0.0016111683347672656,-0.0016124676622798503,0.17866998851948704,-0.04794458663898956
2025-10-10,33.3675422668457,33.744882380119165,33.26871526241885,33.57418022791638,23250808.0,-0.0010759978589675034,-0.001076577160252332,0.17071439209220587,-0.04896899622538446
2025-10-13,33.502315521240234,33.71793747900768,33.493331567169996,33.493331567169996,8194989.0,0.004039052481502159,0.004030917406999343,0.15990260288656374,-0.04512773208960311
2025-10-14,33.64604949951172,33.996437694940035,33.41245972258588,33.41245972258588,21154861.0,0.004290269971947369,0.004281093002153805,0.16080102826392506,-0.04103107227154182
2025-10-15,33.64604949951172,33.87065532578961,33.29566483412295,33.5292546110488,21972166.0,0.0,0.0,0.15117506572501538,-0.04103107227154182
2025-10-16,33.56519317626953,33.96050115747396,33.33160338011776,33.52925737071998,15847580.0,-0.0024031446319831007,-0.0024060368185350577,0.15090772031844787,-0.043335613302451004
2025-10-17,33.68198776245117,33.798779117165424,33.25074049484755,33.3765228600033,17469315.0,0.0034796339639187046,0.003473594044740604,0.14211138555013664,-0.04000677141042673
2025-10-20,34.283931732177734,34.45463385733839,33.762844935941615,33.79878073911665,19114019.0,0.017871390904001583,0.017713575082553057,0.1502070350769691,-0.022850357157107922
2025-10-21,33.96049880981445,34.34682281292526,33.933546957515446,34.28393162752132,14013871.0,-0.009433950717493644,-0.009478732297918376,0.14076489017281457,-0.03206873873130428
2025-10-22,34.239013671875,34.239013671875,33.906596885943735,34.07729548950856,13890374.0,0.008201141674045731,0.008167695054212621,0.1435036951337685,-0.024130597326902016
2025-10-23,34.212059020996094,34.445648794169614,34.0323729508444,34.364789709597396,11432588.0,-0.0007872496309976329,-0.0007875596747202696,0.14099016327872171,-0.024898850154058284
2025-10-24,34.167144775390625,34.60737611670411,34.12222501099151,34.481593716305724,10169911.0,-0.0013128191313450666,-0.0013136816333362649,0.13953781038724294,-0.026178981598572567
2025-10-27,34.45463180541992,34.68822157222564,34.31088154120148,34.427679954643736,11194349.0,0.008414136794841598,0.00837893526830999,0.14152212245180987,-0.01798511833605092
2025-10-28,34.571434020996094,34.571434020996094,34.310888818116375,34.355812108977084,10478499.0,0.003390029422917662,0.0033842962266557295,0.14097673013041698,-0.014656058993467024
2025-10-29,35.34408187866211,35.49681259433076,34.6343249528134,34.6343249528134,27235466.0,0.022349314673981047,0.022103228562867287,0.14730696977278293,0.0
2025-10-30,35.299156188964844,35.649540887006644,35.05658243878513,35.28118828599448,18657008.0,-0.00127109511152379,-0.0012719036381304942,0.1404287284334809,-0.0012710951115238365
2025-10-31,35.43392562866211,35.60462425188971,35.326111141305475,35.43392562866211,16449821.0,0.0038179224164966996,0.003810652648439305,0.13911363809641328,0.0
2025-11-03,36.025028228759766,36.06997162086083,35.548651581178454,35.86324119940713,17968144.0,0.016681826515420495,0.01654421316668095,0.13963221109160776,0.0
2025-11-04,35.91716766357422,36.10592213364399,35.78234455564704,35.99806294097834,20386481.0,-0.002994045264881673,-0.0029985363850573835,0.12276316594886337,-0.0029940452648816755
2025-11-05,36.06998062133789,36.096944544354976,35.32395049823404,35.91717799433328,36312135.0,0.004254593769615234,0.0042455685755104985,0.12260040805320746,0.0
2025-11-06,36.06998062133789,36.663204585816565,35.962121397648986,36.03402519236121,23226500.0,0.0,0.0,0.12179429445184824,0.0
2025-11-07,36.105926513671875,36.132890432204405,35.74639347342488,36.06997462229517,12706904.0,0.000996559790573226,0.0009960635545236966,0.1209035344323265,0.0
2025-11-10,36.34861755371094,36.42052488531506,36.1508750405152,36.26772224710889,16552409.0,0.006721640004090812,0.00669915050322327,0.12129940324551686,0.0
2025-11-11,37.049705505371094,37.18452866625635,36.348618711850094,36.49243337964057,37289193.0,0.019287884900276664,0.019104231415989336,0.13252284313410923,0.0
2025-11-12,36.20478820800781,37.166532833531825,36.06996511924588,37.04968568572228,36789128.0,-0.022804966620876166,-0.023069022113387547,0.16497340115475803,-0.022804966620876208
2025-11-13,36.34861755371094,36.89690168668775,36.11492314052355,36.36659350370676,33686974.0,0.003972660877803902,0.003964790697398253,0.16340651335859707,-0.018922902141786782
2025-11-14,36.492431640625,36.564335439472785,36.14188649475896,36.33064102997594,17006742.0,0.003956521501857768,0.003948715054802776,0.16339555883874024,-0.015041249509130532
2025-11-17,36.222774505615234,36.582307553935216,36.12390327048925,36.49242429185522,43985120.0,-0.007389398921544332,-0.0074168357745494715,0.15974510595038455,-0.022319502637773443
2025-11-18,36.043006896972656,36.26771327960152,35.86324390984153,35.90818377371932,17147337.0,-0.004962833772291786,-0.004975189528478369,0.15592661668275407,-0.027171568428593758
2025-11-19,35.81830596923828,36.132895659152645,35.71943472202974,35.99807251536663,25766686.0,-0.006234244783646203,-0.006253758833508746,0.15794766467367657,-0.03323641900350049
2025-11-21,35.9261589050293,35.98009027208028,35.548653462151876,35.81829970254719,16502454.0,0.00301111213589067,0.0030065878176210193,0.15755210098042344,-0.030325385452224886
2025-11-24,35.79133605957031,36.105925696859586,35.70145280154196,35.881219317598664,29014997.0,-0.003752776516281253,-0.003759835849004895,0.1585620053340139,-0.0339643575741339
2025-11-25,35.87224197387695,36.15087627154209,35.7104513551635,35.95313375161273,30345963.0,0.002260488800194027,0.0022579377390928384,0.15694123194232917,-0.03178064482384196
2025-11-26,36.717132568359375,36.77106040940701,35.926162646698764,36.04300983392222,22251296.0,0.023552768045490113,0.02327968125869894,0.1741840204118643,-0.0089763989342238
2025-11-27,36.59128952026367,36.74409211494985,36.474445878569256,36.54634965807351,9469408.0,-0.003427365899595025,-0.0034332527729279802,0.16007397394517436,-0.01237299943021046
2025-11-28,37.42721176147461,37.66989413902716,37.0317267524107,37.0946461062602,45311657.0,0.02284484237014972,0.022587806229157233,0.17576755694402438,0.0
2025-12-01,37.13734817504883,37.54199263981508,37.00246433138145,37.50602196604874,15912985.0,-0.0077447283081918394,-0.007774874466551801,0.1797606208463037,-0.0077447283081917935
2025-12-02,37.96461868286133,37.96461868286133,37.263234745194325,37.28121831457491,21175667.0,0.022275971453672883,0.022031486106352402,0.18643947203286293,0.0
2025-12-03,37.96461868286133,38.18042858166383,37.69485454279933,38.036556493501415,23159653.0,0.0,0.0,0.18554219228350446,0.0
2025-12-04,38.89979553222656,38.89979553222656,38.08151487217401,38.09050665673567,23199514.0,0.024632852424444573,0.024334355667383536,0.20073866239620217,0.0
2025-12-05,37.101375579833984,39.0256846341059,37.002462415055575,38.94475503872034,39832160.0,-0.04623211838999708,-0.04733494782003522,0.2706829672218561,-0.046232118389997086
2025-12-08,37.281211853027344,37.83872007278733,37.065401991628825,37.72182335895623,40458400.0,0.00484715917894718,0.004835449526681533,0.2709481164792772,-0.04160905364806614
2025-12-09,37.20027923583984,37.31717947324796,36.62478749678157,37.20027923583984,24725047.0,-0.002170868734271969,-0.00217322848556142,0.2705642842095268,-0.0436895945887109
2025-12-10,37.49306106567383,37.68318535069612,36.97021087771249,37.26490520032705,25643189.0,0.007870420218564211,0.007839610015269245,0.2635173142948843,-0.03616302983873847
2025-12-11,37.46453857421875,37.797260735995984,37.28391658475938,37.45503254689749,21275268.0,-0.0007607405382322741,-0.0007610300481527961,0.24841235309788368,-0.03689625969418715
2025-12-12,37.797264099121094,38.082456149667856,37.40750573873639,37.74022793011858,17595593.0,0.008881078949983578,0.008841874118148949,0.24959984430547588,-0.028342859339506702
2025-12-15,38.36764907836914,38.57678917318793,37.93035683196224,38.19653309708899,17767809.0,0.015090641951021722,0.014977910921327114,0.25380378198023046,-0.013679929330645576
2025-12-16,37.37898635864258,38.225052802157286,37.37898635864258,38.17752265821974,20379168.0,-0.02576813392207422,-0.026105948148837134,0.2715443774536401,-0.039095557001683184
2025-12-17,37.0462646484375,37.39800265906329,36.83712827709504,37.169850494709365,31625017.0,-0.008901303716818076,-0.008941156994431949,0.2731724947941364,-0.04764885929165112
2025-12-18,37.23638916015625,37.32194714745667,36.90366697414617,36.90366697414617,21898830.0,0.005132083180936053,0.005118958926074939,0.27194144167363976,-0.042761314020076595
2025-12-19,37.57861328125,38.025411489937625,37.25539715845708,37.4075010604641,35446214.0,0.009190582889812893,0.009148606478657678,0.27313188377504044,-0.033963732531242435
2025-12-22,37.65467071533203,37.75924076249721,37.35046660219896,37.521582583079486,15858704.0,0.002023955315029635,0.002021909876922908,0.272214514193164,-0.0320085182931876
2025-12-23,38.2725944519043,38.35814872836229,37.77826217869615,37.83530209818054,10490138.0,0.016410281243560698,0.016277087764503463,0.27653773437214435,-0.016123505837007817
2025-12-26,38.284934997558594,38.40243621320346,37.90306538465668,38.20660458897291,12196300.0,0.000322438178833373,0.0003223862068153301,0.26628794825180774,-0.01580626649203303
2025-12-29,38.167449951171875,38.45140571205357,38.04995243242657,38.363281639199904,10657000.0,-0.0030687017333113076,-0.003073419853283004,0.2661919926391368,-0.01882646350796305
2025-12-30,38.412227630615234,38.84305423279521,38.333897218936016,38.412227630615234,13764900.0,0.006413257363447222,0.006392779933164617,0.25566610414910207,-0.012533945100235866
2026-01-02,38.351680755615234,38.95903708199364,38.351680755615234,38.82189246670599,18846800.0,-0.0015762396178174987,-0.0015774831904346327,0.2536876448990075,-0.01409042821721883
2026-01-05,38.91004943847656,39.32148320019593,38.263508000839174,38.439837823550256,24438700.0,0.014559171120018588,0.0144542039845663,0.2469330645182784,0.0
2026-01-06,39.1451530456543,39.65454989173377,39.1451530456543,39.27250319140159,21959800.0,0.006042233576430522,0.00602405248265378,0.24746040092333207,0.0
2026-01-07,38.51820755004883,39.16474903791579,38.39085739332821,39.08638229779466,20894500.0,-0.01601591632236754,-0.01614555718505962,0.2395778692940729,-0.016015916322367506
2026-01-08,39.11576461791992,39.27250181607776,38.43003797463825,38.54758993902925,17209400.0,0.015513626045413842,0.015394520013681029,0.17039385782228128,-0.0007507552135535094
2026-01-09,39.03739547729492,39.468425589562194,38.95902874400704,39.1157659474925,17023600.0,-0.002003518054434217,-0.002005527781529777,0.17095608650805183,-0.0027527691163628677
2026-01-12,38.68473815917969,39.0961719019603,38.68473815917969,39.037394051458975,10672200.0,-0.009033833169539873,-0.009074885668387765,0.17505820760507493,-0.0117617342289513
2026-01-13,38.37126922607422,38.763114182873544,38.37126922607422,38.66515481212894,17397400.0,-0.008103168019791385,-0.00813617712559231,0.17711030511496634,-0.019769594940081372
2026-01-14,38.79249954223633,38.85127740424676,38.42025096023446,38.66515311324583,21222100.0,0.0109777530078643,0.010917934858402483,0.18025612121543289,-0.009008867662534751
2026-01-15,39.12556457519531,39.39985751333312,38.8512753739676,38.988419974581454,19093500.0,0.008585810063524102,0.008549161617958087,0.1801061302731644,-0.0005004060256486592
2026-01-16,38.80229949951172,39.27251120641624,38.65535670620573,39.15495921391773,19742500.0,-0.008262246927128958,-0.008296568468712946,0.17630288265406577,-0.008758518474629901
2026-01-19,38.74351501464844,39.05698943235431,38.723922396428094,38.91005040106646,7190900.0,-0.0015149742572350133,-0.0015161229910831194,0.1459647324239178,-0.01026022380184428
2026-01-20,39.1059684753418,39.27250385905943,38.27330276748297,38.54759194430051,20693900.0,0.00935520333032036,0.009311714436868224,0.14250073692382836,-0.0010010069514046792
2026-01-21,40.82028579711914,40.91824889261488,39.41944903217508,39.4488360923688,39510800.0,0.04383774110742977,0.04290405698626358,0.20177904234871533,0.0
2026-01-22,42.2015380859375,42.68154418229267,41.04559969912907,41.10437382044845,42959700.0,0.033837398779697825,0.03327750915535272,0.2257550132814485,0.0
2026-01-23,42.681541442871094,43.01460847764058,42.162350141019466,42.309289171797005,41025100.0,0.011374072574230176,0.011309874150493993,0.2260999483268571,0.0
2026-01-26,43.249717712402344,43.43584198617142,42.397455608251974,42.622765119733465,25371700.0,0.013311990390313166,0.01322416441338865,0.22456147168621068,0.0
2026-01-27,44.39585876464844,45.13056517015816,43.77870433768546,43.866869255823026,40280000.0,0.02650054411609326,0.02615548754596865,0.23424028437857075,0.0
2026-01-28,45.395057678222656,45.47342441440588,44.699536545615985,44.709330986297694,36337500.0,0.022506579248104508,0.022257043386592477,0.2364587146483616,0.0
2026-01-29,45.20893859863281,46.090584100657445,44.71913429631571,45.72812996327766,36252700.0,-0.004099985529462891,-0.004108413514432741,0.2407006614390928,-0.004099985529462837
2026-01-30,44.57219314575195,45.43424979578492,44.0627962042284,45.1501623931623,38117000.0,-0.014084503476932242,-0.014184631375701999,0.25137855253429736,-0.018126742745949973
2026-02-02,44.96240234375,45.17799980785493,44.52140158334811,44.874202191669625,28095400.0,0.008754543370169232,0.00871644455239343,0.2500998289095602,-0.009530890731310023
2026-02-03,45.21720504760742,46.040405299927095,44.97220501701709,45.37400491764909,48570600.0,0.005667017120424056,0.005651019987796444,0.2501271636429991,-0.0039178853318332825
2026-02-04,43.72760009765625,45.06040073068194,43.169000382109225,44.98200267259988,48683500.0,-0.032943322091288585,-0.03349817313818042,0.27768369606784016,-0.036732139264718563
2026-02-05,44.6096076965332,44.96240835199885,43.84520876862691,44.335208848239446,36014400.0,0.020170500940073888,0.019969771111260134,0.28012603197888775,-0.017302543974214546
2026-02-06,45.81500625610352,46.00120493570401,44.20780663478268,44.67820625040801,38175900.0,0.027021052679286228,0.02666242993717836,0.2868862500390569,0.0
2026-02-09,47.34381103515625,47.43201120274333,45.80521101934037,46.060009426589666,41656900.0,0.03336908371258951,0.03282441936573924,0.2923028707469436,0.0
2026-02-10,47.45160675048828,48.20620733498256,47.2262071585075,47.34380987133538,43939300.0,0.002276870259810382,0.002274282118550452,0.28595578487470974,0.0
2026-02-11,48.38260269165039,48.67660196668632,47.62800218473589,47.82400294756104,45819200.0,0.01961990341143771,0.019429914132980394,0.2876645337258673,0.0
2026-02-12,47.27520751953125,48.11800448400227,46.912604782822186,48.06900522559406,42023800.0,-0.022888292702580193,-0.023154296425776884,0.3122735392616722,-0.022888292702580238
2026-02-13,46.81460952758789,47.10860883692391,45.668007361252165,47.10860883692391,32353500.0,-0.009742907881537421,-0.009790680558307431,0.31344323581366107,-0.03240820205675078
2026-02-18,47.03020095825195,47.45159751276847,46.56959976868771,47.10859901313761,23368500.0,0.004605216893607045,0.004594645326104133,0.3113679598062451,-0.027952231962746966
2026-02-19,47.579002380371094,48.18660137356438,46.97140338717781,47.13800160369711,32026400.0,0.011669127729356354,0.011601568521799539,0.31143701660473544,-0.016609282398484485
2026-02-20,48.24540710449219,48.304208459523075,47.059607816065174,47.08900662437866,31655900.0,0.014006277786018151,0.013909096260298124,0.2865817585794513,-0.0028356388355659833
2026-02-23,46.50100326538086,47.912201995962086,46.34420340642739,47.824001841650535,34148200.0,-0.03615688920052462,-0.03682674574983026,0.3125844784565663,-0.038890000156900355
2026-02-24,47.20660400390625,47.38300432464559,46.30500568759743,46.68720513639807,38465900.0,0.015173882045050435,0.015059910181119643,0.31389290384515295,-0.024306230386962793
2026-02-25,46.83420944213867,47.530008671870746,46.12860811711234,47.37320879279868,28980200.0,-0.007888611553941938,-0.007919891260970485,0.3155481712304096,-0.03200309953104139
2026-02-26,46.71660614013672,47.187009509827185,46.216807700146035,46.83420885176131,26516600.0,-0.0025110555596598028,-0.0025142135473677735,0.305063321647586,-0.034433793529697415
2026-02-27,45.84440231323242,46.66760252578691,45.3544022757215,46.64800207567803,44765800.0,-0.018670102538868694,-0.01884658903607594,0.3047322818605363,-0.05246101361256445
2026-03-02,45.01910400390625,45.421063895946645,44.68577797806166,44.93087328402332,47144000.0,-0.018002160954947333,-0.018166171195211894,0.31155651671673196,-0.06951876295659876
2026-03-03,43.509315490722656,43.98970014893407,42.58775483725575,43.35245465989851,54352300.0,-0.03353661843320099,-0.034111868721658424,0.3308437483153057,-0.10072395716257612
2026-03-04,44.126956939697266,44.597543215017915,43.6465722375997,44.35244791072312,27146100.0,0.014195614019859804,0.014095799798201903,0.3335238878887634,-0.08795818156114908
2026-03-05,42.65637969970703,44.11714917343108,42.479914543681815,43.92107220691109,37085400.0,-0.03332605151086865,-0.03389401878426259,0.3521798331572658,-0.11835293418250854
2026-03-06,42.087764739990234,42.7348161750903,41.81325920384398,42.60736557336921,26063600.0,-0.013330127022493254,-0.013419770698055809,0.33588906789399625,-0.13010540155886416
2026-03-09,42.31324768066406,42.43089236426477,41.51913765168092,41.68580438165089,40970400.0,0.0053574463283287965,0.005343146264560255,0.3271505911340458,-0.12544498793641262
2026-03-10,42.940696716308594,43.33285070050989,41.97992356885875,42.72501539086969,50383100.0,0.014828666435151794,0.014719796703444563,0.31550117367016434,-0.11247650338333146
2026-03-11,43.02892303466797,43.568131856033,42.35246146675804,42.42108784003049,18482600.0,0.0020546084508654694,0.002052500629593426,0.2864162406729147,-0.11065299010684125
2026-03-12,41.85247039794922,42.3720749561489,41.47012234370807,42.24462435811607,27095200.0,-0.027340973320919337,-0.027721693280597693,0.2962426351328845,-0.13496860297736954
2026-03-13,41.56816482543945,42.4995239836247,41.49953843988596,41.98972904518663,24896600.0,-0.006793041600805849,-0.006816219332399721,0.28025194792836733,-0.14084479724334747
2026-03-16,42.15639114379883,42.61717149956682,42.00933246944725,42.401486441146496,17777300.0,0.014150884957985443,0.014051695832825029,0.2839409148939383,-0.12868699080808335
2026-03-17,41.872074127197266,42.52893138137245,41.44070780763859,42.0583489218929,22436600.0,-0.00674433956245768,-0.0067671853985153295,0.28357000843681784,-0.13456342160726043
2026-03-18,41.45051574707031,42.195607549936064,41.44071358065305,41.66620080682474,23872800.0,-0.010067769245114544,-0.010118791979512553,0.2813699206333765,-0.14327643737480003
2026-03-19,41.744632720947266,41.76423705360491,40.5583686428586,40.881896229571176,32908000.0,0.00709561675110737,0.007070561315263072,0.27798266816743056,-0.13719745531276825
2026-03-20,41.07135772705078,41.783064784629616,40.725391113368445,41.6249080796958,37660900.0,-0.016128420589951342,-0.016259899176514266,0.26902938973729634,-0.15111309763956424
2026-03-23,42.28718185424805,42.64303533045114,41.57547867259459,42.04994871728114,27535500.0,0.029602725463260926,0.02917302440511555,0.2772738547126762,-0.12598373171963026
2026-03-24,42.049949645996094,42.31683975904295,41.47662930595038,42.010409532044086,18609000.0,-0.005610026439445082,-0.005625821740174345,0.26721261614135616,-0.13088698609318825
2026-03-25,42.60350036621094,42.99889400327799,42.35638028573233,42.652927398909206,35148900.0,0.013164123259956195,0.013078229181659668,0.27526054560459673,-0.11944587525128696
2026-03-26,41.45686340332031,42.34649720262569,41.45686340332031,42.19822364582373,18260900.0,-0.02691414914348278,-0.027282967536836848,0.28642623265056644,-0.14314524029368278
2026-03-27,40.972511291503906,41.32836482108371,40.70562114431905,41.32836482108371,27910700.0,-0.011683279246292755,-0.01175206504059167,0.28328667953265385,-0.15315611372484678
2026-03-30,41.12077331542969,41.57547705665636,40.75503671054857,41.51616688934352,18528100.0,0.0036185730201148125,0.0036120417359742224,0.2810304955359615,-0.15009174728572242
2026-03-31,42.9791259765625,43.13728268471692,41.66444904704513,41.80283569533608,33419700.0,0.045192551387050584,0.0442011281435676,0.30789315876802575,-0.11168222490065409
2026-04-01,43.34321594238281,43.78821512299555,43.016879186114394,43.35310322030138,26681100.0,0.008471320845818475,0.008435640571802131,0.3049482559751198,-0.1041570000147439
2026-04-02,42.8191032409668,43.52121697386973,41.99832330151157,42.14665511661927,17811800.0,-0.012092150755789177,-0.012165855579923803,0.28270669753622674,-0.11498966862408401
2026-04-06,43.00699615478515,43.254219622794814,42.72021602653458,42.86854784394192,11004600.0,0.004388062794332015,0.004378463318611824,0.27836814724812026,-0.11110618771637382
2026-04-07,42.977325439453125,42.98721649037172,42.16643279133745,42.8191025757313,20302000.0,-0.000689904387305651,-0.0006901424808516155,0.27796625803553027,-0.11171943945731715
2026-04-08,44.48044204711914,45.22211238671116,44.20355299415052,45.192446780273215,35777600.0,0.03497464284471641,0.03437692675026999,0.299003811675444,-0.08065214410643237
2026-04-09,45.24189376831055,45.449560572051624,44.49033609996302,44.698002903704094,22162900.0,0.017118798423468418,0.016973922853474828,0.30384839042182304,-0.0649140134803424
2026-04-10,45.55833435058594,45.86489276836512,45.26166698272267,45.321001965227424,29705900.0,0.006994415041419844,0.006970067585414634,0.282258528513181,-0.058373633991208373
2026-04-13,45.32100296020508,45.52866974503546,44.7375554892552,45.25177692626462,31011600.0,-0.005209395684980911,-0.0052230118954199834,0.2814862557655213,-0.06327893831915882
2026-04-14,46.01322937011719,46.31978781990244,45.34078125417774,45.489116839761394,23343300.0,0.015273854608202964,0.015158383598020388,0.28202052834838,-0.04897159701460411
2026-04-15,46.5175666809082,46.88345634185277,45.85500585302041,45.85500585302041,28907200.0,0.010960702339196216,0.010901069193057035,0.2797245729394337,-0.03854765777336004
2026-04-16,46.458229064941406,46.94278867418428,46.00333883411284,46.74500916485391,22566300.0,-0.0012755958705628068,-0.0012764101354976213,0.2749976163676816,-0.03977408241084729
2026-04-17,46.28022766113281,47.368013071051514,46.23078372712068,46.97245405429374,39165500.0,-0.003831428950074156,-0.003838787676278648,0.27699713973739365,-0.0434531197901099
2026-04-20,45.855003356933594,46.50767309848599,45.71655883180588,46.280227982586105,19194500.0,-0.009188033976685328,-0.009230504306922844,0.27084404237695753,-0.05224190502577069
2026-04-22,44.52989196777344,45.7462310355279,44.480448026287014,45.7462310355279,25440000.0,-0.02889785829575764,-0.029323623942758916,0.2824038011931714,-0.07963008415299314
2026-04-23,43.689327239990234,44.61888602957266,43.62999225550738,44.401331964462955,20444200.0,-0.018876415159316484,-0.019056848920520057,0.2914614090211065,-0.09700336878466641
2026-04-24,43.87721633911133,44.02555191631721,43.402547773315106,43.96621693096878,18234600.0,0.004300572038772765,0.004291351006531812,0.28865202457804745,-0.09311996672135577
2026-04-27,43.50143814086914,44.065107282006,43.49154709076902,44.00577229839621,13718400.0,-0.008564312634099958,-0.008601197103957384,0.2710484531035151,-0.10088677084797704
2026-04-28,43.6102180480957,44.11455603302913,42.72021583073847,43.19488443446181,27131800.0,0.0025006048506788225,0.002497483540728203,0.2658452970041719,-0.09863844394584999
2026-04-29,42.39387512207031,43.521213423169435,42.285096203134366,43.362990569898166,18628100.0,-0.02789123697304019,-0.02828758466333024,0.288233469486478,-0.12377853270414452
2026-04-30,42.710323333740234,43.07621676840957,42.650992117989986,42.83888058841678,22735500.0,0.007464479497538923,0.007436758135343511,0.24184646444225033,-0.11723799552621107
2026-05-04,41.94676208496094,42.7876744076828,41.79836401675372,42.64917155677987,25336300.0,-0.017877674275907474,-0.018039410438472573,0.24733959893616453,-0.1330197271053406
2026-05-05,42.00611114501953,42.24354725896316,41.66974551838546,42.0456844596633,29386700.0,0.0014148662997726102,0.0014138663195638983,0.24435197078180657,-0.13179306593465423
2026-05-06,41.33338165283203,42.82724226597148,41.09594930269118,42.77777750751873,38718400.0,-0.016015038618190758,-0.016144665195239976,0.249217882098511,-0.14569743351229172
2026-05-07,40.35396957397461,41.4224227760791,40.08685532996863,41.34327991151405,36335300.0,-0.023695425820314364,-0.0239806775421018,0.26104533686393333,-0.16594049660460536
2026-05-08,40.81894302368164,41.10584392841455,40.541937335757154,40.72001349911417,35920000.0,0.011522372014844073,0.01145649504280536,0.22792187425914112,-0.15633015272396758
2026-05-11,39.898887634277344,40.670548488159966,39.68123815285632,40.512258985468165,41215600.0,-0.022539912140069784,-0.022797818790048385,0.22235132358219603,-0.1753463969567954
2026-05-12,39.44380187988281,39.89888750077857,39.34487235625123,39.85931418175817,43381700.0,-0.011405975990257056,-0.011471523029690093,0.21735149113900762,-0.18475237615338516
2026-05-13,39.20636749267578,40.136317798203635,38.949144706221354,39.50315982219154,48564700.0,-0.0060195613985204455,-0.006037751994579114,0.21727213757566535,-0.18965980928012777
2026-05-14,39.9681396484375,40.215467235930504,39.56252255590575,39.720812060944496,34925200.0,0.01942980705631614,0.019243458300445833,0.223260595815967,-0.17391505572446217
2026-05-15,39.27561569213867,39.62187275254779,39.156899524843965,39.35475854569551,46869600.0,-0.017326899935556583,-0.01747876748547253,0.21560500772642557,-0.18822854689219423
2026-05-18,39.196475982666016,39.42401691594038,38.879896964726065,39.24594074660921,22993100.0,-0.0020149832937819134,-0.0020170161037968595,0.21529347219125816,-0.1898642528085755
2026-05-19,38.36545181274414,38.99860979409125,38.28630895203538,38.63256604373481,41150400.0,-0.021201502152626728,-0.021429482102810683,0.21926218719862672,-0.20704034759657433
2026-05-20,39.245941162109375,39.55262874007545,38.682034544563734,38.80075450798781,38261500.0,0.022950058132060303,0.022690666747557705,0.2470619394742849,-0.18884187747753742
2026-05-21,39.69112777709961,40.0176019842726,38.83042888151875,39.00850503562779,40949800.0,0.011343507170622935,0.011279652033560177,0.24209619826964057,-0.17964049949819483
2026-05-22,39.008506774902344,39.61198668252157,38.88979059150953,39.58230480623379,21539700.0,-0.01719832719369374,-0.01734793625444284,0.24092369331842942,-0.19374931060428002
2026-05-25,39.88898849487305,40.0571731977736,39.433906691126474,39.433906691126474,11436200.0,0.02257153100095577,0.022320563457095006,0.25865435345524956,-0.17555099817404254
2026-05-26,39.63177108764648,39.92856341620539,39.22615402470149,39.79006058113919,23046600.0,-0.006448331154339293,-0.006469211452128331,0.2583454672343298,-0.18086731835768077
2026-05-27,39.88898849487305,40.383643613880814,39.85931039538668,40.1659941538633,21601400.0,0.006490181997108602,0.006469211452128352,0.26018267457250727,-0.17555099817404254
2026-05-28,39.57241439819336,40.01760481495694,39.295408705060254,39.88899341146534,20196600.0,-0.00793637814908188,-0.007968038823459965,0.24505915966613692,-0.1820941372171664
2026-05-29,39.61198425292969,39.73070042904107,39.11732911622653,39.443799544012634,80334400.0,0.0009999353170155878,0.0009994357147153992,0.2423184160646298,-0.1812762842589758
2026-06-01,38.95694351196289,39.649776076934735,38.84806933774298,39.639876365296345,32832400.0,-0.016536428389556157,-0.01667468138100321,0.24129846043584915,-0.19481505035515853
2026-06-02,39.15489959716797,39.580496619196296,39.06582106289148,39.22418248209034,23121000.0,0.005081406993448834,0.005068540214086733,0.2426700110391063,-0.19072357792101352
2026-06-03,38.3234977722168,38.897556449567226,38.24431518188779,38.82827357084621,40844400.0,-0.0212336599890377,-0.021462337041550848,0.24703567464028028,-0.20790747830458364
2026-06-05,38.432373046875,38.768887738510514,38.17503339656877,38.353190454278064,34727700.0,0.002840953487735609,0.0028369256062551677,0.23604744662802501,-0.20565718029246383
2026-06-08,38.12554168701172,38.67980844320246,38.036463168617374,38.32349436962508,23153100.0,-0.00798366937917283,-0.008015709513384525,0.23090748671583214,-0.21199895073872865
2026-06-09,38.81837844848633,38.93714856083548,38.37298580763474,38.52144750416274,28212000.0,0.018172509315733665,0.018009362824551154,0.23090440090320705,-0.19767899433022038
2026-06-10,38.95694351196289,39.18458779640738,38.254215010986385,38.63032098930316,41470600.0,0.0035695737177801057,0.0035632179100423336,0.2283362154464289,-0.19481505035515853
2026-06-11,40.08526611328125,40.20403621495805,38.81837496037284,38.83817060659122,57558800.0,0.028963324624578846,0.0285518144524721,0.2494844482318164,-0.17149421727576988
2026-06-12,40.18423843383789,40.6989138812717,39.699258341970726,39.808132502570814,30651000.0,0.0024690448674320464,0.002466001784130222,0.24024635805175037,-0.16944859932529693
2026-06-15,39.98629379272461,41.06513202760871,39.90711120362348,40.85727961903507,25132500.0,-0.004925927399101804,-0.004938099769399438,0.23193912752974968,-0.17353983522624283
2026-06-16,40.0357780456543,40.21393508224872,39.71905526407162,39.867516944144725,20052700.0,0.0012375303694360795,0.0012367652598942495,0.23168443155843227,-0.1725170656732062
2026-06-17,40.38219451904297,41.20369687246377,40.21393718437138,40.53065998251026,28205700.0,0.008652672441975318,0.008615452618308879,0.2170910038118849,-0.16535712689115192
2026-06-18,40.07537841796875,40.95626408982316,40.04568305471874,40.50097168445383,20051100.0,-0.007597806526575268,-0.0076268168954457165,0.2062080394372375,-0.1716985819598179
2026-06-19,39.817588806152344,40.31693154345939,39.707732794395554,40.306946364973655,48413400.0,-0.006432618280675317,-0.006453396724108049,0.20413229341314643,-0.17702672880341244
2026-06-22,40.88618469238281,40.96608136434061,40.047288685240986,40.10721118920933,25404800.0,0.02683728267507135,0.026483478934042515,0.21335860342608942,-0.15494036249028145
2026-06-23,40.996036529541016,41.32560455322369,40.33690429185828,40.46673446570442,21074900.0,0.0026867715338250164,0.0026831686152241022,0.19994574597175466,-0.1526698803118359
2026-06-24,40.91614532470703,41.42547324312224,40.75635580033336,40.75635580033336,22041600.0,-0.0019487543576661714,-0.0019506556499420571,0.1982324300795006,-0.15432111857496
2026-06-25,41.64518737792969,42.05464829298978,41.16581878051906,41.245711641912685,20778400.0,0.017817955416792985,0.017661076416862785,0.20572187608683717,-0.13925284996880521
2026-06-26,42.184478759765625,42.484083658933464,41.34558275628587,41.455434965223795,23047700.0,0.012949668756244925,0.01286653869778144,0.2054182295906713,-0.12810645949301946
2026-06-29,42.354251861572266,42.55398972331529,41.98473929364151,42.18447715538454,21151300.0,0.0040245395178040155,0.004016462721643541,0.20526945031423585,-0.12459748948393108
2026-06-30,42.12455749511719,42.46411074007721,41.585266374942485,42.03467564175474,40172400.0,-0.005423171378538205,-0.00543793015621065,0.19431590056255274,-0.12934494732366233
2026-07-01,42.402488708496094,42.76217113803032,41.43334861927966,41.66314488007637,26405300.0,0.006597842918851349,0.006576172420067034,0.19450885061722545,-0.12360050204959959
2026-07-02,42.43246841430664,43.1218572556583,42.27260996654426,42.6722541802872,15005100.0,0.0007070270336406725,0.0007067772077763476,0.17047600442915742,-0.12298086391227961
2026-07-03,42.70222854614258,42.85209369103572,42.49241124517077,42.75218359444029,9878400.0,0.006357398989896623,0.006337275970615658,0.1703144530994482,-0.11740530334239545
2026-07-06,42.52238845825195,42.632288042910105,42.012837042566616,42.452450626503136,19170500.0,-0.004211491859173022,-0.004220385169197749,0.1668868018184185,-0.12112234372231823
2026-07-07,42.39250183105469,43.14183900156168,42.322564000046775,42.6322875912744,21184500.0,-0.003054546837715555,-0.003059221487625903,0.1625705112032743,-0.12380691668804007
2026-07-08,41.85297775268555,42.2925913277541,41.52327138271003,42.2925913277541,18564500.0,-0.012726875156349293,-0.012808555596515121,0.1736994500024235,-0.1349581166722081
2026-07-09,42.5523567199707,42.71221515053723,41.90292970192351,41.912922997704584,18657300.0,0.016710375338592875,0.01657229316339602,0.1550678461523476,-0.12050294211819737
2026-07-10,44.26084518432617,44.300810745497245,43.19179119661704,43.35164962997563,28815100.0,0.04015026654337195,0.03936518977696583,0.20172327708401855,-0.08519090082013156
2026-07-13,43.481536865234375,44.600545926207005,43.44157130308248,44.07101556733461,17749900.0,-0.017607172114457725,-0.017764022221016203,0.21468306037776577,-0.1012981020812635
2026-07-14,43.5914421081543,43.96111404545619,43.20178738892718,43.77128333415542,15398000.0,0.0025276301355345865,0.0025244410512368634,0.21449670077594768,-0.09902651608122204
2026-07-15,43.10187149047851,43.58144680057745,43.0119508816271,43.48153670688734,18975900.0,-0.01123088831200214,-0.011294430946246636,0.22068138273066518,-0.10914524865118928
2026-07-16,42.512393951416016,43.19179327877339,42.302580462141904,43.19179327877339,18156600.0,-0.013676379207633982,-0.013770762416770346,0.22572108258384455,-0.12132891604955812
2026-07-17,41.92291259765625,42.57233961749259,41.832991992006995,42.46243623155177,19576400.0,-0.013866105833358566,-0.013963138297995501,0.231374467556849,-0.1335126622923268
2026-07-20,42.26261520385742,42.49241147633775,42.0627911982536,42.10275676163955,12612200.0,0.008103029707438925,0.0080703764372333,0.21477662261478841,-0.12649148965376192
2026-07-21,42.492408752441406,42.54236760913427,42.14271962354531,42.34254361633979,9834900.0,0.005437277070421631,0.00542254844441066,0.21517022178104447,-0.12174198185963821
2026-07-22,42.86208724975586,42.94201456525609,42.232642965640736,42.6422804623099,21986300.0,0.008699871533952797,0.008662245720612225,0.21601766217979174,-0.11410124992815304
2026-07-23,42.52238845825195,42.832112052760706,42.23264383453488,42.602315775396605,22570600.0,-0.007925390789405462,-0.007956963627685273,0.21097365920685432,-0.12112234372231823
2026-07-24,42.06278991699219,42.412482868978465,42.00284538506512,42.26261391650923,10443700.0,-0.010808389601891566,-0.01086722456968051,0.21015029404317126,-0.1306215958437648
2026-07-27,42.65226745605469,42.82211918497572,42.2925888403247,42.412481712234694,14920100.0,0.014014228257939854,0.013916936883110418,0.21561757871010478,-0.1184379284453958
2026-07-28,42.822120666503906,43.63140234405241,42.56234832183154,43.46155442058078,19096400.0,0.003982278565242137,0.00397437028232756,0.21485332932192516,-0.11492730270391349
2026-07-29,41.78303909301758,42.692234680691534,41.78303909301758,42.612307366745625,20532400.0,-0.024265065749046633,-0.0245643132138613,0.23157438334102207,-0.13640364989648912
2026-07-30,42.70222854614258,42.8121281278672,41.793032946351,42.15271158089007,12531700.0,0.02199910473430844,0.021760615787301648,0.24498467351957368,-0.11740530334239545
2026-07-31,42.85209274291992,43.26173022801924,42.85209274291992,43.21177518082679,10285400.0,0.0035095169943040183,0.00350337301028534,0.24426647019511788,-0.11430782225539293
2026-08-03,43.1501350402832,43.4500000563804,42.810295139531576,43.33005252476469,17043500.0,0.00695513983765772,0.006931064420045419,0.24481165058417692,-0.10814770930605969
2026-08-04,42.08062744140625,43.83981976623067,42.03065120997259,43.799837255906915,26508600.0,-0.02478573005341711,-0.025098068081093557,0.2612843601032819,-0.13025291943072137
2026-08-05,42.360504150390625,43.36004410043231,42.26054786762107,42.59039788134714,30166400.0,0.006650963305480095,0.006628943231580089,0.25810115607782774,-0.12446826351280658
2026-08-06,41.81075668334961,42.8802640927024,41.81075668334961,42.28053785294371,22055300.0,-0.012977831073239132,-0.013062778882194107,0.2552021418203491,-0.1358307664881971
2026-08-07,40.73125076293945,42.110616887075054,40.48136578893369,41.99066935423397,25577700.0,-0.025818856343254093,-0.026158013517871226,0.22198076410334383,-0.1581426277844984
2026-08-10,40.40140151977539,40.86119277834857,40.32144030933365,40.73125152182079,19652700.0,-0.008098185962513771,-0.008131154380680548,0.21671931949662696,-0.16496014533861264
2026-08-11,38.9820556640625,40.531341729148366,38.78214692370966,40.43138926544299,44710200.0,-0.03513110442513134,-0.03576304638079817,0.2431935744902416,-0.19429601767186838
2026-08-12,38.41231918334961,39.32190035217634,38.37233667170088,39.191959095789045,49492600.0,-0.014615352397593817,-0.014723208857244091,0.24456137383050675,-0.2060716653017387
2026-08-13,38.29237365722656,38.89209605193336,38.14244115207887,38.362341142844286,24129000.0,-0.0031225796482249324,-0.003127465072790392,0.24284926583960065,-0.20855076976181658
2026-08-14,38.9820556640625,39.11199691723316,37.85257452206973,38.24239446863962,39681400.0,0.018010949465019133,0.01785067393003444,0.2536852623821158,-0.19429601767186838
2026-08-17,38.362342834472656,38.96206525562485,38.152436555421446,38.902091488332765,21823400.0,-0.015897387119098383,-0.016025105983778976,0.25335552458134225,-0.20710460578233789
2026-08-18,38.17242813110352,38.72217813686627,38.08246938588254,38.46229562269802,14745300.0,-0.004950550183772218,-0.004962844750697648,0.2504405232869151,-0.21102987422189431
2026-08-19,38.35234451293945,38.98205571128398,38.14244205113864,38.70218576221623,35577300.0,0.004713254845041703,0.004702182237806625,0.24788103601550457,-0.2073112569539775
2026-08-20,37.49274063110352,38.3223605929154,37.33281439680682,38.20241687042843,27458900.0,-0.02241333333731177,-0.022668329505311773,0.255162471605371,-0.22507805398460265
2026-08-21,38.582237243652344,38.70218477270787,37.54271868243172,37.78260611465879,29492600.0,0.029058868309162378,0.028644664456694818,0.28281766570367245,-0.20255969920546132
2026-08-24,38.712181091308594,39.121992310725666,38.13244991374061,38.23240238171853,18970400.0,0.003367970779808216,0.003362311868693179,0.2761955469291383,-0.19987394357374383
2026-08-25,39.421852111816406,39.55179336587483,38.412318494903424,38.83212342086463,18255700.0,0.01833198235030853,0.018165977293660783,0.2866045964418324,-0.18520604682931582
2026-08-26,39.43185043334961,40.14152285832562,39.28191792083144,39.4818266665416,20036200.0,0.00025362384052485254,0.0002535916834356993,0.2765046989775233,-0.18499939565767623
2026-08-27,39.082008361816406,39.42185207856881,38.85211464356362,39.23194087121445,24225700.0,-0.008872068332794303,-0.008911659475214257,0.2612426927167576,-0.19223013671067
2026-08-28,39.171966552734375,39.36188157035397,38.71217912270954,39.30190780485167,20889700.0,0.0023017801461262533,0.0022991351082918216,0.2607922755605825,-0.1903708280767115
