Date,Close,High,Low,Open,Volume,Daily return,Daily log-return,Volatility_20,Drawdown
2019-01-02,6.2876787185668945,6.324265717537793,5.822505788721128,5.893065397082368,104534800.0,,,,0.0
2019-01-03,6.441864967346191,6.486291642919075,6.219731589481774,6.261544872555823,95206400.0,0.02452196679897156,0.02422612994959881,,0.0
2019-01-04,6.460158824920654,6.517652468403516,6.394825501656455,6.494132432152109,72119800.0,0.0028398387217358767,0.002835813997664147,,0.0
2019-01-07,6.562078475952148,6.773758282076965,6.454931876651091,6.494131766903294,121711900.0,0.015776647880285877,0.01565349022558845,,0.0
2019-01-08,6.522881031036377,6.643094646976596,6.473228046920124,6.637867859663136,68761800.0,-0.005973327667356809,-0.005991239352931422,,-0.005973327667356796
2019-01-09,6.658769607543945,6.663996391008872,6.5725296741866766,6.611729553266616,70177600.0,0.0208326007880566,0.02061856960710508,,0.0
2019-01-10,6.601279258728027,6.640479154280239,6.551625791853245,6.601279258728028,54763700.0,-0.008633779542512654,-0.008671266542731905,,-0.00863377954251266
2019-01-11,6.530719757080078,6.582986621662819,6.4915198578699025,6.5725330493647665,53980700.0,-0.010688761811531777,-0.010746296979820297,,-0.019230256940981287
2019-01-14,6.4941325187683105,6.5568524501240315,6.444479052858226,6.486292340428706,46577300.0,-0.0056023286364573766,-0.005618080538636423,,-0.024724851358291753
2019-01-15,6.4889068603515625,6.5646937687710425,6.454933745219452,6.488906860351562,53731500.0,-0.000804673819273849,-0.0008049977430318636,,-0.025509629736992185
2019-01-16,6.486291885375977,6.507198527694489,6.444478600738951,6.48106510018293,40425000.0,-0.0004029916027249447,-0.00040307282566305245,,-0.025902341173144494
2019-01-17,6.575146675109863,6.611733182540189,6.449706793816937,6.468000047532099,50359400.0,0.013698857730133795,0.01360587657331784,,-0.012558315929619007
2019-01-18,6.637866497039795,6.6796797900562845,6.606506776504314,6.648320069520803,67021300.0,0.009538923620876272,0.00949371535371718,,-0.003139185125202192
2019-01-21,6.671840667724609,6.671840667724609,6.559467246414579,6.614347011173164,45336500.0,0.00511823651469423,0.005105182864351304,,0.0
2019-01-22,6.5673065185546875,6.664000072256107,6.5385601905248985,6.601280131390503,61307000.0,-0.015667962467331042,-0.01579200233184113,,-0.015667962467331015
2019-01-23,6.6457061767578125,6.6744530004655465,6.57514606317723,6.619572745973849,52931600.0,0.011937871025453406,0.011867176713352892,,-0.003917133557044294
2019-01-24,6.674453258514404,6.674453258514404,6.6169596088761065,6.637866254620828,40109000.0,0.004325662464153224,0.004316333678719177,,0.0
2019-01-28,6.473227024078369,6.671840424521875,6.465386844347014,6.609120482032419,65079900.0,-0.030148721796701028,-0.030612540679540015,,-0.03014872179670099
2019-01-29,6.6300249099731445,6.6796778696211865,6.562078203742867,6.598664700000082,59419200.0,0.024222522292441928,0.023933809935798793,,-0.006656477590068344
2019-01-30,6.695358753204346,6.7763719292307725,6.6561583630252255,6.74501171677821,62607500.0,0.009854237973212276,0.009806001599798775,,0.0
2019-01-31,6.6849045753479,6.784210991923877,6.679677790671896,6.7606914577891,63253600.0,-0.0015614066761459044,-0.0015626269419362442,0.22017827380376045,-0.0015614066761459235
2019-02-01,6.742399215698242,6.755466180303583,6.630026310814716,6.663999421881134,47957400.0,0.008600667324761169,0.008563892294971717,0.20682567184049544,0.0
2019-02-04,6.802505970001221,6.826026006848329,6.6901325713880855,6.752852503495803,53874900.0,0.008914742716959356,0.008875240989680172,0.2081477866256585,0.0
2019-02-05,6.815572261810303,6.8207990472994275,6.745012153068222,6.771145582060145,40989100.0,0.0019208056364381498,0.001918963248160937,0.20233632790577333,0.0
2019-02-06,6.661386489868164,6.752853254619291,6.616959804043546,6.742399682211725,64527000.0,-0.022622571666665148,-0.02288238799435299,0.21924523720024583,-0.02262257166666515
2019-02-07,6.556854248046875,6.755467667694323,6.444480819967702,6.6901343256439985,55614100.0,-0.01569226496319953,-0.015816691963949907,0.21420316332339526,-0.037959837241122424
2019-02-08,6.5673065185546875,6.606506917742748,6.462773283778681,6.481066537557759,40153900.0,0.0015940983453957003,0.0015928291192967557,0.212272189844481,-0.03642625060946426
2019-02-11,6.491520404815674,6.57776038972575,6.413120599789715,6.57776038972575,39617300.0,-0.011539908107668584,-0.0116070095766077,0.21285742005411765,-0.04754580313239267
2019-02-12,6.721491813659668,6.755465419352957,6.593438565673936,6.616958600860466,72467200.0,0.03542643240763632,0.034813353851754006,0.24536295636756933,-0.013803748905692888
2019-02-13,6.807730674743652,6.849543953096156,6.755464326029821,6.799890996586056,69042200.0,0.012830315572017303,0.012748704396634173,0.24821286368889459,-0.0011505397882125257
2019-02-14,7.042932033538818,7.042932033538818,6.794665220337333,6.839091897485377,81125500.0,0.034549157425946886,0.03396573512762818,0.2719173434924934,0.0
2019-02-15,7.014187812805176,7.0612278999768385,6.980214194979483,7.019414599925105,63841800.0,-0.004081286117310401,-0.004089637295606343,0.2709802493244097,-0.004081286117310385
2019-02-18,6.993278980255127,7.00111915848819,6.9018122280175165,6.948852300508499,43379000.0,-0.0029809342304575326,-0.0029853860641842673,0.27077602155017005,-0.007050054302276511
2019-02-19,7.1553053855896,7.160532171109583,7.0141856657259565,7.01941245124594,58041900.0,0.023168874828523034,0.02290455137935699,0.2801617901385677,0.0
2019-02-20,7.066453456878662,7.228479841758049,7.022026771001328,7.1866665489857064,55114500.0,-0.012417629146881715,-0.01249537216342941,0.2773818818577668,-0.012417629146881768
2019-02-21,7.1605329513549805,7.1840529903040595,7.0089596439352295,7.103039799731543,46559400.0,0.013313537696160616,0.013225691390944204,0.27795614850168,0.0
2019-02-22,7.089973449707031,7.238933875461124,7.08997344970703,7.199733474842057,36602000.0,-0.009853945527140917,-0.009902816964383101,0.282110335491845,-0.00985394552714087
2019-02-25,6.977599143981934,7.063839110999522,6.959305394714457,7.055998932742032,54190800.0,-0.015849749864682683,-0.015976700359359358,0.26311222645280946,-0.025547512820038136
2019-02-26,6.946238040924072,7.092584527169048,6.94362464850585,6.9932781075447945,46504200.0,-0.004494540659434332,-0.004504671474273654,0.25336411071547915,-0.029927229144355433
2019-02-27,7.076906681060791,7.121333367881136,6.959306481108765,7.0141867405709695,49131400.0,0.01881142560431681,0.018636678826982663,0.25870301036254234,-0.011678777384630978
2019-02-28,7.071681022644043,7.252001191846219,6.951467908811831,7.244161011114347,93065100.0,-0.0007384099652936182,-0.000738682724212242,0.2585364235775359,-0.012408563624321307
2019-03-01,6.977599143981934,7.121332256193347,6.959305394714457,7.092585434369584,41978700.0,-0.013304033137361837,-0.013393324628496753,0.2637533201468667,-0.025547512820038136
2019-03-06,6.993278980255127,6.993278980255126,6.917492086029944,6.938398729531081,18423400.0,0.0022471678222899527,0.0022446467168707376,0.26241244880468406,-0.02335775454649702
2019-03-07,6.9958930015563965,7.032479506357132,6.92271949350118,7.003732682040129,32835300.0,0.00037379050780761425,0.00037372066553945993,0.262427908582538,-0.022992694945622633
2019-03-08,6.969759464263916,6.99066610932562,6.852159274258253,6.922719388261651,49564400.0,-0.0037355541725218044,-0.003742548779598841,0.24739383186673694,-0.02664235866060285
2019-03-11,7.251999378204346,7.259839556975478,7.058612787933344,7.061226180857054,66742800.0,0.04049492889784223,0.03969649312304138,0.2709434903311998,0.0
2019-03-12,7.186665058135986,7.306878125305229,7.121331739425659,7.262451947097724,64287300.0,-0.00900914584531265,-0.009049973600197478,0.27533666110880645,-0.009009145845312618
2019-03-13,7.343464851379395,7.3513045303246,7.191891577510443,7.210184826320785,61057200.0,0.02181815793208508,0.02158354829110088,0.274780244360957,0.0
2019-03-14,7.3669867515563965,7.369600144684787,7.293813239322794,7.356533179042837,42777800.0,0.0032031065243789403,0.0031979875069349617,0.2531269115242865,0.0
2019-03-15,7.382666110992432,7.419252615400119,7.346079606584746,7.359146072886422,61041100.0,0.002128327356191173,0.002126065676018955,0.25138544040031247,0.0
2019-03-18,7.51071834564209,7.523785308606874,7.385278491902176,7.408798526785119,91920600.0,0.017344985229522214,0.017196278059601514,0.23115397789951445,0.0
2019-03-19,7.630932807922363,7.709332601094374,7.474132723124613,7.539466050252532,69423600.0,0.016005720990725836,0.01587898003682041,0.23363852890004924,0.0
2019-03-20,7.570825099945068,7.735465348910498,7.552531849716394,7.630932134422589,68878000.0,-0.007876849330253788,-0.007908035582161943,0.23628870882384245,-0.007876849330253788
2019-03-21,7.463677883148193,7.570824481553178,7.296424753628929,7.536851376539694,80121300.0,-0.014152647219079495,-0.014253750988335371,0.23358950558291158,-0.021918018279564383
2019-03-22,7.056000709533691,7.353920579986556,7.056000709533691,7.30165420713638,104731100.0,-0.054621485546016535,-0.05616988728913696,0.3090605652820557,-0.07534230910692631
2019-03-25,7.1448540687561035,7.21018740844959,7.008960602564731,7.01157399596693,104772900.0,0.012592594995399997,0.012513967664400537,0.30866442127540145,-0.06369846929612817
2019-03-26,7.481971740722656,7.495038704063191,7.244158490915456,7.24938527625167,91549100.0,0.04718328306252495,0.04610397202407015,0.34676732597917476,-0.019520689141051935
2019-03-27,7.1448540687561035,7.372213811755298,7.144854068756103,7.372213811755298,66415400.0,-0.04505733029325665,-0.04610397202407025,0.38288689333716214,-0.06369846929612817
2019-03-28,7.333011627197266,7.333011627197265,7.0429320281162395,7.121331811985994,69412700.0,0.026334695800710683,0.02599390778299641,0.39207130455831357,-0.03904125330730192
2019-03-29,7.333011627197266,7.455838586634528,7.249385058148548,7.434931944372349,51587400.0,0.0,0.0,0.3875852383569172,-0.03904125330730192
2019-04-01,7.317333221435547,7.427093239695231,7.283360107941397,7.421866453479587,42289800.0,-0.002138058216568095,-0.002140347126166752,0.3877378299674992,-0.04109583905145125
2019-04-02,7.393119812011719,7.395732706554731,7.280746405419805,7.353919415514077,38460600.0,0.01035713261686122,0.010303865002963047,0.38460882275366143,-0.03116434148964715
2019-04-03,7.19711971282959,7.463679314507407,7.19711971282959,7.455839634091252,55120900.0,-0.02651114876613858,-0.026868906486244567,0.39887820009906716,-0.056849287762354914
2019-04-04,7.440159320831299,7.440159320831298,7.1526930722355955,7.2572262988571,52248100.0,0.03376901006224298,0.03321135660602096,0.4144450785787043,-0.025000021870590344
2019-04-05,7.521172046661377,7.549918368775905,7.372211656997316,7.458452118701937,54708900.0,0.010888574066318046,0.010829720380115846,0.4144920970269239,-0.014383662394069796
2019-04-08,7.643998622894287,7.680585123464498,7.573438515977147,7.594345158939223,55270000.0,0.016330776037417172,0.01619886313682716,0.39546246879766717,0.0
2019-04-09,7.620479106903076,7.641385751290797,7.492425847721574,7.586505996693176,43863700.0,-0.003076860312450691,-0.0030816035792201896,0.39368755217591256,-0.0030768603124506607
2019-04-10,7.521172046661377,7.727625080554493,7.521172046661377,7.722398295277787,62005200.0,-0.013031603242864453,-0.013117259557607053,0.391142401400591,-0.01606836713248958
2019-04-11,7.317333221435547,7.500266751352943,7.283360107941397,7.500266751352943,56126400.0,-0.027102002714631923,-0.027476035502855208,0.4040029097164535,-0.042734884917477026
2019-04-12,6.750239849090576,7.04815968380499,6.68229312392779,6.917493019673578,227307600.0,-0.07750000651654287,-0.08066791013145794,0.49414312460835,-0.11692293757443174
2019-04-15,6.776373386383057,6.946239952689594,6.6770664409736025,6.886133405888689,117567200.0,0.003871497587748962,0.0038640226276115477,0.48862244306653124,-0.1135041068574548
2019-04-16,6.982824802398682,7.07167815416967,6.697971497918805,6.781598563109001,95149300.0,0.030466357776341546,0.03001147431021954,0.49914906058164316,-0.08649580580971661
2019-04-17,6.990666389465332,7.144853089894326,6.852159548847527,7.087359938284132,103988400.0,0.0011229820722347128,0.0011223519995302166,0.4993455963267335,-0.0854699569767296
2019-04-18,7.212798118591309,7.288584505246183,7.121331377356552,7.150078195632696,100942100.0,0.031775472716123465,0.03128107819107527,0.5129028917689701,-0.05641033254656851
2019-04-22,7.170986175537109,7.288585866121814,7.139625958975616,7.2363195031243,45321900.0,-0.00579691020970452,-0.005813777510767961,0.4714590571179484,-0.06188023712360097
2019-04-23,7.233704566955566,7.317331128673541,7.233704566955566,7.244157637943501,52199500.0,0.008746131966118176,0.008708106112506957,0.4703981193554204,-0.05367531787746044
2019-04-24,7.212798118591309,7.288584505246183,7.11087780763663,7.244157830843795,57704700.0,-0.002890144070820999,-0.002894328601739036,0.4386395833124426,-0.05641033254656851
2019-04-25,7.265065670013428,7.335625781899034,7.16837262642535,7.1735994121473325,55201700.0,0.007246501366424907,0.007220371632232205,0.40695199648166097,-0.04957260873202277
2019-04-26,7.12632942199707,7.262318213248931,7.076641113885145,7.23878167250136,52616600.0,-0.019096351542834844,-0.019281041919176754,0.40152395212723213,-0.06772230431161551
2019-04-29,7.157711982727051,7.223091154842995,7.149866302503878,7.204784567655592,27689800.0,0.004403748251254225,0.004394080125526588,0.4020340594070766,-0.06361678803954456
2019-04-30,7.089716911315918,7.233550876805026,7.055719465710779,7.196938703510369,39570700.0,-0.009499553988092546,-0.009544962553973595,0.403119086734853,-0.07251201091510644
2019-05-02,6.990340232849121,7.013876772256973,6.935421973433099,7.008646319321129,37820300.0,-0.014017016435195262,-0.014116182576288834,0.40289054487951126,-0.08551262530155558
2019-05-03,7.021724224090576,7.079257724497178,7.021724224090576,7.034799860927304,33334800.0,0.00448962285039789,0.004479574557865602,0.39330557795005217,-0.08140692188770907
2019-05-06,7.0008015632629395,7.00080156326294,6.893579765593234,6.901424946669301,31715900.0,-0.002979704152415108,-0.00298415230915806,0.37165166932686294,-0.08414405749694008
2019-05-07,6.890964984893799,6.972035020348029,6.830816265002063,6.969419793552278,52454400.0,-0.015689143218329926,-0.015813520455885743,0.37049217983956156,-0.09851305254622916
2019-05-08,7.157711982727051,7.18386325253063,6.875273979138314,6.880503933816931,71780300.0,0.03870967250856849,0.03797924333744069,0.3938637270444126,-0.06361678803954456
2019-05-09,7.016493320465088,7.09233340591095,6.966805005821368,7.087102951989814,46663300.0,-0.0197295815482309,-0.019926808185502715,0.39826179372857395,-0.08209123698031275
2019-05-10,6.977264404296875,7.0400283413623965,6.9092700144417005,7.0269527081917,33336000.0,-0.005590957530564933,-0.005606645434547647,0.39690357708281887,-0.08722322589128922
2019-05-13,6.773283004760742,6.92234745659608,6.752361686938301,6.854353048972256,43146100.0,-0.029235154025482157,-0.029671017183652143,0.398715950674623,-0.11390839547324007
2019-05-14,6.799435615539551,6.859584349348761,6.760208202133701,6.843893483747147,34968600.0,0.003861142485915181,0.0038537074077190296,0.27710535023355537,-0.11048706953258909
2019-05-15,6.768050670623779,6.770665896975591,6.710517187294194,6.731438499305264,37053900.0,-0.004615816178043297,-0.004626501952598233,0.27732148465127543,-0.1145928977076193
2019-05-16,6.608527183532715,6.809895163915972,6.600681502898365,6.739285534617398,46502200.0,-0.023570078720519083,-0.023852296443433323,0.2655094082219618,-0.1354620128083574
2019-05-17,6.454232692718506,6.647755004561972,6.3993139224528495,6.550993599238462,67291200.0,-0.023347787869993697,-0.023624665615540608,0.27507569024264517,-0.15564706233885922
2019-05-20,6.673904895782471,6.673904895782472,6.443769969001881,6.454230874220733,54472000.0,0.03403537082135166,0.033468983258758876,0.2788800740245058,-0.12690919700146475
2019-05-21,6.927577495574951,6.927577495574952,6.647754699418565,6.720979556810441,57846700.0,0.03800962161639232,0.03730505408069052,0.31462927487204123,-0.09372334594273823
2019-05-22,6.9013261795043945,6.948577134693965,6.81469817658953,6.914451361385898,48439300.0,-0.003789393346711023,-0.0037965912873183616,0.31225080440694447,-0.09715758466590234
2019-05-23,6.783198356628418,6.80419895058387,6.699195980806611,6.798948676921593,49527400.0,-0.017116684504319357,-0.01726486832656305,0.31671659156525706,-0.11261125344629377
2019-05-24,6.8488240242004395,6.919701203612549,6.806822843962203,6.864574341616387,35915100.0,0.009674738098716107,0.009628237500253158,0.3178674926136032,-0.10402599973163869
2019-05-27,6.8882012367248535,6.96695383855272,6.869825779839778,6.9039515568129675,33892000.0,0.005749485223342621,0.005733020014015459,0.3131891852159679,-0.09887461045659661
2019-05-28,7.035204887390137,7.035204887390137,6.8593247401707025,6.8593247401707025,60774600.0,0.02134136991839397,0.021116831898331117,0.3229768548541287,-0.07964336017549407
2019-05-29,6.956454277038574,7.011580655504764,6.893452487065622,6.9538291398696535,43124400.0,-0.011193790601992992,-0.011256912567434012,0.3236436795859654,-0.08994563968084343
2019-05-30,6.864575386047363,7.050956089818845,6.822574199418733,6.9590783063086015,71847200.0,-0.01320771866415893,-0.013295716270942764,0.3232137658697972,-0.10196538164103001
2019-05-31,6.707069396972656,6.896075201174647,6.672943627154821,6.770071665502349,63137200.0,-0.022944753348451363,-0.023212081300065936,0.3319214770454292,-0.12257056445764723
2019-06-03,6.822573184967041,6.909200682094611,6.785822277304909,6.793697185693329,53470600.0,0.017221200670224146,0.017074596533280403,0.3389298075037966,-0.10746017607421095
2019-06-04,6.877701759338379,6.922328087192094,6.833075431484663,6.901327491772327,37331100.0,0.008080319972647354,0.008047848987241082,0.33593795246431507,-0.10024816870856018
2019-06-05,6.788447380065918,6.901325739547843,6.709694791716555,6.8724497404170535,65282100.0,-0.0129773552846012,-0.01306229683777987,0.30680307000765156,-0.11192456789119977
2019-06-06,6.898702144622803,6.990579433852131,6.751697480468527,6.869826139040057,87836900.0,0.01624152893644637,0.016111046235249036,0.3065530440740254,-0.09750086506285749
2019-06-07,7.024705410003662,7.043080867056147,6.922327577457732,7.0063299529511776,52235500.0,0.018264778321973596,0.018099980892549803,0.3131495081081668,-0.08101691842745765
2019-06-10,6.995829105377197,7.058830884292979,6.961703329557927,6.982703922529854,39666800.0,-0.004110678375970456,-0.0041191504395823,0.29316983999463875,-0.0847945623087606
2019-06-11,7.129708290100098,7.16383456765055,7.0115796381079845,7.05883109890483,52437000.0,0.019137000447880803,0.018956191177905552,0.2995308277328123,-0.06728027543776048
2019-06-12,7.0483317375183105,7.119208935602581,6.993204860999312,7.0929580658646625,43392200.0,-0.011413728201865148,-0.011479364713753574,0.3026260831267087,-0.0779260848624324
2019-06-13,7.134958267211914,7.190084635388583,7.108707401116232,7.127082857175122,48981600.0,0.012290359324673927,0.012215446041384517,0.28846486692537554,-0.06659346512148277
2019-06-14,7.103458404541016,7.15333500901832,7.061457211516038,7.140209823958157,42802400.0,-0.004414862917370255,-0.004424637203357261,0.27179563989326516,-0.07071432701914904
2019-06-17,7.116581916809082,7.200584277203752,7.077205372267214,7.108706507761996,49290000.0,0.0018474821024752064,0.0018457776064434402,0.2498356300052641,-0.06899748837023031
2019-06-18,7.205835819244385,7.224211276230949,7.153334084402503,7.166459267766148,31332800.0,0.012541681312553843,0.012463685879678882,0.2184651559242369,-0.05732115156818258
2019-06-19,7.224210739135742,7.242586194756154,7.145458142727903,7.17958441804605,33286300.0,0.0025500053501474884,0.0025467596031151906,0.21740253958311367,-0.05491731546121059
2019-06-21,7.4237165451049805,7.452592046222227,7.337089040366027,7.337089040366027,58424700.0,0.027616277151004898,0.027241826096031596,0.2216766431240334,-0.028817650114371696
2019-06-24,7.4158406257629395,7.449966397717915,7.381714853807964,7.434216079945894,27365000.0,-0.0010609132628096596,-0.0010614764296345994,0.22165165411415105,-0.029847990349971962
2019-06-25,7.221584796905518,7.392214652380564,7.187458525394374,7.386964379733687,56472100.0,-0.026194714619751758,-0.02654390766534503,0.2464806527543442,-0.05526084538053315
2019-06-26,7.263586521148682,7.331838568593368,7.224210474732716,7.232085383599752,48901500.0,0.005816136682513573,0.0057992882564923765,0.23683134310602252,-0.04976611332794407
2019-06-27,7.14808464050293,7.232087025445708,7.090333126028196,7.203211518555196,55219200.0,-0.01590149443521549,-0.016029279658998058,0.24083878288907293,-0.06487625218901294
2019-06-28,7.195335388183594,7.247837123873236,7.11658328534279,7.205835935598985,40262000.0,0.006610266953601673,0.0065885149441106804,0.23506504556360186,-0.058694834581329854
2019-07-01,7.155959606170654,7.358090645283847,7.1428339214072585,7.308214044570299,46759100.0,-0.005472403979612017,-0.00548743243520008,0.21724211320438336,-0.06384603671459638
2019-07-02,7.040454864501953,7.155958366949316,6.995828545421854,7.155958366949316,57954200.0,-0.016141055571233243,-0.0162727413631135,0.22128563737365922,-0.07895654985921637
2019-07-03,7.134958267211914,7.140208540569776,7.058830805603798,7.098207355094134,29291800.0,0.013422911520454273,0.013333622369776806,0.22411467954224285,-0.06659346512148277
2019-07-04,7.1900835037231445,7.239960091385376,7.171708050556414,7.187458367457391,28577400.0,0.007726076936504844,0.007696383647779666,0.21783755262223678,-0.05938189441997496
2019-07-05,7.192710876464844,7.242587479635529,7.121833677331823,7.158585095786187,27414700.0,0.000365416165241772,0.0003653494170149543,0.21224585427614376,-0.059038177358876856
2019-07-08,7.258335113525391,7.276710565600919,7.203208757298804,7.218959073264469,25318200.0,0.009123714019324103,0.00908234438001857,0.20552971781279053,-0.05045311078599733
2019-07-10,7.368590831756592,7.421092570415738,7.342339962427019,7.350215373433997,50715800.0,0.015190221518671443,0.015076005297845438,0.20965368534633244,-0.036029283196471355
2019-07-11,7.455217361450195,7.484093363952956,7.392215583829862,7.402716130446728,48206900.0,0.011756186721654682,0.011687619627051891,0.2036317663494213,-0.024696663455521732
2019-07-12,7.48934268951416,7.544469050195818,7.4578415543435295,7.491967825836176,40908900.0,0.004577375334543721,0.004566931011663224,0.19716459881771303,-0.020232334019124765
2019-07-15,7.397463798522949,7.520842182774844,7.397463798522949,7.505091867926268,36592400.0,-0.01226795124755753,-0.012343823733341463,0.20122769729890475,-0.03225207597931135
2019-07-16,7.305587768554688,7.436841591561918,7.245211130137826,7.423716409538635,54789300.0,-0.01241993640936856,-0.012497708439622812,0.20651436766610715,-0.044271443655946714
2019-07-17,7.266211032867432,7.350213391516654,7.255710487689503,7.347588255222171,28923500.0,-0.0053899476585231865,-0.0054045258337349,0.2079070671127331,-0.04942277055039706
2019-07-18,7.221584796905518,7.3003368838344445,7.200584207011566,7.287211702910809,35830700.0,-0.006141610222997307,-0.006160547487742692,0.2048226660182094,-0.05526084538053315
2019-07-19,7.203211307525635,7.2452124987665325,7.184835848944454,7.2189616290675485,28418900.0,-0.0025442461587872334,-0.0025474882533374006,0.20481678367716386,-0.05766449434572958
2019-07-22,7.216334819793701,7.2845868649176,7.1822090475785405,7.250461092702439,22304400.0,0.001821897443763154,0.0018202398016792262,0.1778322829218081,-0.05594765569681086
2019-07-23,7.224210739135742,7.253086240527697,7.192709600433884,7.221585602519453,21124400.0,0.0010914015963392476,0.0010908064506063091,0.17805326357558268,-0.05491731546121059
2019-07-24,7.179583549499512,7.255710499388028,7.166457868005938,7.242585318588008,27939600.0,-0.006177448478139169,-0.006196607857796175,0.1526409895035817,-0.060755515052530386
2019-07-25,7.058830261230469,7.218960081440739,7.037829670112203,7.211084672011294,26892300.0,-0.016818982248275494,-0.016962027515827833,0.16170806218653633,-0.07655265137165253
2019-07-26,6.861950397491455,7.0352054212496915,6.851450350954352,7.0352054212496915,75644000.0,-0.027891287430489076,-0.028287636568479248,0.181080620127053,-0.10230878679916887
2019-07-29,6.924952030181885,6.940702850689995,6.814698790093313,6.882950843547538,26493300.0,0.009181301093849514,0.00913940916865044,0.18291039861885136,-0.09406681348146895
2019-07-30,6.8882012367248535,6.953828154567918,6.872450916636739,6.917077240797769,38201600.0,-0.005307010546333868,-0.005321142748810313,0.18286827104984954,-0.09887461045659661
2019-07-31,6.846199035644531,6.956452261323438,6.830448717888566,6.92757626152619,39890200.0,-0.006097702380758685,-0.00611636929011139,0.1756990827087657,-0.10436940488977754
2019-08-01,6.890826225280762,6.972203461461288,6.604692829585042,6.903951408289556,91345800.0,0.0065185352344974135,0.006497381461674738,0.1696685241022206,-0.09853120529845776
2019-08-02,6.961702346801758,7.058829887825696,6.898700576779688,6.922326303124659,64112900.0,0.010285576678884967,0.010233040074164918,0.17176580854830434,-0.08925907888693312
2019-08-05,6.707069396972656,6.859323794416736,6.699194488926602,6.772696301055338,48277000.0,-0.03657624775441326,-0.037261930485839714,0.2129957143852102,-0.12257056445764723
2019-08-06,6.793696403503418,6.88294902671558,6.741195184415592,6.798946675620253,44208100.0,0.012915776086924291,0.012833078756589324,0.21632341770434002,-0.11123788233610575
2019-08-07,6.72019624710083,6.754322022854424,6.562691549767679,6.678195061237807,67698500.0,-0.010818875621919855,-0.01087782522126053,0.20646238493665126,-0.12085328914458555
2019-08-08,6.917076587677002,6.917076587677002,6.788447900933146,6.851449676030528,50256700.0,0.02929681416091201,0.02887586439442765,0.2319005933234253,-0.09509709133647735
2019-08-09,6.898702144622803,7.006330255457451,6.851450681194191,6.903951917797568,36641500.0,-0.0026563885510438867,-0.0026599230117658294,0.22987461423382025,-0.09750086506285749
2019-08-12,6.7333197593688965,6.8041969306880485,6.704444264185671,6.8041969306880485,36122000.0,-0.023972970826521833,-0.024264999127226457,0.23924369611801727,-0.11913645049566683
2019-08-13,6.823275566101074,6.913229099908882,6.675115676542517,6.709510134865458,45330500.0,0.013359800209549189,0.01327134503677981,0.2455130768197177,-0.10736828946241467
2019-08-14,6.5930986404418945,6.714800860713004,6.556058922033873,6.683052674828505,54401100.0,-0.03373408027117197,-0.03431620342960294,0.26895099243482573,-0.13748039923828306
2019-08-15,6.410544395446777,6.614263842919485,6.386733005242004,6.6116180768269235,53894500.0,-0.027688687057605077,-0.028079244995713116,0.2813252165343353,-0.16136243454482474
2019-08-16,6.3258819580078125,6.553412797807776,6.320590425773328,6.540183967221563,56782000.0,-0.013206746918264511,-0.013294731519202876,0.2821831986542862,-0.17243810862794076
2019-08-19,6.357632160186768,6.481980169527808,6.31000936799663,6.429065843843564,50699300.0,0.005019094948296221,0.005006541279095791,0.2836511857540447,-0.1682844969195528
2019-08-20,6.35498571395874,6.399962734592839,6.26503167269054,6.325882787481277,37141700.0,-0.000416262872929396,-0.0004163495343692134,0.2831779572115864,-0.16863070920432494
2019-08-21,6.7333197593688965,6.876187574017613,6.39731508666491,6.442292094071178,87840800.0,0.05953342185791932,0.0578286431630126,0.36359642740086373,-0.11913645049566683
2019-08-22,6.672471046447754,6.804756360248587,6.656596950087613,6.746551003842454,40808800.0,-0.009036955780464151,-0.0090780367505827,0.3607066075379981,-0.12709677544116021
2019-08-23,6.423773288726807,6.7121552354684075,6.410544458134634,6.5560585668787965,58032300.0,-0.0372722123467808,-0.03798457832349771,0.37127666317758096,-0.15963180978510697
2019-08-26,6.339110374450684,6.529601500584914,6.288842331390414,6.503144343663127,39688800.0,-0.013179623637200821,-0.013267245611464154,0.36983664897421215,-0.17070754624881485
2019-08-27,6.439648628234863,6.566642398749976,6.29942602456502,6.394671604765547,70475200.0,0.015859994201929517,0.015735538678509613,0.3766460408624005,-0.15755497274061708
2019-08-28,6.5057902336120605,6.534893157242634,6.381442249730318,6.4026078747448345,41981500.0,0.010270996011676248,0.010218607746551783,0.37951667923513716,-0.1489022232255794
2019-08-29,6.746550559997559,6.7465505599975595,6.529602740377396,6.587808092954291,61008800.0,0.03700708411126041,0.03633876057532036,0.4030075595244523,-0.11740557621358166
2019-08-30,6.746550559997559,6.796819117230745,6.659242278818021,6.75448785996966,54958200.0,0.0,0.0,0.400836142925146,-0.11740557621358166
2019-09-02,6.6936354637146,6.767715407687458,6.680407136582601,6.717446856254863,19049900.0,-0.007843281661106816,-0.007874201978672385,0.37911422514082793,-0.12432801287186085
2019-09-03,6.773008346557617,6.7888824433373545,6.622203165579019,6.643368796161481,47829600.0,0.011857963176107988,0.011788208422148292,0.3786593250826276,-0.11394432669414616
2019-09-04,6.9476237297058105,6.9767266559853045,6.878835315990504,6.921166569872485,56179000.0,0.025781067173339833,0.025454339157491398,0.38688316457802363,-0.09110086586132907
2019-09-05,6.982016563415527,7.087845185760001,6.968788237936603,7.037576640609203,48586800.0,0.004950301721531547,0.004938089264945213,0.3736571368791023,-0.08660154091290378
2019-09-06,7.016410827636719,7.106364851423979,6.931748335749476,6.984662140864875,48502200.0,0.004926121831536623,0.004914028193614922,0.37378359887115825,-0.08210202882270294
2019-09-09,7.124885082244873,7.1486964724159305,7.064033976086964,7.07726230190276,37303000.0,0.01546007742033706,0.015341788040836857,0.3648255404134291,-0.06791125512433169
2019-09-10,7.169862270355225,7.2360049102946125,7.085199771973337,7.156633439590371,44109400.0,0.00631268962111875,0.006292848054646497,0.3630120645341865,-0.06202726817859339
2019-09-11,7.109013080596924,7.236006862430239,7.098430013129932,7.236006862430239,51540400.0,-0.008486800368521785,-0.008523018320705919,0.3390963249434269,-0.06998765550467864
2019-09-12,7.159282207489014,7.180447840958818,7.048162505615415,7.106368376128757,41028300.0,0.007071182219272165,0.007046298645608411,0.3175837957971921,-0.06341136875057975
2019-09-13,7.111658096313477,7.196321119229321,7.095784000291688,7.175155489657463,24709400.0,-0.00665207904861187,-0.00667430273709615,0.31322035511041335,-0.06964163036168204
2019-09-16,7.4238505363464355,7.471473322788169,7.325959701663624,7.439725134912578,167634600.0,0.04389868520180862,0.04296243992543938,0.3397140517821906,-0.02880012116806161
2019-09-17,7.325960159301758,7.341834254231177,7.18573755764482,7.318022859522859,67414800.0,-0.013185930477104368,-0.013273636703711978,0.34680605662587793,-0.04160629524971169
2019-09-18,7.201611042022705,7.273045220091479,7.201611042022706,7.241297032924248,40567100.0,-0.016973763790015584,-0.017119469252194076,0.30036024372396386,-0.05787384361198099
2019-09-19,7.220131397247315,7.3682907813018526,7.201611032690703,7.362999248571392,42155100.0,0.002571696126955514,0.002568394974966079,0.2967864554083815,-0.05545098142449439
2019-09-20,7.143405914306641,7.257171348497247,7.1434059143066415,7.236005721528879,51946900.0,-0.010626604796960648,-0.010683470379216404,0.25905390774945247,-0.06548833055625335
2019-09-23,7.27039909362793,7.273044859865546,7.122239716719574,7.143405341992197,32643100.0,0.01777767928138463,0.0176215045738827,0.2528040551164254,-0.048874881812171166
2019-09-24,7.214839935302734,7.286274113979793,7.1830912432368175,7.254525421913876,36643400.0,-0.007641830607880928,-0.007671179008007577,0.25553549464580533,-0.056143218852263234
2019-09-25,7.233360767364502,7.236006534111204,7.085201361948066,7.151344016730383,29038400.0,0.002567046840657339,0.002563757603797137,0.25517796013524713,-0.05372029428418489
2019-09-26,7.3286051750183105,7.3286051750183105,7.204256681031326,7.249233699246726,33705900.0,0.013167379689332348,0.013081443294820734,0.229744944937714,-0.041260270106715104
2019-09-27,7.31802225112915,7.394747962061339,7.280982531163727,7.288919325654411,31886800.0,-0.001444057039016844,-0.0014451006942355882,0.23014704758487425,-0.04264474496225257
2019-09-30,7.288919925689697,7.312731320378613,7.249234436084296,7.291565692280508,23143400.0,-0.003976801988401002,-0.003984730492469839,0.2278737008072989,-0.046451957244092824
2019-10-01,7.278334617614746,7.336539946764777,7.238649142983899,7.302146003318892,32423200.0,-0.001452246448426897,-0.0014533019803524784,0.22691710908743454,-0.04783674400258954
2019-10-02,7.069324970245361,7.212193310596885,7.040222552662418,7.201610246291611,51261200.0,-0.02871668566371588,-0.02913707741358909,0.23956539617280395,-0.07517971692560746
2019-10-03,7.074617862701416,7.093137724168355,6.952915627559608,7.0772636292864615,46076300.0,0.0007487125685030627,0.0007484324230714949,0.23908250680496135,-0.07448729235606318
2019-10-04,7.01376485824585,7.122238735908524,6.950267991172203,7.103718879423908,47951600.0,-0.008601595964128905,-0.008638803205441128,0.24071770639642046,-0.08244817872688323
2019-10-07,6.923811912536621,7.037577339616897,6.905292053175333,6.976726228964575,26252500.0,-0.01282520123318276,-0.012908154148332025,0.23767582997502595,-0.09421596547658428
2019-10-08,6.884125709533691,6.995245358740252,6.865605852103975,6.9238111904014055,30418900.0,-0.00573184302292673,-0.005748333077606765,0.2363249896078012,-0.09940777737514571
2019-10-09,7.016410827636719,7.066678866802109,6.918519505999434,6.971433815743089,35141400.0,0.01921596491473543,0.019033669875889617,0.24632056936887098,-0.08210202882270294
2019-10-10,7.074617862701416,7.111657585635293,7.021704044885648,7.034932373182495,31056500.0,0.008295841918980473,0.008261620555490212,0.2468617558017208,-0.07448729235606318
2019-10-11,7.21219539642334,7.238652560209875,7.124887109167669,7.124887109167669,37055300.0,0.019446638163632235,0.01925996847923174,0.25540749483201525,-0.056489181614667976
2019-10-14,7.22542142868042,7.230712960680971,7.127530609811567,7.153987765186053,20809900.0,0.0018338427524633438,0.0018321633157447328,0.20109869956093956,-0.05475893113850132
2019-10-15,7.302147388458252,7.3762268205870605,7.225421685606804,7.225421685606804,30455300.0,0.010618890612148713,0.01056290617291516,0.20015848482608847,-0.04472151962615062
2019-10-16,7.389457702636719,7.400040265323954,7.238652525787549,7.288920581651656,31381300.0,0.011956799765020953,0.011885881974887779,0.19395198602477265,-0.0332994461164869
2019-10-17,7.31802225112915,7.407976289298036,7.299502391146438,7.389456429315325,31405400.0,-0.009667211638829554,-0.009714242479439339,0.19773950026712384,-0.04264474496225257
2019-10-18,7.302147388458252,7.405329742996683,7.302147388458252,7.378872586681415,36070900.0,-0.002169283192388405,-0.0021716394954486057,0.19351890907195948,-0.04472151962615062
2019-10-21,7.347126007080078,7.35770856913996,7.302148982911696,7.341834473735941,43337700.0,0.00615964266797997,0.006140749612369038,0.18460370629791997,-0.03883734553863676
2019-10-22,7.558782577514648,7.587885507368442,7.347126282110006,7.355063077794922,64228700.0,0.02880807682223052,0.02840092519185382,0.20647301260942708,-0.011148097950254846
2019-10-23,7.659318447113037,7.693712400271183,7.52703315790299,7.548198783991464,45930600.0,0.013300537297825654,0.013212861717553943,0.21006294774341916,0.0
2019-10-24,7.492640018463135,7.7386907804275324,7.468828621845392,7.71223361700466,60529900.0,-0.021761522229530317,-0.02200179637092788,0.2238827135695641,-0.021761522229530365
2019-10-25,7.73868989944458,7.818060876049077,7.67519301723531,7.725461571553285,74476900.0,0.03283887660092266,0.03231120178697809,0.24939119549967378,0.0
2019-10-28,7.831289291381836,7.847163384931421,7.704295533728483,7.73075218810168,37461800.0,0.011965771098271016,0.011894747267838483,0.250035064518835,0.0
2019-10-29,7.8894944190979,7.92124310994659,7.741335039270105,7.778374758069973,49994200.0,0.007432381252997278,0.007404897204722571,0.24964275699871766,0.0
2019-10-30,7.958281517028809,7.960927282882474,7.796893332352942,7.876264794078163,63001200.0,0.008718822053336739,0.008681032618388812,0.2169521934569288,0.0
2019-10-31,8.040299415588379,8.058819274643666,7.841871489204632,7.900077337239317,67070400.0,0.010305981056848879,0.010253236514050542,0.21656882124536375,0.0
2019-11-01,8.050882339477539,8.262538588726763,7.894785666420622,8.093213589327384,101210200.0,0.001316235048242298,0.0013153695702562505,0.2101908547171992,0.0
2019-11-04,8.03236198425293,8.259892311974737,7.926533361541459,8.172584051477564,81023400.0,-0.0023004131030203157,-0.002303063118108925,0.20006570889795242,-0.0023004131030203642
2019-11-05,7.844517707824707,8.09585996425658,7.825997847701413,8.045591412044537,92980900.0,-0.02338593265548572,-0.02366372305066628,0.22434580806540602,-0.025632548452599054
2019-11-06,7.860391139984131,8.12231643994339,7.434432879114167,7.9503451712648605,154003100.0,0.002023506447514256,0.0020214619159599633,0.21985234660354133,-0.023660909632144754
2019-11-07,8.175230979919434,8.220207999578474,7.815415327275467,7.937117554218546,96329000.0,0.04005396605949785,0.03927260224884375,0.2501530115444247,0.0
2019-11-08,7.942408084869385,8.146127530833406,7.918596694840951,8.056173502865612,61567700.0,-0.028479060178473792,-0.028892456283160232,0.2764513593963259,-0.028479060178473792
2019-11-11,8.056173324584961,8.056173324584961,7.881556804659518,7.897430896117758,30570500.0,0.01432377164455989,0.014222155627755508,0.2781670553804443,-0.014563216088561936
2019-11-12,7.995164394378662,8.15229791005883,7.992501054183043,8.000491074769903,41655600.0,-0.007572941612380424,-0.007601761929964096,0.2811880394489729,-0.02202587131581523
2019-11-13,7.963206768035889,8.02446208357932,7.885971915389897,7.97652347227163,41827700.0,-0.00399711935444913,-0.004005129187312759,0.2813347411933804,-0.0259349506337293
2019-11-14,7.803407669067383,8.016470304838686,7.79541815676283,7.957877838710991,44595200.0,-0.020067179419469006,-0.02027126009523702,0.29038062622113914,-0.04548168874559616
2019-11-18,7.744816780090332,7.949889423887139,7.742153439627747,7.909940332908862,54468100.0,-0.0075083721704435336,-0.007536701892585213,0.29231767009885307,-0.05264856746999744
2019-11-19,7.664917945861816,7.854010530791641,7.651601244682118,7.790091889069719,33740200.0,-0.010316426649874089,-0.010370009822441123,0.29577664962443956,-0.06242184903534631
2019-11-21,7.949891090393066,7.9498910903930655,7.6915525991505245,7.7048693042549825,53033100.0,0.037178890438755774,0.03650442202515786,0.30653068732992633,-0.027563733682860164
2019-11-22,7.984511852264404,8.080390077216506,7.872654092480368,7.925919885893815,34786000.0,0.004354872472803306,0.00434541745599893,0.3040348729067159,-0.02332889775511992
2019-11-25,7.91793155670166,8.016473143182688,7.891298654302974,7.968534020461127,29868400.0,-0.008338680785333397,-0.00837364207362708,0.29338034307094374,-0.03147304630899971
2019-11-26,7.77411413192749,7.917930981667211,7.750144572307482,7.888635248338566,54147800.0,-0.018163509465100702,-0.01833049107503692,0.2805157735930705,-0.04906489479957132
2019-11-27,7.811398983001709,7.896623848232289,7.760796528778453,7.816725664073688,33072500.0,0.004796025687491934,0.004784561397036091,0.27771518750594665,-0.04450418560789216
2019-11-28,7.864663600921631,7.867326941059088,7.672907174866287,7.808734473995425,46602800.0,0.006818832072952752,0.0067956889838599824,0.2775043843710168,-0.03798882010314324
2019-11-29,7.763458728790283,7.872653134822825,7.726172982724593,7.8540102617899805,37699000.0,-0.012868302735731474,-0.01295181657120528,0.2789861394579809,-0.05036827120121423
2019-12-02,7.742154598236084,7.856675715364005,7.742154598236084,7.830042814732807,31353600.0,-0.00274415454482857,-0.0027479266392986977,0.2756802438284045,-0.05297420742571087
2019-12-03,7.718184471130371,7.774113609142772,7.6516024784367405,7.768786927812011,29194000.0,-0.0030960537924641374,-0.0031008564824933165,0.2754449466645777,-0.0559062502223719
2019-12-04,7.899287223815918,7.899287223815918,7.752807049548488,7.792756141805035,44960000.0,0.02346442396692594,0.023193366323031817,0.2897072422248582,-0.03375363421306477
2019-12-05,8.003154754638672,8.093706298959704,7.862001265181965,7.893960334953944,50447000.0,0.013148975075826907,0.013063277707337154,0.28051007983409043,-0.021048484832223973
2019-12-06,8.083052635192871,8.146971276313112,8.024460166514162,8.0297868469359,44348600.0,0.009983298212231873,0.009933794292907125,0.28229222119910624,-0.011275319920987837
2019-12-09,8.045767784118652,8.11767645841877,8.021798733998905,8.06973734221869,34694100.0,-0.004612719074954863,-0.004623390492399731,0.24467244474111027,-0.015836029112666992
2019-12-10,8.107023239135742,8.107023239135742,7.96320589700276,8.016471692158738,27532700.0,0.0076133759587246885,0.007584540476411458,0.22236396213389165,-0.008343218797270433
2019-12-11,8.096368789672852,8.178930303895413,8.05908304285883,8.125665023872555,38458300.0,-0.0013142246110086075,-0.0013150889615562028,0.21690686312023408,-0.009646478544800604
2019-12-12,8.248176574707031,8.269482790765167,8.11767593785342,8.16028836996969,47797800.0,0.018750107483717304,0.018576491078419227,0.22412455316580052,0.0
2019-12-13,7.984511852264404,8.248176462902432,7.955216123069236,8.226870247133105,105004400.0,-0.03196642555533458,-0.03248850796338535,0.25427804614838817,-0.03196642555533459
2019-12-16,7.832705020904541,8.035114325207042,7.832705020904541,8.003154747483382,68871000.0,-0.019012662786242918,-0.019195727539067026,0.2531595372451762,-0.05037132147201243
2019-12-17,7.949891090393066,7.963207287517165,7.838033307417412,7.893961944915059,40679900.0,0.014961123797688103,0.01485031008306811,0.25654959921211706,-0.036163809250720325
2019-12-18,8.133655548095703,8.141645061204724,7.909940037398909,7.9232562312341,64201600.0,0.02311534279063321,0.022852230164697646,0.26350380663948153,-0.013884405307532571
2019-12-19,8.152298927307129,8.189584678737942,8.10169647323655,8.109686494820409,39696000.0,0.002292127949257816,0.00228950503126771,0.23183380873230144,-0.011624102191739007
2019-12-20,8.05908203125,8.149633554700685,7.995163398457776,8.149633554700685,93064900.0,-0.011434430568399212,-0.01150030631884744,0.23582301976119277,-0.022925617770706824
2019-12-23,8.123002052307129,8.123002052307129,7.997828105193638,8.040440534337815,21970200.0,0.007931427029687965,0.007900138594728242,0.23480634592868438,-0.015176023605477729
2019-12-26,8.232195854187012,8.237522534429546,8.123001449115998,8.146971002227215,24810500.0,0.013442542692559067,0.013352993336966172,0.22649978504265983,-0.0019374852581386637
2019-12-27,8.24082088470459,8.348826296264786,8.17871783743378,8.286723248993978,24995100.0,0.0010477193048306077,0.0010471708300247488,0.2264676911701304,-0.0008917958940158449
2019-12-30,8.149018287658691,8.292125302279441,8.140917686543897,8.248923126354999,22111600.0,-0.011139982087984612,-0.011202496394190414,0.23108926649711592,-0.012021843391714958
2020-01-02,8.28942584991455,8.28942584991455,8.184120092504589,8.238123071433318,37774500.0,0.017229997197147018,0.01708324410067563,0.230293124803158,0.0
2020-01-03,8.22192096710205,8.435231615594375,8.22192096710205,8.338026476275576,71595600.0,-0.008143493172472982,-0.008176832535615602,0.2329678478906786,-0.00814349317247296
2020-01-06,8.319125175476074,8.354227258479733,8.0869136537285,8.216520156333257,81844000.0,0.011822566619523744,0.011753226065924873,0.23376870009279002,0.0
2020-01-07,8.286724090576172,8.338026344395898,8.227320721927363,8.321825659769168,32822000.0,-0.003894770690001992,-0.003902375060640913,0.22343398786283863,-0.0038947706900020465
2020-01-08,8.235421180725098,8.308325032812718,8.165217528530775,8.286723948676809,48215600.0,-0.006190975986447689,-0.00621021954365912,0.22169478076681118,-0.010061634244635161
2020-01-09,8.208419799804688,8.267823168181705,8.167917830917933,8.227320684284473,36102700.0,-0.003278688524590123,-0.0032840752011898846,0.21992837098880869,-0.013307333804488817
2020-01-10,8.173318862915039,8.219221235206346,8.135516576021276,8.205720234526245,25397500.0,-0.004276211225269444,-0.004285380365280085,0.21982168686748002,-0.017526640059565057
2020-01-13,8.189519882202148,8.216521369651346,8.157117994261004,8.194920282694095,30676800.0,0.0019821836831324102,0.0019802217492366756,0.2184186376699304,-0.015579197396378752
2020-01-14,8.100414276123047,8.173318128210667,8.038311223608616,8.162517328637477,39796500.0,-0.010880443220212421,-0.010940068133977326,0.22212378886696738,-0.026290132043903437
2020-01-15,7.978908061981201,8.081513600533754,7.976208377028671,8.073413000644715,34405700.0,-0.015000000000000013,-0.015113637810048184,0.21693608655375116,-0.04089578006324489
2020-01-16,7.9708075523376465,8.019410119060876,7.9195047857953,7.9924086358801425,28997400.0,-0.0010152403788373787,-0.0010157560844237593,0.18385927469399024,-0.04186950139483804
2020-01-17,8.059914588928223,8.059914588928223,7.976210428587239,8.024812495390941,34908000.0,0.011179173001667042,0.011117147878794868,0.1732512429537293,-0.031158394792757504
2020-01-20,8.100414276123047,8.127415760045551,8.005909339899517,8.019410339366004,31241400.0,0.005024828333845877,0.005012246015677178,0.16653283457648177,-0.026290132043903437
2020-01-21,7.997810363769531,8.084214712289274,7.978908961896614,8.046412423553981,28577400.0,-0.012666501842498734,-0.012747405883791469,0.15168140417963433,-0.038623629880428535
2020-01-22,7.908705234527588,8.049112033061828,7.903304834388828,8.02751094751729,32491500.0,-0.011141190549552649,-0.011203718470403997,0.15550048379540599,-0.04933450720976794
2020-01-23,8.005908966064453,8.03561064849334,7.781797535490328,7.85470138417371,53752100.0,0.012290726314150069,0.012215808575124207,0.15807176592619976,-0.037650137821576515
2020-01-24,7.911403656005859,8.041010663583227,7.868201491816878,7.981607301565561,36898700.0,-0.011804444749395016,-0.011874670404317502,0.1599880149384034,-0.04901014359924959
2020-01-27,7.568489074707031,7.733197187663402,7.47128391524973,7.730496987121744,66105300.0,-0.04334434143535426,-0.044311765689633985,0.21225009725694058,-0.09023017263664225
2020-01-28,7.776398658752441,7.868203408773329,7.67379362255821,7.676493822854183,47259100.0,0.02747042137382727,0.027099879989789726,0.23922907747296426,-0.06523841212577673
2020-01-29,7.7898993492126465,7.852002408508852,7.741296775846736,7.830401322014062,42297500.0,0.0017361108981996942,0.0017346055996659026,0.2376769060462459,-0.0636155623458499
2020-01-30,7.814199447631836,7.841200930396983,7.608988899631344,7.635990382396491,44266800.0,0.00311943676417914,0.003114581415996899,0.2275607497743397,-0.0606945703056263
2020-01-31,7.681892395019531,7.787197606445228,7.644090114884071,7.730494443747252,55446700.0,-0.01693161961106604,-0.017076598295119892,0.23241208594355783,-0.07659853253982038
2020-02-03,7.608988761901856,7.757496141906378,7.603588362444489,7.7007934926353405,39452800.0,-0.009490322093673287,-0.009535642163019645,0.2262087362902358,-0.08536190988778808
2020-02-04,7.730494499206543,7.8412006257434355,7.711593616508429,7.735894898551841,57658400.0,0.01596871031181757,0.01584255174486731,0.23743508462435417,-0.07075631918663203
2020-02-05,7.665692806243896,7.889804274406041,7.665692806243896,7.843901900685576,67994500.0,-0.008382606438604778,-0.00841793806994429,0.23790138033250796,-0.07854580324845094
2020-02-06,7.879003047943115,7.96810758452668,7.592788553918702,7.749396542914376,126114000.0,0.027826609686925297,0.027446485187268256,0.2621850040888689,-0.05290485697106635
2020-02-07,7.811501979827881,7.924907835095399,7.757498995410729,7.830402869870696,54514600.0,-0.00856720929088306,-0.008604118787180585,0.2631203251308425,-0.061018819279774074
2020-02-10,7.865503311157227,7.865503311157227,7.733196584990648,7.800700048239548,45328100.0,0.006913053529115976,0.006889267932384018,0.2647425411586515,-0.05452759211462262
2020-02-11,7.960007667541504,8.00050963946042,7.900604809727797,7.938406581517382,37518200.0,0.012015042476712479,0.01194343486222745,0.26696647437546916,-0.0431677009733201
2020-02-12,8.135518074035645,8.176020568523258,8.00051113243856,8.003211333071775,64851000.0,0.02204902480305626,0.021809460105628974,0.2729511755808798,-0.022070481879715494
2020-02-13,8.024809837341309,8.157116535672797,8.003208754246584,8.03831083615704,55277100.0,-0.013608013120597562,-0.013701450766578176,0.2778468567822568,-0.035378159593316014
2020-02-14,7.943806171417236,8.089613358453436,7.92220508759667,8.062612389935577,30399900.0,-0.010094153950806817,-0.010145445377083758,0.2771560060179773,-0.045115200954691695
2020-02-17,7.927608013153076,8.038313667382177,7.914107009582072,8.000511372393992,38684900.0,-0.0020390928371897266,-0.00204117461743259,0.27634899575743826,-0.0470622997087663
2020-02-18,8.032910346984863,8.038310746450888,7.816899518448269,7.846600685490527,33890900.0,0.013282989478929252,0.013195544080590071,0.27716171544395246,-0.03440443826172286
2020-02-19,8.248922348022461,8.248922348022461,8.035611688898923,8.065313375173416,44181800.0,0.026890876619664716,0.026535670792407973,0.28866801374781803,-0.00843872714652305
2020-02-20,8.078813552856445,8.340726774079952,8.032911182640934,8.31642548896524,73522900.0,-0.02062194162935671,-0.020837543098789373,0.2970367723087951,-0.028886645837238135
2020-02-21,7.868204116821289,8.01401185586156,7.838502940913917,7.968109476720429,47805100.0,-0.02606935222074669,-0.026415181386752612,0.3092729785301725,-0.05420294191317785
2020-02-26,7.077061176300049,7.395677530343685,7.028459126793935,7.30117311601755,89207100.0,-0.10054936663753677,-0.10597110940729566,0.46430780022864476,-0.14930223707145343
2020-02-27,6.8313493728637695,7.163466759608007,6.720643748952519,6.944755196749744,100112100.0,-0.03471946862055242,-0.03533651379728809,0.4628799830908149,-0.17883801135702523
2020-02-28,6.842150688171387,6.901553547058581,6.6477409104410485,6.793548114986171,89095300.0,0.0015811393500855253,0.0015798906653197943,0.4628438974356401,-0.17753963982398732
2020-03-02,7.1634674072265625,7.22287026700939,6.879952564375015,6.885352964812689,71596400.0,0.046961362545064,0.04589202819415644,0.49817237845760654,-0.13891578067081764
2020-03-03,7.0338592529296875,7.419979067626002,6.9555555190809635,7.174266551912066,86855700.0,-0.018092935575601987,-0.018258614185255796,0.4985904534618953,-0.1544953219763081
2020-03-04,7.2606730461120605,7.274174049076986,7.085164127652855,7.266073447298031,42320500.0,0.03224599540968964,0.0317370062993658,0.5142375484946877,-0.1272311820098851
2020-03-05,6.82865047454834,7.201269358807035,6.672041948036236,7.1094646091326155,69722300.0,-0.059501725090769675,-0.06134546447002782,0.5497963191239177,-0.17916243228572887
2020-03-06,6.1644158363342285,6.515433616051223,6.088811777082799,6.507333530602851,138597600.0,-0.09727172897336567,-0.1023336888715103,0.6472478855034894,-0.2590067217035882
2020-03-09,4.333722114562988,4.9223523937769205,4.160913414247174,4.80894655544203,254813800.0,-0.2969776488764412,-0.3523665937600191,1.36024161799128,-0.4790651633253031
2020-03-10,4.741442680358887,5.035757794382756,4.4201265955156215,5.035757794382756,170478000.0,0.0940809205153692,0.08991466882864692,1.4241405070110378,-0.43005513436242404
2020-03-11,4.27971887588501,4.6253362137414165,4.050207040583203,4.509230711186816,132482400.0,-0.09738044633261889,-0.10245412811086083,1.4444498373929247,-0.48555661976319564
2020-03-12,3.402174234390259,3.742391451825088,2.99175310446155,3.6883887393358488,151535900.0,-0.20504726290305275,-0.22947261628755708,1.5966937107186905,-0.5910418267993468
2020-03-13,4.158213138580322,4.158213138580322,3.429175803570171,4.077209190527738,174972600.0,0.222222276727565,0.20067074005743063,1.8048943854699595,-0.5001622104643518
2020-03-16,3.5344812870025635,3.807195333392044,3.3886738203942235,3.485878712298027,126432800.0,-0.1499999713316067,-0.16251889577025394,1.8596524424263408,-0.5751378645651527
2020-03-17,3.5101797580718994,3.7369914144096934,3.5101797580718994,3.672188157600396,149228500.0,-0.00687555738943324,-0.006899302939327457,1.8604022912987557,-0.5780590285599322
2020-03-18,3.0484564304351807,3.3130701437817422,2.9350505900731227,3.183463358722842,162515200.0,-0.13153837109764943,-0.14103187516086102,1.887186970790766,-0.6335604566425185
2020-03-19,3.2968685626983643,3.5290803418279646,2.929649881341157,2.989052732917538,157065200.0,0.08148784079151872,0.07833772343655732,1.9288124511003675,-0.6037000894736873
2020-03-20,3.240165948867798,3.645186692476272,3.1942635773250836,3.5398812064361773,149029900.0,-0.017198930667759904,-0.01734855028906258,1.9135981258102577,-0.6105160241584687
2020-03-23,3.105158567428589,3.2887680259912524,3.045755461863277,3.269866885694663,107092400.0,-0.041666810765165985,-0.042559764782458695,1.9112529250991548,-0.6267445792759223
2020-03-24,3.577683210372925,3.655987209960122,3.315769725889436,3.3940737254766336,114259200.0,0.15217407829051321,0.1416506604849714,2.025874188894603,-0.569944779660298
2020-03-25,3.866598129272461,3.993504706924693,3.4642775670936636,3.5749832009477376,158286200.0,0.08075475158389467,0.0776596411174888,2.050560472738859,-0.5352157771744084
2020-03-26,3.885498523712158,4.1015093493138375,3.728890546398332,3.8881984659032662,130618400.0,0.004888119687590509,0.004876211620156949,2.0541956939812644,-0.5329438562643332
2020-03-27,3.591184139251709,3.6964893725102006,3.577683395691443,3.5911841392517094,101405900.0,-0.07574687846728734,-0.07876930380273263,2.058534595417519,-0.5683219012212786
2020-03-30,3.612785577774048,3.7099904773647014,3.464277899159359,3.550682254351051,110947200.0,0.006015129741255842,0.005997111068685714,2.043267973160952,-0.5657253014506659
2020-03-31,3.7774930000305176,3.926000641524949,3.672187782838552,3.672187782838552,156116500.0,0.04559014608277723,0.044581459108617695,2.061871893198542,-0.5459266545037478
2020-04-01,3.8611979484558105,3.928701408192782,3.596584252384146,3.631686082348003,114455000.0,0.0221588626172482,0.021916922575540728,2.0581949747964803,-0.535864905622742
2020-04-02,4.18791389465332,4.468727965092008,4.052907001266729,4.1582122133049335,234951200.0,0.0846151765744545,0.08122524811178083,2.0927709291526435,-0.49659203265760926
2020-04-03,4.142012119293213,4.417426344568107,4.031306492174765,4.401225144250407,142898700.0,-0.010960534651562437,-0.011021043859890011,2.072701340301022,-0.5021096531275381
2020-04-06,4.258118152618408,4.347222694451421,4.098809954339612,4.333721694167328,123934200.0,0.028031311831363537,0.027645625549033676,1.6625525904850205,-0.48815313355653034
2020-04-07,4.428225994110107,4.609135251604742,4.4120253111284695,4.484929157061478,140498900.0,0.03994906561883349,0.039171736587442614,1.6353325302379769,-0.46770532950218585
2020-04-08,4.676638603210449,4.7333417650100085,4.428225904159505,4.4552273852540365,116151600.0,0.05609754548000723,0.054580553631625776,1.6038963031654112,-0.43784490501516926
2020-04-09,4.541632652282715,5.046558753670925,4.455228306913946,4.8440483760839275,185771300.0,-0.028868159886259903,-0.029293042241709432,1.3547454362071603,-0.45407328817806697
2020-04-13,4.571333408355713,4.6145355722436365,4.4093250362707925,4.54163172755386,93724000.0,0.006539664994276828,0.006518374158038698,1.1624099093888403,-0.4505031103713244
2020-04-14,4.517331123352051,4.6712389196571324,4.48492975308282,4.595635379021932,91017200.0,-0.011813245759968893,-0.01188357658662006,0.9842694609255658,-0.4569944521728464
2020-04-15,4.422826290130615,4.447127575928902,4.2824192330258795,4.3310220621277065,86749600.0,-0.020920501650387946,-0.02114243612270975,0.9892341204216974,-0.46835440063233424
2020-04-16,4.244617462158203,4.52543183389737,4.193314690467298,4.501130548096968,115633300.0,-0.0402929747365568,-0.04112722311501027,0.8366430538022529,-0.48977598333645717
2020-04-17,4.355323314666748,4.355323314666748,4.201415755099158,4.252718274955021,116733000.0,0.026081467528114022,0.025747146645166648,0.8053728543255425,-0.47646859221378307
2020-04-20,4.306720733642578,4.409326024628136,4.142012382523934,4.179814155646588,133739400.0,-0.01115935087080644,-0.011222083567462115,0.8025064581790721,-0.48231086288515673
2020-04-22,4.522731781005859,4.522731781005859,4.2608182863625546,4.279719430103172,114967100.0,0.05015673425859246,0.048939423752135267,0.7820961511685525,-0.45634526640632744
2020-04-23,4.5767340660095215,4.706340564991236,4.487629533583286,4.644237515272137,94759000.0,0.01194019181735606,0.011869470124151956,0.633229238495428,-0.44985392460480544
2020-04-24,4.306720733642578,4.53353265990484,4.125811438681891,4.506531172669859,161188800.0,-0.05899694596028149,-0.06080889387628713,0.6344647732639798,-0.48231086288515673
2020-04-27,4.441727638244629,4.463328723697658,4.260818096941324,4.358022981479953,85944900.0,0.031347958911620344,0.030866644615198714,0.6408608289756657,-0.46608236508588846
2020-04-28,4.657739162445068,4.657739162445068,4.490330339856882,4.601036498107335,91613600.0,0.04863232097810655,0.04748676366249632,0.5703884198011984,-0.4401167112888739
2020-04-29,4.914251327514648,4.9898548613158145,4.733342062331152,4.806245396352213,94528400.0,0.055072247741525526,0.05360924585488276,0.5874168625363146,-0.40928268010663477
2020-04-30,4.87375020980835,4.973655569590332,4.779245766108547,4.854849321068389,80263900.0,-0.008241564178766203,-0.008275713628175,0.5825136505553195,-0.4141511148100447
2020-05-04,4.692840576171875,4.757644354620888,4.638838114145108,4.706341577936485,60268400.0,-0.03711918458036623,-0.037825638685928045,0.6080714277804112,-0.4358973477156124
2020-05-05,4.844048023223877,4.9898552166598575,4.825147138427591,4.833247223334293,75043400.0,0.03222087871890755,0.03171267392465145,0.5538673791248718,-0.41772146457134307
2020-05-06,4.665839195251465,4.876449654283695,4.665839195251465,4.825147397089466,67937500.0,-0.03678923642334331,-0.0374830296803663,0.5730937510394288,-0.43914304727546605
2020-05-07,4.709041118621826,4.825147142479933,4.684739833860339,4.792745257794455,81265100.0,0.009259196805224024,0.009216593223859657,0.5675490092313207,-0.43394996237061134
2020-05-08,4.9898552894592285,5.01685677456664,4.781944523645804,4.790045123681176,83232700.0,0.059632983395903505,0.05792260608901087,0.5861078126342134,-0.40019470987540745
2020-05-11,4.900750637054443,5.111361598063952,4.889950352264727,4.941252606284219,65061500.0,-0.017857161628116458,-0.01801852461494253,0.5624228720659894,-0.4109055298865616
2020-05-12,4.898050785064697,5.08436047476979,4.895350584922824,5.0033565305556715,71837200.0,-0.0005509058080476192,-0.0005510576124081191,0.5501003565783552,-0.41123006545163576
2020-05-13,4.749543190002441,4.95475375738012,4.730642304785239,4.930452472097862,87222300.0,-0.030319733620380207,-0.03078888411112789,0.5634137752353766,-0.42908141303083086
2020-05-14,4.698240280151367,4.717141164808353,4.514630803465532,4.698240280151367,119653200.0,-0.010801651400720869,-0.010860412766840449,0.563093105384601,-0.435248276585464
2020-05-15,4.6307373046875,4.911551948627086,4.6307373046875,4.857548974020078,133733100.0,-0.0143677145992398,-0.014471929636339871,0.559951840960336,-0.4433624681669128
2020-05-18,5.0060553550720215,5.0060553550720215,4.838646597352161,4.88724915652923,116999500.0,0.08104930720311065,0.0779321502006701,0.5958276075917552,-0.3982473818485917
2020-05-19,5.043858528137207,5.11136198699341,4.970954668969982,4.997956155514568,80131600.0,0.007551489223323049,0.007523119461694129,0.592230275979171,-0.3937032534375149
2020-05-20,5.211266994476318,5.249069282925311,5.146463733577306,5.154564334318635,74595100.0,0.033190555485492323,0.032651641165531486,0.5944656248262961,-0.37357992763005926
2020-05-21,5.181565761566162,5.338173769004858,5.149163873987918,5.265269908211708,81327000.0,-0.005699426443058431,-0.005715730151317699,0.5778369110360724,-0.37715016275498714
2020-05-22,5.041156768798828,5.1032598081361185,4.954752450588622,5.0762583299428385,71259400.0,-0.02709779229452347,-0.02747170780251099,0.5900051079682376,-0.3940280182753302
2020-05-25,5.2598700523376465,5.281471141289338,5.200467186473138,5.2598700523376465,38033000.0,0.04338553502094955,0.04247074819872034,0.5501574650701068,-0.36773759964050035
2020-05-26,5.311172008514404,5.424577836685941,5.219367265946469,5.394876150852049,68716900.0,0.00975346456590831,0.009706206568059783,0.5446103775445126,-0.36157085072223777
2020-05-27,5.381375312805176,5.381375312805176,5.170764355714766,5.346273229118205,74790800.0,0.013218043809958946,0.013131447721470887,0.5256826481530098,-0.35313206625752946
2020-05-28,5.338173866271973,5.421878014442695,5.251769517836319,5.316572779163059,65023000.0,-0.0080279564278678,-0.008060353977312232,0.4983736393938424,-0.35832509384419886
2020-05-29,5.492080211639404,5.492080211639404,5.211265639102252,5.278769082691713,128832600.0,0.028831272495610127,0.028423471099510843,0.5032518609641399,-0.33982478977122593
2020-06-01,5.489382266998291,5.551485337008518,5.400277705458648,5.440779685247465,86579500.0,-0.0004912427599647051,-0.0004913634592193559,0.4769173581445358,-0.340149096063559
2020-06-02,5.778295993804932,5.778295993804932,5.562285130769625,5.602787103212429,77235100.0,0.052631373213624766,0.051293098940474964,0.4946522850339211,-0.3054202368731325
2020-06-03,5.797196865081787,5.91600309695188,5.780996179148303,5.902502611175731,86219700.0,0.003271011263029644,0.003265673143220675,0.4642793973755088,-0.303148258644872
2020-06-04,5.7863969802856445,5.880901932296593,5.681091741907746,5.775596178908139,107401400.0,-0.0018629494646271727,-0.0018646869131689345,0.4664592962953934,-0.3044464582233541
2020-06-05,5.967305660247803,6.218418600940818,5.956504859997973,6.018608431413489,114137700.0,0.031264477805189816,0.030785697652027103,0.4388430474791631,-0.28270033995415694
2020-06-08,6.083412170410156,6.099612857059419,5.943004846088438,6.088812055952881,82444400.0,0.019457107909825355,0.01927023845515716,0.4282907326816474,-0.26874376306496384
2020-06-09,5.864699840545654,5.95110469342627,5.84309875607812,5.948404493491519,96488300.0,-0.03595224583471812,-0.036614448082681085,0.45900690999569493,-0.29503406706342317
2020-06-10,5.778295993804932,5.913302911954628,5.670290562287278,5.910602711790371,102551100.0,-0.014732867681201522,-0.014842474254555128,0.4439124725148315,-0.3054202368731325
2020-06-12,5.562285900115967,5.716193725692665,5.427278963292815,5.567686301191435,116746700.0,-0.03738300944094164,-0.03809967157384639,0.47046541577315837,-0.3313857187155912
2020-06-15,5.589287281036377,5.694592524893017,5.276071234940737,5.348974587989635,99931000.0,0.004854367683589711,0.004842623233370024,0.4629242192706618,-0.32814001915573754
2020-06-16,5.770195484161377,5.916002677239438,5.716192514866994,5.821497738479509,94510600.0,0.032366953786539865,0.03185417923198322,0.39660281181137574,-0.30639395820472565
2020-06-17,5.789096832275391,5.899802464680412,5.710792572032045,5.79989711799244,63268700.0,0.00327568592188876,0.0032703325502164682,0.39683027793879816,-0.30412192265827986
2020-06-18,5.832298278808594,5.8782006461630445,5.69189097689963,5.718892460345271,56893300.0,0.007462553794634452,0.007434846698479889,0.3850382086417591,-0.29892889507161047
2020-06-19,5.797196865081787,5.999707241787152,5.729693406179999,5.940304383357366,91139800.0,-0.006018453112102695,-0.006036636996982741,0.3851652825518336,-0.303148258644872
2020-06-22,5.656790256500244,5.832299152678204,5.6432892552493,5.832299152678204,45419000.0,-0.024219741342105028,-0.024517862735674457,0.3819291350284887,-0.32002582757428866
2020-06-23,5.845798492431641,5.959204305645553,5.708091396742573,5.729692479497107,78950900.0,0.033412629311155184,0.03286655792183127,0.37105227842112165,-0.29730610260986895
2020-06-24,5.670290470123291,5.821498071790301,5.59198621166416,5.8025971859582395,65162400.0,-0.0300229339987641,-0.030482851061910662,0.39155213920315257,-0.31840303511254714
2020-06-25,5.797196865081787,5.797196865081787,5.597386688533756,5.645989261344727,47263500.0,0.022380933680058224,0.022134155875753812,0.3958395624115643,-0.303148258644872
2020-06-26,5.62708854675293,5.797197041765271,5.610887860325691,5.726993380566524,55499300.0,-0.0293432019453177,-0.029782325224622423,0.41161020274119875,-0.3235961200174018
2020-06-29,5.848498344421387,5.848498344421387,5.651388411629414,5.697290774129912,59809600.0,0.039347132327643974,0.03859275865385262,0.4215239038609778,-0.2969815670447947
2020-06-30,5.8187971115112305,5.886300560670342,5.694591012263479,5.76209446142259,65010600.0,-0.005078437431462524,-0.005091376520326905,0.42236547918831485,-0.3005518021697226
2020-07-01,5.86199951171875,6.007807214926484,5.810697259117925,5.872800311220271,78983900.0,0.007424627355034019,0.007397200481897904,0.38254193053454383,-0.29535865994668264
2020-07-02,5.956503391265869,5.997005352194905,5.9025009483639455,5.967304188852479,56345900.0,0.016121441047239227,0.015992870603119835,0.38631468376060557,-0.2839988261235654
2020-07-03,5.934903621673584,5.988906591511047,5.886301051821965,5.926803536705307,24060000.0,-0.0036262498606073335,-0.003632840642672292,0.38656106920925926,-0.28659522528052955
2020-07-06,6.078011512756348,6.172516458398802,6.024008539529082,6.045609625817884,58070900.0,0.024112925871306423,0.02382679970821294,0.3802507960030356,-0.2693929488314828
2020-07-07,6.002407550811768,6.067210810731576,5.978106263965524,6.032109238070628,46591300.0,-0.01243893036166599,-0.012516941447308663,0.37662767148134374,-0.2784809190627101
2020-07-08,6.115813255310059,6.145514941941872,6.0483097966090416,6.061810797355556,49136300.0,0.01889336962515209,0.018717106591663094,0.3573059063490785,-0.2648489923749618
2020-07-09,5.978106498718262,6.159015799560756,5.9565054112300775,6.150915713634281,57151500.0,-0.022516507755077853,-0.022773874994195416,0.36335094343558577,-0.2814020257393043
2020-07-10,6.078011512756348,6.115813285009121,5.956505080500261,5.99160716760114,57428300.0,0.01671181569942015,0.016573709849840797,0.33461487651136357,-0.2693929488314828
2020-07-13,5.983505725860596,6.115812425154112,5.983505725860596,6.105012141033441,55425500.0,-0.015548800244521765,-0.01567095068867606,0.34212075836732914,-0.2807530119273412
2020-07-14,6.1833176612854,6.199518349652618,5.90250349787436,5.975406853032141,89380500.0,0.033393790292741254,0.032848327846449504,0.3432334921044371,-0.2567346288389571
2020-07-15,6.302123069763184,6.3264243565754485,6.169816349902256,6.264321296948784,58390600.0,0.019213861390567022,0.019031606008749074,0.34765077570304337,-0.24245363102106043
2020-07-16,6.134712219238281,6.2859202901601545,6.080709778203634,6.25351841353108,69698700.0,-0.02656419886944439,-0.026923402794824882,0.3644564122073805,-0.26257724341944244
2020-07-17,6.140114784240723,6.218419046632772,6.096912610165984,6.16441607153408,49927600.0,0.0008806550021203119,0.0008802674530186119,0.363125238633824,-0.26192782838018236
2020-07-20,6.140114784240723,6.186017158571449,6.0807119236405915,6.129314498227307,48679800.0,0.0,0.0,0.3487401248000689,-0.26192782838018236
2020-07-21,6.310223579406738,6.3723266381381665,6.24812000566479,6.250820205828398,101769600.0,0.02770449757757265,0.02732767199191963,0.34319028859193745,-0.24147990968946728
2020-07-22,6.223817825317383,6.321022957204273,6.2130175412246444,6.291321274680958,43085500.0,-0.013692978228432073,-0.013787591741470392,0.32572848236293117,-0.25186630877191774
2020-07-23,6.094335079193115,6.272547763142247,6.0862348303905485,6.253646495908385,64072100.0,-0.020804392056199772,-0.02102385258564584,0.3309983518674323,-0.2674307753946787
2020-07-24,6.137537956237793,6.226644295793055,6.0538321257515495,6.086234665144778,43380300.0,0.007089022261374867,0.007064013266385329,0.3084062094478372,-0.2622375758534535
2020-07-27,6.26444673538208,6.277947491721531,6.061932300165256,6.175340404487511,56539600.0,0.02067747361387884,0.0204665966372712,0.2877247875539178,-0.24698251279485192
2020-07-28,6.156439304351807,6.296849451877318,6.156439304351807,6.2212443839950415,48353000.0,-0.017241336001827423,-0.0173916986435542,0.2957600369504601,-0.25996554030700764
2020-07-29,6.256346225738525,6.277947745768291,6.188841411267898,6.2185436944416494,44011500.0,0.016228036442444527,0.016097769289574796,0.2991390159181644,-0.24795623412644507
2020-07-30,6.161838531494141,6.188840556557446,6.075432463308195,6.188840556557446,57859000.0,-0.015105892614379557,-0.015221148781409054,0.3020163642894345,-0.25931652649504455
2020-07-31,5.994427680969238,6.2482454104453575,5.983626663534071,6.188841359614515,75397300.0,-0.0271689771923167,-0.027544878057002883,0.31905729042102055,-0.27944013889342656
2020-08-03,5.886419773101807,6.088934221924403,5.8648182524948975,6.086234482491807,63598500.0,-0.018018051699969395,-0.018182353383159856,0.3131107290389171,-0.2924232237237676
2020-08-04,5.881019115447998,5.953923917379786,5.737908735691492,5.7946125277518625,63011900.0,-0.0009174774925986284,-0.0009178986326840782,0.3104432918125582,-0.29307240949028657
2020-08-05,6.2590460777282715,6.2860481047847445,6.002527593223015,6.002527593223015,137214700.0,0.0642791589109597,0.062297723904664495,0.37831780357706246,-0.24763169856137088
2020-08-06,6.269846439361572,6.3535527728672765,6.213142647329468,6.286047964245732,56375100.0,0.0017255603328647506,0.0017240732640724213,0.36760667901667027,-0.24633344166470353
2020-08-07,6.153738975524902,6.186140997222827,6.088933902087355,6.172640240685499,56040200.0,-0.018518390356063064,-0.018692002431546083,0.37084953976969565,-0.26029013319026717
2020-08-10,6.33195161819458,6.33195161819458,6.113235654890407,6.18344072168943,52390100.0,0.028960058816026812,0.0285486405650686,0.3782315502568193,-0.23886809194066191
2020-08-11,6.232044219970703,6.448059412249075,6.226643711408533,6.402156119512315,66342300.0,-0.015778294631436762,-0.01590409697453922,0.36631478824098695,-0.2508774554394098
2020-08-12,6.340051174163818,6.394055224275788,6.232043588960672,6.30764915611327,67008500.0,0.01733090305216467,0.017182435877228515,0.3651237163397541,-0.23789448524543932
2020-08-13,6.167238235473633,6.367052370858591,6.1321354529615295,6.3319501033672125,44588200.0,-0.027257341296299198,-0.02763571409665841,0.3658361759247627,-0.25866745536489616
2020-08-14,6.121336936950684,6.205042767339825,6.0835344035531795,6.148338967243569,38422000.0,-0.00744276396830712,-0.007470599537771958,0.36684924358187687,-0.2641850185166398
2020-08-17,6.102435111999512,6.167239669761563,5.980926244307639,6.124036631253529,52064300.0,-0.0030878589343895646,-0.003092636207687703,0.36699634256813596,-0.2664571113812708
2020-08-18,6.215844631195068,6.275248693905238,6.1483398037885735,6.191542852127053,49361300.0,0.018584305627855624,0.018413727562365433,0.35937859693762747,-0.25282472614804025
2020-08-19,6.1807403564453125,6.296848714258798,6.142937826932396,6.1969418819687085,51982100.0,-0.005647547008105769,-0.005663554699620664,0.3566170401661258,-0.25704443363041346
2020-08-20,6.137537956237793,6.175341004700041,6.034930859030871,6.080834156075758,55251700.0,-0.006989842270670343,-0.007014385654611384,0.34923463918625225,-0.2622375758534535
2020-08-21,6.0916337966918945,6.110535060736385,6.034930004558425,6.08623380340834,38668300.0,-0.0074792465436803734,-0.007507356355963036,0.3493511566740569,-0.26775548291430873
2020-08-24,6.202341556549072,6.245544592348411,6.156438266634674,6.172639791325034,51841900.0,0.01817373853255888,0.01801057010138486,0.34751171860980334,-0.2544478625188935
2020-08-25,6.17534065246582,6.250945715036109,6.126737103658714,6.234744703774028,37981400.0,-0.004353340401697436,-0.004362843779010641,0.3421472301605215,-0.25769350476056185
2020-08-26,5.999826431274414,6.183439569453777,5.951223407951128,6.15103755390492,69925300.0,-0.02842178773106596,-0.02883350669495955,0.3514231460312299,-0.27879118239964873
2020-08-27,5.9809250831604,6.067331143401445,5.951223321840506,6.026828367041048,35489800.0,-0.0031503158183858737,-0.003155288509708778,0.3480385882776192,-0.2810632179460945
2020-08-28,6.086233139038086,6.086233139038086,5.956623528985327,6.007927322234945,31071000.0,0.017607319003908994,0.017454105995218735,0.33991779759081403,-0.2684046686808277
2020-08-31,5.910720348358154,6.0565309691226705,5.910720348358155,6.026828691184542,48539700.0,-0.028837671293622358,-0.029261647828721444,0.35022532337366646,-0.28950217436535874
2020-09-01,6.17534065246582,6.1807406462059395,5.972826209116783,5.994427729139846,66299700.0,0.04476955235772073,0.04379633703817116,0.38277500414029736,-0.25769350476056185
2020-09-02,6.156439304351807,6.237445396395401,6.0808342364695305,6.191542098743634,53618000.0,-0.003060778210909887,-0.003065471972694208,0.31075267469858037,-0.25996554030700764
2020-09-03,6.178038597106934,6.242843653371133,6.0943327957116855,6.105133810095956,87642400.0,0.00350840667589436,0.0035022665743172665,0.31101024355952145,-0.2573691984682288
2020-09-04,6.188841819763184,6.218544104897438,6.097035224821756,6.2104433412187605,52351100.0,0.0017486492656924035,0.0017471221585558712,0.3037378330790201,-0.2560705976624498
2020-09-08,6.0106282234191895,6.075432777914446,5.916121388314135,6.075432777914446,74490200.0,-0.028795952705544137,-0.029218691372514115,0.3016502241264707,-0.27749275354842556
2020-09-09,6.137537956237793,6.148338974375832,6.0727333924722275,6.0727333924722275,42143500.0,0.021114221026701685,0.020894404645923955,0.30833788044142024,-0.2622375758534535
2020-09-10,5.97282600402832,6.097034611140775,5.970125749740548,6.097034611140775,58350000.0,-0.02683681198941834,-0.02720349450685898,0.31426987518252886,-0.2820367673231318
2020-09-11,5.908020973205566,6.010628576787698,5.872918697256425,5.97282604653157,71013700.0,-0.010849978013597994,-0.010909268280465111,0.3022460379105112,-0.28982665261224766
2020-09-14,5.8540167808532715,5.935022340967418,5.78651197575122,5.924221839961901,46453300.0,-0.00914082610695155,-0.009182859802452035,0.3027067982979263,-0.2963182236865108
2020-09-15,5.851316452026367,5.9620242897764575,5.818913919382563,5.935022265076751,58546700.0,-0.0004612779443571302,-0.0004613843657559264,0.30275173823171386,-0.29664281656977026
2020-09-16,5.867518424987793,5.937723494734804,5.8324161476247225,5.899920962955979,50379500.0,0.002768944919363303,0.0027651184532684996,0.29364673052770396,-0.2946952592702134
2020-09-17,5.9809250831604,5.986325590680652,5.794611693877683,5.808112962678311,60432200.0,0.019327874232085263,0.019143463264006393,0.30356696699199065,-0.2810632179460945
2020-09-18,5.845915794372559,5.980925399392807,5.818913770364356,5.937722366987989,64243500.0,-0.022573312139950952,-0.0228319895668926,0.3123444610613987,-0.2972920023362892
2020-09-21,5.643402099609375,5.7946127321242855,5.61910032643473,5.748709955039777,73300000.0,-0.03464191101728298,-0.03525616980904174,0.33315967566302307,-0.3216351502624886
2020-09-22,5.616399765014648,5.764910650183991,5.602899009554166,5.65960280051316,47207700.0,-0.004784761765707857,-0.004796245383846386,0.3230190556481099,-0.32488096445871284
2020-09-23,5.462488174438477,5.659602062577034,5.454387928226674,5.616399032711617,57106300.0,-0.027403959300566383,-0.027786451862364493,0.33298999462251977,-0.3433818990317239
2020-09-24,5.508391380310059,5.592097185115401,5.416584814386497,5.465188351054351,76310000.0,0.008403351074769194,0.008368239486329341,0.32545185010211225,-0.33786410660723915
2020-09-25,5.435487270355225,5.4705900612311495,5.365282718645068,5.440887778954727,40150400.0,-0.013235099854275512,-0.01332346432949943,0.32698654065288035,-0.3466275412733923
2020-09-28,5.300477981567383,5.551595982137011,5.300477981567383,5.489491674367564,48797400.0,-0.02483848863452831,-0.025152169020645397,0.32351619430276246,-0.36285632566358694
2020-09-29,5.214071750640869,5.362582652204693,5.197870739295659,5.3004778311764715,52878100.0,-0.016301592276582344,-0.016435925125487437,0.31485156622748284,-0.37324278206422273
2020-09-30,5.295077800750732,5.411186163799453,5.2464742520307235,5.265375517639424,69505000.0,0.015536044378350988,0.01541659562636989,0.26756117663395007,-0.36350545411192065
2020-10-01,5.35988187789917,5.416585669617539,5.16546770053147,5.303177571159986,77537300.0,0.012238550515584423,0.012164264940587194,0.2763683613865435,-0.3557156834591754
2020-10-02,5.135765552520752,5.330179200384531,5.135765552520752,5.327478946453271,85306000.0,-0.04181366874940562,-0.0427130196624193,0.30084004937837155,-0.38265557445145065
2020-10-05,5.408484935760498,5.443587206282957,5.1951695136739,5.227572045327589,73288500.0,0.05310199238084157,0.0517400873225199,0.36954614565138744,-0.3498733554696165
2020-10-06,5.381483554840088,5.589398493988304,5.381483554840088,5.527293677150473,77064600.0,-0.00499241122812033,-0.0050049149462172565,0.35987918963374177,-0.35311905502947016
2020-10-07,5.3436808586120605,5.413885405846727,5.281576043718603,5.40038465022948,53521000.0,-0.007024586406851996,-0.00704937496841799,0.3460724210721593,-0.35766312612236173
2020-10-08,5.519193172454834,5.55969595370886,5.362582040590675,5.411185584103829,78070400.0,0.03284483457875509,0.03231697031562573,0.36385133229277794,-0.336565677756016
2020-10-09,5.346379280090332,5.505690629211086,5.346379280090332,5.492189876921133,67962300.0,-0.03131144117712359,-0.03181212347649255,0.3764998886986183,-0.3573387625118434
2020-10-13,5.435487270355225,5.435487270355225,5.327479673469391,5.376083220823228,55330600.0,0.01666697882747048,0.016529608994577012,0.3837000953560953,-0.3466275412733923
2020-10-14,5.3922834396362305,5.500291535679763,5.3922834396362305,5.424685971453444,44584300.0,-0.007948474271041839,-0.007980231787134341,0.3837842658377997,-0.35182085545098807
2020-10-15,5.332879543304443,5.338280051257081,5.2491737301216865,5.297777271653863,56952100.0,-0.01101646398910261,-0.011077594605272285,0.38365282211822255,-0.35896149765539964
2020-10-16,5.219471454620361,5.322078530679816,5.216771200642377,5.311278029788666,49929000.0,-0.021265826044480685,-0.021495201457387654,0.3771104086108201,-0.37259371093407434
2020-10-19,5.270776271820068,5.384184385773892,5.1978709453452785,5.241073987325698,107419300.0,0.009829504317777404,0.009781508997399498,0.3765001266398208,-0.3664266181067001
2020-10-20,5.448988914489746,5.473290689828571,5.289677505055618,5.311279025910031,68407700.0,0.033811460300920526,0.03325241932574771,0.38239974125448795,-0.34500457685709485
2020-10-21,5.443587779998779,5.489491070917274,5.354481452335914,5.443587779998779,60594900.0,-0.0009912177425438484,-0.0009917093237199177,0.3822365764834885,-0.3456538199417991
2020-10-22,5.627201557159424,5.627201557159424,5.413886089334881,5.42738736167744,98926900.0,0.03373028682210122,0.03317389759434958,0.38797311470368934,-0.3235825356074897
2020-10-23,5.554295539855957,5.708206420247366,5.546195292480082,5.65420288266521,61711200.0,-0.012955998921117207,-0.013040659915307852,0.39037094015436896,-0.3323461995463839
2020-10-26,5.467889785766602,5.543495360804458,5.4084857364645424,5.489491305060154,58229100.0,-0.01555656400876293,-0.01567883710788839,0.391558093020215,-0.3427325986288344
2020-10-27,5.367983341217041,5.5002932485720235,5.349082073029452,5.470590961408138,48978400.0,-0.018271481040021298,-0.018440466119924476,0.38646398606012317,-0.3547418474912117
2020-10-28,5.041259288787842,5.2491742295596335,5.041259288787842,5.224872456481329,79247400.0,-0.060865325330000664,-0.06279638655431488,0.44432656629716316,-0.39401569486549426
2020-10-29,5.208672046661377,5.230273567997094,4.790141862628126,4.976455306036746,86794800.0,0.0332085195946723,0.032669028038567846,0.4571684528262018,-0.3738918531943711
2020-10-30,5.11416482925415,5.276176485110961,5.0952635638246795,5.168168371192516,64185100.0,-0.018144205770797783,-0.01831083046481472,0.45848282731031464,-0.38525208824478535
2020-11-03,5.30587911605835,5.373383940728357,5.219473022884092,5.268076579049847,66292400.0,0.03748691980116692,0.03680136562268011,0.4524690336838921,-0.36220708257888273
2020-11-04,5.324779033660889,5.419285867226609,5.203270689094228,5.4030848576218835,65777600.0,0.0035620709008121754,0.003555741751726479,0.4122290783427603,-0.35993521898699277
2020-11-05,5.370682716369629,5.397684744367143,5.324779423280108,5.3868842421806455,40874800.0,0.00862076762595354,0.008583820995752679,0.4132027363661593,-0.35441736924432277
2020-11-06,5.332879543304443,5.386883592789258,5.276175754864094,5.278875493819628,37273300.0,-0.007038802152650514,-0.007063691382866334,0.41320593274748385,-0.35896149765539964
2020-11-09,5.835116386413574,6.126737167262783,5.681205490273834,5.7001067561126275,164904100.0,0.09417742122821826,0.09000286747601022,0.5121266887653643,-0.298590144596586
2020-11-10,6.232044219970703,6.250945484917455,5.889119651585552,5.910721170813389,163732600.0,0.06802397883293843,0.065810192376725,0.5410792231523203,-0.2508774554394098
2020-11-11,6.178038597106934,6.30764819461462,6.04842951461996,6.304947941018552,93072900.0,-0.00866579583801852,-0.008703562188721686,0.5430058349279824,-0.2573691984682288
2020-11-12,5.916121006011963,6.161838452394253,5.878318480421083,6.140236935625066,77275000.0,-0.042394942501269295,-0.043319843320897326,0.5692751580612552,-0.2888529885988398
2020-11-13,6.110536098480225,6.156439396821459,5.91072189247159,5.945824687390661,66065200.0,0.03286191953658446,0.03233351182888333,0.5742167587589034,-0.2654833327314924
2020-11-16,6.288748264312744,6.3805543308892485,6.245544712660336,6.264446491829873,101583300.0,0.0291647349693005,0.028747536331318015,0.5690454349249011,-0.24406134880007246
2020-11-17,6.396755218505859,6.518263553792047,6.205041311912744,6.2239425741781,94082100.0,0.01717463470529279,0.017028817866091093,0.5697047947762631,-0.23107837860610198
2020-11-18,6.35895299911499,6.515564140253925,6.358952999114991,6.477761610847545,68540400.0,-0.005909592926349183,-0.0059271236711240976,0.565161168478805,-0.23562239238080826
2020-11-19,6.431858539581299,6.464261076628685,6.310350184450526,6.358953217490322,65382100.0,0.011465022697361604,0.011399797390958658,0.5643383454767655,-0.22685878576009932
2020-11-23,6.7774834632873535,6.7774834632873535,6.491263194668487,6.493962934023947,125649000.0,0.05373640007458169,0.05234232403434965,0.5794255463143054,-0.18531296015755622
2020-11-24,7.079901695251465,7.2014105147721725,6.923290613991796,6.923290613991796,153293500.0,0.04462102100318899,0.04365416031288516,0.585351547755685,-0.14896079264172066
2020-11-25,7.088005065917969,7.155509876069568,6.931393926967091,7.074504309895981,73971200.0,0.0011445597714920819,0.0011439052623257921,0.5777462724045584,-0.1479867274010158
2020-11-26,6.971896648406982,7.006999437787092,6.901691584667586,7.004299183602405,41935900.0,-0.016380972704052255,-0.016516624280692362,0.5763975656848679,-0.16194353356295
2020-11-27,6.885491371154785,7.036702017844886,6.871990613690286,6.998899484927581,49863500.0,-0.012393367488019225,-0.012470805745914554,0.5127039898227097,-0.1723298753272152
2020-11-30,6.723479270935059,6.988098014256177,6.707278260022971,6.820686366449285,90207700.0,-0.023529489979239537,-0.02381072879294295,0.5267524696439226,-0.1918045312318194
2020-12-01,6.9124932289123535,6.958396524177422,6.828787401671653,6.858489170357847,58866000.0,0.028112521859684048,0.027724618104935716,0.5159687643724268,-0.16908411844917626
2020-12-02,6.99619722366333,7.15550858814829,6.839586112900914,6.912491418347401,88093300.0,0.012109088859700412,0.012036360371685722,0.5095810061231528,-0.1590224842045411
2020-12-03,7.193310260772705,7.260815050802541,7.033998915100638,7.0610009341167075,62424500.0,0.02817431110184776,0.02778471598738271,0.5103604513926954,-0.13532852204486065
2020-12-04,7.433629035949707,7.444429536537806,7.306719677649351,7.3418224633574045,61652400.0,0.03340864865617332,0.032862705963247044,0.5135539962654025,-0.10644101643484327
2020-12-07,7.290520668029785,7.503836149600694,7.201414324910258,7.363425998315102,72664200.0,-0.0192514809695018,-0.01943920393134328,0.5228018289374514,-0.12364335020207526
2020-12-08,7.198712348937988,7.328321450661845,7.144708299042654,7.239215128849096,46276700.0,-0.012592834349183346,-0.012672796093554515,0.4512245002602765,-0.13467916432378585
2020-12-09,7.274318695068359,7.282418942905868,7.12850805374307,7.1906123572612435,52448300.0,0.010502759725011801,0.01044798890680667,0.4012439722420205,-0.12559090750163213
2020-12-10,7.511934757232666,7.614542351146171,7.325621347773469,7.341822872088738,97537100.0,0.03266506076031539,0.032142898219143096,0.40522912214482104,-0.09702828136580065
2020-12-11,7.444431304931641,7.517336632547552,7.366125983249319,7.422829783603321,48334300.0,-0.008986160620741757,-0.009026779684817852,0.3615661225207603,-0.10514253026543478
2020-12-14,7.457931041717529,7.633443430741629,7.45793104171753,7.568638880102921,53159500.0,0.0018134006793704138,0.0018117584534011735,0.35438935513977676,-0.10351979512187852
2020-12-15,7.520035743713379,7.557838271535059,7.457931443714672,7.457931443714672,47208200.0,0.008327336582820921,0.008292855606419665,0.34737792586403443,-0.09605450271602221
2020-12-16,7.611843109130859,7.6253438661677855,7.417428911665571,7.520036519221333,59399200.0,0.012208368224077892,0.012134447125924454,0.3462992115316494,-0.0850188032306822
2020-12-17,7.62534236907959,7.665845147259301,7.579439083137047,7.641543377347321,39297700.0,0.001773454832842969,0.0017718841186072118,0.34305048492612483,-0.08339612540531122
2020-12-18,7.5875420570373535,7.646946114686312,7.565940534708559,7.587542057037354,44707900.0,-0.004957195390401736,-0.00496952304072643,0.3464864489030786,-0.08793990990727638
2020-12-21,7.295920372009277,7.422829236074382,7.160910744910753,7.34182366582361,99988800.0,-0.03843427592702442,-0.03919236051932642,0.34437369598868645,-0.12299427907192687
2020-12-22,7.36612606048584,7.417429352290473,7.304021235372448,7.3445245389310205,46513200.0,0.009622595217171792,0.009576592920036453,0.31160165499591813,-0.11455520801629213
2020-12-23,7.547040462493896,7.628046055302872,7.3850287618549455,7.406630287605405,49038900.0,0.024560318479822874,0.02426356298108936,0.32142928822863653,-0.09280840192887167
2020-12-28,7.609142303466797,7.700948886725298,7.609142303466798,7.657745849311984,36313300.0,0.008228634957176295,0.008194964323344522,0.3132533494169404,-0.08534345343212696
2020-12-29,7.633443832397461,7.676646868429853,7.557838261830368,7.663145597781722,29891100.0,0.0031937277503131245,0.0031886386344630066,0.30695380853173626,-0.0824222894373475
2020-12-30,7.652344703674316,7.692847483499055,7.614542177840667,7.655044957665405,36968200.0,0.0024760608307141663,0.0024730004428587912,0.2876267653620639,-0.080150311209087
2021-01-04,7.806256294250488,7.879161613655283,7.703649208252536,7.736051229085222,74719700.0,0.020112997589127213,0.019913403110437353,0.2812365486266243,-0.061649376636075955
2021-01-05,8.11137866973877,8.149181200642948,7.625343701586715,7.803556368736211,95181100.0,0.039086902093262266,0.03834234874770996,0.30326520410753005,-0.024972157691498624
2021-01-06,8.127579689025879,8.343594887297183,8.114078417245887,8.143780700141013,96562500.0,0.00199732005454889,0.0019953280628377244,0.29394120997723644,-0.02302471502831232
2021-01-07,8.370596885681152,8.411099670833503,8.192384218994125,8.192384218994125,56171300.0,0.029900315463335714,0.02946201645439365,0.2900576667190672,0.0
2021-01-08,8.402998924255371,8.575811071996702,8.19508398711607,8.494804991477334,67136300.0,0.003870935253093677,0.0038634624614805866,0.27439102327226966,0.0
2021-01-11,8.332795143127441,8.386798690098832,8.208586006553528,8.265290323147527,48744700.0,-0.008354610271969154,-0.008389705637133697,0.2706935954986845,-0.008354610271969156
2021-01-12,8.270689010620117,8.521806983673896,8.270689010620117,8.402998890095128,65691900.0,-0.007453217250702138,-0.007481131260337844,0.27538196954942384,-0.015745558797269334
2021-01-13,7.871061325073242,8.332794527429973,7.830558539082164,8.284190978232331,93826600.0,-0.0483185481927475,-0.04952490963116696,0.3227140772837024,-0.0633033044484492
2021-01-14,7.952066421508789,8.011470465894513,7.754951994870048,7.876460852728121,50745400.0,0.010291508741966604,0.010238911726500734,0.32095898374702864,-0.053663282217609146
2021-01-15,7.592941284179688,7.852159508351898,7.568639511285939,7.844058745713704,80673300.0,-0.04516123461415478,-0.046212784811849414,0.36601702389452395,-0.09640101675336887
2021-01-18,7.579441547393799,7.790056783433389,7.563240533858733,7.644246116554996,68855700.0,-0.0017779324613002023,-0.0017795148590944326,0.36506264190508664,-0.09800755471768093
2021-01-19,7.746853351593018,7.79275665017419,7.463332796231343,7.690149034512319,61656000.0,0.022087617293754747,0.021847219313999196,0.3707888800210088,-0.07808469078442702
2021-01-20,7.617241382598877,7.862959328347286,7.590239874623245,7.817056043759661,60306200.0,-0.01673091810463767,-0.01687246089655537,0.37606215509373314,-0.09350918032232448
2021-01-21,7.439030647277832,7.668547128695557,7.4282301443398175,7.5659400331904525,41284900.0,-0.02339570539646496,-0.023673729859090484,0.38505856599734073,-0.11471717248410344
2021-01-22,7.314823150634766,7.355325944139062,7.171712730897225,7.271620102227388,51181900.0,-0.01669673140660033,-0.016837693095581977,0.36319724099084644,-0.1294985020740121
2021-01-26,7.290520668029785,7.552439188103326,7.24191711450624,7.3580254890300605,64514600.0,-0.003322360924456702,-0.0033278922202181088,0.3616304715730423,-0.13239062223540243
2021-01-27,7.398526668548584,7.606441595587723,7.1636102310021705,7.23921528445582,68337800.0,0.014814579840974007,0.014705915846102901,0.3544647896302394,-0.11953735383773098
2021-01-28,7.495735168457031,7.682048613224541,7.374226288169331,7.376926542733602,67827000.0,0.013138899711166108,0.013053333054569648,0.3565485715854134,-0.10796904343037705
2021-01-29,7.206813335418701,7.474132309183861,7.206813335418701,7.430929273930146,67555300.0,-0.03854482936565695,-0.03930733944551344,0.3813666666394271,-0.1423522244402369
2021-02-01,7.433629035949707,7.474131814441424,7.244615382960666,7.360723725652155,44449500.0,0.031472398406143576,0.03098729447618417,0.39966327244386407,-0.11535999195567724
2021-02-02,7.738753318786621,7.86836246289947,7.614544684433715,7.668548236970256,91663000.0,0.04104647694434371,0.04022643507650093,0.42004870988561416,-0.07904863626144185
2021-02-03,7.814355373382568,7.868358901475709,7.738749816027302,7.825155872992907,47486800.0,0.009769280849463824,0.009721869955453407,0.39663957214244294,-0.0700516037403831
2021-02-04,7.78195333480835,7.827856619841032,7.61724145645212,7.784653588636244,41444100.0,-0.004146476200018623,-0.004155096670426574,0.3964463777686704,-0.07390761263271912
2021-02-05,7.787354946136475,8.124878997147865,7.646944817310736,7.825157475043084,121098700.0,0.0006941202415033931,0.0006938794514669435,0.37875670317263205,-0.07326479316114533
2021-02-08,7.590240001678467,7.911562484149804,7.506533677486419,7.698247580451217,98821700.0,-0.025312181841127157,-0.025638045758653024,0.38545232491365333,-0.09672248323522506
2021-02-09,7.436330318450928,7.660446273127145,7.393126765060274,7.574039681366679,63662200.0,-0.0202773144450642,-0.020485721285729622,0.3892004557126237,-0.11503852547382117
2021-02-10,7.506535053253174,7.571340127414792,7.322922393198109,7.490334042223197,52949900.0,0.00944077680735278,0.009396491182934298,0.3927655099087811,-0.10668380170971367
2021-02-11,7.582139492034912,7.695547582269184,7.525435704428165,7.598340500633872,61158600.0,0.010071815857167321,0.010021433134417527,0.35828890498422705,-0.09768648545830906
2021-02-12,7.679347515106201,7.69284827142364,7.455231561099184,7.509235101389776,47801100.0,0.012820658756464098,0.012739169866080131,0.35951744373573274,-0.08611823179702431
2021-02-17,7.989869117736816,7.992569371859874,7.595640771124328,7.700948621840295,54973400.0,0.04043593573800153,0.039639794305354484,0.3476406688295507,-0.04916456734583767
2021-02-18,7.903461456298828,8.348992996579444,7.841357169021681,8.2031823933854,105539200.0,-0.010814652926688262,-0.010873556350661949,0.3506279381587847,-0.05944752254038987
2021-02-19,7.37962532043457,7.692847576913152,7.336422286094132,7.568638981939587,215834800.0,-0.06627933074144055,-0.06857795479975841,0.42259115718315843,-0.12178671127361672
2021-02-22,5.851316452026367,6.264446039375755,5.778411139843397,6.15643794057693,490230400.0,-0.20709843685101947,-0.23205619727303634,0.9189464243615456,-0.3036633105906437
2021-02-23,6.49666166305542,6.550665707860568,6.132135648172524,6.223942215328831,293503100.0,0.1102906014945686,0.10462178420803878,1.0080515961631349,-0.22686391827294927
2021-02-24,6.588468551635742,6.750480178934319,6.483161225651012,6.6289713297051955,155246400.0,0.014131394451769141,0.01403247710137452,1.0099175174613835,-0.21593842733716914
2021-02-25,6.261745452880859,6.817984866064896,6.23744368344372,6.750480065410788,170233000.0,-0.04959014317124821,-0.05086195918516402,1.0227442004932668,-0.25482015298059296
2021-02-26,6.005228042602539,6.323850839178444,5.932322721686863,6.264446789740215,159881000.0,-0.040965799745229736,-0.04182854232085426,1.0260688778658424,-0.28534704136777095
2021-03-01,5.940423965454102,6.221244254667413,5.918822444362377,6.156439176371351,90330100.0,-0.01079127664906343,-0.01084992478203224,1.0223135442491595,-0.29305905915244296
2021-03-02,5.937722206115723,6.029528776243812,5.581296940922316,5.897219428711154,147772300.0,-0.0004548091776093166,-0.0004549126346733394,1.0176531068041181,-0.29338058238036824
2021-03-03,5.721707344055176,5.910720486665856,5.529993432455173,5.886418715969788,185688500.0,-0.036380088957017276,-0.037058345272063344,1.0102202075985587,-0.31908745965212615
2021-03-04,5.999826431274414,6.048429969618451,5.702805723653298,5.751408746976584,127843200.0,0.04860770928946634,0.04746329311235791,1.0155979779382451,-0.28598986083934475
2021-03-05,6.045731067657471,6.269847032896084,6.01872955366941,6.059232339672366,126306300.0,0.007650994059390737,0.007621873643444107,1.0150095487059283,-0.28052697350628175
2021-03-08,5.69740629196167,6.016029090145567,5.659603246654884,5.924222503718992,141142800.0,-0.05761499673037318,-0.05934137955011453,1.0275787947275523,-0.321979409575309
2021-03-09,5.829714775085449,5.926921855325081,5.632600875729102,5.7676104804971375,122648000.0,0.023222581705371725,0.02295704072756018,1.0352680052519219,-0.3062340210162472
2021-03-10,6.032230377197266,6.032230377197265,5.827015675495179,5.924222774991134,111744100.0,0.034738509502610704,0.03414874697292988,1.0483877824601329,-0.28213362496273203
2021-03-11,6.288748264312744,6.342751802591816,6.105135101118091,6.107835355285168,130577500.0,0.042524550800505656,0.04164522434206684,1.064389889144293,-0.25160667982948487
2021-03-12,6.256346225738525,6.3130500226838375,6.172640400000789,6.250945716975868,68123200.0,-0.00515238282920194,-0.005165702124046574,1.0624174015904402,-0.2554626887218209
2021-03-15,6.385954856872559,6.391355365221638,6.237444482418638,6.2401447365931775,68295000.0,0.020716345684454796,0.020504680489797037,1.0655680414203499,-0.24003859640640762
2021-03-16,6.28604793548584,6.394055525781992,6.272546664810811,6.380554255106964,43407900.0,-0.015644789796658065,-0.01576846109064023,1.0628028535123113,-0.2519280328192026
2021-03-17,6.50206184387207,6.5155625968847,6.240143424273767,6.248243670073059,77966400.0,0.03436402499681779,0.03378676925202152,1.0593738492270068,-0.226221269039583
2021-03-18,6.2752461433410645,6.453458774058284,6.22934285876113,6.448058266455761,77198900.0,-0.03488365782690461,-0.03550662307274082,1.0631516628853224,-0.2532135015241427
2021-03-19,6.480461597442627,6.491262613981689,6.259045908600001,6.283347680792076,90244500.0,0.032702375239786585,0.032179031721419595,1.0515442579608254,-0.22879180922697895
2021-03-22,6.350852966308594,6.421058034025337,6.272547135578854,6.3967562600072005,44129300.0,-0.01999990728826795,-0.020202612713715706,0.6353592533777903,-0.2442159015423922
2021-03-23,6.156439304351807,6.380555283470223,6.156439304351807,6.25634666336597,57124700.0,-0.030612212719796195,-0.03109055387571613,0.5233153557071271,-0.26735212513461587
2021-03-24,6.161838531494141,6.356252699933309,6.16183853149414,6.261745869722134,63338300.0,0.0008770048522230844,0.0008766205081656599,0.5198116513101158,-0.2667095893933879
2021-03-25,6.26444673538208,6.291448248060983,5.983626471338081,6.129437111904197,79214500.0,0.01665220589009153,0.01651507813538851,0.49242526677505144,-0.2544986864987369
2021-03-26,6.334651470184326,6.448059577797335,6.240145143024199,6.340051978885149,60918600.0,0.011206853177587739,0.011144521659630093,0.46800975790220284,-0.24614396273462938
2021-03-29,6.434558868408203,6.434558868408203,6.286048483188894,6.302249494389707,50099700.0,0.015771569863648693,0.015648491066235164,0.4673082973642395,-0.23425446957576526
2021-03-30,6.434558868408203,6.477761908290943,6.364353799843537,6.383255065414628,41959100.0,0.0,0.0,0.4672536279472379,-0.23425446957576526
2021-03-31,6.507463455200195,6.542565728001228,6.4210573852092185,6.426457378318053,68609400.0,0.011330160821114266,0.011266455293304875,0.44169651064420284,-0.2255784495680092
2021-04-01,6.450760364532471,6.585770003070335,6.421058594268352,6.558768487379481,47232900.0,-0.008713547307347969,-0.00875173223998549,0.4168113008572397,-0.23232640838352808
2021-04-05,6.491263389587402,6.534466430864118,6.3940562892043555,6.515564649662288,40454400.0,0.0062787985859193984,0.00625916905381484,0.416665960154709,-0.22750634052203886
2021-04-06,6.485861301422119,6.580368124336179,6.456159024643793,6.529064332179275,45934300.0,-0.0008322090540877625,-0.0008325555322841471,0.3451475773828208,-0.22814921673968183
2021-04-07,6.480461597442627,6.572268177941396,6.461560333520083,6.464260587654849,55892200.0,-0.000832534605435975,-0.0008328813548378748,0.3403827188191332,-0.22879180922697895
2021-04-08,6.399455547332764,6.491262120857224,6.310349227737937,6.475060597279418,63231300.0,-0.012500043228684588,-0.012578825982744202,0.3280286859522073,-0.23843194494995734
2021-04-09,6.385954856872559,6.421057646120751,6.31034980006874,6.34545207429611,47494400.0,-0.0021096623549220483,-0.0021118908273157805,0.29465114767995476,-0.24003859640640762
2021-04-12,6.450760364532471,6.580370008944704,6.421058594268352,6.469661631524429,50592900.0,0.01014813118983593,0.010096984643367295,0.295554654639037,-0.23232640838352808
2021-04-13,6.472360134124756,6.51016317289684,6.396755086622104,6.475060387967101,53612300.0,0.0033484067569840015,0.0033428133256565703,0.28709860890860317,-0.2297559249422013
2021-04-14,6.574967861175537,6.63707215582022,6.475060526947367,6.534465082712516,90836500.0,0.01585321658938499,0.015728866858384063,0.2849380824234159,-0.21754507879361942
2021-04-15,6.444579601287842,6.651118683071749,6.425042199712295,6.614835013339201,64193600.0,-0.01983101098601925,-0.020030284413834573,0.2695503731024169,-0.23306195093212795
2021-04-16,6.40550422668457,6.486444959184361,6.366428894665226,6.4557430266736375,59567300.0,-0.006063293033957251,-0.006081749437371303,0.23706374972741875,-0.23771212106251793
2021-04-19,6.776715278625488,6.946970114444144,6.355263823419402,6.405503147296888,196519100.0,0.05795188619101932,0.05633485621207152,0.2889850239544394,-0.1935361006575394
2021-04-20,6.648327827453613,6.863240318473274,6.631581558596868,6.790672443621663,94965400.0,-0.018945380747634966,-0.019127143849087726,0.28790069685174907,-0.20881486628980467
2021-04-22,6.6176252365112305,6.751596971179734,6.600878969310506,6.737641304883933,46600100.0,-0.004618092208931057,-0.004628788540557863,0.2613035846740242,-0.21246863219161377
2021-04-23,6.6120429039001465,6.6818196320010435,6.561803574490831,6.665072833961813,60341000.0,-0.000843555265155338,-0.0008439112581119252,0.26161364394143066,-0.21313295842340352
2021-04-26,6.637162685394287,6.712521148480103,6.589714488156598,6.656700084429654,33281000.0,0.0037990953566444663,0.003791897019565758,0.2570944053519841,-0.21014357549945337
2021-04-27,6.447369575500488,6.7460138769845015,6.447369575500488,6.648326354316249,76684900.0,-0.02859551873143873,-0.029012335874873094,0.2786087289866167,-0.23272992968140602
2021-04-28,6.681819438934326,6.723685368114338,6.519937455711885,6.5311014550612745,66374200.0,0.036363645776523956,0.03571809168469003,0.3009307339284534,-0.20482919262941196
2021-04-29,6.592505931854248,6.779507596560962,6.536684332819262,6.7320593970874905,49775900.0,-0.013366644803308625,-0.013456782527052133,0.3058005405241172,-0.21545795836949477
2021-04-30,6.592505931854248,6.679028931239676,6.497609532907305,6.531102066444919,61039200.0,0.0,0.0,0.3034940359965312,-0.21545795836949477
2021-05-03,6.539475917816162,6.6455363244852395,6.503191716230295,6.64274519110523,49039900.0,-0.008043984273393034,-0.00807651166554136,0.30322597765376896,-0.2217688022141862
2021-05-04,6.388757705688477,6.5980879113254955,6.385966572397474,6.570177643123953,44765000.0,-0.0230474450891498,-0.02331719013403361,0.31399546200483713,-0.23970504301181805
2021-05-05,6.651118755340576,6.68461182437277,6.452953071659101,6.466908206549189,75611900.0,0.04106605098178884,0.04024523717022369,0.3461419138696819,-0.20848273154694438
2021-05-06,6.559013366699219,6.656700906291124,6.531102565050923,6.6176255710418035,54091600.0,-0.013848104661700833,-0.013944884177062295,0.35029661510150284,-0.2194437455220258
2021-05-07,6.804625988006592,6.8241639181847855,6.547847618703277,6.598086945881732,74118200.0,0.03744658038880866,0.036762483015252305,0.3689594125512337,-0.19021458299072894
2021-05-10,6.893940448760986,6.972090037853092,6.8604473874685485,6.92185071209151,73804500.0,0.013125550311187562,0.013040156689580772,0.37005576904635645,-0.1795857037585078
2021-05-11,7.019538402557373,7.025120668301718,6.78787969770866,6.82137275982057,73729900.0,0.018218601499373266,0.018054631322731763,0.3729110482182419,-0.1646389026308953
2021-05-12,6.916270732879639,7.125600955071893,6.891151063628225,6.963718937870721,89980700.0,-0.014711461602676223,-0.014820748323291931,0.37900476747164175,-0.1769282853392104
2021-05-13,6.974883079528809,7.005585016419809,6.8185833262146485,6.910688604533352,77282100.0,0.00847455932725838,0.008438851844322373,0.37671477258299463,-0.1699531152627292
2021-05-14,7.340514659881592,7.362843200938209,7.131184387842903,7.200961145189133,196135500.0,0.05242117698372706,0.05109339254304882,0.402854855613154,-0.1264410806131254
2021-05-17,7.440990447998047,7.440990447998046,7.3126015202696335,7.340511786398974,83512600.0,0.013687839718594885,0.01359500739719778,0.4007479808798507,-0.11448394613980892
2021-05-18,7.354467391967773,7.480065185590306,7.332138859833488,7.452154919688097,63510600.0,-0.011627895054421411,-0.011696027700605955,0.36162494983968924,-0.1247806338831006
2021-05-19,7.298646926879883,7.354468532046075,7.200959384016187,7.214915051484875,84700500.0,-0.007590007829643142,-0.00761895852276081,0.35405310332955975,-0.13142355572458317
2021-05-20,7.237243175506592,7.3349307128149075,7.178630440179903,7.298646511814041,71371100.0,-0.008413032167256862,-0.008448621472267067,0.35563924283912934,-0.13873091728999387
2021-05-21,7.242823600769043,7.343301713512671,7.240032468143648,7.279107260190941,82884500.0,0.0007710705757872915,0.0007707734535958451,0.3553650180998384,-0.13806681804248078
2021-05-24,7.365633010864258,7.401917216279313,7.253990325653155,7.334931605152652,63029600.0,0.016956012856943703,0.01681386426962188,0.3579902024875333,-0.12345186792738273
2021-05-25,7.212122917175293,7.429826508287894,7.195376650891003,7.390751177152274,63672000.0,-0.02084139862283918,-0.021061646123165946,0.34890761888628585,-0.1417203569600132
2021-05-26,7.281899929046631,7.307019595620452,7.159092729391754,7.231660595898989,46646900.0,0.009674961543593152,0.009628458804049212,0.3308663268335082,-0.13341653441995246
2021-05-27,7.231659412384033,7.326555796720362,7.1925846184881825,7.279107604552197,48877800.0,-0.006899369278914991,-0.006923279969728096,0.32700602691853775,-0.13939541375999115
2021-05-28,7.533097743988037,7.541471145499853,7.29864782520068,7.312603494387038,129526400.0,0.041683148280987625,0.040837816744831196,0.3506198153420692,-0.1035227051804508
2021-05-31,7.499602317810059,7.591707569592911,7.474482655291631,7.524721447974344,46298900.0,-0.004446434563352142,-0.004456349354745396,0.3488314988333587,-0.10750883280939688
2021-06-01,7.616827964782715,7.731261757327895,7.538677836946464,7.6475293634274415,90744900.0,0.01563091508122616,0.015510010598981893,0.33107167195188264,-0.0935583791642961
2021-06-02,7.77871036529541,7.834531431825178,7.608454967818044,7.633574634080417,103985100.0,0.021253256770558115,0.021030556191209197,0.31341405262287886,-0.07429354264915392
2021-06-04,7.954549789428711,7.988042864883282,7.792667744832757,7.831742555901113,102757300.0,0.022605215501763087,0.02235350388717565,0.3063711869526953,-0.05336774868936441
2021-06-07,7.895936012268066,7.968503352094362,7.817785873222628,7.954548217286444,74548900.0,-0.007368585113206483,-0.007395867239558545,0.2943955432414597,-0.06034308900405314
2021-06-08,7.999207019805908,8.038281831613538,7.803831896058991,7.86244464612482,88398600.0,0.013079007653733266,0.01299421596036908,0.2943839917331316,-0.04805330907325384
2021-06-09,7.999207019805908,8.116431987583182,7.960132207998279,8.015953291672837,60724200.0,0.0,0.0,0.2927168578828033,-0.04805330907325384
2021-06-10,8.004786491394043,8.1024740191402,7.974084560068458,8.046652422612626,35871000.0,0.000697503086783513,0.0006972599445605415,0.28271486334678453,-0.04738932331787911
2021-06-11,7.974085330963135,8.052235467186064,7.887562327099562,8.038279800527906,54894400.0,-0.0038353503199510808,-0.003842724136140009,0.285411764360967,-0.051042918981480695
2021-06-14,8.024323463439941,8.191787711756477,7.985248667362612,8.066189392430532,64286600.0,0.006300174928117963,0.006280411790105625,0.23234613609702426,-0.045064323371787875
2021-06-15,8.102474212646484,8.110847079677646,7.990831016925031,8.082936280747282,42597100.0,0.009739232168619605,0.00969211154576834,0.23071678351797478,-0.03576398311100791
2021-06-16,8.133174896240234,8.17504135712662,8.029905641351029,8.116428631298177,77432900.0,0.0037890504539750403,0.0037818900839395727,0.22293131841149996,-0.032110444193475494
2021-06-17,7.851277351379395,8.149922200142711,7.789874021205528,8.096891736783256,95264600.0,-0.03466020938405656,-0.03527512499303763,0.2619479475988185,-0.06565769885837112
2021-06-18,7.904307842254639,7.932218640559629,7.714515052605746,7.81499371356203,115250700.0,0.006754377472848683,0.0067316688629917455,0.2581641035141412,-0.059346798267610607
2021-06-21,8.080145835876465,8.0941009694338,7.926636704974671,7.926636704974671,50709600.0,0.022245843295960244,0.02200201402393443,0.2651031889056634,-0.03842117454602861
2021-06-22,8.122013092041016,8.169461299161544,8.001997007421194,8.09410228802524,41602700.0,0.00518149758865194,0.0051681198213686195,0.2616948695157143,-0.03343875618063999
2021-06-23,8.17783260345459,8.239236467014768,8.09410073977788,8.163877470293206,57278500.0,0.006872620221244574,0.006849111416818452,0.24307954399578283,-0.02679594783129575
2021-06-24,8.275521278381348,8.275521278381348,8.155505200102255,8.230864207257166,51447000.0,0.011945545924416656,0.011874761042468897,0.24361973299264061,-0.01517049413228621
2021-06-25,8.122013092041016,8.314597054160133,8.080147152194506,8.286686250144356,84950900.0,-0.018549669703750382,-0.018723872459287257,0.25548836334891806,-0.03343875618063999
2021-06-28,8.10805606842041,8.169459933461006,8.001995669715901,8.144340267281528,40341200.0,-0.0017184192468592263,-0.0017198974228733457,0.22033365622319087,-0.03509971362528732
2021-06-29,8.144339561462402,8.144339561462402,8.021532374378364,8.11921989745989,43215200.0,0.004474992863370941,0.0044650098543235145,0.2182312055459173,-0.030781791729895973
2021-06-30,8.214115142822266,8.253189933667404,8.071770577431135,8.1024725030118,71367600.0,0.008567371342180996,0.008530879693200374,0.21478040089364034,-0.022478139428042748
2021-07-01,8.110846519470215,8.339714096653978,8.071771723079086,8.30063930026285,65084000.0,-0.012572093470383128,-0.012651790917888801,0.21215033108732861,-0.0347676356284962
2021-07-02,8.144339561462402,8.200160622970294,8.018741241449844,8.177832091896303,37336700.0,0.004129413854865538,0.00412091122468857,0.19848505982190295,-0.030781791729895973
2021-07-05,8.052233695983887,8.138756680815511,7.918262519659926,8.09689075475854,56028600.0,-0.011309187784156793,-0.011373622914942514,0.2012472534650158,-0.04174286245104659
2021-07-06,7.722888946533203,8.038279550227232,7.722888946533203,8.010369282488504,97839700.0,-0.04090104210648371,-0.04176102079504617,0.2466312274107183,-0.08093657798277484
2021-07-07,7.828948497772217,7.856859294833832,7.650320248344559,7.856859294833832,73793500.0,0.013733144678536924,0.01363969960498121,0.25260054922391584,-0.0683149470394611
2021-07-08,7.67264986038208,7.725680329034224,7.611246524079876,7.647530192723394,80574200.0,-0.01996419282035289,-0.02016617004659824,0.2613625544322009,-0.08691528708460601
2021-07-12,7.739633560180664,7.753589223422825,7.614035785125933,7.69776763516242,53001200.0,0.008730191135719156,0.008692303369033028,0.26403975538726504,-0.07894388301775142
2021-07-13,7.787083148956299,7.806620548649873,7.641947419298022,7.692186751283904,41594300.0,0.006130728077328618,0.0061120116219937895,0.2639746759021375,-0.07329713842057303
2021-07-14,7.722888946533203,7.8708158143779325,7.686605279060317,7.842905014284971,51654600.0,-0.008243677535625049,-0.008277844549409661,0.26156477494655267,-0.08093657798277484
2021-07-15,7.558216094970703,7.711724702706464,7.5135590260892355,7.672649900523743,67982600.0,-0.021322700961072583,-0.02155331383426148,0.2689792343519095,-0.10053349249470815
2021-07-16,7.446573257446289,7.64194779637665,7.418662456926454,7.600081861774019,69024100.0,-0.014771056572291164,-0.014881234941840389,0.24594808652211889,-0.11381956316195
2021-07-19,7.323766231536865,7.382378967280212,7.2177058258238285,7.248407228018673,80087700.0,-0.0164917501867885,-0.016629252969382138,0.2481037607300466,-0.1284342295467022
2021-07-20,7.42145299911499,7.519140526976741,7.231660209521691,7.309810338281932,63408800.0,0.013338324093070675,0.013250151829738474,0.237754556516652,-0.11680900283196932
2021-07-21,7.524723529815674,7.602873671756126,7.421454250761304,7.477275856769382,51116600.0,0.013915136390811655,0.013819209744350606,0.24419647255549704,-0.1045192796472392
2021-07-22,7.507978439331055,7.597292597078392,7.454947958535683,7.535889246715691,37736500.0,-0.0022253429535675773,-0.0022278227087515973,0.24104221652312213,-0.10651203135833179
2021-07-23,7.463318347930908,7.583334398592979,7.446572083201411,7.563797001016206,34025500.0,-0.005948351045627853,-0.005966112956790145,0.23338786896735253,-0.11182681145085739
2021-07-26,7.667067050933838,7.667067050933837,7.457736856833509,7.463319123107862,46802600.0,0.027300015020720103,0.026934015861632576,0.2536037684174389,-0.08757967006246493
2021-07-27,7.577751636505127,7.647528356053708,7.507974916956545,7.633573225085641,51901800.0,-0.011649228294909997,-0.011717612153076663,0.2554722125434122,-0.09820866278682443
2021-07-28,7.734052658081055,7.78708312304013,7.591708594400412,7.655903059566853,46727100.0,0.02062630567396284,0.020416464030408966,0.26794117383602484,-0.07960803901133366
2021-07-29,7.761962890625,7.792664820574355,7.675439899004482,7.759171757688316,43916600.0,0.0036087461228728746,0.0036022502219306488,0.26579190428819804,-0.07628657809059237
2021-07-30,7.51076602935791,7.7675443778981,7.488437500456769,7.703349923851583,74150400.0,-0.032362543445097924,-0.03289779021119409,0.2847532061354137,-0.1061802938379557
2021-08-02,7.371213912963867,7.650320840474364,7.36004991268764,7.591708641227183,70528800.0,-0.018580277410927826,-0.01875505914649045,0.28782864193992924,-0.12278771193380049
2021-08-03,7.494022369384766,7.499604636638003,7.198169125569158,7.3572600158062835,71850400.0,0.016660547078265253,0.016523282665814622,0.2965215521021134,-0.10817287531084079
2021-08-04,7.334929943084717,7.47169226802277,7.242824682111979,7.410288405804815,87970600.0,-0.021229243583524293,-0.02145782483534901,0.26937418691981124,-0.127105690575261
2021-08-05,7.912680149078369,8.088517249122722,7.83173889840355,8.02432279453146,223915900.0,0.07876696989292298,0.07581869436284441,0.3847394775200365,-0.058350450785098894
2021-08-06,7.923844814300537,7.965711275678698,7.820575558198304,7.954546744016743,51106100.0,0.0014109840170233312,0.0014099895144500938,0.37688710635779304,-0.05702179832151937
2021-08-09,7.868025302886963,7.873607037463254,7.722889556817913,7.801039696783003,75381900.0,-0.007044498311329139,-0.007069427936348131,0.3771118187310094,-0.0636646066708636
2021-08-10,7.893144607543945,8.03269808024367,7.881980074197927,7.898726341862704,84380900.0,0.0031925805637362803,0.003187495099369998,0.3767104421705453,-0.06067528049298261
2021-08-11,8.001994132995605,8.091308247879793,7.8066191074208575,7.859649562766138,97863500.0,0.013790387844614616,0.013696165697901634,0.3778563405556736,-0.04772162829894692
2021-08-12,8.122013092041016,8.147132762419783,7.954548800300667,7.999205873784185,95319300.0,0.014998631222500114,0.01488726394358039,0.3700771470181696,-0.03343875618063999
2021-08-13,8.191789627075195,8.264357502724565,8.099684348819132,8.110848350728261,85201800.0,0.00859103946810369,0.008554346492631633,0.3638544862371709,-0.02513499038664842
2021-08-16,7.993623733520508,8.16108802792169,7.881981048037825,8.14992402555058,101262100.0,-0.02419079377962996,-0.024488197108760452,0.37098403393971924,-0.048717748797181944
2021-08-17,7.993594646453857,8.171032473637652,7.822070999864718,7.937405700346404,93623700.0,-3.638783563020276e-06,-3.638790183409245e-06,0.3697601581624685,-0.048721210307401404
2021-08-18,7.922621250152588,8.076400698632522,7.881218591969211,7.993596510388225,86103100.0,-0.00887878350608573,-0.00891843478224131,0.3703261169262234,-0.05716740873501322
2021-08-19,7.878260612487793,7.946279058531165,7.72743798457434,7.765883266780749,80808200.0,-0.005599237457418638,-0.005614971949061892,0.37110327774879504,-0.062446552296099175
2021-08-20,7.866432189941406,7.875303744818686,7.739267972128996,7.807285858473841,88445600.0,-0.001501400261834096,-0.0015025284926326302,0.3701044143609932,-0.0638541952879653
2021-08-23,7.990639209747315,8.076400771785883,7.916706575824548,7.966980789454478,70161500.0,0.015789498568961058,0.015666141242340045,0.36237101126786836,-0.04907292244412573
2021-08-24,8.15624713897705,8.171033438300988,8.055698724203012,8.070485587588113,49831400.0,0.020725241733817734,0.02051339594794957,0.36416592877792475,-0.02936472889054739
2021-08-25,8.200606346130371,8.23017950792026,8.097100561896333,8.171033184340482,46031200.0,0.005438678646866535,0.005423942440336584,0.3588764728108758,-0.02408575556766895
2021-08-26,8.129632949829102,8.244967686638748,8.12371820331033,8.156248745102292,41061300.0,-0.008654652266628982,-0.00869232126844387,0.36121634460637947,-0.03253195399528077
2021-08-27,8.425360679626465,8.425360679626465,8.182861794348076,8.191733911148901,76465300.0,0.036376516827070215,0.0357305110421943,0.3545697626733621,0.0
2021-08-30,8.369173049926758,8.490422511620803,8.357344123061111,8.398746213182637,61054000.0,-0.006668869361946217,-0.006691205631724564,0.3459957835805738,-0.006668869361946187
2021-08-31,8.040912628173828,8.348472061564706,7.981766301260378,8.339600507370513,110574300.0,-0.03922256354297782,-0.04001249261262102,0.3804308197741277,-0.04562986275261525
2021-09-01,7.996554374694824,8.085273314424743,7.786585390044164,8.079358568026413,69430400.0,-0.005516569515204184,-0.00553184197844633,0.3706353750951085,-0.05089471195797538
2021-09-02,7.866432189941406,8.088230086852942,7.825029532289622,7.984724288815315,56052000.0,-0.0162722816173414,-0.016406129181584704,0.26385789849044183,-0.06633882048950318
2021-09-03,7.786584377288818,7.919663333636161,7.718566494738484,7.881218051108623,58182700.0,-0.010150448224124697,-0.010202315304949491,0.26607412670196023,-0.07581589995099965
2021-09-06,7.825029373168945,7.898962003969384,7.733353068913542,7.751096742368508,26770700.0,0.004937337607521464,0.004925188927875037,0.2657760409837872,-0.07125289103755438
2021-09-08,7.384391784667969,7.792500268066006,7.331160758367647,7.774756592632566,80378400.0,-0.05631130152838382,-0.05795893579045062,0.33486174636175875,-0.12355184953395337
2021-09-09,7.541128635406494,7.653505990413846,7.138934927685221,7.416921788260879,156617100.0,0.021225424558858563,0.021003302823077923,0.3407427406276757,-0.10494886543648513
2021-09-10,7.493812561035156,7.73039678737308,7.490855187698271,7.694909435453035,78379900.0,-0.0062744022359177976,-0.006294169024191427,0.3342567034432699,-0.11056477627645116
2021-09-13,7.757010459899902,7.804327292214734,7.5825294292160335,7.629846261530865,63317900.0,0.03512202856971225,0.03451932176715987,0.3590073992051508,-0.07932600693792417
2021-09-14,7.653505802154541,7.762926345497054,7.606188962887837,7.674207412887289,65497300.0,-0.013343369624216894,-0.013433192300311021,0.3521997883259199,-0.09161090033075518
2021-09-15,7.786584377288818,7.825029095755168,7.650548612188149,7.6889933306544975,67274100.0,0.017387923727295584,0.01723848359684007,0.3588637922370192,-0.07581589995099965
2021-09-16,7.71856689453125,7.75996898795659,7.544085837865579,7.712652148595854,65567700.0,-0.008735214243096756,-0.008773589870022426,0.35882343838330844,-0.08388884606499128
2021-09-17,7.372562408447266,7.694908740248268,7.325245567454572,7.680121874899777,131694100.0,-0.04482755553095419,-0.0458633846775742,0.3921317343015267,-0.12495586969053943
2021-09-20,7.2897562980651855,7.289756298065186,7.035428466074847,7.121190012891027,80260600.0,-0.011231659468518451,-0.011295210862212773,0.39307026974263265,-0.1347840673821012
2021-09-21,7.455367088317871,7.479026074430951,7.25427078290817,7.416922364006667,64570200.0,0.022718288990901003,0.022464071715692497,0.3982435592656573,-0.11512784178535583
2021-09-22,7.644634246826172,7.754054226100252,7.5470431953373796,7.550000568299006,70231800.0,0.02538669877233435,0.025069808537995175,0.40219135465143735,-0.09266385885273533
2021-09-23,7.937406063079834,7.969936596111996,7.662376628690781,7.674206118542885,84480600.0,0.038297687868482644,0.03758253348137721,0.4268236299426558,-0.057914982527283825
2021-09-24,7.955151081085205,8.002467920384976,7.827986863944113,7.8516452835939985,44821500.0,0.0022356192771730843,0.002233123998699925,0.4261877320331647,-0.05580883910148596
2021-09-27,8.026126861572266,8.120760546321103,7.836859492074594,8.026126861572266,89178700.0,0.00892199026311613,0.00888242447091862,0.40558494669976697,-0.047384774757429034
2021-09-28,7.972896099090576,8.247925626430565,7.901920828174017,8.040914560605927,117874300.0,-0.006632185536033508,-0.006654276205645874,0.40557981847779334,-0.0537026956756881
2021-09-29,8.100058555603027,8.141461210908131,7.931492253754296,8.0468269731116,58731700.0,0.015949343241404623,0.015823488898922648,0.3848458249916673,-0.03860987516060377
2021-09-30,8.052741050720215,8.156246834304872,8.034997379382062,8.141460535533268,65744000.0,-0.005841625039868625,-0.005858754071583834,0.38491402172102146,-0.044225955786947976
2021-10-01,8.280454635620117,8.280454635620117,8.005425159258657,8.020212023830418,60983200.0,0.02827777317880309,0.027885337905912664,0.39139487573134896,-0.01719879415450402
2021-10-04,8.514082908630371,8.519997091015625,8.197650742476682,8.209480235369725,106937000.0,0.028214425812473243,0.02782373070275288,0.3981599730733086,0.0
2021-10-05,8.70039176940918,8.715178069527134,8.546611766313205,8.576184930610307,100469100.0,0.021882434406406137,0.021646450337108217,0.4028126385530866,0.0
2021-10-06,8.469722747802734,8.626460141926248,8.419448531880947,8.561399624170337,84599400.0,-0.026512486761513854,-0.026870280920366817,0.3496665817563052,-0.026512486761513892
2021-10-07,8.457892417907715,8.570269759788506,8.354386630033124,8.487465580737764,60551100.0,-0.0013967788848918694,-0.0013977552898389613,0.34667447286390946,-0.027872233564711343
2021-10-08,8.611675262451172,8.756583187792293,8.49042519832763,8.576187342502099,84170500.0,0.018182170799176278,0.018018851823237904,0.3462259392832068,-0.010196840476763072
2021-10-11,8.670819282531738,8.827556670708866,8.62054506851728,8.724050869613073,76466700.0,0.006867887870603662,0.006844411356783999,0.33058320008988784,-0.003398983363188207
2021-10-13,8.762494087219238,8.783195695133816,8.599842544889817,8.626458333861706,55605400.0,0.010572796145364105,0.010517294995019862,0.3231732282293977,0.0
2021-10-14,8.777280807495117,8.936974974672294,8.724049230415682,8.830512384574554,76172700.0,0.0016875013128336835,0.001686079082279095,0.3211979456995255,0.0
2021-10-15,8.753623008728027,8.824598261818382,8.727007218311497,8.812768770939403,72479900.0,-0.0026953448665887336,-0.00269898384890936,0.31820496335340603,-0.002695344866588741
2021-10-18,8.709263801574707,8.765452192714847,8.573227472781154,8.694476937542154,68971300.0,-0.005067525424511721,-0.005080408874713487,0.2564928291724979,-0.007749211562461225
2021-10-19,8.28341293334961,8.670819803403084,8.239053462804158,8.647161381508091,111484000.0,-0.048896310632834505,-0.05013219044847089,0.32405609233474936,-0.05626661433957803
2021-10-20,8.428321838378906,8.517040790000465,8.26567023905227,8.360303937864956,56063300.0,0.0174938646902274,0.017342608527959456,0.32118377815832483,-0.039757070187184516
2021-10-21,8.117804527282715,8.333687712134248,7.961067119124875,8.239054018175292,101567700.0,-0.03684212789338803,-0.037537942814932834,0.3479921736508463,-0.07513446301606994
2021-10-22,8.037956237792969,8.209479929931588,7.62097621786872,8.014297816948375,138384700.0,-0.009836192682564415,-0.009884887604014287,0.3254961178442166,-0.08423161864330724
2021-10-25,8.588013648986816,8.667860452122804,8.176947886783708,8.209478420988718,135830600.0,0.06843249638603166,0.06619261772712222,0.40026601318500865,-0.021563302195673324
2021-10-26,8.505210876464844,8.644204035020499,8.457894032528397,8.51703980541832,57865600.0,-0.009641667550416733,-0.009688449373037386,0.40257687607119763,-0.030997063555030256
2021-10-27,8.48451042175293,8.593930419493507,8.419449333739417,8.525912522080572,57579200.0,-0.002433855551917663,-0.0024368221929027844,0.40152648084121506,-0.03335547673172132
2021-10-28,8.56435489654541,8.650117011166158,8.354386515057913,8.437191257030237,89578000.0,0.009410616620585621,0.009366612622414604,0.399463698704943,-0.024258755714854745
2021-10-29,8.029082298278809,8.632372739143273,7.975850722430636,8.61462850448647,157340000.0,-0.06250004871733117,-0.06453857310272577,0.4652037510967413,-0.08524263101818562
2021-11-01,8.280454635620117,8.375088312634555,8.094144654505596,8.19469251328753,102157200.0,0.03130772957641681,0.0308276372952343,0.46766600995688823,-0.05660365468206839
2021-11-03,7.940365314483643,8.236095862031926,7.925578448669476,8.194693201813513,83475800.0,-0.04107133437740351,-0.04193859099192904,0.4780628520749012,-0.09535020143104157
2021-11-04,7.68899393081665,8.055699727522097,7.644634463258801,7.990639212708,92603400.0,-0.031657407903950885,-0.03216933686497315,0.4787013463197503,-0.12398906911456611
2021-11-05,7.644634246826172,7.8486884686886365,7.6239332001560065,7.774755836831635,86264000.0,-0.005769244245686034,-0.005785950621699198,0.47242335354910436,-0.12904299013673495
2021-11-08,7.724481582641602,7.88417577327332,7.606188921064074,7.632804713512897,59704100.0,0.010444886339536774,0.01039071539395388,0.4755000020473441,-0.11994594316209033
2021-11-09,7.878260612487793,7.9699374767885,7.748139594103045,7.748139594103045,73021700.0,0.019908006537521228,0.019712433559750116,0.47660216489736185,-0.10242582124518913
2021-11-10,7.816158771514893,7.964024051145333,7.736311385139747,7.866432989151693,68176300.0,-0.007882684265923201,-0.007913916860936591,0.47483912627960084,-0.10950111510155866
2021-11-11,7.822072982788086,7.94923664075662,7.75996927628137,7.94923664075662,60848900.0,0.0007566646796821619,0.0007563785532888157,0.47181151298052304,-0.10882730604805965
2021-11-12,7.981766700744629,8.032040911918912,7.688993552398345,7.780669856047495,85962500.0,0.02041577959038965,0.020210171288245805,0.4801536324970585,-0.0906333207513631
2021-11-16,8.064571380615234,8.15033293772951,7.875303465078776,8.061614007740785,60978200.0,0.010374229537788882,0.010320786520833526,0.483106472356669,-0.08119934208682081
2021-11-17,7.860516548156738,8.11484495479696,7.833900758435731,8.100058091584646,82106800.0,-0.02530262587159704,-0.02562824167317212,0.48912829014346915,-0.1044474113845752
2021-11-18,7.848688125610352,7.910791262906224,7.703779677130931,7.893047589973288,63993000.0,-0.0015047894720303656,-0.0015059228048021017,0.45933422495422954,-0.10579502949157323
2021-11-19,7.71856689453125,7.771798479827384,7.623933215809778,7.718566894531251,85893800.0,-0.016578723602803658,-0.016717688691061917,0.45552275879238,-0.12061980654188569
2021-11-22,7.79545783996582,8.023169945338006,7.774756790755739,7.777713600018933,59195200.0,0.00996181629118853,0.009912524486227814,0.4406339227739701,-0.11185958260454607
2021-11-23,8.221308708190918,8.29524134248782,7.836859235471526,7.869389775061759,108382300.0,0.054628076627114996,0.05318817077057548,0.48076492288470407,-0.06334217982742926
2021-11-24,8.389874458312988,8.410575502878459,8.135546050083123,8.21539341974522,64263300.0,0.020503517883244893,0.020296150477151415,0.4224481717306821,-0.04413739946103968
2021-11-25,8.759539604187012,8.809813822918267,8.446064798422098,8.59097270792718,104052200.0,0.044060867383747926,0.043117789852658656,0.4490670498450314,-0.002021264181608028
2021-11-26,8.419445991516113,8.62350016681391,8.301153920351117,8.395787577283114,108871800.0,-0.038825512302990806,-0.03959931761001498,0.4721407761113463,-0.04076829986724826
2021-11-29,8.715178489685059,8.818684287684324,8.519996385600146,8.682648515045054,84672200.0,0.03512493559159835,0.034522130148900244,0.487234255191219,-0.00707534818266587
2021-11-30,8.703349113464355,8.76545225062783,8.53478281080785,8.664903830786898,129384600.0,-0.0013573303443760176,-0.0013582523516146063,0.4219805470609899,-0.00842307494225658
2021-12-01,8.753623008728027,9.070054556945466,8.718135100152264,8.824598261818382,135078600.0,0.005776384999413242,0.005759765656684471,0.4100821148669211,-0.002695344866588741
2021-12-02,9.421530723571776,9.46471799652106,8.703952991296429,8.966400091682958,191410300.0,0.07630071733473032,0.07352989977003623,0.44631429116430704,0.0
2021-12-03,9.554417610168455,9.614215874143438,9.375022818243515,9.461398018024695,105133000.0,0.014104596216431009,0.01400605193639077,0.4197425317690722,0.0
2021-12-06,9.597603797912598,9.723844703817926,9.5278395869997,9.561060911377105,66142300.0,0.004520023041297838,0.004509838415447804,0.41590032778174335,0.0
2021-12-07,9.753745079040527,9.823509298870142,9.56770589220661,9.72716814287056,98989300.0,0.016268777542358004,0.01613785899563348,0.41622004934017476,0.0
2021-12-08,9.750421524047852,9.989613916245013,9.7072336127625,9.753743719811652,71167700.0,-0.00034074655075999605,-0.0003408046180571189,0.41716196282933654,-0.0003407465507600408
2021-12-09,9.730488777160645,9.796930790098232,9.564382794350614,9.667368326272502,67668200.0,-0.002044295914596761,-0.002046388339667,0.4142064114507297,-0.002384345878575138
2021-12-10,9.85008716583252,9.9995828419429,9.793611091929064,9.800255485010458,38517500.0,0.012291097745531054,0.01221617549670433,0.41245832879321787,0.0
2021-12-13,9.790287971496582,9.982970917164488,9.730490340339625,9.856730628752056,45448700.0,-0.006070930472916625,-0.006089433496375413,0.41566684461838244,-0.006070930472916615
2021-12-14,9.674013137817385,9.916527731178252,9.63746961724594,9.836796932003889,56833800.0,-0.011876548883722249,-0.01194763851738724,0.4230396260669115,-0.017875377654107627
2021-12-15,9.733811378479004,9.733811378479004,9.497941161854284,9.66736935844747,55085100.0,0.006181327212370302,0.006162301173178796,0.4030041024359484,-0.011804544000061964
2021-12-16,9.863375663757324,9.959716826045366,9.800255198617046,9.840120922296215,56545700.0,0.013310745425453963,0.013222935803014157,0.4004768154749321,0.0
2021-12-17,9.630824089050291,9.846761723870545,9.561059885622024,9.74045400418328,93593700.0,-0.023577280500583275,-0.02385967209473833,0.40786744955733795,-0.02357728050058326
2021-12-20,9.355088233947754,9.484650688532858,9.19562665389778,9.448107805798902,106282500.0,-0.02863055669514658,-0.029048405911914942,0.4320592798581954,-0.051532806529640464
2021-12-21,9.368377685546877,9.541127426129409,9.341800753638484,9.484651366618568,40454500.0,0.001420558659286364,0.001419550620373472,0.3999073600210615,-0.05018545324490707
2021-12-22,9.355088233947754,9.43481902397274,9.291967787561472,9.43481902397274,33734500.0,-0.0014185435349841624,-0.0014195506203734671,0.3974143726757442,-0.051532806529640464
2021-12-23,9.411564826965332,9.4414639541379,9.351766572620198,9.411564826965332,28713600.0,0.006036992020303611,0.006018842393448303,0.3717606479262602,-0.045806917651140214
2021-12-27,9.551095008850098,9.56106159697121,9.35176768193658,9.408243747334676,44227900.0,0.014825396674206015,0.01471657471502278,0.3363804517627427,-0.03166062670153509
2021-12-28,9.56105899810791,9.727164953111316,9.53448207065312,9.637467585334932,30688100.0,0.0010432300431080233,0.0010426862568098767,0.31971250599486334,-0.03065042597538564
2021-12-29,9.481328010559082,9.6009238646955,9.441462303417664,9.53448186431836,35508400.0,-0.008339137700604793,-0.008374102831113337,0.32241437354276825,-0.038733965553199474
2021-12-30,9.451430320739746,9.534483309028692,9.431497147326708,9.484651009140112,43229100.0,-0.003153323014037701,-0.003158305213466083,0.32342428428258585,-0.041765147862233294
2022-01-03,9.66404628753662,9.707233564965277,9.478007761188197,9.481329956935635,52704700.0,0.022495639239948684,0.022246344123719286,0.2071974431814461,-0.020209042321396586
2022-01-04,9.700589179992676,9.767031189714045,9.604247410477278,9.687300397861996,51739200.0,0.0037813242371556033,0.003774193002017188,0.20197363987655692,-0.01650413502578052
2022-01-05,9.325190544128418,9.723845189271618,9.282003263832548,9.697268255171675,78459800.0,-0.038698539738030724,-0.039467224862348084,0.2465484982366016,-0.05456398883867429
2022-01-06,9.3185453414917,9.517872646722097,9.24878113316528,9.398276770499086,61163100.0,-0.0007126077054696589,-0.0007128617310281557,0.23771188496496595,-0.05523771382525635
2022-01-07,9.361732482910156,9.398275998734,9.242135982864104,9.338477748710975,47507600.0,0.004634536811895185,0.004623830412887478,0.23889992528269918,-0.05085917823148931
2022-01-10,9.305256843566896,9.38166544038672,9.208915073420496,9.298612452458038,37455200.0,-0.006032605550987058,-0.006050875228750489,0.23932518041360032,-0.05658497042155848
2022-01-11,9.580992698669434,9.657401295174443,9.2521029438642,9.335155931450691,73623800.0,0.029632266979622957,0.029201716144011278,0.2596585852229338,-0.02862944439250127
2022-01-12,9.873339653015137,9.936460105583995,9.617536914245864,9.617536914245864,81378200.0,0.03051322170262205,0.03005695164221759,0.2817347230199579,0.0
2022-01-13,10.072667121887209,10.175652658161257,9.800253399949623,9.810219987451266,76717500.0,0.02018845455308549,0.019987369596040205,0.2859119521355368,0.0
2022-01-14,10.448065757751465,10.497897421981143,10.046088981191549,10.05937776292959,96458800.0,0.037269040197758674,0.036591336483436876,0.31105718265856297,0.0
2022-01-17,10.464674949645996,10.567660462206344,10.381621973855156,10.431453632600876,35675900.0,0.0015896905972485609,0.0015884283766674705,0.30898859257448913,0.0
2022-01-18,10.511186599731444,10.624138720993423,10.288604552967437,10.484609667295924,78198800.0,0.004444634000506653,0.004434785785166509,0.29228862127316735,0.0
2022-01-19,10.461355209350586,10.700547607643273,10.444744863752344,10.597562070917206,77480200.0,-0.004740795904254136,-0.0047520691206139835,0.2670774544142511,-0.0047407959042541185
2022-01-20,10.537764549255373,10.630784138579823,10.33511565749169,10.464678136414516,85353100.0,0.007303961903185385,0.007277417149655286,0.26667385698681534,0.0
2022-01-21,10.554373741149902,10.59091662455584,10.474642949658756,10.487931098085278,61345400.0,0.0015761589487879313,0.0015749181139362023,0.2657969289985083,0.0
2022-01-24,10.61417293548584,10.713836275286695,10.31186008662664,10.527797745291204,79117100.0,0.00566582118489789,0.005649830790759146,0.2658003803318622,0.0
2022-01-25,10.959673881530762,11.039404047803986,10.49125440234503,10.531120119125712,98358500.0,0.032550906052211115,0.03203234832019309,0.28004596395590997,0.0
2022-01-26,11.252019882202148,11.384905186720523,11.06265914700078,11.06265914700078,98679900.0,0.026674698885342574,0.026325131876388682,0.28734301563997244,0.0
2022-01-27,11.255340576171877,11.507821086103895,11.01946914204292,11.378258635790887,90631000.0,0.0002951198099978569,0.0002950762707127234,0.28233807082502826,0.0
2022-01-28,10.81017780303955,11.41148065740208,10.70387007407088,11.228764327442684,117400500.0,-0.03955124859346837,-0.040354654358878264,0.3297357959056776,-0.039551248593468424
2022-01-31,10.74705696105957,10.96299525326643,10.654038012927687,10.796889264580576,62450300.0,-0.005839019776550991,-0.005856133503302542,0.32726049897608334,-0.045159327847294865
2022-02-01,10.962992668151855,11.06930037446,10.61417042762277,10.747054426864038,57315200.0,0.020092543277168584,0.01989335188368632,0.33123429391863374,-0.02597415031926591
2022-02-02,10.803534507751465,11.125780556734082,10.750380637873857,11.099202988151168,36271700.0,-0.01454513062510987,-0.014651948085467641,0.29575172145426487,-0.040141483535105826
2022-02-03,10.654037475585938,10.936417135194684,10.50454247349496,10.74705641902636,51087800.0,-0.013837789110430876,-0.013934423823675907,0.3041417172417492,-0.05342380326179807
2022-02-04,10.84007740020752,11.039404083829194,10.59091777839228,10.766990358145105,59346800.0,0.017461917610849254,0.017311210224705272,0.3063214083546324,-0.03689476770196455
2022-02-07,10.680615425109863,10.889908055382882,10.673971033583848,10.81349945376586,48868100.0,-0.014710409272041147,-0.014819680280752005,0.3129126394533871,-0.0510624398411129
2022-02-08,10.574307441711426,10.61417315865641,10.384946711921916,10.5975621792443,62590000.0,-0.009953357476808922,-0.010003223303526085,0.30672489823866284,-0.06050755460054514
2022-02-09,10.61417293548584,10.86000908917541,10.514508962040924,10.544408090709991,50960500.0,0.0037700335453800804,0.0037629447799162963,0.29200593457312396,-0.05696563656575805
2022-02-10,10.776955604553224,10.92977407040354,10.610850256989227,10.730446132581063,49534600.0,0.015336349808581007,0.015219936721570975,0.2889354307423001,-0.042502931686617944
2022-02-11,11.215476989746094,11.26530929856018,10.840078327889469,10.886587806895545,88013400.0,0.040690655254030705,0.039884584332451976,0.29414566218718996,-0.003541748573133029
2022-02-14,10.962992668151855,11.27527139702105,10.903194424942548,11.248695104087926,55687000.0,-0.02251213406483521,-0.022769400565222992,0.3086434342806427,-0.02597415031926591
2022-02-15,10.79024600982666,10.856688665759073,10.594240871834584,10.850044273437009,65689000.0,-0.015757253840644636,-0.015882719102282908,0.3151595393280499,-0.04132212288003486
2022-02-16,10.939739227294922,11.19554257180653,10.88658536786965,10.906518540387117,65811600.0,0.013854477213227412,0.013759381273507188,0.31727975319300095,-0.028040142076651047
2022-02-17,10.896551132202148,11.059335536728764,10.81349814907974,10.91316147536904,43255200.0,-0.0039478176029111856,-0.0039556308050012695,0.3174177670436882,-0.03187726231308395
2022-02-18,10.962992668151855,10.992891789756513,10.720478133930914,10.82014145018382,60304700.0,0.006097483060796716,0.006078968633777136,0.317801518397158,-0.02597415031926591
2022-02-21,11.245372772216797,11.295205066188664,10.962993152477232,10.979603494705229,51263800.0,0.025757574834951003,0.02543143699234684,0.3284758604155777,-0.0008856066049375925
2022-02-22,11.20883083343506,11.52110958465891,11.032757652586538,11.368292404312426,80206700.0,-0.0032495088888487844,-0.0032548000083273,0.3103317303331347,-0.004132237707251602
2022-02-23,11.368291854858398,11.494531466979936,11.228762195029528,11.355003074438915,86530100.0,0.014226374168095912,0.014126128939196814,0.3000431643475455,0.0
2022-02-24,11.092555046081545,11.723758157752895,10.856684903190134,11.5609737704986,139674100.0,-0.024254902345686502,-0.02455389711613644,0.3129702197315219,-0.0242549023456865
2022-02-25,11.295207977294922,11.295207977294922,10.92977528494478,11.11249163111985,86189100.0,0.018269274335038332,0.018104396250160817,0.2820670931497773,-0.006428747475571112
2022-03-02,11.517788887023926,11.723761229730975,11.42476993695503,11.713794008446346,58071800.0,0.019705782326135513,0.01951413698698471,0.28679942967838884,0.0
2022-03-03,11.374938011169434,11.604163806200358,11.348360446203966,11.567620288016863,69237400.0,-0.01240263016241161,-0.01248018470057588,0.28521877177626326,-0.01240263016241161
2022-03-04,11.371615409851074,11.52111104755837,11.23540855489289,11.321784375474026,55418000.0,-0.000292098411006414,-0.00029214108005651366,0.2786830889546543,-0.012691105784855312
2022-03-07,10.564340591430664,11.494533871485215,10.507864530121664,11.46131318077503,110954100.0,-0.07099033772467178,-0.07363613949544469,0.3856160918101906,-0.08278049762376072
2022-03-08,10.783597946166992,10.95302672447606,10.467997022046491,10.6307807766517,111633500.0,0.02075447613968251,0.020542036355797683,0.387751370172274,-0.0637440873468415
2022-03-09,10.816821098327637,10.903195644128395,10.544406778396995,10.830108612636083,87779300.0,0.0030808967773556795,0.0030761605402908655,0.38402518828611787,-0.060859579522768256
2022-03-10,11.19554328918457,11.494533292377149,10.803533075571323,10.830109373342903,136437700.0,0.035012337489383816,0.03441334692588432,0.399750717647028,-0.027978078171097674
2022-03-11,10.79356575012207,11.421446071020338,10.654036085873626,11.265306064365337,92153700.0,-0.03590513909680737,-0.03656558578634265,0.42346340182443787,-0.0628786604795104
2022-03-14,10.587594985961914,10.926450688932848,10.471320678263377,10.773633498093172,52274100.0,-0.01908273585657516,-0.01926716125741762,0.4256176308032797,-0.08076149946713981
2022-03-15,10.331792831420898,10.477966281833668,10.122498926613789,10.345080981288929,66272000.0,-0.024160553447707733,-0.0244572075842047,0.404631751365296,-0.10297081039045473
2022-03-16,10.242095947265623,10.477966797050993,10.089278731226626,10.46467801288546,72034900.0,-0.0086816378937149,-0.008719542856203468,0.39907072295136864,-0.11075849299473729
2022-03-17,9.969680786132812,10.431455198062922,9.80025261405592,10.3816235318389,178319300.0,-0.02659759902030001,-0.026957714994804004,0.4055487406288096,-0.13441018203027055
2022-03-18,10.169008255004885,10.23877246215827,9.91984928606731,9.996257884466932,93097100.0,0.01999336519874584,0.01979612256791209,0.40959193552246004,-0.1171041286872859
2022-03-21,10.551051139831545,10.660681053120928,10.178973493539226,10.268670868133444,67700800.0,0.037569335695900374,0.03688080047612899,0.4341077308201622,-0.08393431731341412
2022-03-22,10.50454044342041,10.664001367980784,10.414843079314036,10.627458490253076,56128600.0,-0.004408157613372876,-0.004417902187769454,0.4332396704841358,-0.08797247922689858
2022-03-23,10.64739227294922,10.786921944765506,10.527796407118656,10.607527195553692,52956100.0,0.013599055598694676,0.013507418294577873,0.4251688559705054,-0.07556976626436557
2022-03-24,10.770312309265137,10.830110569968408,10.521153945741665,10.647394225503165,49402800.0,0.011544614227110506,0.011478483649627171,0.42813472982670825,-0.06489757583601005
2022-03-25,10.730446815490724,10.813499811380415,10.604206540541782,10.680615778329797,51780100.0,-0.003701424121203778,-0.0037082913423689377,0.4238869876562547,-0.0683587865046068
2022-03-28,10.49789810180664,10.65736032476969,10.29192640703655,10.65071593347039,68610500.0,-0.02167185744291389,-0.02191014113593855,0.42219518619480784,-0.08854918207142222
2022-03-29,10.730446815490724,10.883264023778604,10.604206540541782,10.67397138658404,93809000.0,0.022151930932160946,0.02191014113593854,0.4248965417848701,-0.0683587865046068
2022-03-30,10.959673881530762,10.959673881530762,10.757024369046755,10.796889452183366,69648400.0,0.021362303917216163,0.021137328262136656,0.4260527226364815,-0.04845678376011414
2022-03-31,11.112491607666016,11.152356692661044,10.796889955508885,10.820144694030002,94269500.0,0.01394363808514254,0.013847319881694985,0.42810402862436486,-0.03518880953049268
2022-04-01,10.966317176818848,11.225443389463983,10.933096484902164,11.14571195466052,72545400.0,-0.013154064453585579,-0.013241345403853124,0.43021540643466494,-0.04787999811546924
2022-04-04,10.863330841064451,10.92977348343708,10.713835212548044,10.92977348343708,56053000.0,-0.00939115056530504,-0.009435525459165296,0.33868340236231986,-0.056821500409405354
2022-04-05,10.76034450531006,10.982927163509778,10.76034450531006,10.850041880946844,45847200.0,-0.009480180366512658,-0.009525403317840095,0.33290625506787624,-0.06576300270334101
2022-04-06,10.750380516052246,10.889908947666768,10.644072777501696,10.830110686321056,56947100.0,-0.00092599165880769,-0.000926420653934833,0.33270161951052574,-0.06662809837018725
2022-04-07,11.308496475219728,11.3151408671128,10.796889705046809,10.843399181010131,118469400.0,0.05191592598365369,0.050613192855394416,0.3590509864028422,-0.01817123180995171
2022-04-08,11.364973068237305,11.431415726678225,11.24537653650131,11.31846358751515,60772700.0,0.00499417346429154,0.004981743946264611,0.3313841707900071,-0.013267808629378958
2022-04-11,11.27859878540039,11.32842983002861,11.222122080742407,11.261988437190984,48125400.0,-0.007600042896565351,-0.007629070389567973,0.3236938897711112,-0.02076701561121766
2022-04-12,11.245372772216797,11.521109268895469,11.228762429988802,11.428090338588389,68522800.0,-0.0029459344920225172,-0.0029502822980388534,0.30797654117640993,-0.023651771835654676
2022-04-13,11.484567642211914,11.560976242842775,11.328427611586015,11.4181249950974,101438800.0,0.02127051497893251,0.021047455096978133,0.30948964951775965,-0.002884342223830753
2022-04-14,11.36472511291504,11.655475713703009,11.32474664535515,11.48465982239059,119382100.0,-0.010435092815892166,-0.01048992014934281,0.2914173519337061,-0.013289336660904452
2022-04-18,11.16483211517334,11.40833597377282,11.073972476788516,11.324745272827752,76350600.0,-0.01758889861001034,-0.01774542137828005,0.29914777727128,-0.030644490475791854
2022-04-19,11.50282859802246,11.630032214003917,11.310206633128542,11.32474381293,88494100.0,0.030273315295961556,0.029824121697497864,0.2899786062058572,-0.0012988855020880834
2022-04-20,11.55734634399414,11.611862684506807,11.38653046423944,11.50283069668554,34694700.0,0.0047395078095011645,0.004728311704444372,0.2881355027566864,0.0
2022-04-22,11.106681823730469,11.375626265846789,11.019456655466044,11.28476662892084,74560900.0,-0.038993771307880065,-0.03977438856342158,0.3262693354835516,-0.038993771307880114
2022-04-25,10.943133354187012,11.06306803033396,10.73597352204264,10.892251493285574,66413900.0,-0.014725232264601318,-0.014834724694294539,0.3296023532094637,-0.053144811233100164
2022-04-26,10.924962997436523,11.113951216353648,10.86317841406762,10.94313534148858,48764100.0,-0.001660434554015211,-0.0016618146033352478,0.32931135239266873,-0.0547170023061773
2022-04-27,10.924962997436523,11.106682278732825,10.884985226930088,11.037629450947144,41881300.0,0.0,0.0,0.31818000566316157,-0.0547170023061773
2022-04-28,10.997652053833008,11.128490170880845,10.994017584670113,11.06670558151982,43298500.0,0.00665348307482061,0.006631446349620727,0.31001287600354743,-0.04842757788010585
2022-04-29,11.004920959472656,11.481025327132247,11.004920959472656,11.175736850396786,76243900.0,0.0006609506832975232,0.0006607323515936763,0.3009616599685671,-0.0477986354374987
2022-05-02,10.895889282226562,11.02309293344272,10.65965432608463,10.964942811721755,72456200.0,-0.009907538422821882,-0.009956944682089502,0.29850285687475203,-0.05723260704316516
2022-05-03,10.994016647338867,11.044897824873155,10.83773795267892,10.946769938657608,52531000.0,0.009005906959092425,0.008965595624992245,0.2968119516906795,-0.048742131618129785
2022-05-04,11.655473709106444,11.69181700805126,11.048531327794503,11.121219312092125,109417000.0,0.060165186481474286,0.05842473228603804,0.3590386344221766,0.0
2022-05-05,11.6336669921875,11.811752485839678,11.2738636159304,11.560979700504731,99439900.0,-0.001870942139563625,-0.0018726945379068187,0.356368667179319,-0.0018709421395636547
2022-05-06,12.015276908874512,12.037082330847142,11.59368762517016,11.8808036701402,129570200.0,0.032802203891797665,0.03227569444790048,0.3696434474379319,0.0
2022-05-09,11.688185691833496,12.008012058187486,11.6518423852423,11.884442874805826,92314500.0,-0.027222944549819328,-0.027600354139899076,0.3467654569827755,-0.027222944549819345
2022-05-10,11.789945602416992,11.938955346640846,11.702721130212195,11.760871240484724,60330600.0,0.008706219533678006,0.008668538950074887,0.3474813139645468,-0.01875373394774525
2022-05-11,12.20063304901123,12.324202221964551,11.880806709648253,11.913516237383195,108895400.0,0.034833701566022945,0.03424073899231462,0.363758415856636,0.0
2022-05-12,12.295126914978027,12.3859865532392,12.087965664247138,12.087965664247138,114415900.0,0.007744996967551154,0.007715158445683579,0.36305260341881157,0.0
2022-05-13,12.455037117004396,12.516820994324332,12.320565264996212,12.393251853276656,67000100.0,0.013005982218171841,0.012922130696465453,0.35925531156870666,0.0
2022-05-16,12.578608512878418,12.67673708833679,12.360544549723796,12.447770412267255,92075300.0,0.009921399247001306,0.009872505297116576,0.3555725465119541,0.0
2022-05-17,12.415058135986328,12.771227671830918,12.407789200184473,12.720346507625656,90914700.0,-0.013002263066271724,-0.013087532424913008,0.3519739946102168,-0.0130022630662717
2022-05-18,12.211535453796388,12.560437536276838,12.149751562087134,12.422330490845162,80986200.0,-0.016393212175141447,-0.016529067662631815,0.3475810876691762,-0.029182326384210724
2022-05-19,12.418694496154783,12.462308120045938,12.11340744736492,12.182460272247193,63983100.0,0.016964209221862703,0.01682192394160908,0.35101748009907935,-0.012713172252710547
2022-05-20,12.658565521240234,12.658565521240234,12.447770494112246,12.57133965812326,79589900.0,0.019315317335467208,0.019131144387735985,0.3149099296688725,0.0
2022-05-23,13.156476020812988,13.196454483847903,12.7748658138209,12.785768526863851,93807400.0,0.03933388018865913,0.038580008127047184,0.3237790773751285,0.0
2022-05-24,12.798240661621094,12.99669429830481,12.437783362550844,12.636237771725275,154453100.0,-0.027228823176143946,-0.027606397296503594,0.34755779974270284,-0.02722882317614393
2022-05-25,12.980494499206545,13.073646070622695,12.660538866627784,12.838742443786645,69991900.0,0.014240538399312053,0.014140094393726653,0.3469116627785952,-0.013376037878839913
2022-05-26,13.012895584106444,13.187048988599766,12.9399940871101,12.968344497610737,78303600.0,0.0024961364069666647,0.002493026233022693,0.34753673114000977,-0.010913289887003675
2022-05-27,12.393234252929688,13.020996574351248,12.381083745324736,13.020996574351248,118295600.0,-0.04761901970024196,-0.048790134854686494,0.4021972651319042,-0.05801262942112193
2022-05-30,12.14617919921875,12.50258635995255,11.793822980130749,12.490435852487495,98110100.0,-0.01993467150453765,-0.020136047809250213,0.40909740621775126,-0.07679083821503505
2022-05-31,12.174530029296877,12.401334874829336,12.073278114413355,12.316282864631962,83598000.0,0.0023341356662966994,0.002331415803173159,0.40901504086889245,-0.07463594278306095
2022-06-01,12.158330917358398,12.283883083702792,12.089479579848728,12.109729655149456,46353200.0,-0.0013305739030169406,-0.0013314599024850217,0.35743440891506684,-0.07586720804838366
2022-06-02,12.053028106689451,12.170479926904758,11.96797609602454,12.138079344863556,50738300.0,-0.008660959418254288,-0.008698683503061239,0.35926025778902626,-0.08387108465655461
2022-06-03,12.263632774353027,12.328433941067663,11.959877015694104,12.03277774887994,60396900.0,0.01747317485692168,0.017322274210101376,0.3461000464977256,-0.06786340392727663
2022-06-06,12.27173137664795,12.364883722410848,12.113778641752548,12.35273321492244,39213900.0,0.0006603754730700739,0.0006601575211354871,0.32922776665675824,-0.06724784378167911
2022-06-07,12.417535781860352,12.676740457688132,12.21503193574718,12.227182444610683,80333700.0,0.011881323078001493,0.011811294302877308,0.3302044099984386,-0.05616551406194672
2022-06-08,12.356783866882324,12.615988523502944,12.283882364085072,12.3203331154837,65923900.0,-0.004892429226318384,-0.004904436336819703,0.3089989245586902,-0.060783157485757196
2022-06-09,12.178579330444336,12.417533894334891,12.142128581885387,12.35678290423356,53879000.0,-0.014421595324297765,-0.01452659728332721,0.3123087863052678,-0.07432816271026232
2022-06-10,12.008478164672852,12.154281184041992,11.769523559591594,12.154281184041992,63101700.0,-0.013967242085968223,-0.014065701894831107,0.3116443267630418,-0.08725724535385104
2022-06-13,11.854571342468262,11.980123468456233,11.611566654514649,11.753319453528473,64507100.0,-0.012816513474401825,-0.012899353558443445,0.3107888727868441,-0.09895542516743605
2022-06-14,11.988226890563965,12.251481715067248,11.842423885766106,12.012527133866673,68816900.0,0.011274599834486754,0.011211515259817088,0.31225659141477624,-0.08879650815316371
2022-06-15,11.777621269226074,12.158328638966326,11.680419535514018,12.150228301367644,72785700.0,-0.017567703986622107,-0.01772384752316563,0.3130344768277899,-0.10480426136950534
2022-06-17,11.060758590698242,11.522467832212223,10.582849445047176,11.409065413289516,184606500.0,-0.060866507942561654,-0.0627976458127977,0.3721783322152728,-0.1592916999050057
2022-06-20,11.18631076812744,11.441465228006534,10.493747338471511,10.538298423724502,92581800.0,0.011351136217255808,0.011287195482254075,0.3662056735356749,-0.1497487054716499
2022-06-21,10.963555335998535,11.405013670829218,10.809652791718335,11.25921069125485,85179500.0,-0.019913216854621107,-0.02011415700823535,0.3283620573095464,-0.1666799438805152
2022-06-22,10.931157112121582,11.157961194997895,10.688152351365826,10.765104026311498,57874700.0,-0.0029550837191083534,-0.002959458599886912,0.3215392226738459,-0.1691424744111604
2022-06-23,10.728652000427246,11.089108543070989,10.578799610279267,10.927105645955304,69262300.0,-0.018525496396879837,-0.01869924257386903,0.3127135998736811,-0.18453452250777697
2022-06-24,10.647653579711914,10.971659454326533,10.603102482268302,10.838006934486634,53413400.0,-0.00754972951980426,-0.007578372985730991,0.3096074157938592,-0.19069106629558122
2022-06-27,11.332115173339844,11.368565927858429,10.79750513705512,10.862306306756851,90417700.0,0.0642828571106131,0.06230119873849651,0.37032021554978906,-0.13866637575191737
2022-06-28,11.473867416381836,11.676371254138305,11.34831525327026,11.575119335260071,51388000.0,0.012508895371579065,0.01243130551214127,0.3700972969158038,-0.12789204356617506
2022-06-29,11.372613906860352,11.672319452122377,11.275412171031377,11.534616799908644,52048800.0,-0.008824706251783887,-0.008863874574890036,0.3701531473125773,-0.13558814010154713
2022-06-30,11.31186294555664,11.364513596239114,11.097208628948062,11.198460533906513,49910100.0,-0.005341864394698526,-0.005356183167697844,0.3701295403363664,-0.14020571103829382
2022-07-01,11.5548677444458,11.684470060007175,11.145809953148502,11.372614005380909,64948200.0,0.021482296953095004,0.02125480468297231,0.3798104965250868,-0.12173535480424325
2022-07-04,11.801921844482422,11.85862343679174,11.55891788955093,11.55891788955093,37324200.0,0.021380954373569017,0.021155588468139225,0.3826449443718832,-0.10295721849739391
2022-07-05,11.352365493774414,11.724972588477954,11.157961221218466,11.704721741081062,78428500.0,-0.038091791882029935,-0.03883625062578219,0.40419151320067553,-0.13712718543966848
2022-07-06,11.206562995910645,11.534619013861803,10.898757053793297,11.405016674547316,57617200.0,-0.012843358324194809,-0.012926547302227698,0.4009686608936834,-0.1482093701852733
2022-07-07,11.534618377685549,11.71282197065983,11.340214879435877,11.340214879435877,52147300.0,0.029273505346341544,0.02885321876085314,0.418732612806136,-0.12327447262942824
2022-07-08,11.664219856262209,11.733071186748434,11.490067217964835,11.5548683793059,43097800.0,0.011235870518905289,0.011173217000150297,0.4196461253977458,-0.11342369812327353
2022-07-11,11.607518196105955,11.660169618705217,11.441465135583472,11.46981554506428,39577600.0,-0.004861161814076365,-0.004873015692517738,0.41744925300113683,-0.11773348898722175
2022-07-12,11.433363914489746,11.514365740311286,11.32806184991801,11.461714321780086,46462000.0,-0.015003576016329956,-0.015117268290069782,0.4183119299915407,-0.1309706416518642
2022-07-13,11.44146728515625,11.534618868805731,11.332115023050754,11.392866022279074,35497200.0,0.0007087477252634145,0.0007084966822048427,0.4156287420859258,-0.1303547190709478
2022-07-14,11.133661270141602,11.340215284086364,11.03240934796226,11.340215284086364,47151000.0,-0.026902669678913083,-0.027271170636441393,0.42165543820630486,-0.15375049880160763
2022-07-15,11.324010848999023,11.360461590690315,11.133657576548307,11.21870956465819,38610800.0,0.01709676396998927,0.016952259020115806,0.36198169696920346,-0.13928237081989756
2022-07-18,11.583218574523926,11.619669323658933,11.461715819910316,11.498166569045324,46782300.0,0.02289009865685654,0.02263205075547058,0.3683683618996737,-0.11958045937226927
2022-07-19,11.818121910095217,11.842422149835851,11.502215703504136,11.56296668910108,48562300.0,0.02027962556865992,0.02007673244030451,0.36434256448293867,-0.10172588074500741
2022-07-20,11.814075469970703,11.834325547397146,11.676372780496278,11.773574542626884,43520800.0,-0.00034239282309800334,-0.0003424514529039896,0.3638211525709517,-0.10203344335661498
2022-07-21,11.753323554992676,11.797873876378942,11.4212173669762,11.737122876313396,58843200.0,-0.005142333408352462,-0.005155600707588996,0.3557581049194624,-0.10665108678042545
2022-07-22,11.87887477874756,11.935575604627571,11.684471285023957,11.76142295764027,55676200.0,0.010682189013808907,0.010625537516972622,0.3533799640150132,-0.09710816483413315
2022-07-25,12.433734893798828,12.45398496686246,11.992276503092896,11.992276503092896,79106600.0,0.04670982103826571,0.045651740693443875,0.3213584170972419,-0.05493424879662413
2022-07-26,12.559288024902344,12.806342952481351,12.38918477144465,12.63623969902366,78360100.0,0.01009778093034086,0.010047138969428864,0.32070238598085155,-0.04539118187620442
2022-07-27,12.696990966796877,12.745591455971564,12.40133554476316,12.676740119231717,56097200.0,0.01096423154095194,0.010904560125580387,0.31742086325895735,-0.03492462976326074
2022-07-28,13.07769775390625,13.21540042054471,12.729390917998286,12.7941920820057,114996500.0,0.029984016536275027,0.02954328419519357,0.32564557921900944,-0.005987793903330527
2022-07-29,13.831011772155762,14.03756499246997,13.296401801362038,13.60825633017374,181480600.0,0.05760295370219115,0.05600498294628569,0.3662887367196564,0.0
2022-08-01,13.640657424926758,13.831011509927272,13.454354281511788,13.770259745996436,81365100.0,-0.013762864956287646,-0.013858451222758403,0.37190833138590346,-0.013762864956287608
2022-08-02,13.701409339904783,13.972763719829162,13.559655737497296,13.677108325068245,69147100.0,0.004453738048358913,0.0044438495068350545,0.3301814205312228,-0.009370423103238957
2022-08-03,13.709507942199709,13.835060866300283,13.592056901246652,13.77430910254611,65544500.0,0.0005910780485434142,0.0005909034307187998,0.3214267738668045,-0.00878488370609743
2022-08-04,13.85530948638916,13.932261918406269,13.600155813332124,13.802659611303254,54387500.0,0.01063506763365707,0.010578913089258065,0.3137234198998386,0.0
2022-08-05,14.122612953186035,14.199565377113048,13.818857288163509,13.831008565351627,77882600.0,0.01929249339825012,0.01910875269758561,0.31565551785923723,0.0
2022-08-08,14.835433959960938,14.892134796406507,14.22792234950369,14.231971747114692,109484600.0,0.05047373380108744,0.04924123746922766,0.3403146636883119,0.0
2022-08-09,15.078434944152832,15.171586520232252,14.924531601291283,14.989332764867472,79051200.0,0.016379769196352756,0.01624706789383002,0.32469174651597055,0.0
2022-08-10,15.029833793640137,15.248538290414666,14.827329973289244,15.248538290414666,78369600.0,-0.0032232224824859657,-0.0032284282533199815,0.32709479770855204,-0.0032232224824859583
2022-08-11,14.681527137756348,15.333589693692367,14.681527137756348,15.167536620968042,128896500.0,-0.023174351803622373,-0.0234470991630618,0.32097559117948665,-0.026322878194357874
2022-08-12,15.771778106689451,15.831463589617533,14.463680838257124,14.473628576856566,171288300.0,0.07426005201661323,0.0716321008706253,0.3810844348099559,0.0
2022-08-15,15.77674961090088,16.030411215148874,15.194820271430396,15.35895413904164,96759000.0,0.00031521520134258907,0.0003151655314685358,0.384589387920844,0.0
2022-08-16,15.920991897583008,15.950835116205344,15.667331179973756,15.776753468916349,64218800.0,0.009142712551035492,0.009101170964518849,0.38481100026336784,0.0
2022-08-17,16.29401969909668,16.323862910588364,15.71706517361729,15.741933567858592,72924700.0,0.02342993476243782,0.023159667266366486,0.3814924045900321,0.0
2022-08-18,16.62228775024414,16.74165870112958,16.34873161374709,16.46312774728815,84552500.0,0.020146535797158638,0.019946279523938317,0.3732813115723611,0.0
2022-08-19,15.78172206878662,16.487996161641316,15.582772087748566,16.373598143791295,125178200.0,-0.050568591645585914,-0.05189199109233151,0.4468829866909037,-0.050568591645585935
2022-08-22,16.11993980407715,16.204494625298814,15.160004941758157,15.786698182681464,92400300.0,0.021430977799277162,0.021204563535232097,0.4322518606729436,-0.030221348211206003
2022-08-23,16.632234573364258,16.662077783779438,16.22438685104078,16.229361668111707,73215800.0,0.03178019121123121,0.031285651360765075,0.43688861826683945,0.0
2022-08-24,16.731712341308594,16.97045236539817,16.53773619031938,16.681975547791325,61067900.0,0.005981022423988902,0.005963207109939568,0.43771090660087697,0.0
2022-08-25,16.55265235900879,17.08981869050704,16.249253067774024,16.960500026700483,99511600.0,-0.010701832463239747,-0.010759508937339896,0.44184063017133185,-0.010701832463239703
2022-08-26,16.731712341308594,16.746632999896363,16.19952068185821,16.552656848907148,63545400.0,0.01081760061265058,0.010759508937339903,0.40980594910534607,0.0
2022-08-29,17.149507522583008,17.44793396986451,16.637211349488066,16.686948142033142,73339500.0,0.024970258438099524,0.024663596011442964,0.4034226307334542,0.0
2022-08-30,16.12989044189453,17.02019319818957,16.05031042384978,16.910769961876554,99361100.0,-0.05945459829361355,-0.061295357396224215,0.4789702887689593,-0.059454598293613554
2022-08-31,16.527786254882812,16.632234645785545,15.826486934435204,15.950830799034684,114235400.0,0.024668227873068327,0.024368880070817833,0.4814178088678461,-0.03625300999935382
2022-09-01,16.836162567138672,16.885901263372855,16.294023110878264,16.59244959627158,69184700.0,0.01865805302054624,0.01848612679597626,0.482503017610695,-0.018271367561529885
2022-09-02,16.62228775024414,17.194270315286342,16.542707748766148,17.12961097116769,81792300.0,-0.01270329958157912,-0.012784676395618122,0.48754714895904366,-0.030742560487209775
2022-09-05,16.582496643066406,16.965475945633525,16.487995995940754,16.836157273422984,76337600.0,-0.002393840593762464,-0.0023967104109947636,0.46369415904624195,-0.03306280829172172
2022-09-06,15.965752601623535,16.20946742856,15.672301932880476,16.05030742223547,111813500.0,-0.03719247196113551,-0.037901754201768,0.486431268392204,-0.06902559268251098
2022-09-08,15.816540718078612,16.30396848648607,15.617590705327457,16.070203288755515,63159800.0,-0.009345746941472166,-0.009389692451137552,0.48794322992463146,-0.07772624390228722
2022-09-09,15.811566352844238,16.249255392228402,15.766802485482584,16.159729554841906,49871900.0,-0.0003145039944598693,-0.00031455346121306776,0.47841204218696765,-0.07801630268256547
2022-09-12,15.65738010406494,16.279099462854067,15.647432366643883,15.990622666991106,71374500.0,-0.009751484788954046,-0.009799341889418977,0.4070719319907636,-0.08700701268262008
2022-09-13,15.24455738067627,15.63748444225647,15.17989898947198,15.38879671680117,88327800.0,-0.02636601530044569,-0.02671983169416336,0.41764786319766756,-0.11107899975542973
2022-09-14,15.478323936462402,15.632510055504447,15.234609138770058,15.29429460831414,49039700.0,0.015334427228595793,0.01521804317978473,0.42030502232615063,-0.09744790536520881
2022-09-15,15.448484420776367,15.533038302789066,15.319166663070558,15.378852146884231,45553200.0,-0.0019278260235749967,-0.0019296866718856414,0.4101657845905012,-0.09918786878087783
2022-09-16,15.30921459197998,15.393768444825284,15.09036915838009,15.349004584573755,107303600.0,-0.00901511274524025,-0.009055994763628445,0.40179514069540156,-0.10730879170609839
2022-09-19,15.552931785583496,15.607642444338298,14.861579210028909,15.16995243095758,65559900.0,0.015919640562827464,0.015794252093975055,0.36521553430510423,-0.09309746853646327
2022-09-20,15.463403701782228,15.717065309646348,15.339059832162665,15.627537571733312,67798200.0,-0.0057563477443046684,-0.005772979369638225,0.3561680739852418,-0.09831791487775758
2022-09-21,15.503192901611328,15.6524051579829,15.363927433307708,15.592720634901626,58812200.0,0.0025731204200867275,0.0025698156136346284,0.3344112974280213,-0.09599777829210321
2022-09-22,15.8861722946167,15.955805503394943,15.433560706565885,15.657379092062572,69764300.0,0.024703259221238616,0.024403067477439137,0.34749298926290195,-0.07366597707267741
2022-09-23,14.891424179077148,15.612618154782565,14.806870297934465,15.577802018194738,138630800.0,-0.06261723070173664,-0.0646635750383367,0.41114458901726814,-0.13167044829318536
2022-09-26,14.56812858581543,14.9610547303726,14.558180848315638,14.78199925005019,42934600.0,-0.021710186304138568,-0.021949319822924522,0.4106051989894271,-0.15052204463412944
2022-09-27,14.757134437561035,14.861582860660429,14.7123705566131,14.752160567603632,71087600.0,0.012973928025981074,0.012890487547358827,0.4005976902935562,-0.13950097878155515
2022-09-28,14.558178901672363,14.831735005658926,14.214989593166704,14.757128881723348,104670700.0,-0.013481989794866589,-0.013573697015937138,0.3479800508715328,-0.1511022178041149
2022-09-29,14.578075408935549,14.622839279121438,14.22493926487848,14.418915403238364,87536500.0,0.0013666892952455267,0.0013657562254782128,0.331300265742068,-0.14994203829243008
2022-09-30,14.821788787841797,15.164978131503968,14.423888786978722,14.53331105004896,121637100.0,0.016717802046549046,0.01657959778132037,0.3294743611930258,-0.13573093756051002
2022-10-03,16.00554084777832,16.23433308104886,15.746905406862515,15.87124925937954,179694100.0,0.07986566782732374,0.07683665175872358,0.4410331416614462,-0.06670551170628523
2022-10-04,15.602664947509766,16.403438605681394,15.453451775215814,16.363649564804827,115917200.0,-0.025171026964982413,-0.025493235642598606,0.4489341261431989,-0.09019749243739573
2022-10-05,16.1895694732666,16.323861063780736,15.518113418032572,15.62256180043135,92893700.0,0.03761565910255005,0.03692544556249332,0.4504491175328132,-0.055974671462275506
2022-10-06,16.741655349731445,16.806314680906386,16.13485677409706,16.41338767218128,82671900.0,0.03410133156267614,0.03353277086164877,0.4632866069742795,-0.023782150730246334
2022-10-07,16.726736068725586,17.069924428826077,16.52281222043341,16.70186767695077,73500100.0,-0.0008911473025933203,-0.0008915446104081755,0.4633432747526025,-0.024652104633366482
2022-10-10,16.537736892700195,16.85605693833913,16.413393006288917,16.736687869893096,52222600.0,-0.01129922629548552,-0.011363547532057015,0.4639408928455693,-0.03567278121993963
2022-10-11,16.413389205932617,16.577524008713556,16.219413091618193,16.35867760500564,58332400.0,-0.007519026791535488,-0.007547437175365927,0.4526507198638382,-0.04292358341375384
2022-10-13,16.88092041015625,17.1544783983042,16.119936654528704,16.164700516467768,91143900.0,0.028484744884660573,0.028086597608711003,0.45925277520874347,-0.015661505852169452
2022-10-14,16.62228775024414,16.980398705563562,16.562603223469868,16.895845784078087,62246100.0,-0.015321004638852886,-0.015439583959091624,0.46417525776743424,-0.030742560487209775
2022-10-17,16.60736846923828,16.985374930589117,16.33381231006997,16.53276327892168,100936400.0,-0.0008975467895891986,-0.0008979498258896211,0.4621094090079286,-0.03161251439032992
2022-10-18,17.015213012695312,17.02516074898025,16.492969190424596,16.861027843620512,82313200.0,0.024558047484312784,0.024261346422448524,0.4659203713008149,-0.00783080853551346
2022-10-19,17.61703872680664,17.6866728883069,16.92071418783612,16.97542579463216,113700900.0,0.03536986070420012,0.034758716219227374,0.4761762700991859,0.0
2022-10-20,18.1392822265625,18.179071273661535,17.791119052096803,17.9552519545524,114347400.0,0.02964422726511895,0.02921333215140956,0.4825938465289171,0.0
2022-10-21,18.76100730895996,19.094248033715655,18.09949688303633,18.12934010059812,139601400.0,0.034275065277226346,0.03370076128662578,0.48792230785899476,0.0
2022-10-24,17.03510856628418,18.3133632762593,17.02516082995193,18.154203289616717,142110900.0,-0.09199392731175582,-0.09650421242056044,0.5590013475349479,-0.09199392731175576
2022-10-25,16.6769962310791,17.15945096686026,16.517836257956017,16.930658742662892,113161200.0,-0.02102201660832692,-0.02124612557920073,0.5585283153185234,-0.11108204605226973
2022-10-26,16.26915168762207,16.67699943425291,15.866277809690198,16.214440080601875,121334800.0,-0.02445551571793103,-0.02475951843939721,0.5689391526064008,-0.13282099304698952
2022-10-27,16.393497467041016,16.68197619314491,16.249258103989067,16.318892273878962,111008800.0,0.007643040141641189,0.007613980087849137,0.5647814994037008,-0.1261931090868591
2022-10-28,16.199520111083984,16.473076260464577,15.846383956477457,16.264179458247867,129745400.0,-0.0118325791276096,-0.011903141265749723,0.5681596281084773,-0.1365324982658394
2022-10-31,14.826764106750488,15.717066750187731,14.503470205841944,15.224665095203603,262409400.0,-0.0847405352084617,-0.08854768582626026,0.6561461262090887,-0.20970319649790553
2022-11-01,14.851629257202148,15.254503052272923,14.7024160729279,15.204765324181508,115944200.0,0.0016770449892258288,0.0016756403195214626,0.590379678780741,-0.2083778332035911
2022-11-03,14.89639663696289,15.11524117439898,14.642735017569327,14.821789552865356,139062100.0,0.0030143076551034653,0.003009773738578223,0.5850969610415206,-0.20599164044626714
2022-11-04,14.075723648071287,15.3688998968721,14.016039130445517,15.31916216640509,195361000.0,-0.05509204735158846,-0.0566677608373864,0.5960588584075329,-0.2497351865883585
2022-11-07,13.503742218017578,14.075723750895849,13.46395222308696,13.906616035273638,117206600.0,-0.04063602301058844,-0.04148473805560692,0.5878307160689547,-0.2802229648101888
2022-11-08,13.60321807861328,13.692745806999788,13.304792633547702,13.458978749842055,94745400.0,0.007366540251558806,0.007339539812717674,0.5903815532249317,-0.2749206983083154
2022-11-09,13.379399299621582,13.901644086808592,13.250081569899134,13.503743161046817,103303500.0,-0.016453369908373427,-0.016590229880792156,0.5907936834850104,-0.2868506962719538
2022-11-10,12.991447448730469,13.37442583241758,12.737785849975584,12.971551974944951,145470100.0,-0.028996208439797888,-0.029424905899051595,0.5943891096204631,-0.30752932213154893
2022-11-11,13.424164772033691,13.608194126379036,12.78255086360817,12.832287655195326,146365800.0,0.03330786080695791,0.03276517168717791,0.5987576654162008,-0.28446460518020683
2022-11-14,13.777301788330078,14.016041801669644,13.473902428459908,13.5584563017679,66639500.0,0.026306069859338255,0.02596601596495091,0.6129743678963953,-0.2656416810972481
2022-11-16,13.503742218017578,13.98122310585332,13.394319969125451,13.832009913362263,85549900.0,-0.019855816074539012,-0.020055591685002774,0.6132278905603061,-0.2802229648101888
2022-11-17,13.508715629577637,13.578347881186628,13.205316335564268,13.429135642404995,101525800.0,0.0003682987633919499,0.00036823095805029664,0.6010896906228672,-0.2799578718182106
2022-11-18,13.279924392700195,13.727562091053024,13.041183464732782,13.628086625344242,127683500.0,-0.01693656474465255,-0.017081628612565722,0.5757649606415628,-0.2921529119410388
2022-11-21,13.319714546203612,13.712640648179844,12.956629756155966,13.488822270700226,164898100.0,0.0029962635574407592,0.0029917837061006914,0.556794645162357,-0.2900320155068472
2022-11-22,12.414421081542969,12.467633548235636,11.866334400012262,12.23882065191754,164261300.0,-0.06796643137661462,-0.07038644710892215,0.5575353257078073,-0.33828600580449447
2022-11-23,12.472955703735352,12.584700977573831,12.132396503824967,12.23882144409886,77317300.0,0.004715050489096706,0.004703969456639203,0.4860595209349606,-0.33516599091252075
2022-11-24,12.903970718383787,13.106176823272143,12.37184821453291,12.515521534159,94233800.0,0.034555964511231,0.0339723148660977,0.5161212370474367,-0.3121920104886343
2022-11-25,12.696444511413574,12.946541747363304,12.558092525055246,12.909293330832837,58635900.0,-0.016082352595124694,-0.01621307709393825,0.5143887439987759,-0.3232535810937
2022-11-28,12.962505340576172,13.063607891959968,12.526165022139852,12.58469781111384,56067400.0,0.020955538294474385,0.020738991020290087,0.5231954413847533,-0.30907199559666054
2022-11-29,13.50527000427246,13.77133128186993,13.026359907585665,13.090215060784075,96151500.0,0.04187189508784894,0.04101899439883974,0.555693797849809,-0.28014153068302705
2022-11-30,14.186388969421388,14.186388969421388,13.569126811355208,13.622339276349193,120774700.0,0.05043356889077044,0.04920300169340792,0.5075061649918325,-0.24383649897912502
2022-12-01,13.617015838623049,14.255563290669611,13.601051797091763,14.143817029837026,71259400.0,-0.04013516984664789,-0.0409628063573681,0.5254309955330347,-0.27418524952443374
2022-12-02,13.787293434143066,14.07464006173577,13.468019741798866,13.67022685342553,66301000.0,0.012504765914793659,0.01242722706381832,0.5282339655018524,-0.2651091059722325
2022-12-05,13.632980346679688,14.14381751384341,13.59573091516534,13.835186471612854,56065400.0,-0.0111924133768877,-0.011255519752408082,0.49133781219376066,-0.27333430864510183
2022-12-06,13.64362335205078,14.042715308276383,13.526556743604203,13.73940558393586,74991200.0,0.0007806807536170357,0.0007803761809032306,0.4681903279148832,-0.27276701472554726
2022-12-07,13.48930549621582,13.872433328513758,13.446735737071604,13.483984149454905,57008400.0,-0.011310621222313633,-0.01137507275060221,0.4692839180660904,-0.28099247156235896
2022-12-08,13.185998916625977,13.723442885746008,13.1115010595083,13.595732563528095,55567700.0,-0.022484966307192877,-0.022741607503996075,0.47259141851929615,-0.2971593316138973
2022-12-09,13.148748397827148,13.329670155303466,13.031681796201465,13.297743084849785,61586200.0,-0.0028250054496712362,-0.0028290033086573927,0.4604451771773635,-0.29914486033233867
2022-12-12,12.723048210144045,13.122140063699232,12.30799231706714,13.079570306584404,111293100.0,-0.03237571933108485,-0.0329114068561509,0.45861208136722176,-0.32183554962596717
2022-12-13,12.409099578857422,12.8773680619898,12.40377823076008,12.824155595959752,102533100.0,-0.02467558293430916,-0.02498512787646347,0.45201292161737605,-0.3385696527642718
2022-12-14,11.424670219421388,12.025969239621189,11.052185061765924,11.972756784258074,319501600.0,-0.07933124826504745,-0.08265496894611632,0.5275510006846211,-0.3910417478508659
2022-12-15,11.727981567382812,11.903581969456104,11.084112749818589,11.17457362451957,132385600.0,0.02654880553539396,0.026202501924183944,0.5410180118705442,-0.37487463363538515
2022-12-16,11.733301162719728,11.76522924468614,11.445955529624122,11.685410054713266,90767300.0,0.00045358148854113267,0.00045347865155322,0.5402933664509416,-0.3745910883411847
2022-12-19,11.908902168273926,11.978078667827576,11.515131604857627,11.759908504515076,63074100.0,0.014966035825632273,0.014855149693121007,0.544591608148,-0.36523119616362915
2022-12-20,12.27606964111328,12.366530534185909,11.81844382734076,11.91422606882277,71875500.0,0.030831345127471987,0.030365607878049858,0.5013280700270086,-0.34566042009639736
2022-12-21,12.542129516601562,12.62194770359376,12.159001610073028,12.504881097001425,74252800.0,0.021673050354588552,0.02144152900846145,0.5071458909139736,-0.3314788854321463
2022-12-22,12.765620231628418,13.068929931740636,12.611305215318362,12.717729119511407,81894800.0,0.01781920005937021,0.01766229926993744,0.4959540940133624,-0.31956637394774856
2022-12-23,13.36691951751709,13.420130963010497,12.84011727563164,12.84011727563164,68387900.0,0.04710302162983648,0.04602732401988091,0.5185586875640198,-0.2875158941421413
2022-12-26,13.271136283874512,13.46269970597812,13.207281133211184,13.36691850239791,28765200.0,-0.0071656924033286495,-0.007191489286027026,0.5150470902851226,-0.2926213360869794
2022-12-27,13.361597061157228,13.468020958255638,13.06360771341804,13.436093890620432,50803200.0,0.006816355084276582,0.006793228767936097,0.49382270460315875,-0.287799591934707
2022-12-28,13.196638107299805,13.473342061648424,13.170032387242236,13.356275472474698,57293500.0,-0.012345751267785698,-0.01242259315719285,0.458700048277969,-0.2965922410254966
2022-12-29,13.037002563476562,13.32966956198548,12.999754147114688,13.297742492952906,57901800.0,-0.012096682694885619,-0.012170443001204921,0.43855141986259033,-0.30510114149093176
2023-01-02,12.196248054504396,12.669836766911809,12.13239290628592,12.526164459570747,78424700.0,-0.06448986297874615,-0.06666329738735974,0.490414205409018,-0.34991507366026875
2023-01-03,11.887619018554688,12.292032318163152,11.775872744282577,12.206892782976457,96750300.0,-0.025305244249744785,-0.0256309280266334,0.4950394396862754,-0.366365631504373
2023-01-04,12.265422821044922,12.552769448894043,11.61623375748877,11.685409233669253,129504000.0,0.03178128453650331,0.03128671100961484,0.5128006431168088,-0.3462279173471059
2023-01-05,12.707087516784668,12.792228068377492,12.318638253953454,12.419741834328477,73886000.0,0.03600892543075984,0.03537575908083622,0.5319774141118464,-0.3226862871741453
2023-01-06,12.632590293884276,12.941221358640082,12.531486716567098,12.739015218949026,51851500.0,-0.005862651280396869,-0.005879904084912952,0.5270165883762887,-0.32665714127987416
2023-01-09,12.701764106750488,12.770939582916323,12.37184772095019,12.504878341605568,46385200.0,0.0054758217639419016,0.005460883958309628,0.5276947067308851,-0.3229700357994996
2023-01-10,12.818832397460938,12.829475092119347,12.43570452424726,12.74433556473853,52741100.0,0.009216695391802476,0.009174480842342366,0.5157207494068525,-0.31673005684834066
2023-01-11,12.919936180114746,13.100857932521487,12.797547219409074,12.850759678636337,53536500.0,0.007887128836619572,0.0078561880189717,0.5074100230955672,-0.31134101877651377
2023-01-12,13.106178283691406,13.116820978540687,12.829475322212764,12.92525754596982,58130000.0,0.014415094701729858,0.014312185013741612,0.3976760011153034,-0.30141393434498037
2023-01-13,13.074251174926758,13.12214228666184,12.90397211762123,13.0050756885001,40002700.0,-0.002436034980874413,-0.0024390069416030413,0.3921619900908188,-0.3031157144380674
2023-01-16,12.792226791381836,13.03700268107831,12.680480526344969,12.989111569625829,31973700.0,-0.021570977929946444,-0.021807032262869938,0.4037019626066437,-0.3181481899816504
2023-01-17,13.579767227172852,13.632979683231968,12.829474540074536,12.829474540074536,91797500.0,0.061563983240320974,0.05974327659552469,0.44822711887188066,-0.2761706765772982
2023-01-18,13.340313911437988,13.851152154042028,13.303065490455648,13.750048572130426,69692900.0,-0.017633094273937333,-0.017790409324780244,0.4469045807867602,-0.288934027275451
2023-01-19,13.776652336120604,13.808580419512165,13.191318349813576,13.303063596854416,75553300.0,0.032708257660151396,0.03218472784815694,0.4539864196444775,-0.26567629822621025
2023-01-20,14.032072067260742,14.154460009975384,13.526555239605356,13.776652472319173,114219500.0,0.018540043321733535,0.018370271888045034,0.4542615174649393,-0.2520619049831484
2023-01-23,14.255560874938965,14.68657977381168,13.904359125367352,13.97885695827916,87678100.0,0.01592699970517253,0.015801495891020804,0.4298291853629186,-0.24014949516432765
2023-01-24,14.154460906982422,14.649335071430272,14.03207295651172,14.617406985699697,65794000.0,-0.007091967046647385,-0.007117234580157463,0.4298054141683853,-0.24553832990500063
2023-01-25,14.33538055419922,14.409877380041104,13.840506462665257,14.127852087300475,51832900.0,0.012781811218790518,0.012700813339314228,0.430966444044534,-0.235894943266033
2023-01-26,13.968216896057127,14.473733723034576,13.728761343290293,14.415199917926415,73344800.0,-0.025612410968367416,-0.025946119144123078,0.44017558140259216,-0.2554655160021111
2023-01-27,13.632980346679688,13.957574416044592,13.53719812410068,13.93096869419186,47681900.0,-0.023999953027080245,-0.02429264444105417,0.4476976244718286,-0.27333430864510183
2023-01-30,13.702155113220217,13.872434160003303,13.574445828132896,13.755367569075725,40683200.0,0.005074075131148881,0.005061245392999325,0.3662890167167556,-0.2696471523319388
2023-01-31,13.872434616088867,13.946931447769916,13.579767621676282,13.638300411592873,54048900.0,0.012427205900213512,0.012350622006761952,0.34735571105585533,-0.2605709071141606
2023-02-01,13.680870056152344,14.090604656734444,13.542519088498608,13.872434495893213,56349200.0,-0.013809007952674146,-0.013905239235726936,0.343712522066037,-0.2707816893382598
2023-02-02,13.04764461517334,13.734082147735156,12.99443215944577,13.57444579549562,83823000.0,-0.04628546564509173,-0.04739088254809569,0.37252381965582676,-0.3045338984041656
2023-02-03,13.191316604614258,13.505267930216794,12.99443084285361,13.058285986245544,71170700.0,0.011011335277620882,0.010951151921693509,0.3729983958419902,-0.2968758879852739
2023-02-06,13.718120574951172,13.766011688685868,13.170033948289248,13.233889104916605,82794500.0,0.039935662688335594,0.03915884844002207,0.3954527171655288,-0.2687961606198184
2023-02-07,13.632980346679688,13.909683304755088,13.547839803875837,13.78729536032335,55311800.0,-0.006206406176874402,-0.006225745977654077,0.39647896530625015,-0.27333430864510183
2023-02-08,13.86179542541504,13.9150078964705,13.601055433681106,13.728764755248127,48713100.0,0.016783936668043564,0.016644642841532258,0.39910209161683874,-0.2611379977025612
2023-02-09,13.79793930053711,14.005466791562304,13.723442460670285,13.861793444724867,38198300.0,-0.004606627274332253,-0.004617270480522523,0.3979666066181231,-0.26454165955431236
2023-02-10,14.21831512451172,14.255564558063046,13.797938809579602,13.824544532887264,54683100.0,0.030466565681894764,0.03001167606889965,0.4090630063223346,-0.24213476971882647
2023-02-13,14.26088523864746,14.308776353724127,14.03207337376743,14.20235244295411,36726900.0,0.0029940336645337684,0.002989560472109899,0.3974634784465808,-0.23986569570618496
2023-02-14,14.20767307281494,14.399236508498523,14.15446061264712,14.28749125559504,35839000.0,-0.00373133679586124,-0.0037383155985877404,0.34249259750576194,-0.24270201280559284
2023-02-15,14.228959083557127,14.260886157350583,13.994824840870583,14.143819543479,72554100.0,0.0014982052749310526,0.0014970840851167644,0.3342605697655715,-0.2415674249664835
2023-02-16,14.287492752075195,14.340705217816518,14.095928281383776,14.15446209519357,44115700.0,0.004113699967393192,0.004105261837057649,0.3163759722448176,-0.23844746090729818
2023-02-17,14.06932258605957,14.191710547065876,14.032074164444031,14.191710547065876,61085700.0,-0.015270010617078777,-0.015387797842362667,0.31564668368814974,-0.2500763762647071
2023-02-22,13.707476615905762,13.893719706042669,13.670228200867015,13.83518590244282,38608500.0,-0.025718791216880588,-0.026055301626788315,0.32297150923324314,-0.2693635053721616
2023-02-23,14.127854347229004,14.255564661877012,13.712799376924504,13.712799376924504,73913400.0,0.030667769357012542,0.030206911937165452,0.34169840397437,-0.24695651387109882
2023-02-24,13.781973838806152,14.20767248767308,13.766010811873524,14.191708445797236,64409100.0,-0.024482168340777877,-0.024786839578892075,0.3489147848292381,-0.26539265126643286
2023-02-27,13.91500473022461,14.228957121576697,13.734082978769395,13.750047020936588,76250600.0,0.009652528220876366,0.009606240196288541,0.339197382642008,-0.2583018331015189
2023-02-28,13.43077278137207,14.32473881053468,13.43077278137207,13.946931279545224,130248100.0,-0.03479926584579196,-0.03541918460762919,0.35175033364300723,-0.2841123847887557
2023-03-01,13.46269989013672,13.5318763888802,12.872044559401395,13.468021237343388,109257700.0,0.002377160963435543,0.0023743399860395725,0.35129087007743287,-0.2824106046956686
2023-03-02,13.111496925354004,13.659583417666932,12.967824634310684,13.526552804333576,124516200.0,-0.026087112365924536,-0.026433417086751555,0.3588105742244037,-0.3011304398835685
2023-03-03,13.675551414489746,13.69683579101262,13.010398155320852,13.212604299533131,87591800.0,0.04301983917984353,0.04212019710316346,0.38964250566832653,-0.27106518379967165
2023-03-06,13.813901901245115,13.899042449097214,13.499950507983446,13.675550921475772,50227400.0,0.010116629491720763,0.010065798930751001,0.3481634788028943,-0.2636908203405574
2023-03-07,13.356278419494627,13.718121975798878,13.265817530418566,13.686193886753172,59052500.0,-0.0331277494962694,-0.033688901352470366,0.36978021940718075,-0.28808308639611907
2023-03-08,13.526554107666016,13.792615359968698,13.372238094157758,13.382880787836218,66220400.0,0.01274873754674477,0.012668156540265856,0.3442372084032668,-0.2790070445094946
2023-03-09,13.46802043914795,13.957573188772365,13.452057413417212,13.489305826713125,68042300.0,-0.004327315593621428,-0.004336705522325852,0.34390039960891755,-0.28212700856867984
2023-03-10,13.292420387268066,13.611694104208368,13.271136014108404,13.388202603844476,48118600.0,-0.0130382971033709,-0.01312404182462618,0.34030740066171583,-0.29148684991344703
2023-03-13,12.872042655944824,13.228564746525173,12.824151553109925,13.063606052341378,58605500.0,-0.031625371382768996,-0.03213625354145831,0.35663802911493714,-0.31389384141450977
2023-03-14,12.643233299255373,13.159391864100447,12.558093763094188,12.919937299250874,58916700.0,-0.01777568353409531,-0.017935568540394842,0.3370003899683371,-0.32608984736031926
2023-03-15,12.41973876953125,12.494235591980267,12.132392143039745,12.41441742293588,93708800.0,-0.017677007489633634,-0.017835111764328625,0.3378449154244214,-0.3380025621758711
2023-03-16,12.377171516418455,12.51552351106645,12.22285547875379,12.451668353943036,66821000.0,-0.0034273871538443856,-0.003433274100274186,0.33788465033522275,-0.3402714836901474
2023-03-17,12.51020050048828,12.51020050048828,12.164321067315626,12.292030349643538,93502700.0,0.010747930889812629,0.010690582432826588,0.34245863257781395,-0.3331807671908104
2023-03-20,12.20156955718994,12.584697406562052,12.180284169197687,12.510200578475487,57575200.0,-0.02467034347581354,-0.02497975587476766,0.34612625564184657,-0.3496314267004916
2023-03-21,12.451669692993164,12.55809462799601,12.281390608943331,12.34524577293372,43391200.0,0.0204973740985519,0.0202901301126164,0.3588134686025909,-0.3363005787516301
2023-03-22,12.414421081542969,12.568737133457365,12.26010604457196,12.446348155581216,46435600.0,-0.0029914551516858623,-0.002995938497031641,0.35106273161323154,-0.33828600580449447
2023-03-23,12.13239574432373,12.595342886107677,12.020650477480624,12.4357065006337,74711200.0,-0.02271755850448287,-0.022979578139153793,0.3305772097996972,-0.3533185321808659
2023-03-24,12.127073287963867,12.307994019519713,11.962114568251478,12.084502510017542,52556800.0,-0.00043869788556427647,-0.0004387941416342614,0.32505268307770196,-0.3536022299734317
2023-03-27,12.334601402282717,12.43038362779618,12.148358298778009,12.297352984570423,39148700.0,0.017112794603527437,0.01696802006446931,0.3308580605973317,-0.3425405577027889
2023-03-28,12.552769660949709,12.579375379558634,12.318635480407355,12.355883892437094,29091100.0,0.017687499705228982,0.017532896252654088,0.32173418086803685,-0.330911744010957
2023-03-29,12.717728614807127,12.79222646122338,12.488915758204827,12.616625047134278,49148600.0,0.013141239607908028,0.013055642603675437,0.32646735159834533,-0.3221190949201677
2023-03-30,12.754976272583008,12.919934982389568,12.600661271567082,12.903970941618342,56116900.0,0.0029287979720304946,0.0029245173991687043,0.3147571584884874,-0.3201337187000917
2023-03-31,12.478275299072266,12.888008927190112,12.350564982709244,12.7709423212912,59547800.0,-0.021693570226823167,-0.021932335146222556,0.27723443676948906,-0.33488244561832037
2023-04-03,13.031682014465332,13.037003362120617,12.664517145797,12.818833182970389,73931200.0,0.0443496158026111,0.04339431443729162,0.3221861122346141,-0.3053847376179206
2023-04-04,12.9146146774292,13.175354608070416,12.824153802313411,13.106178107423691,57505700.0,-0.008983286801058088,-0.009023879810565226,0.3022159823263829,-0.3116246657362911
2023-04-05,12.95718479156494,13.052967016622956,12.38249245616011,12.872045261500762,93626400.0,0.0032962744300950586,0.0032908536265733907,0.29811590695327783,-0.30935559172364946
2023-04-06,12.77094268798828,12.99443422562581,12.74433696336564,12.951864457263582,29565400.0,-0.014373654970013416,-0.014477956618981247,0.30125923852540415,-0.31928267615518285
2023-04-10,13.042325019836426,13.12214320667667,12.78690641597032,12.78690641597032,41455900.0,0.02124998431818148,0.02102735183656162,0.3097915065293726,-0.30481744369836594
2023-04-11,13.654264450073242,13.6755498390874,13.106177862277212,13.143427293051989,80565000.0,0.04691950471300954,0.04585204709235207,0.32876930357822554,-0.2721998224715695
2023-04-12,13.75536823272705,13.915004593052334,13.398846080720242,13.82454371821648,71563400.0,0.007404557237300713,0.007377278080646772,0.3195919671003667,-0.26681078439974254
2023-04-13,13.851152420043944,13.88307949365004,13.728763443824407,13.755370184282295,38852800.0,0.006963404083141889,0.006939271549881093,0.3088390476038242,-0.26170529162211603
2023-04-14,13.99482250213623,14.048034959528346,13.686191467193812,13.728761230118865,38421100.0,0.01037242806485783,0.010319003543314526,0.3074450445942765,-0.2540473828688013
2023-04-17,14.21299171447754,14.260882821436695,13.946930460234745,13.96289450086884,49427100.0,0.015589280414811224,0.015469015864375487,0.3088474523279219,-0.2424185183441808
2023-04-18,14.574837684631348,14.69722665394975,14.111891591145296,14.212994154354291,99478800.0,0.025458818060466903,0.02514013981118991,0.2921378411316133,-0.22313138923672637
2023-04-19,14.106569290161133,14.532266935285094,14.074642220512647,14.452448753692256,73217800.0,-0.032128549531909134,-0.0326559996273536,0.32349673585032446,-0.24809105087741967
2023-04-20,14.202349662780762,14.356664658419598,13.989500867963514,14.111888798115542,54738400.0,0.006789770825882613,0.0067668241418739885,0.32165107531912374,-0.24298576143094705
2023-04-24,14.473732948303224,14.505660015315446,14.101246778369042,14.15445923335152,43820900.0,0.01910833713900595,0.018928065703166894,0.3042436758458366,-0.2285204781413417
2023-04-25,14.415199279785156,14.633369433784306,14.218313499010156,14.452447694134792,53854100.0,-0.004044130752386854,-0.004052330363490703,0.30596813715258114,-0.231640442200527
2023-04-26,14.23427677154541,14.484373979348184,14.23427677154541,14.43116254168942,40249400.0,-0.012550815616781619,-0.012630242383349371,0.31323776365510947,-0.24128398133786003
2023-04-27,13.888400077819824,14.463092445835793,13.787296499527727,14.287492028246003,115632700.0,-0.024298859666477712,-0.0245989481351632,0.329990559297885,-0.2597199154020401
2023-04-28,14.206189155578612,14.41598427656879,13.87650898504125,14.14624720245385,81138500.0,0.022881618903411782,0.022623760726459014,0.33478014177135057,-0.24278110862448415
2023-05-02,13.630745887756348,14.2301630392494,13.570803943947544,14.20618694770437,67911100.0,-0.04050651877997091,-0.04134975749177181,0.37395335917522265,-0.2734534098685352
2023-05-03,13.582792282104492,13.780599892298346,13.43893230589964,13.546827573877644,51133700.0,-0.0035180470714319956,-0.0035242499513190866,0.36301498664749476,-0.27600943497220615
2023-05-04,13.798583984375,14.014373395272978,13.552823028006776,13.72065910944992,57854400.0,0.015887138505005005,0.015762258837372038,0.33571073994758205,-0.26450729658929273
2023-05-05,14.386015892028809,14.487916883662592,13.894493865312144,13.966423304525506,83365200.0,0.04257189783524118,0.041690639061155395,0.35933631177492426,-0.2331959763611267
2023-05-08,14.691716194152832,14.763645620280498,14.511890342238434,14.655751481088997,59352300.0,0.021249823746782415,0.02102719460629072,0.36345065247036,-0.21690152601047705
2023-05-09,14.739668846130373,14.865545907696465,14.529872600222657,14.631773568617971,33978200.0,0.0032639244689891544,0.0032586094296373045,0.35537733439283253,-0.21434555173959452
2023-05-10,14.703705787658691,14.877536198405236,14.58382187843524,14.73967050310665,41500700.0,-0.0024398823913280854,-0.002442863754807972,0.35299511247232995,-0.2162624561935737
2023-05-11,15.24318027496338,15.27315067901286,14.344054433907395,14.46393719340295,136878100.0,0.036689695447897686,0.03603265153472229,0.3397628352179968,-0.18750736440023247
2023-05-12,15.734701156616213,16.028415441010676,15.273149648297393,15.333091595648773,117237500.0,0.03224529742393356,0.031736330117530104,0.35231460735910797,-0.16130829771056227
2023-05-15,15.381046295166016,15.674760605727451,15.225197675486909,15.620812962634776,81996700.0,-0.022476109201571393,-0.022732546706780644,0.36748850130320937,-0.18015882399767144
2023-05-16,15.764673233032228,16.202248694864558,15.632801849490974,15.650784778595648,117782700.0,0.024941537168819305,0.024635574055236212,0.3735770277692033,-0.1597107248338809
2023-05-17,15.381046295166016,16.040405488178344,15.291133937777438,15.94449882119084,107129200.0,-0.02433459496403556,-0.024635574055236125,0.3869150406039133,-0.18015882399767144
2023-05-18,15.470959663391112,15.494936903353434,15.195228263610806,15.33908827349154,63010500.0,0.005845725089154374,0.005828705135347828,0.3788756718879176,-0.17536625786599286
2023-05-19,15.446983337402344,15.69274432687894,15.369058451979395,15.632802371160762,69245500.0,-0.0015497633314566217,-0.0015509654568154536,0.3554313208403042,-0.176644245001434
2023-05-22,15.357068061828612,15.590840387149187,15.2851374999544,15.512915516510668,38010200.0,-0.0058208954855293316,-0.005837902928803462,0.3571950416183768,-0.18143691279868976
2023-05-23,15.734701156616213,15.842596433189188,15.297126884556963,15.375050615805474,58285300.0,0.0245901817500076,0.024292709957051833,0.36067752580534956,-0.16130829771056227
2023-05-24,15.974469184875488,16.12432349457094,15.61481861294688,15.7347025180223,54796400.0,0.015238168546878095,0.015123233782681602,0.36129710174878443,-0.1485281721922077
2023-05-25,15.854585647583008,16.08835799341787,15.698737035927234,16.064380756256554,49182700.0,-0.007504696143893486,-0.007532998063112713,0.35841435689699525,-0.1549182095349908
2023-05-26,16.06438446044922,16.130320734549105,15.902542645482551,16.070378771121742,39866600.0,0.013232689742238346,0.013145902484211634,0.34115327601005013,-0.14373550439495206
2023-05-29,15.998441696166992,16.076365411133622,15.92051683790305,16.034406399744107,17977100.0,-0.004104904513744567,-0.00411335276170481,0.33839156026360667,-0.14725038838792046
2023-05-30,15.818618774414062,16.064379723022654,15.740695045246898,16.016426395081893,45736700.0,-0.01124002732066165,-0.0113036738026292,0.2969725114167609,-0.15683531732012385
2023-05-31,15.656778335571287,15.800638331599345,15.50692403012986,15.74669069017662,49207600.0,-0.010231009492721599,-0.010283706004137892,0.3012222314338653,-0.1654617431925493
2023-06-01,16.160289764404297,16.18426700504655,15.680756384536837,15.7646744401892,63148200.0,0.032159325375965775,0.031653040197455344,0.3123552187468576,-0.13862355585318717
2023-06-02,16.29216194152832,16.543917246223156,16.250202914628805,16.442016262339585,39919300.0,0.008160260678895304,0.00812714578054737,0.28578845949370185,-0.13159449952628924
2023-06-05,16.465991973876953,16.51993961957054,16.322131966459956,16.507952143092403,39321700.0,0.010669549748676621,0.010613031761650505,0.2809830523714582,-0.12232900383696053
2023-06-06,16.81365203857422,16.933535936149173,16.310141498035534,16.45400263244451,75426600.0,0.02111382449650301,0.020894016314954213,0.2858806929527337,-0.10379801245830314
2023-06-07,17.30517578125,17.419064230776016,17.04143188224175,17.17330326009706,82330400.0,0.029233609780202174,0.02881445711086787,0.29420226247851605,-0.07759879327026746
2023-06-09,18.150354385375977,18.216289504139542,17.395088528002784,17.443041861329768,80442400.0,0.04883964282187292,0.047684451019485784,0.3112635624555863,-0.032549047795122715
2023-06-12,18.468042373657227,18.57593764535083,18.006492029508767,18.114386157904868,119350400.0,0.01750312867374193,0.01735171319351405,0.301185677902357,-0.015615629293146693
2023-06-13,18.43201065063477,18.674704636440502,18.259569513838972,18.674704636440502,79174900.0,-0.0019510309914522184,-0.0019529367315925055,0.28144029501426365,-0.017536193707896917
2023-06-14,19.223960876464844,19.223960876464844,18.444782954909915,18.483104019297365,98326000.0,0.04296602475122824,0.0420686009446681,0.3004102190674531,0.0
2023-06-15,18.770503997802734,19.70296248786415,18.700251152027008,19.287827384374147,120579500.0,-0.023588108692899956,-0.023870761812481833,0.29925345914788026,-0.023588108692899974
2023-06-16,18.93016815185547,19.108996093487804,18.546967334046553,18.66831369120872,94572000.0,0.008506119711618965,0.008470146526211145,0.2989167911112558,-0.015282632257593394
2023-06-19,19.428333282470703,19.453879438286457,18.872690080029432,18.923783609826778,34573900.0,0.02631593795781506,0.025975631080095637,0.30066382240966716,0.0
2023-06-20,19.52412986755371,19.63909059275929,19.096221178269406,19.351688779745345,55605300.0,0.004930767024129645,0.004918650604910758,0.2948207297680865,0.0
2023-06-21,20.341630935668945,20.437431150554,19.70296121221413,19.754054741363884,89294300.0,0.04187131890952034,0.04101844137644741,0.3096713984482406,0.0
2023-06-22,20.086164474487305,20.239445070976178,19.849856126879946,20.092550100112515,43455800.0,-0.012558799340601667,-0.01263832761570511,0.3223753813385208,-0.012558799340601619
2023-06-23,19.262279510498047,19.97759016455819,19.08983838610419,19.92649663342289,76023400.0,-0.041017535479992984,-0.041882489437921534,0.3689050285015117,-0.05306120382305537
2023-06-26,19.69657516479492,19.830695227421018,19.236733383863623,19.236733383863623,53635000.0,0.02254643091749231,0.02229601711411421,0.37144832998066013,-0.03171111367195858
2023-06-27,19.543292999267575,19.926495061638665,19.377238731634584,19.75405395084681,48399600.0,-0.007782173512140056,-0.007812612649031582,0.3735639693388884,-0.039246505795240305
2023-06-28,19.7285099029541,19.91372473127696,19.51136207162122,19.530522604326823,36794600.0,0.009477261774331946,0.009432634271743163,0.3650285509797183,-0.030141193430057722
2023-06-29,19.81791877746582,19.87539914080703,19.64547768744219,19.79875825029687,32071800.0,0.0045319628776592236,0.004521724455674946,0.35725582390527433,-0.025745829322111946
2023-06-30,18.85991477966309,19.849852227674216,18.725793522727752,19.798758705547815,104262900.0,-0.04834029287132002,-0.04954775858651202,0.4097729867713714,-0.07284156126378609
2023-07-03,19.211181640625,19.275048844661548,18.98126019335966,18.98126019335966,31266900.0,0.01862505027544903,0.018453728014435584,0.41154337700000837,-0.05557318872901722
2023-07-04,19.25589179992676,19.409172386431916,19.134544212131328,19.134544212131328,18308000.0,0.0023272987647575683,0.002324594799464772,0.41196104353758456,-0.05337522537774225
2023-07-05,19.23034286499023,19.51135662388168,18.94294104548121,19.262275859084284,53585500.0,-0.0013268113054429875,-0.0013276922989240772,0.41015943236424474,-0.05463121783072352
2023-07-06,18.936559677124023,19.160094354897694,18.617224771209063,19.064294126756405,47685700.0,-0.015277064477152602,-0.015394961110887293,0.4085837615408396,-0.0690736776706108
2023-07-07,18.840755462646484,19.287824723602697,18.751342097721537,19.006809724768345,55533500.0,-0.005059219631814882,-0.005072060812668579,0.3762738054345948,-0.07378343839631284
2023-07-10,18.87268829345703,18.949329189980805,18.52780730451435,18.591674515256543,25590200.0,0.001694880594032222,0.0016934459047741079,0.3718056352802104,-0.07221361192017946
2023-07-11,18.61722183227539,18.859917004631612,18.52142161925722,18.859917004631612,40877000.0,-0.01353630480243817,-0.013628755821030535,0.37536331587279836,-0.08477241126078107
2023-07-12,18.62999725341797,19.013199359334827,18.610836721764056,18.64915778507188,40181800.0,0.0006862152289783818,0.000685979890963673,0.3418248844601671,-0.08414436815140695
2023-07-13,18.92378044128418,18.981260804952583,18.546966483475018,18.566125792587393,35886500.0,0.015769362918843788,0.015646318385616927,0.33636733385760165,-0.06970190831151951
2023-07-14,18.553354263305664,18.891849642217224,18.4320078976102,18.840756115038666,34451100.0,-0.019574639387085258,-0.019768760044508518,0.3422725597191062,-0.08791215797881513
2023-07-17,18.51503562927246,18.57890284694997,17.850819732657634,18.14460722854196,52160800.0,-0.0020653210998611282,-0.0020674568166178177,0.3270913514616868,-0.08979591224386826
2023-07-18,18.4128475189209,18.64915584541088,18.33620661844243,18.52142141733536,35640400.0,-0.005519195987395364,-0.005534483023615095,0.3260891293125114,-0.09481950699272275
2023-07-19,18.585285186767575,18.60444449471186,18.24678986782037,18.400070422202436,46517700.0,0.00936507336355663,0.009321492941944235,0.28642835004161543,-0.08634242526844922
2023-07-20,18.60444450378418,18.744952592327095,18.44477710728764,18.566124669711368,33177100.0,0.0010308863611221408,0.001030355362678736,0.2853943398084122,-0.08540054813592247
2023-07-21,18.955718994140625,19.070679747802636,18.604449889266053,18.617223577043145,52059200.0,0.01888121358769923,0.018705175892798614,0.25797010445072727,-0.06813180053808424
2023-07-24,19.3516902923584,19.42194434506775,19.00680930794987,19.03235546101146,45268100.0,0.020889278762793007,0.02067408938706986,0.25610144601977736,-0.048665745949342296
2023-07-25,19.79875946044922,19.830692456183662,19.287824219703907,19.479424630441972,56261000.0,0.023102331700056045,0.022839512954070895,0.26794054320954414,-0.026687706454638513
2023-07-26,19.79875946044922,19.939266347112753,19.562451150250947,19.766826464714775,45880200.0,0.0,0.0,0.26592390612773265,-0.026687706454638513
2023-07-27,18.770503997802734,19.728508645010074,18.764117153974777,19.70296248786415,86471900.0,-0.05193534800503885,-0.053332580745593015,0.3259182013356681,-0.07723701913749934
2023-07-28,19.00680923461914,19.128156811149204,18.725794243031626,18.79604829546993,43608600.0,0.012589179110164883,0.012510594253402282,0.27866314200112563,-0.0656201906951916
2023-07-31,19.8690128326416,19.894558984721435,19.351689548661295,19.351689548661295,91290800.0,0.04536287955434615,0.044364078300402954,0.31389304776415033,-0.023234031947684704
2023-08-01,19.543292999267575,19.856241005056997,19.128157939267975,19.856241005056997,75752400.0,-0.01639335764275729,-0.016529215554684208,0.3204482260760999,-0.039246505795240305
2023-08-02,19.49858856201172,19.53052156331966,19.032358703020737,19.48581487422218,62068400.0,-0.0022874567381009347,-0.002290076963796501,0.3205488104559949,-0.04144418784921302
2023-08-03,19.74766540527344,19.881785445549863,19.556064999688346,19.754052247881695,57304400.0,0.012774096056726192,0.01269319551742479,0.31734172543997985,-0.02919950382906558
2023-08-04,19.160093307495117,19.888176463366836,18.994039019316915,19.607162638603043,120685800.0,-0.029754003104661586,-0.0302056345902919,0.3368156708533614,-0.058084704806142556
2023-08-07,19.281436920166016,19.479424168993994,19.070675986080577,19.070675986080577,44984900.0,0.006333143097138727,0.006313173017626255,0.33736959583096837,-0.052119420456296105
2023-08-08,19.30059814453125,19.40917204365901,18.98126329041029,19.102610876062677,34771300.0,0.0009937653736373786,0.0009932719157223252,0.33288205469639914,-0.051177449558002235
2023-08-09,19.45387840270996,19.619932670253338,19.262277980710714,19.294210978322,48561500.0,0.007941736159205126,0.007910366549249887,0.3335477806693321,-0.043642151200487804
2023-08-10,19.56245231628418,19.70934727264922,19.236731842247817,19.351691364643475,54020200.0,0.005581093462529996,0.005565576866687503,0.3300442766215737,-0.038304628662713565
2023-08-11,19.517745971679688,19.82430835789563,19.262278331637894,19.549680188038536,39403200.0,-0.002285313920856291,-0.0022879292360185734,0.32069165199972405,-0.04050240448245375
2023-08-14,19.568836212158203,19.63270341598052,19.33252914163089,19.466649173308728,27992700.0,0.0026176301583515915,0.00261421013147223,0.32023101037636686,-0.03799079463956111
2023-08-15,19.709352493286133,20.533237206764127,19.702965648433658,20.46936875823936,87366200.0,0.007180615117041267,0.007154957253257651,0.31903323853783805,-0.03108297679681699
2023-08-16,20.143644332885746,20.424658143478897,19.72212118066428,19.79876208602251,74461000.0,0.022034810110963976,0.021795551975395056,0.3251175540780282,-0.009733074177254445
2023-08-17,20.079776763916016,20.55877784591309,19.99674901638157,20.277764040230252,57570600.0,-0.00317060646595424,-0.0031756434883970387,0.32597321817869407,-0.012872820895288673
2023-08-18,20.130868911743164,20.2330559646421,19.91372111979148,20.060614856062983,45579700.0,0.0025444579602580397,0.002541226307810685,0.3211952562579398,-0.010361117286628729
2023-08-21,19.99036026000977,20.45658882852895,19.779599316832208,20.24582910351712,42236900.0,-0.006979760901002607,-0.007004233373272767,0.31598764972148735,-0.017268560066303475
2023-08-22,20.294885635375977,20.294885635375977,20.04956957632645,20.221953594788182,31372200.0,0.015233611170850425,0.015118744800295143,0.3102485676624383,-0.0022980114249836823
2023-08-23,21.37560272216797,21.37560272216797,20.61313453149499,20.68606657937517,95507400.0,0.05325071085437383,0.0518812967919036,0.3584217571776635,0.0
2023-08-24,21.34244728088379,21.69384687403773,21.1103930932169,21.39548968332248,49332300.0,-0.001551088019136615,-0.0015522922015144928,0.2893648609006502,-0.0015510880191366588
2023-08-25,21.19658660888672,21.52809533460936,21.0838740215212,21.468423890439343,34079000.0,-0.006834299275871536,-0.006857760052246146,0.2921126792404215,-0.008374786695282186
2023-08-28,21.43527030944824,21.441899344789007,21.123652535215243,21.282774675401715,24956100.0,0.011260478159320852,0.011197550928300883,0.2548644420586992,0.0
2023-08-29,21.481687545776367,21.547988035744183,21.209850225585026,21.481687545776367,40607500.0,0.0021654607410137583,0.00216311951018973,0.2434777585373382,0.0
2023-08-30,21.627544403076172,21.68058680681983,21.415379846503583,21.488311887050603,34637900.0,0.006789823052262056,0.006766876016038389,0.24213383991070292,0.0
2023-08-31,21.17669677734375,21.74025970902928,21.13691497185965,21.68721730171714,48971500.0,-0.020845992375736144,-0.021066337665135146,0.2574141669125585,-0.020845992375736193
2023-09-01,21.634174346923828,21.673953617549575,21.189953101063303,21.35570680653946,50089200.0,0.021602876708775476,0.021372841617873416,0.23168055297876186,0.0
2023-09-04,21.40875244140625,21.69384906024254,21.35571003362219,21.667327856350507,21667400.0,-0.010419713824189936,-0.01047437910490187,0.23899694377214895,-0.010419713824189965
2023-09-05,22.12480735778809,22.204370969880262,21.36234171091388,21.39549195135168,75082900.0,0.03344683060545517,0.03289965286124673,0.25760114625293556,0.0
2023-09-06,22.224260330200195,22.40990369768979,22.025356360861178,22.111546479080666,57856500.0,0.00449508873925164,0.004485016001817098,0.25769721806750007,0.0
2023-09-08,22.144697189331055,22.323708974651147,22.05187298501569,22.19773706259602,39074100.0,-0.0035800129987239027,-0.0035864365808469375,0.2602463529272187,-0.0035800129987239005
2023-09-11,22.12480735778809,22.33697193163145,22.098288682958582,22.1911103678649,30276200.0,-0.0008981758193806755,-0.0008985794209701583,0.2596915375579445,-0.004474973336996091
2023-09-12,22.23089027404785,22.396644010130405,22.204371598467628,22.24415087643861,31963000.0,0.004794749827388589,0.004783291625977336,0.2594006583166419,0.0
2023-09-13,21.89938163757324,22.34360294184155,21.89938163757324,22.310452702227774,47685700.0,-0.014912072003774535,-0.015024374792865704,0.270239448482376,-0.014912072003774552
2023-09-14,22.456314086914062,22.54250673259737,21.945792307406983,21.945792307406983,46502100.0,0.02543142352409089,0.02511342503550647,0.2731714604578086,0.0
2023-09-15,22.46957778930664,22.535880806367157,22.283934399940165,22.456317185894537,54801500.0,0.0005906446775389984,0.0005904703156253584,0.27192137147209683,0.0
2023-09-18,22.628698348999023,23.01324566058499,22.443052464494496,22.54250570723624,52363400.0,0.00708159989406254,0.007056643118860869,0.2717150565147433,0.0
2023-09-19,22.681739807128903,22.95357582317209,22.588918122997264,22.681739807128903,43247200.0,0.0023439906843880642,0.0023412478235478058,0.2678495676085157,0.0
2023-09-20,22.734785079956055,22.946949678767304,22.549139159095073,22.641963384126324,39102300.0,0.0023386774241400676,0.0023359469743585203,0.2661150525933656,0.0
2023-09-21,22.38338279724121,22.734782428008813,22.297192677854017,22.542507492388967,60109400.0,-0.015456591363366523,-0.015577289811363705,0.2132490404918578,-0.015456591363366563
2023-09-22,22.56239891052246,22.668481205921513,22.416537335099655,22.555769873585643,31020500.0,0.007997723798179202,0.007965911509900296,0.21364260149174857,-0.007582485113772932
2023-09-25,22.7082576751709,22.761300074997916,22.49609313426449,22.509353734221246,26767200.0,0.006464683353347267,0.006443876911149204,0.21088417638737358,-0.0011668201257175697
2023-09-26,22.184478759765625,22.60217887024524,22.184478759765625,22.54250742589101,60687500.0,-0.023065570370815802,-0.023335743184245764,0.22890186269486665,-0.024205477124813593
2023-09-27,22.88727378845215,22.88727378845215,22.39664166810481,22.449684072121183,53708700.0,0.03167958266214166,0.031188136933352303,0.2517019038353041,0.0
2023-09-28,22.840864181518555,22.90053562465499,22.681739490087665,22.84086418151855,30765000.0,-0.002027747269620628,-0.002029805932551551,0.25197086696898374,-0.0020277472696206343
2023-09-29,22.966833114624023,22.99998335000686,22.70825773775674,22.87401144387175,40227600.0,0.005515068611431806,0.005499916305679001,0.23582441352178407,0.0
2023-10-02,22.622068405151367,23.05302911564964,22.496096480624757,22.907165023628465,34403400.0,-0.015011417018270912,-0.015125228758716268,0.2358679890320183,-0.015011417018270967
2023-10-03,22.522615432739254,22.694998182183525,22.297190280880777,22.522615432739254,37947300.0,-0.004396281128274948,-0.004405973188600168,0.23249137411259388,-0.01934170373719987
2023-10-04,21.627544403076172,22.350230714276865,21.475051286114688,22.27729867372985,88895900.0,-0.039740989776968494,-0.0405522285946968,0.25074035373902803,-0.0583140350636791
2023-10-05,21.700475692749023,21.839708203956903,21.408750069856183,21.554611616702136,35342000.0,0.003372148419331422,0.0033664754766095637,0.25043899852637896,-0.05513853022551258
2023-10-06,22.217628479003903,22.42316401122549,21.435273213556652,21.61428501321923,48132800.0,0.02383140321793409,0.023551867766805297,0.2650964003987141,-0.03262115555422694
2023-10-09,23.172374725341797,23.258567383404777,22.60881045856263,22.6419632318802,77528400.0,0.042972464286192835,0.04207477517751194,0.3038633273489995,0.0
2023-10-10,23.34475898742676,23.430951650936272,23.033143638002876,23.139225943398557,48326500.0,0.007439214328622157,0.007411679845998461,0.30428965725596474,0.0
2023-10-11,23.285083770751953,23.37127642033664,22.86738618341339,23.29834437293431,41578500.0,-0.002556257561148856,-0.0025595303661196892,0.29794944371012444,-0.002556257561148893
2023-10-13,24.054180145263672,24.107222552123908,23.72267268999068,23.729304255448795,66943700.0,0.03302957301264975,0.03249581800714873,0.30623148970680225,0.0
2023-10-16,24.319385528564453,24.398946604443445,23.842014014888495,24.133742175113134,49626600.0,0.01102533454473198,0.010964998621231901,0.3071653565563836,0.0
2023-10-17,24.975772857666016,24.975772857666016,24.286239206868643,24.33265005271458,68814800.0,0.026990292510910674,0.02663247862415384,0.31747338620410565,0.0
2023-10-18,25.53933334350586,25.59900478355241,25.13489386421269,25.187936268343417,85931700.0,0.022564286160492664,0.02231347850909073,0.3231741904376326,0.0
2023-10-19,25.419992446899418,25.50618509573682,25.14152486188673,25.433253048966804,56016600.0,-0.004672827399262891,-0.0046837791877445975,0.3251649366521286,-0.0046728273992628615
2023-10-20,25.095111846923828,25.76475828275302,24.79012561337836,25.652044439537775,66242400.0,-0.012780515204882215,-0.012862888591517753,0.3229574885309895,-0.017393621462519025
2023-10-23,23.43757438659668,24.398946443427025,23.377902947780974,24.259713929257376,104499100.0,-0.06605021210655937,-0.06833260248382583,0.4160550483401198,-0.08229498118217776
2023-10-24,23.788976669311523,23.99450968127912,23.318234141421623,23.636483537167372,78634900.0,0.01499311647692525,0.014881830674621413,0.41834834042687447,-0.06853572294358327
2023-10-25,23.914947509765625,24.054180033324062,23.702782941714347,23.921579075192877,32846500.0,0.005295345075377211,0.005281374034927333,0.4072529540907374,-0.0636032981711828
2023-10-26,23.669631958007812,23.822125078425213,23.30497427620959,23.76908267347947,47858600.0,-0.010257833585360698,-0.010310807738368531,0.39668126343637217,-0.07320869970842346
2023-10-27,23.49724578857422,24.17352125102496,23.31823147240776,24.007767535596862,45843100.0,-0.007283010134649492,-0.0073096607295020195,0.3977774924206289,-0.07995853014115196
2023-10-30,23.258563995361328,23.68289312831915,23.11269990745665,23.590071446634777,31346900.0,-0.010157862558042963,-0.01020980569747746,0.39954342830018924,-0.08930418493967797
2023-10-31,23.033140182495117,23.324865846267183,22.86738644710618,23.212151991018036,36965200.0,-0.00969207784759063,-0.009739351736893644,0.3971767602937034,-0.09813071967471762
2023-11-01,23.285083770751953,23.563551358178913,23.13922220514855,23.21878328904143,46335300.0,0.010938308292340881,0.010878917694155757,0.3981728375065791,-0.08826579544712809
2023-11-03,23.563552856445312,23.79560708638835,23.23867440532364,23.72930660046217,30959700.0,0.011959118912131306,0.011888173717433951,0.3666956987393861,-0.07736225767862294
2023-11-06,23.543657302856445,23.95472834995096,23.543657302856445,23.696152951127637,33583600.0,-0.0008443358991776506,-0.0008446925515033439,0.36714026646875325,-0.0781412738464011
2023-11-07,23.152477264404297,23.483984688207578,22.980094516875003,23.25193050322565,48919900.0,-0.016615092269657183,-0.016754671152426105,0.36665922353402136,-0.0934580416410318
2023-11-08,22.65522193908691,23.07292210838291,22.48283914734658,22.940318599012578,59742900.0,-0.021477413394630163,-0.021711409524961867,0.34351150368801436,-0.11292821804028493
2023-11-09,23.125961303710938,23.30497563705437,22.781193239034828,22.87401492390893,56231100.0,0.02077840446188106,0.020565477880964397,0.35094173052002503,-0.0944962817680045
2023-11-10,23.01987648010254,23.245301631041823,22.880641438933463,22.980094678454098,40004800.0,-0.0045872611397725915,-0.004597814909789073,0.3511771323918814,-0.09865006378656974
2023-11-13,23.66300392150879,23.702785731150513,22.986728332808152,22.993359899015832,44120000.0,0.027937918865991396,0.02755477500123175,0.34539654584710433,-0.07346822239877233
2023-11-14,23.987878799438477,24.02766060314672,23.530399438198497,23.66300039215716,50888600.0,0.01372923230741585,0.013635840227697085,0.3467327200339728,-0.06074765238388208
2023-11-16,23.57018280029297,24.193418520466192,23.53703255605432,23.855279453308057,72361200.0,-0.01741279429656306,-0.01756618019188,0.3358700794820641,-0.07710266030548546
2023-11-17,24.339277267456055,24.47850979457028,23.749194389418548,23.75582595501516,87666300.0,0.032629974645488335,0.03210892136428319,0.34722916637112505,-0.046988543510864775
2023-11-20,24.359169006347656,24.67741586095129,24.047551188022755,24.37905864438502,67796900.0,0.0008172690862189302,0.000816935303687002,0.34729964698459226,-0.046209676708663786
2023-11-21,24.10721969604492,24.226562568140263,23.80886251580657,24.226562568140263,49597800.0,-0.010343099562923674,-0.010396961136178638,0.34639817242553217,-0.05607482498461922
2023-11-22,24.22521209716797,24.22521209716797,23.59822292175216,24.046073459187767,58578300.0,0.0048944840015046065,0.004882544955814684,0.24232777993986132,-0.05145479831688893
2023-11-23,24.232101440429688,24.287222639931173,23.984063927643373,24.2045434690024,24068100.0,0.0002843873248286055,0.0002843468944184264,0.2372447720732944,-0.05118504408450328
2023-11-24,24.301002502441406,24.67995154306177,23.915161997845665,24.101192100329857,53456200.0,0.002843379563307824,0.0028393448060586835,0.23680768996844698,-0.04848720302949238
2023-11-27,24.16320419311523,24.390575213852745,23.94272463694024,24.114974454472183,36996000.0,-0.005670478380977562,-0.005686616579967114,0.23448740257356535,-0.05388273577393713
2023-11-28,24.528369903564453,24.542150202645775,24.21832237336629,24.23210004412431,36875900.0,0.015112470495666663,0.014999414725071632,0.23731612894548912,-0.03958456653287992
2023-11-29,24.27344512939453,24.824644046132125,24.073634700725975,24.73507602913485,37528600.0,-0.010393058127066035,-0.010447443101326512,0.23748168724997712,-0.049566219959035
2023-11-30,24.741960525512695,24.748849360871844,24.28033233507411,24.431910367885056,58808800.0,0.019301561588008997,0.01911764921107907,0.24041647422076412,-0.031221363818250174
2023-12-01,24.576602935791016,24.80397395867422,24.480143457594625,24.611055002281432,36388100.0,-0.006683285649541459,-0.0067057188104259246,0.2414349700485299,-0.037695988175025986
2023-12-04,24.052961349487305,24.49392040563724,24.011620452352012,24.418130075050858,35601900.0,-0.0213065079690542,-0.021536768178126598,0.2534176246319752,-0.05819932627162758
2023-12-05,23.942724227905273,24.232102654819887,23.89449449008617,24.05985284023064,43234200.0,-0.004583099768061705,-0.004593634369546774,0.2541334216640923,-0.06251569272095239
2023-12-06,23.081472396850582,23.97717080001894,23.081472396850582,23.80492100601259,64179200.0,-0.035971338217682836,-0.03663425267424957,0.28078770223007943,-0.09623825781185717
2023-12-07,23.026351928710938,23.549992790896155,22.764534125941687,23.184824057128324,64723900.0,-0.0023880828394278186,-0.0023909388570956844,0.2692520392636424,-0.09839651571930802
2023-12-08,23.763586044311523,23.798035482241826,23.067695307830757,23.22616482496904,53290700.0,0.03201697419908478,0.03151511479143652,0.28239098729232276,-0.0695299002252881
2023-12-11,23.674015045166016,23.901383434727887,23.59133586971839,23.742913919985103,30613300.0,-0.0037692543111332855,-0.003776375851059975,0.28217610453167147,-0.07303707866024454
2023-12-12,23.48109436035156,23.83937163696198,23.288172794111254,23.80492220209445,30371500.0,-0.00814904799403049,-0.008182432979907714,0.2663123277822443,-0.08059094399492887
2023-12-13,23.818702697753903,23.853152132904984,23.522432824472453,23.57066255934865,38992900.0,0.014377879166160401,0.014275497647358752,0.2667683042344077,-0.06737179168341442
2023-12-14,24.335453033447266,24.62483408200901,24.004733712464937,24.114973486125713,57950000.0,0.02169515033000069,0.021463159936656963,0.26933027763321027,-0.047138282501986935
2023-12-15,24.39057159423828,24.65928084917929,24.11497087575747,24.307889801700092,56570100.0,0.0022649490319845977,0.002262387901416946,0.24414480600435692,-0.04498009927732453
2023-12-18,24.69372940063477,25.01066837575046,24.514590779841633,24.63171937260577,44474300.0,0.012429303070047748,0.01235269343239132,0.24799433010755775,-0.033109867493315376
2023-12-19,24.976219177246097,24.976219177246097,24.673060497566897,24.77640879303056,32183000.0,0.011439737272089356,0.011374798265172877,0.24713418648673216,-0.02204889840646333
2023-12-20,25.065793991088867,25.313834146965807,25.003783952119633,25.058902526579168,38947900.0,0.003586404059281012,0.0035799882474626876,0.24695983739381372,-0.018541570605929845
2023-12-21,25.07267951965332,25.272489910897555,24.852199994253912,25.265598447296988,30511900.0,0.0002746982029335765,0.0002746604802902991,0.24696057909829194,-0.01827196573912137
2023-12-22,25.313831329345703,25.35516959850819,25.058899737334873,25.148470367725796,31234700.0,0.009618110800776458,0.00957215123422656,0.24852219132247844,-0.008829596729371829
2023-12-26,25.72034454345703,25.747902517301895,25.37584490132119,25.396514038785764,23466800.0,0.016058936666772716,0.015931356004148526,0.251435828340474,0.0
2023-12-27,25.741012573242188,25.789242310799903,25.582543060077757,25.713451972259616,19588500.0,0.0008035673764104079,0.0008032446890020042,0.24756166799492704,0.0
2023-12-28,25.65833282470703,25.741011997481856,25.520532451199983,25.651441360453745,21421900.0,-0.0032119850879953615,-0.0032171545846302087,0.243883118138961,-0.0032119850879954097
2024-01-02,26.030385971069336,26.10617629497145,25.768568197273208,25.79612616460965,24043800.0,0.014500285303184146,0.014396161509108458,0.2402352085766137,0.0
2024-01-03,26.843408584594727,26.953648353036296,25.95459897310265,26.04416960631249,52300200.0,0.031233598089133174,0.03075575365700489,0.2573120660446416,0.0
2024-01-04,26.61604118347168,27.112118845402215,26.533359382880345,26.95364933675407,45344900.0,-0.008470138969368102,-0.008506214450447537,0.24367994151213876,-0.008470138969368133
2024-01-05,26.678050994873047,26.967429409532944,26.464460287631116,26.781399302255807,35783700.0,0.002329790932239506,0.002327081177304401,0.24126887271806535,-0.00616008169009421
2024-01-08,26.47823715209961,26.47823715209961,25.913258067743975,26.44378772077512,35158100.0,-0.007489821606977087,-0.0075180111655452336,0.1908416955243206,-0.013603765384128113
2024-01-09,26.25086975097656,26.698720304182572,26.2026400148865,26.64359910389479,27279000.0,-0.008586953875251546,-0.00862403418756357,0.19606225934752758,-0.02207390435349638
2024-01-10,26.00971412658691,26.367993947835323,25.844353198194263,26.25086274265662,27382000.0,-0.009186576546884817,-0.009229033363112524,0.1799406049736554,-0.031057697288349156
2024-01-11,26.230199813842773,26.285321012446907,25.975270841107186,26.168189779574828,26564400.0,0.008477051542465253,0.008441323113532247,0.17768522758528515,-0.022843923446587554
2024-01-12,26.299097061157227,26.684937542610115,26.299097061157227,26.52646804888569,24479500.0,0.0026266382949204914,0.002623194709272229,0.17096315919281904,-0.020277287875798203
2024-01-15,26.581592559814453,26.60915053253034,26.085512254398452,26.175082893614913,13818300.0,0.010741642498230952,0.010684360890391266,0.16902913267922115,-0.00975345675476281
2024-01-16,26.25086975097656,26.72628090432646,26.23709207922811,26.602260832002447,31277700.0,-0.012441798138832172,-0.012519845350083108,0.1694716273404938,-0.02207390435349638
2024-01-17,26.09929084777832,26.2853209501412,26.057949948923213,26.16130088189928,27577300.0,-0.005774243087416142,-0.00579097848295568,0.17281142780292216,-0.027720687351287087
2024-01-18,25.995941162109375,26.27843074703152,25.878812552218417,26.27843074703152,22987200.0,-0.003959865663466622,-0.00396772669077361,0.1712828831471595,-0.03157078281674363
2024-01-19,25.858142852783203,26.11307448582973,25.651443588728952,26.05106444378108,31745200.0,-0.00530076247160538,-0.005314861358299417,0.17014486284759478,-0.03670419606759484
2024-01-22,25.97527313232422,26.051063472928483,25.651442632769143,25.83747275198225,22753700.0,0.004529725131764861,0.004519496802927677,0.1703125789698031,-0.03234073085519868
2024-01-23,26.299097061157227,26.43689742084206,25.78923914714356,26.071728701752008,32498500.0,0.01246662266777232,0.012389554188793108,0.17427353782089935,-0.020277287875798203
2024-01-24,26.09929084777832,26.554030221890883,26.023500514038993,26.381780419146377,25415300.0,-0.007597455262979835,-0.00762646294264757,0.17555805347361336,-0.027720687351287087
2024-01-25,27.063888549804688,27.063888549804688,26.27154102294187,26.361109029245856,48655300.0,0.036958770552514064,0.03629217006984367,0.20934041935730874,0.0
2024-01-26,27.53240966796875,27.62198030727372,26.808960974071287,26.939869886652716,41378200.0,0.017311670394365652,0.017163530681740532,0.21549858325766752,0.0
2024-01-29,27.95269775390625,27.96647805351219,27.442839810103383,27.559968414268795,30547500.0,0.015265212562431962,0.015149871527594581,0.21790791587270023,0.0
2024-01-30,27.780447006225582,28.06982803145883,27.594416910359215,27.67709607685872,34829000.0,-0.00616222266620392,-0.006181287521907284,0.21748215455343267,-0.006162222666203888
2024-01-31,28.083608627319336,28.414330584410315,27.683990424013416,27.71843986128268,57978900.0,0.01091276972706079,0.010853655135939583,0.19434495913609956,0.0
2024-02-01,28.641698837280273,28.855289552655,28.021598456078543,28.097388794705815,61629200.0,0.01987245362115031,0.0196775740078827,0.19932585643085063,0.0
2024-02-02,28.26963996887207,28.7863894352979,28.26275113244882,28.648591680243307,36485600.0,-0.01299011174309006,-0.013075221101464453,0.2080085282453946,-0.01299011174309005
2024-02-05,28.393659591674805,28.717490093125708,28.200740635060814,28.255859210526097,27703000.0,0.004387025195202066,0.004377430252106616,0.20436236558572785,-0.008660074495393367
2024-02-06,28.655479431152344,29.179117714165187,28.434999877428663,28.559019954938684,35474600.0,0.009221067070702915,0.009178812587399604,0.2000891047853182,0.0
2024-02-07,29.07577133178711,29.07577133178711,28.53835008412942,28.60725159194388,30648100.0,0.014667069229972629,0.014560548075639277,0.19641061407997248,0.0
2024-02-08,28.841508865356445,29.24801852573178,28.841508865356445,29.14466758747633,25589100.0,-0.008056964809547651,-0.008089597549269972,0.2018960889203916,-0.008056964809547682
2024-02-09,28.455665588378903,29.16533653054104,28.45566558837891,29.034425004305945,30388000.0,-0.013378054483169088,-0.013468346849070136,0.2119679858267083,-0.02132723277852566
2024-02-14,28.24207878112793,28.524568352162667,28.15250814787592,28.317866486454427,18315300.0,-0.007505950145063611,-0.007534261547138743,0.21413438683468766,-0.028673101777621446
2024-02-15,29.14466667175293,29.144666671752933,28.145617270526643,28.255857041317743,33246400.0,0.03195897503225331,0.031458913393480954,0.22821825665500747,0.0
2024-02-16,29.41337203979492,29.55117239205121,28.97930447842381,28.99997361134917,37268900.0,0.009219709769486606,0.009177467686690222,0.2247915321273105,0.0
2024-02-19,29.55806541442871,29.585623383675166,29.323805591732757,29.461603322934764,12826700.0,0.004919305900664028,0.0049072456512576105,0.2217712065573984,0.0
2024-02-20,29.24802017211914,29.50294917162286,29.006868845389732,29.46849973303971,42375400.0,-0.01048936180235338,-0.0105447629132802,0.22617513515921361,-0.010489361802353355
2024-02-21,29.28935432434082,29.43404615134122,29.027536525303233,29.24801605518926,20873800.0,0.0014132290657089541,0.0014122313973581983,0.22674215972684666,-0.009090956607624254
2024-02-22,29.068878173828125,29.406488971646574,28.80016887981121,29.399597507104613,32162800.0,-0.007527518294572655,-0.007555993046553937,0.23031737747168352,-0.01655004256001782
2024-02-23,28.869070053100582,29.10332990669659,28.66925963684914,29.034428403683886,43924500.0,-0.006873609622384369,-0.00689734168950289,0.22980090615130994,-0.023309893650610734
2024-02-26,29.41337203979492,29.4409326359108,28.82083499324217,28.8690647222834,25885700.0,0.018854157258725968,0.018678620600721,0.20522472598424665,-0.004895224792457521
2024-02-27,29.372041702270508,29.50295062667221,29.199791872535933,29.42027144433028,27678100.0,-0.0014051546850355479,-0.0014061428406628002,0.2001448117346777,-0.006293500929441614
2024-02-28,27.856237411499023,29.585624218803652,27.442838949577304,29.29624582112311,112322000.0,-0.05160704543921135,-0.05298635358188298,0.2775196925594596,-0.05757575738021554
2024-02-29,27.65642738342285,28.414328078113677,27.45661698523245,27.96647754814531,61899800.0,-0.00717290081659383,-0.007198749751724349,0.2778351827547673,-0.06433567299968078
2024-03-01,27.683990478515625,28.145618721144473,27.65642987731652,27.80111909112643,31248500.0,0.0009966252947513077,0.0009961289934857967,0.2748093668128839,-0.06340316626399575
2024-03-04,27.61508560180664,28.076713744102353,27.573744708993267,27.74599448656445,21988000.0,-0.0024889792084872298,-0.00249208186660766,0.26404473575516374,-0.06573433630989965
2024-03-05,27.53240966796875,27.81489925809342,27.29126097944412,27.6288691433786,30293300.0,-0.002993868461247162,-0.00299835905049083,0.26075252387591535,-0.06853140481484762
2024-03-06,28.138729095458984,28.138729095458984,27.63575996514434,27.697770001940587,45481000.0,0.022022025489313757,0.02178304290869229,0.2728373618507238,-0.04801857966918499
2024-03-07,27.828676223754883,28.207625243877743,27.75288589406566,28.000926017294663,50199800.0,-0.011018723363527383,-0.011079879149881297,0.27283058330533655,-0.058508199587028124
2024-03-08,25.286272048950195,25.53431219014633,24.183871713447765,24.73507319536071,230369800.0,-0.09135914889959662,-0.09580536617841878,0.42544022491846445,-0.14452208916870615
2024-03-11,24.562820434570312,26.00282874477964,24.32166915816172,24.57659810446965,127528700.0,-0.02861044969299531,-0.029027706481653027,0.43259490595953937,-0.16899769690001362
2024-03-12,25.36894989013672,25.651439452064217,24.914210531221155,25.045119430735692,76139100.0,0.032819091672055656,0.03229204573193752,0.4548850949818085,-0.14172495613488573
2024-03-13,25.065793991088867,25.720343818358877,25.01756425281542,25.42407392420849,45140600.0,-0.01194987968996375,-0.012021853462203278,0.45539834795014206,-0.15198123964997218
2024-03-14,24.955551147460938,25.437848470933677,24.907321415113664,25.31383103655732,39983400.0,-0.00439813890065166,-0.004407839166071705,0.4335788088302983,-0.15571094394835006
2024-03-15,25.02444839477539,25.11401901833404,24.762627987316403,25.01066809666459,59362500.0,0.002760798465533565,0.0027569944612343216,0.4308428350610286,-0.15338003201793593
2024-03-18,25.038230895996097,25.30005132649262,24.459471466033083,25.086460629466067,35326100.0,0.000550761439504166,0.000550609826088538,0.4293761112512313,-0.15291374638565708
2024-03-19,24.852201461791992,25.389620008147546,24.50081301878799,25.072681000210856,48540800.0,-0.007429815428128039,-0.007457553987098613,0.4293016556415227,-0.15920744090171615
2024-03-20,25.286272048950195,25.313832648710537,24.673063160061673,24.96244157257486,39017900.0,0.017466081941495126,0.01731530307776621,0.43762716874680224,-0.14452208916870615
2024-03-21,24.597270965576172,25.534310260009285,24.583490666737656,25.389618436366483,47220200.0,-0.027248029367090032,-0.027626141282558775,0.4435128210967506,-0.1678321764059341
2024-03-22,24.838422775268555,24.95555401609276,24.41124397037867,24.735074463354525,34426800.0,0.00980400671399173,0.009756259264071393,0.44815240936049594,-0.15967359747624998
2024-03-25,25.217369079589844,25.37584120481248,24.91421038486808,24.927990683944973,26951500.0,0.015256456005676933,0.015141246594513953,0.44557831652828084,-0.14685319468573763
2024-03-26,24.983110427856445,25.26560000142099,24.92110039325333,25.26560000142099,24837800.0,-0.00928957541106068,-0.009332992610810097,0.44498227533928236,-0.15477856627040992
2024-03-27,25.18292236328125,25.258712702220247,24.886652471968937,24.996892248155593,19995700.0,0.007997880648280331,0.007966067115498625,0.4150106611701283,-0.14801858612207225
2024-03-28,25.741012573242188,25.851252348848902,25.127803657159607,25.148472793734747,31958200.0,0.022161455366859206,0.021919459115033294,0.42573830450147604,-0.12913743804502295
2024-04-01,25.940820693969727,25.982158963464528,25.637659366616713,25.837469763586046,23697800.0,0.007762247897553198,0.007732276647611571,0.42736877071594037,-0.12237758695443016
2024-04-02,26.609149932861328,26.62982169733685,26.02350162975073,26.057951066111908,45930700.0,0.025763611983446788,0.025437322526003125,0.4393581478019668,-0.09976686363674787
2024-04-03,26.471345901489254,26.877855502359296,26.333548175084356,26.664267449437805,31437200.0,-0.005178821259595789,-0.0051922778339835605,0.4395028423084889,-0.10442901014193848
2024-04-04,26.16819190979004,27.201690812838574,25.7892428376703,26.505802707914956,165566800.0,-0.011452156336416608,-0.011518237276070698,0.4314599814420867,-0.11468522912815234
2024-04-05,26.25086975097656,26.574700231858554,25.6101002534103,26.113072006904098,65469200.0,0.003159478555933015,0.003154497891670774,0.43115863871533644,-0.11188809609433203
2024-04-08,26.61604118347168,26.912311064781896,25.995940820654138,26.20264006548549,36384400.0,0.013910831753737751,0.013814964175804257,0.25924549002432,-0.0995337208206085
2024-04-09,26.6849422454834,26.96743184987696,26.22331398175497,26.802073491771505,36989300.0,0.0025887043657906172,0.002585359442079365,0.2308885594469922,-0.0972026798324495
2024-04-10,27.277484893798828,27.373944384113496,26.636715275766825,26.68494502092416,55821500.0,0.022205131375756304,0.02196218727268073,0.2166584656547263,-0.07715594673244826
2024-04-11,27.077674865722656,27.39461394688515,27.008775979669604,27.28437415220585,33195300.0,-0.007325089862723955,-0.0073520500714558245,0.21278444789415166,-0.08391586235191349
2024-04-12,26.829626083374023,27.59441556407068,26.664267758442584,27.36704721020916,39613500.0,-0.009160638185468195,-0.009202854850296415,0.21591335700447392,-0.09230777768435432
2024-04-15,27.084562301635746,27.181021779088223,26.616042586874844,26.829630678855736,28692000.0,0.009502041417554619,0.009457180975302472,0.21686573585631522,-0.08368284859351889
2024-04-16,27.208580017089844,27.360158056351526,26.83651981210284,26.877858082663565,37303000.0,0.004578907869100313,0.004568456562034197,0.2164977097938625,-0.07948711677835216
2024-04-17,27.40839195251465,27.525523202976267,27.10523319963695,27.20858414837815,39221700.0,0.007343710524374991,0.007316876775016844,0.21229692929303948,-0.07272713663001448
2024-04-18,27.45661735534668,27.96647792513244,27.318819616566618,27.55996828775512,45078800.0,0.0017595123024940484,0.001757966174078372,0.20735003533593058,-0.07109558861914601
2024-04-19,27.925138473510746,28.297198695472225,27.449729942108984,27.594419152319496,80546900.0,0.017064050975413858,0.016920095393387888,0.17460678727046972,-0.0552447163920564
2024-04-22,28.593469619750977,28.655479658999045,27.91825065256292,28.08360900500869,51775500.0,0.023932957284140022,0.023651053071763226,0.18487189615445973,-0.03263392854550179
2024-04-23,28.538345336914062,28.68303716509376,28.221406338660135,28.524567665966796,35456900.0,-0.0019278626752885497,-0.0019297233943944758,0.184880216671487,-0.0344988774879994
2024-04-24,28.407440185546875,28.93108111364677,28.39365988445754,28.62791974632882,45388300.0,-0.004586991636051918,-0.004597544164123814,0.18031602140865585,-0.03892762306156074
2024-04-25,29.089553833007812,29.268692510223747,28.30409498279554,28.524574567826217,66372400.0,0.024011795607264297,0.02372804569869021,0.1904982027662837,-0.01585054958272727
2024-04-26,29.50037002563477,29.59244606255312,29.089559269216725,29.245384411571184,31899100.0,0.014122464544671143,0.014023671589127177,0.1843756761052245,-0.0019519338625517038
2024-04-29,29.854520797729492,29.854520797729492,29.26663690614382,29.37996356330338,27886000.0,0.012004960337344217,0.011933472372376235,0.1852536306520038,0.0
2024-04-30,29.762441635131836,29.897016194307895,29.479123645168915,29.74827546544163,36635400.0,-0.0030842619522019055,-0.003089028090632722,0.17504372079558425,-0.0030842619522018617
2024-05-02,29.87576675415039,30.017425741845987,29.63494728564401,29.92534699455578,33244700.0,0.0038076553129560153,0.0038004245425069375,0.17054301121624735,0.0
2024-05-03,29.49572372436523,30.08726438210122,29.170377067782525,30.08726438210122,45114200.0,-0.012720779115480418,-0.012802380991033447,0.17234879739517373,-0.012720779115480396
2024-05-06,29.695371627807617,29.843257509378777,29.370024944901935,29.48093724056387,22977200.0,0.006768706721966833,0.006745901875000269,0.17203769711815012,-0.006038175616621209
2024-05-07,30.057687759399418,30.057687759399418,29.577059415620308,29.687974516704163,23808600.0,0.012201097737821076,0.012127264304090144,0.17114427639931068,0.0
2024-05-08,30.51612663269043,30.56049323034428,29.80627799435528,29.835852905436763,25352000.0,0.015251967382210019,0.015136825412690503,0.17352742015671452,0.0
2024-05-09,30.811899185180664,30.937603149938205,30.272118208723207,30.360851414677267,27206400.0,0.009692335991730694,0.009645666617763117,0.164436465003995,0.0
2024-05-10,30.745349884033203,31.122456092434017,30.686194420377053,30.93759949954018,27968700.0,-0.0021598571625688345,-0.0021621930180657405,0.15977458886390455,-0.002159857162568823
2024-05-13,30.774930953979492,31.03373192823584,30.693593585518595,30.863664167221376,18394300.0,0.0009621315111996154,0.0009616689593438953,0.15045215729863504,-0.001199803718004899
2024-05-14,30.220355987548828,30.538309563197902,29.695363923826065,30.139018632751924,53613200.0,-0.018020348031323574,-0.018184691851848723,0.17423717416436948,-0.019198530868760773
2024-05-15,28.39397430419922,28.69713900913548,27.728489429613376,27.80243093981722,131281100.0,-0.06043547879125255,-0.06233878637309182,0.2972827360456007,-0.07847373725487113
2024-05-16,27.56581687927246,28.57883313659469,27.53624196528947,28.320032189255304,83168500.0,-0.029166661068798727,-0.029600464010246526,0.31697352060553785,-0.10535158142635503
2024-05-17,27.12955665588379,27.669337650191395,26.996459663239374,27.617578022017256,67207900.0,-0.01582613079450257,-0.015952701191794254,0.3220761844005858,-0.1195104043137964
2024-05-20,27.173919677734375,27.53623984787347,27.08518930123232,27.159130811536063,40400400.0,0.001635228412070866,0.001633892881824155,0.3155526212106648,-0.11807060271039758
2024-05-21,27.122159957885746,27.425324662130603,27.040822604434325,27.20349731133716,27967400.0,-0.0019047572254009548,-0.0019065735822905655,0.3014051824909971,-0.11975046410217845
2024-05-22,27.49187469482422,27.69891319111121,26.922516009347035,26.989064500394704,36528800.0,0.013631463626516238,0.013539391005640557,0.3068422969376274,-0.10775137457132955
2024-05-23,27.21828842163086,27.883770528880216,27.04082483395154,27.684125050499,47987800.0,-0.009951532088310677,-0.010001379565325201,0.3080769546649995,-0.11663061539803404
2024-05-24,27.070398330688477,27.499264134349925,27.040820600591108,27.410533764745416,23684700.0,-0.0054334823943172905,-0.005448297449044255,0.2926062312139644,-0.12143038739694778
2024-05-27,27.366172790527344,27.41793523917338,27.129556542523343,27.151741254996836,13623300.0,0.010926121449183146,0.010866862639446237,0.2902902846618121,-0.11183102910808503
2024-05-28,27.9503231048584,28.312643356485335,27.661947200853508,27.6841290947959,46437700.0,0.02134570730084895,0.021121078640285236,0.2985891368182402,-0.09287243422172994
2024-05-29,27.913341522216797,28.039042633420028,27.6841183644677,27.883763794632262,29246800.0,-0.0013231182517232654,-0.0013239943455463725,0.29867103498102915,-0.0940726712606525
2024-05-31,28.68235206604004,28.756293581201486,28.024262990763972,28.046444881174807,53929400.0,0.027549927808219188,0.027177257748567867,0.31691541261624173,-0.06911443875439055
2024-06-03,28.527074813842773,28.785872952311145,28.42355273776727,28.71193143294537,43454500.0,-0.005413686152368036,-0.005428393255020667,0.31466649644455813,-0.07415396102674525
2024-06-04,28.20911979675293,28.41615829720416,27.87637733482201,28.393976406638103,34090200.0,-0.011145728020300116,-0.011208307074069595,0.31475182116528316,-0.08447318916581328
2024-06-05,28.246089935302734,28.416157674185836,28.149963710477348,28.29045371546218,18627100.0,0.001310573985157104,0.0013097159326841644,0.3103651940966684,-0.08327332354482014
2024-06-06,28.379188537597656,28.630593648712143,28.297851175077067,28.305244198629797,25944100.0,0.0047121071482736365,0.0047010399243972555,0.3043815548036727,-0.0789536092196825
2024-06-07,27.314414978027344,28.44573948597136,27.25526232243884,28.260882853638694,46003600.0,-0.03751952097431066,-0.038241494557622144,0.32354067957204335,-0.11351082859687778
2024-06-10,27.728487014770508,28.14256676963861,27.44750422322832,27.49926384000088,32560900.0,0.015159469352583832,0.015045712815493033,0.3319224271540354,-0.10007212317159465
2024-06-11,27.8468017578125,28.09820687956243,27.728493631147135,27.957716860612383,31131300.0,0.004266902228706737,0.004257824813859135,0.3329339011125588,-0.09623221890828014
2024-06-12,27.240873336791992,28.176279870009058,27.08117041915661,28.100231690483284,52182400.0,-0.021759354136620446,-0.021999580049901313,0.3352054123608476,-0.11589762211432256
2024-06-13,26.96708869934082,27.522248397993646,26.5031873741655,27.301707570510636,46233500.0,-0.01005050880954661,-0.010101356154556897,0.2599145055700082,-0.12478330085180368
2024-06-14,26.3739070892334,26.997511344544375,25.970846580595033,26.989907688233984,53534900.0,-0.021996501614277797,-0.022242031872201914,0.2509247352402436,-0.14403500638745984
2024-06-17,26.47277450561523,26.716132145050636,26.06210740117353,26.168576005795032,40941800.0,0.0037486829709123537,0.0037416741692934655,0.2463147344979505,-0.14082626499220746
2024-06-18,27.301713943481445,27.484230733040885,26.480379687307774,26.53361399268362,36180700.0,0.031312903666005365,0.030832654300790414,0.2713445866501185,-0.11392304059554637
2024-06-19,27.32452392578125,27.46901660536042,27.05074587937722,27.30171005559813,20776200.0,0.0008354780343471369,0.0008351292168469174,0.2712321460848867,-0.11318274275922294
2024-06-20,27.75800895690918,28.054600917211932,27.52986151829569,27.545071734343527,39442900.0,0.015864321453700647,0.015739798362500983,0.2727571559214204,-0.09911398871966606
2024-06-21,27.902498245239254,28.107831785194215,27.666747177960833,27.79602964697781,43340200.0,0.005205318888482857,0.005191818046642276,0.27033327716167255,-0.0944245897487786
2024-06-24,28.183881759643555,28.183881759643555,27.742794268518875,28.01657231114087,24599400.0,0.010084527626565087,0.010034018070666584,0.2708375188301861,-0.0852922895061621
2024-06-25,28.161062240600582,28.229506744576867,27.955728728671755,28.17627245271213,18572600.0,-0.0008096655825333698,-0.0008099935387463275,0.2689410595639857,-0.08603289685742682
2024-06-26,28.206695556640625,28.22950942644965,27.91770730116938,27.986151811648053,25553200.0,0.0016204401542159186,0.0016191286576791662,0.25871945464005924,-0.0845518678638622
2024-06-27,28.678205490112305,28.86832884059205,28.38161352753224,28.52610622951809,37731000.0,0.01671624145142636,0.016578062845749014,0.2648175260629423,-0.06924901585081726
2024-06-28,28.936769485473633,29.028027869181308,28.67820164742545,28.746646160469137,22019700.0,0.009016045144473184,0.008975643271273075,0.24866345350322333,-0.06085732295946549
2024-07-01,29.377857208251953,29.476719249224825,29.03563464051427,29.13449958253888,24963500.0,0.015243157084267711,0.01512814743278678,0.252897396934082,-0.046541823608796884
2024-07-02,29.286596298217773,29.735287470324803,29.23336199822641,29.52995682810199,33346200.0,-0.0031064522298973607,-0.003111287268432938,0.2491188580940745,-0.04950369588696118
2024-07-03,28.777069091796875,29.499538369865803,28.71622822999858,29.431093850868702,38509400.0,-0.017397965992104858,-0.017551089223377992,0.25850499883946615,-0.06604039826154123
2024-07-04,28.381610870361328,28.86832613785341,28.229511624007095,28.822698394683417,32698800.0,-0.01374212989425927,-0.013837427025510746,0.26325137394522025,-0.07887499242462181
2024-07-05,28.533708572387695,28.63257351232486,28.221906439710487,28.480474274202685,32758800.0,0.005359022880029762,0.005344714413749968,0.22140277204582812,-0.07393866243365779
2024-07-08,29.23336410522461,29.294204967343717,28.358798470152266,28.50329116610718,48845900.0,0.024520315368818713,0.024224518045181585,0.2306781620317059,-0.05123134638566094
2024-07-09,29.225757598876953,29.431091136933787,29.104078787552723,29.240967812923945,34832500.0,-0.0002601994871433977,-0.0002602333449032611,0.23081600030979857,-0.05147821550274914
2024-07-10,28.951982498168945,29.324625527661087,28.88353797850925,29.271391223598208,32899700.0,-0.009367596367066522,-0.009411748245559272,0.21707085859737782,-0.060363584725289084
2024-07-11,29.14971351623535,29.24097191225925,28.982404039314787,29.020428129237068,17229400.0,0.0068296192870007655,0.006806403082481151,0.21171950586338312,-0.053946225740760564
2024-07-12,29.0128173828125,29.28659250399122,29.005210826055336,29.225754555190857,15779100.0,-0.004696311452481505,-0.004707373771429648,0.1911642248971928,-0.0583891889154776
2024-07-15,29.278989791870117,29.453902889253815,29.050842399676235,29.126890563390365,22969200.0,0.009174304085865836,0.00913247579381228,0.1917371776564036,-0.04975056500404938
2024-07-16,29.202943801879883,29.27899197125467,28.98240004922062,29.164916816140785,19637000.0,-0.0025972887224186003,-0.0026006675285304495,0.16724427173258716,-0.05221863714504904
2024-07-17,29.35504150390625,29.423486019942867,29.157314513718152,29.22575902975477,24606100.0,0.00520830033637143,0.005194784051110276,0.16708514364646684,-0.04728230715408502
2024-07-18,29.30180931091309,29.400674263646344,29.164920268990745,29.27899543761005,21315500.0,-0.001813391849099455,-0.0018150380345191566,0.16167831433625493,-0.04900995765278466
2024-07-19,29.423484802246097,29.484325658894885,29.195337391916578,29.2789921192828,30593100.0,0.004152490723079438,0.004143892926771641,0.16150734030049094,-0.045060980324196975
2024-07-22,28.83790397644043,29.34743598596813,28.80748644983785,29.34743598596813,25807800.0,-0.01990181753593534,-0.02010252614799931,0.17784344070164512,-0.06406600245172975
2024-07-23,28.46526336669922,28.898744299101615,28.46526336669922,28.837903444914527,25284700.0,-0.012921903410374247,-0.013006117461437731,0.18475825089470688,-0.07616005116653396
2024-07-24,28.69341278076172,28.898746326470754,28.51849966428035,28.640178480139205,23863800.0,0.008015011529083793,0.007983061928250415,0.18662407890255164,-0.06875546332560557
2024-07-25,28.655385971069336,28.708620266631947,28.34358385375195,28.564127593112214,19562600.0,-0.001325280125544337,-0.0013261590859148845,0.17720160831172477,-0.06998962320208187
2024-07-26,28.62496566772461,28.99760863931554,28.457656223208083,28.64777953704903,32043200.0,-0.0010615911220124286,-0.0010621550089811877,0.173981172917421,-0.07097691396146998
2024-07-29,28.046995162963867,28.685809683956112,27.697166022120314,28.526103877919155,39790000.0,-0.02019113355347768,-0.020397760577412313,0.17721449050601606,-0.08973494316593796
2024-07-30,27.87208366394043,27.96334205766011,27.674353759653744,27.76561215337343,16040700.0,-0.006236372132099488,-0.006255899529864123,0.17775191978728908,-0.09541169479920188
2024-07-31,28.45005989074707,28.45005989074707,28.107837257527923,28.176281784171753,28561100.0,0.020736742676845443,0.02052466330743572,0.18610745541420326,-0.07665347988576918
2024-08-01,28.01657485961914,28.7694645453149,27.97855077269654,28.70862368539724,29756300.0,-0.015236700126206593,-0.015353971384504634,0.1876129866742171,-0.09072223392532605
2024-08-02,27.17242431640625,27.98615188703832,27.17242431640625,27.925313933699833,36483900.0,-0.03013039771787318,-0.03059364715829916,0.2139162036958518,-0.1181191346531752
2024-08-05,27.14960670471191,27.14960670471191,26.313062478452284,26.465161692413236,44765900.0,-0.0008397341153164595,-0.0008400868895135176,0.18959071355291043,-0.11885968010145169
2024-08-06,27.62111473083496,27.8796825530277,26.875831690644496,27.07355866006175,36009000.0,0.01736702970511983,0.0172179464583102,0.20343882084032383,-0.10355688999139487
2024-08-07,27.583091735839844,27.94812816372971,27.377758201204617,27.9101040797717,25020500.0,-0.0013765916171613046,-0.0013775399898493684,0.20198165809544597,-0.10479092606189469
2024-08-08,28.0241756439209,28.10022671102224,27.499436335653723,27.64392901156891,29870300.0,0.015991097455835046,0.015864586771281518,0.20987563069563145,-0.09047555051720256
2024-08-09,27.765609741210938,28.10022865753284,27.058353625011865,27.47662436936247,66082100.0,-0.009226530192906868,-0.009269358262478135,0.21128511682351087,-0.09886730531154257
2024-08-12,28.396818161010746,28.75425091797967,27.986151108457275,27.986151108457275,39655100.0,0.022733461490058282,0.0224789070684736,0.2256031651077533,-0.07838143989941
2024-08-13,28.221912384033203,28.617369326024463,28.11544376523792,28.54131824041906,28557200.0,-0.006159344190811211,-0.0061783912029205555,0.2261851292924572,-0.08405800582370933
2024-08-14,28.716222763061523,28.898742412656713,28.259927990650667,28.282741858955784,37955500.0,0.017515126980125695,0.01736350503503741,0.23506132379221484,-0.06801516548928215
2024-08-15,29.15731430053711,29.32462376097043,28.898746453072807,28.936770539248062,33409000.0,0.015360360626641034,0.01524358458384185,0.24206791188372573,-0.05369954233263707
2024-08-16,29.278989791870117,29.48432331516006,28.921557040100424,29.028025629720805,35472700.0,0.004173069236722116,0.00416438613171179,0.24207285324765732,-0.04975056500404938
2024-08-19,29.23336410522461,29.49953852541774,29.20294657521703,29.35504292841085,28138200.0,-0.0015583080895152923,-0.001559523514401277,0.23057489278132193,-0.05123134638566094
2024-08-20,29.119291305541992,29.41588325029567,28.815092802637132,29.27899421409368,27322600.0,-0.003902144114239281,-0.003909777342358189,0.2256208110916635,-0.054933578403136896
2024-08-21,28.944374084472656,29.49953380779337,28.85311280588868,29.415879086283812,38491900.0,-0.006006918892151991,-0.006025033005877018,0.2254614975116497,-0.06061051574536552
2024-08-22,29.032913208007812,29.1736980514334,28.829558980623464,29.15805495954003,26334300.0,0.0030589406865997315,0.0030542716466586245,0.2255437183920584,-0.05773697903141509
2024-08-23,28.8530216217041,29.35358861907265,28.8530216217041,29.22844686973051,29239000.0,-0.0061961259283512815,-0.0062154015807736555,0.22680217376472894,-0.06357535936696519
2024-08-26,30.94915008544922,30.980436270633927,29.494375294123476,29.611696996758713,102270300.0,0.07264849038092946,0.07013081480599374,0.32367542236029934,0.0
2024-08-27,30.534618377685547,30.79272194475948,30.46422595328087,30.69886637342485,35073100.0,-0.013393960952697181,-0.013484469131596908,0.3279751815490593,-0.013393960952697194
2024-08-28,30.972610473632812,31.17596767560446,30.33125865254914,30.456400398526085,43284500.0,0.014344115604449259,0.014242212099312947,0.3246610715578462,0.0
2024-08-29,30.761444091796875,31.152512521235742,30.72233486196072,31.01172764794853,25356600.0,-0.006817842558531018,-0.006841190228110616,0.3192046452221368,-0.006817842558531023
2024-08-30,30.7927188873291,31.01171917685163,30.409473601990083,30.675400180713176,84437200.0,0.0010166881450330845,0.0010161716676755873,0.29139360988136054,-0.0058080860332019426
2024-09-02,30.503328323364254,30.816184166280433,30.417292817381583,30.76143484131227,15288400.0,-0.00939801922083372,-0.009442459254825968,0.2957387198156014,-0.01515152074985934
2024-09-03,30.13572883605957,30.36254921574868,30.01841011056227,30.339086067372214,35866300.0,-0.012051127123170913,-0.012124330673623795,0.2990667932311674,-0.02702005497036438
2024-09-04,30.143545150756836,30.440754909279526,30.12790206079022,30.299973066808658,28851300.0,0.00025937035536083286,0.00025933672468528735,0.29870676412638913,-0.02676769281626311
2024-09-05,29.95583152770996,30.41729224636042,29.95583152770996,30.22958113102615,26206600.0,-0.00622732402934234,-0.00624679468711007,0.2977989109010227,-0.032828325748920716
2024-09-06,29.36922836303711,30.07315248760891,29.306658987305347,30.01058012826283,32971700.0,-0.019582269453285783,-0.019776542478743022,0.3059210415542155,-0.051767742081690944
2024-09-09,29.689903259277344,29.916723578949863,29.416156655268583,29.596047706990657,30521800.0,0.010918737539724388,0.010859558508839023,0.2987067080709052,-0.041414242930780595
2024-09-10,29.19716453552246,29.658622325712493,28.93905799157067,29.658622325712493,37263500.0,-0.01659617141396086,-0.016735430798495314,0.3049322556173286,-0.05732309647008283
2024-09-11,29.165876388549805,29.588230895530153,28.837377444138024,29.53347858511607,32907000.0,-0.0010716159418353577,-0.0010721905327292754,0.299341778158819,-0.05833328406790549
2024-09-12,28.837379455566406,29.18934156926631,28.743523886451342,29.165878422891232,22103300.0,-0.011263057163348744,-0.011326965715256154,0.29716091016631646,-0.06893933011827151
2024-09-13,28.70441436767578,29.369229296990508,28.61837886264612,29.025090260486262,34729600.0,-0.004610858906077153,-0.004621521705069184,0.2969480004083906,-0.07323231950009385
2024-09-16,29.103309631347656,29.502201070438225,29.06420338804459,29.126775764221584,22614800.0,0.013896652220888761,0.013800979088007433,0.30152837062010246,-0.060353351354626834
2024-09-17,28.97034454345703,29.087663260148545,28.704417941895585,29.07202016786672,23443700.0,-0.004568727391313754,-0.004579195923718238,0.30164627063779004,-0.06464634073644918
2024-09-18,28.274242401123047,28.884308061635732,28.274242401123047,28.868664969877116,38777000.0,-0.024028093324530375,-0.024321477127302028,0.3130625736642822,-0.08712110575267475
2024-09-19,28.36809730529785,28.766985693172018,28.305524939725256,28.602737708965865,25059700.0,0.0033194489473244992,0.0033139517384445216,0.3131104141726858,-0.08409085086813074
2024-09-20,28.36027717590332,28.46977882688384,28.211672267852126,28.368100214209385,48336200.0,-0.00027566633427578147,-0.0002757043372239574,0.31254737712056213,-0.0843433361858016
2024-09-23,28.64966583251953,28.907769371104028,28.328989930875466,28.461951726955316,28218500.0,0.010204013692154401,0.01015230420978475,0.173390741463731,-0.07499996305092912
2024-09-24,28.766986846923828,29.1815213264314,28.720060554476927,29.11894895834923,35104100.0,0.004095022088220324,0.004086660305286302,0.17166443807702203,-0.07121206746801811
2024-09-25,28.97816276550293,29.27537553283528,28.90777034649302,29.017269001927417,38655300.0,0.007340911987161469,0.007314098635766409,0.16403692183015942,-0.0643939170005631
2024-09-26,28.352458953857425,28.876489176869327,28.133461604970663,28.876489176869327,58048200.0,-0.021592252645856957,-0.021828776249127525,0.17645149315822276,-0.08459575992168757
2024-09-27,28.242958068847656,28.454135346009014,28.102173217406747,28.454135346009014,34537400.0,-0.0038621300955934412,-0.003869607378399381,0.17543022605872213,-0.08813117018692782
2024-09-30,28.16473960876465,28.375916863460983,28.094347190532535,28.282061300356354,21146300.0,-0.002769485402072114,-0.002773327522204943,0.1744427662179514,-0.09065657759969968
2024-10-01,28.915590286254883,29.34576480806933,28.02395506339221,28.164736902715653,49748200.0,0.0266592444283269,0.026310078838312444,0.20186164094957118,-0.06641416903263885
2024-10-02,29.314483642578125,29.66644576011953,29.2128050344851,29.525660913102964,32014500.0,0.013795096429791931,0.01370081022235088,0.20941322345114213,-0.053535262468956624
2024-10-03,29.674266815185547,29.75248227928512,29.10330735352562,29.283198445532317,31033000.0,0.01227322224038252,0.012198516877541147,0.2139313143720202,-0.04191909040255274
2024-10-04,29.596050262451172,29.87761992723748,29.463085483584543,29.83851369237593,22526800.0,-0.0026358377519996035,-0.002639317688704475,0.2017213798876047,-0.0444444362335398
2024-10-07,30.010581970214844,30.01840500742041,29.642979779144508,29.7524784311065,36418000.0,0.01400631854885015,0.013909136460079992,0.2040981389734212,-0.03106062061630065
2024-10-08,29.408336639404297,29.52565832952371,29.291017932899404,29.30666102382296,34142000.0,-0.020067765810348748,-0.020271858494477126,0.2084081169402314,-0.05050506916619742
2024-10-09,29.111127853393555,29.34576825800301,28.946876884913777,29.22844656389097,30789800.0,-0.010106276653964574,-0.010157691771461561,0.21170562428832795,-0.060100927618740765
2024-10-10,29.447452545166016,29.5178449784988,29.18934596174075,29.251918339643307,20630100.0,0.011553131622595414,0.011486903801844167,0.21113825621906182,-0.04924214992356469
2024-10-11,29.423982620239254,29.447448750736605,29.189342200569467,29.408339527779297,16343000.0,-0.0007970103658632155,-0.0007973281474862467,0.21021092286234785,-0.0499999137855014
2024-10-14,29.49437713623047,29.6429850333319,29.212807419211988,29.306665980628164,22279000.0,0.0023924197108107226,0.0023895624310752185,0.2050037737629738,-0.04772711485396988
2024-10-15,29.25191116333008,29.25973121684182,28.985984589713823,29.103303294076767,28204600.0,-0.008220752443100277,-0.008254729166078726,0.20665986722322371,-0.055555514501032244
2024-10-16,29.103309631347656,29.39270239574359,29.08766653730341,29.369236262869663,23041200.0,-0.005080062330037105,-0.0050930097143017895,0.18631923097186448,-0.060353351354626834
2024-10-17,28.884305953979492,29.103303255390784,28.696591850188057,29.103303255390784,22174300.0,-0.007525043719847968,-0.007553499706249471,0.18884961021692828,-0.06742423346689191
2024-10-18,28.806093215942383,28.993804334369287,28.477594283273653,28.92341191905559,32000800.0,-0.0027077935734970415,-0.0027114662779639553,0.18924851905159984,-0.06994945613430938
2024-10-21,28.352458953857425,28.97816779611608,28.31335271064409,28.939061552902743,28390000.0,-0.015747857881467264,-0.015873172763876446,0.19462515469096958,-0.08459575992168757
2024-10-22,28.242958068847656,28.39156297487311,28.149102495758676,28.31335049456811,29144300.0,-0.0038621300955934412,-0.003869607378399381,0.19417524309131842,-0.08813117018692782
2024-10-23,27.8909912109375,28.109988505549353,27.820598797153067,28.086525362159332,30769100.0,-0.012462110273724458,-0.012540413599880694,0.19579262292956554,-0.09949498009923043
2024-10-24,28.07870864868164,28.180384271208307,27.81278205204513,28.039599426893993,23058900.0,0.006730396791008619,0.006707848785335618,0.18308179630130955,-0.09343422400300322
2024-10-25,28.274242401123047,28.540168993790186,28.039599008358465,28.12563452122352,32585900.0,0.006963772974316829,0.006939637890014085,0.1844469840469938,-0.08712110575267475
2024-10-28,28.227312088012695,28.258598270379633,27.64070959489823,27.75803128696695,27507100.0,-0.00165982566197731,-0.0016612046987764257,0.18426292695873023,-0.08863632556762395
2024-10-29,28.16473960876465,28.48541551768548,28.000491627427905,28.415026083067925,26090200.0,-0.0022167353041956384,-0.0022191958988973613,0.15614523117632362,-0.09065657759969968
2024-10-30,28.03959846496582,28.446309891963985,28.03959846496582,28.250775724192632,26144700.0,-0.004443184831003588,-0.004453085113465545,0.14595424957377717,-0.09469695850028155
2024-10-31,28.086530685424805,28.19602935348411,27.86753334930619,28.055244499232163,25597000.0,0.0016737836141849094,0.001672384399495517,0.13664513093297545,-0.09318167710354755
2024-11-01,27.703283309936523,28.446313847511256,27.60942773176746,28.313352027073005,30605300.0,-0.013645237276925903,-0.013739189169989827,0.14209805893270283,-0.10555542828653364
2024-11-04,27.765851974487305,28.117814075112182,27.67199640885888,28.078707838068222,24003600.0,0.0022585288483960575,0.0022559822058395105,0.12877069080063255,-0.1035352994180275
2024-11-05,27.6798152923584,27.844063271166437,27.398245623764897,27.7658508003858,23990600.0,-0.0030986508970789473,-0.003103461656249169,0.11328707569608829,-0.10631313056668544
2024-11-06,27.687639236450195,27.734565527009735,27.406069558634524,27.41388961252291,28440800.0,0.00028265882590461366,0.00028261888542485827,0.11060311292691505,-0.10606052208544497
2024-11-07,27.77366828918457,28.0708810212102,27.585957183199923,27.758028183364377,34081200.0,0.0031071284915153985,0.003102311343536437,0.10003245032392395,-0.10328293726392623
2024-11-08,28.29770278930664,28.4072014373315,27.79713583627048,28.039596275864277,49865100.0,0.018868033371239434,0.018692239839474437,0.12606738384439758,-0.08636364979966214
2024-11-11,28.352458953857425,28.485420777505777,28.07871226774898,28.149104698979023,21446300.0,0.0019350038749956777,0.001933134166537771,0.12586918492244237,-0.08459575992168757
2024-11-12,28.884305953979492,29.025090785919456,28.42284522342394,28.4384883140411,39412300.0,0.01875840825614561,0.018584639041840458,0.14299695744140212,-0.06742423346689191
2024-11-13,28.84520149230957,28.99380638688537,28.571451865104063,28.89995082102774,34090000.0,-0.001353830752666374,-0.0013547480094869353,0.1420629369287315,-0.06868678321881584
2024-11-14,29.150238037109375,29.197167317831244,28.829562077880833,28.87648837498768,30262100.0,0.010574949350973695,0.01051942567113138,0.14453286542466867,-0.058838193121462434
2024-11-18,29.877626419067383,29.95583890578454,29.09548961743533,29.09548961743533,39004100.0,0.02495308549563169,0.024646841294717524,0.1673925327304259,-0.035353302089199
2024-11-19,29.564767837524418,29.955836203056787,29.44744911803361,29.799408260120867,26002700.0,-0.010471333202804356,-0.0105265433665496,0.1608422160520959,-0.045454439086007964
2024-11-21,29.650800704956055,29.822871725166323,29.36923102956273,29.697729978726468,36048400.0,0.002909979469632118,0.0029057536753733845,0.15930131758864474,-0.04267673110091973
2024-11-22,30.831830978393555,31.152509928110938,30.088803411201344,30.27651457088239,85234900.0,0.03983131130890816,0.039058499332819505,0.19603630829908,-0.004545289954138813
2024-11-25,30.644119262695312,31.175972511499985,30.620656114064676,30.800547215334635,41119500.0,-0.006088244186009839,-0.006106853113552941,0.1998073190129798,-0.010605861305011625
2024-11-26,30.60500717163086,30.902216942870385,30.55025784621229,30.78489823852251,35188200.0,-0.0012763326865153912,-0.0012771478928021726,0.20053403199922878,-0.011868657384074754
2024-11-27,30.49551010131836,30.78489983404567,30.30779598757264,30.65975808608673,30600700.0,-0.0035777501929160627,-0.00358416564763803,0.2013634873838269,-0.015403944485745294
2024-11-28,30.18265151977539,30.737967789826264,30.01840354980784,30.354722526568644,33113500.0,-0.010259168661338247,-0.01031215665217993,0.20658781170796484,-0.025505081482554374
2024-11-29,30.425121307373047,30.67540483311718,30.041872980293917,30.11226540838539,44011700.0,0.00803341573349825,0.008001319628974358,0.2049847653662301,-0.0176765586719223
2024-12-02,30.62064743041992,30.8161815698642,30.323434703052644,30.42511329097564,31711800.0,0.006426469793548106,0.0064059080823389535,0.20493522385783142,-0.01136368674873313
2024-12-03,30.89439582824707,30.89439582824707,30.565899887018325,30.81618336136814,22536200.0,0.00893999378847865,0.008900268630237037,0.19393733761628276,-0.0025252842492022695
2024-12-04,30.69886589050293,31.17596976133879,30.48768862061092,30.894400068149448,31584400.0,-0.0063289775540897875,-0.006349090440108841,0.1981767601456209,-0.00883827933596115
2024-12-05,31.00389289855957,31.136857665828806,30.66757393757847,30.80835875769215,25214200.0,0.009936100217663224,0.009887061740495454,0.19647068869881978,0.0
2024-12-06,30.526796340942383,31.05082951394708,30.47204700723345,31.00390023493303,31118500.0,-0.015388279116373638,-0.015507907520455085,0.20975986841258615,-0.015388279116373584
2024-12-09,31.316753387451172,31.418429007662205,30.78490020629095,30.800543297926797,28548700.0,0.02587749587890098,0.025548339891696113,0.22200985004266147,0.0
2024-12-10,31.4340763092041,31.621790450359825,31.37150691789557,31.520111832916516,21837600.0,0.0037463309271370537,0.003739330906910229,0.21696212951134722,0.0
2024-12-11,31.746923446655273,31.879885231215265,31.246356520005985,31.559209357354675,46900900.0,0.00995248387049208,0.00990328407370559,0.21718777266749098,0.0
2024-12-12,31.17909240722656,31.626366193558493,31.00018165180909,31.48811922961717,38310600.0,-0.01788617534492276,-0.01804806629078819,0.22696731891709201,-0.017886175344922716
2024-12-13,30.98390769958496,31.496240920762936,30.837526779248396,31.390520677806343,23235400.0,-0.006260115114715803,-0.006279791797188525,0.22912040183941854,-0.02403432094301726
2024-12-16,30.853797912597656,31.114030023129384,30.764345645149184,31.057104442838785,21349400.0,-0.0041992697709026805,-0.004208111465328472,0.22916504484195882,-0.028132664116519716
2024-12-17,31.146554946899418,31.30106987116026,30.76434083925795,30.853793092732527,39617200.0,0.009488525047421481,0.009443791739752941,0.21595032411957665,-0.018911076557218593
2024-12-18,30.341468811035156,31.22788543972615,30.341468811035156,31.13029606801244,58126400.0,-0.025848320536149938,-0.026188259061700744,0.23444064529636865,-0.044270577524833835
2024-12-19,30.219480514526367,30.845664958151605,30.07309957434326,30.626093547876945,43268400.0,-0.004020513880475751,-0.004028617875182711,0.23510061795961107,-0.04811310093387432
2024-12-20,29.967374801635746,30.37398777371878,29.853523665806215,30.21947596112311,59277400.0,-0.008342489963367727,-0.00837748328965161,0.18887119762484195,-0.05605420783559466
2024-12-23,29.975515365600582,30.130027212048,29.8616642048276,30.08936652637357,43785600.0,0.00027164755066877433,0.00027161066115336197,0.18812836047692164,-0.055797787273189126
2024-12-26,30.200849533081055,30.395039677863377,30.05731572646629,30.082647116324363,22920700.0,0.007517274173009181,0.00748916027286775,0.19057825026473194,-0.048699960365359646
2024-12-27,30.107975006103516,30.39503939589573,30.06576031776407,30.39503939589573,24167200.0,-0.003075228955920828,-0.0030799671890812197,0.19048418789589822,-0.051625425793012734
2024-12-30,30.555458068847656,30.707433531292665,30.200850803658923,30.20929245345057,22355600.0,0.014862609081262468,0.014753242820618418,0.19434294902639312,-0.03753010523396544
2025-01-02,31.04515838623047,31.315336278144684,30.555458944151876,30.749649102666808,30046800.0,0.016026606974093305,0.015899536780018608,0.2002572255563163,-0.022104978506153162
2025-01-03,30.715877532958984,31.273119805902443,30.66521797331891,31.138030867636587,23314200.0,-0.01060651226754672,-0.010663162247330943,0.20329846588339032,-0.03247703404800051
2025-01-06,30.572343826293945,30.977610642442674,30.44569975793304,30.90162291311639,23760200.0,-0.0046729482662841715,-0.004683900622215539,0.2012565048414136,-0.03699821881433607
2025-01-07,31.22245979309082,31.45042297700093,30.648331008600405,30.859407672875577,37753300.0,0.021264838917510076,0.021041897238298607,0.21383426472430847,-0.016520141060147625
2025-01-08,30.96916961669922,31.34066340045861,30.7580929444048,31.230905849823092,24483500.0,-0.008112435024983267,-0.008145519879982528,0.21330122030834178,-0.02449855751417688
2025-01-09,31.10425567626953,31.21401643750993,30.986053266060235,30.986053266060235,11526600.0,0.00436195291130681,0.004352467168944088,0.2057349922655779,-0.020243466157141947
2025-01-10,31.18868637084961,31.67838577192657,31.15491655276871,31.450422590815663,40328800.0,0.0027144418904867518,0.0027107644464006903,0.184361064612277,-0.017583973979200737
2025-01-13,31.298450469970703,31.68683079584401,31.214021084615496,31.492640632907356,22897100.0,0.0035193562760529318,0.0035131778336040596,0.18429863039216232,-0.014126501972329529
2025-01-14,31.087373733520508,31.349109980920776,30.88474192069899,31.332223459723217,29173100.0,-0.0067439995680524945,-0.006766843095560977,0.18163874538212268,-0.020775232417182557
2025-01-15,31.484195709228516,31.509523878046757,31.07048403414311,31.18024480031259,32512700.0,0.012764731402193918,0.012683948936312257,0.17616924370529224,-0.00827569127661212
2025-01-16,31.28156089782715,31.441981223440543,31.04515606526966,31.416649833684897,26733200.0,-0.006436080288434121,-0.006456881151892276,0.1762605579338574,-0.014658508551547652
2025-01-17,31.40821075439453,31.577072743228147,31.112701468742063,31.24779041565405,39941100.0,0.004048706424243154,0.004040532467594434,0.17578319210418406,-0.01066915012504708
2025-01-20,31.484195709228516,31.602398124745985,31.33222025477055,31.425094501469783,13912800.0,0.0024192704076066995,0.0024163486842978302,0.17299577644347888,-0.00827569127661212
2025-01-21,31.49264144897461,31.53485614274612,31.002945203830656,31.32377945311388,23612200.0,0.00026825331109270323,0.0002682173376064412,0.141385204999948,-0.00800965794710587
2025-01-22,31.31533432006836,31.771260691956012,31.264674760711625,31.543297506012188,21832200.0,-0.005630112964437384,-0.005646021790860167,0.14239193894765806,-0.013594675632494542
2025-01-23,31.095813751220703,31.585509906422097,30.9860529909548,31.340660218434355,26725700.0,-0.007010002403422422,-0.007034687901515753,0.1411961121953374,-0.02050937932705944
2025-01-24,30.935394287109375,31.154915813685943,30.73276250033397,31.138029294658963,16216500.0,-0.005158876541863422,-0.005172229489386594,0.14330880967694573,-0.025562450513024366
2025-01-27,31.391321182250977,31.492637077393596,30.79186423989365,30.87629361571679,29809700.0,0.014738034075472806,0.014630484674708151,0.149332325005764,-0.011201156704265202
2025-01-28,31.349109649658203,31.653060586453257,31.13803296808103,31.577072852254492,27621700.0,-0.001344687990279314,-0.001345592894475085,0.14868561519365547,-0.012530782633647052
2025-01-29,31.15491485595703,31.517966951941137,31.036709226401907,31.40820619202699,18204400.0,-0.0061945872106542454,-0.006213853270743905,0.14340335800180415,-0.01864774681845947
2025-01-30,31.56862449645996,31.669940390615743,31.070483454097232,31.273118463183003,30916000.0,0.013279113180558966,0.013191718588772964,0.1399451588166925,-0.005616259178465287
2025-01-31,31.821916580200195,32.3960453616876,31.450422812497752,31.5686252285497,37044800.0,0.008023538807293784,0.007991521367886249,0.13520038935198597,0.0
2025-02-03,31.66150665283203,31.923242933974446,31.56019073335997,31.881025015150662,24877600.0,-0.0050408631725209485,-0.005053611181975269,0.1354405748585441,-0.005040863172520922
2025-02-04,31.349109649658203,31.53485493931941,31.08737340502367,31.49264024715889,34290300.0,-0.009866776290820778,-0.009915775503940025,0.12073762676302997,-0.01485790239410582
2025-02-05,31.12114906311035,31.298452717553452,31.028274800085445,31.28156619511485,20539800.0,-0.00727167658333594,-0.00729824409542214,0.1199958299081963,-0.02202153711652509
2025-02-06,31.06204414367676,31.340663678776956,30.98605641214499,31.104258834355644,17512400.0,-0.0018991882116476955,-0.0019009939562407655,0.11920714001931924,-0.02387890228447873
2025-02-07,30.88473892211914,31.264674339465447,30.70743207714668,31.121143754383382,21438700.0,-0.005708098949879115,-0.005724452407819703,0.12035417586103062,-0.029450698097303565
2025-02-10,31.095813751220703,31.264672495292437,31.002939509516793,31.07892723265871,17483300.0,0.006834275971502324,0.006811028168636325,0.1223614752741936,-0.02281769632415158
2025-02-11,31.095813751220703,31.315332050978412,30.969166472392807,31.247785976730444,16624300.0,0.0,0.0,0.11997057235558006,-0.02281769632415158
2025-02-12,30.63144874572754,31.02827396035827,30.48791814004606,30.943844571225014,37364500.0,-0.014933360779951776,-0.015045986067973067,0.1214977885676067,-0.03741031221272741
2025-02-13,30.665218353271484,30.673663223703304,30.411926993481423,30.56390245351034,15351300.0,0.0011024489185695874,0.0011018416680280496,0.12025907656599764,-0.03634910625240015
2025-02-14,31.6108455657959,31.729051223745135,30.73276893788271,30.76653876223621,40322000.0,0.030837126337420306,0.03037121616088325,0.1634471681249827,-0.006632881896737377
2025-02-17,31.80502700805664,32.01610365096896,31.63616827034596,31.77969884155483,22615200.0,0.006142874028996381,0.006124083491003249,0.16460322551333847,-0.0005307528256818915
2025-02-18,32.38759994506836,32.4551427946241,31.83879939634863,31.84724426552679,44062600.0,0.018317008090077858,0.01815127249150663,0.1760980067864601,0.0
2025-02-19,32.45514678955078,32.64089528504732,31.973892251922745,32.176527267080274,32648200.0,0.002085577338147404,0.0020834055408406474,0.17412177270618281,0.0
2025-02-20,32.50580596923828,32.564907176974955,32.345388865492204,32.43825989138251,26641200.0,0.001560898184068904,0.0015596812486753044,0.17099064086998697,0.0
2025-02-21,32.412933349609375,32.531135771016146,32.22718484695621,32.531135771016146,30115200.0,-0.0028571086567364956,-0.0028611979826309933,0.16985904222762493,-0.0028571086567364557
2025-02-24,32.18497085571289,32.51424995700588,31.91479296640713,32.50580830705392,27830300.0,-0.007033071997454066,-0.00705792062498051,0.16644506997134104,-0.009870086403303197
2025-02-25,32.041439056396484,32.45514752475225,31.940123156909777,32.18496964560479,31960900.0,-0.004459590781047074,-0.004469564419290402,0.16745711506753613,-0.01428566063801797
2025-02-26,32.041439056396484,32.29473041550043,31.872577076735723,32.29473041550043,27420200.0,0.0,0.0,0.16530013143272818,-0.01428566063801797
2025-02-27,30.91007423400879,31.019835026113395,29.95600659353803,30.69899752191725,129693500.0,-0.03530942603409193,-0.03594787780194186,0.20587063422084914,-0.049090668194463644
2025-02-28,30.335939407348633,30.85940864950079,30.23462350710695,30.808752309767147,55476800.0,-0.018574359359786463,-0.018749029072749293,0.21207578062732949,-0.06675319984199413
2025-03-05,29.22989845275879,29.6436101727229,29.17079723858886,29.567622437250908,48552000.0,-0.03645975619010877,-0.03714102364514642,0.2453881463438573,-0.10077915064095418
2025-03-06,28.92594337463379,29.652047582921053,28.731753238589967,29.3903145921018,47749600.0,-0.01039877297611047,-0.010453217985579983,0.24556747294386952,-0.11012994410882408
2025-03-07,29.238344192504883,29.491635578012268,28.900620197978565,28.951279763389923,28074700.0,0.010800021759879819,0.010742118059285946,0.2506719997993631,-0.10051932814173399
2025-03-10,29.22989845275879,29.22989845275879,28.706429175493156,29.196128630929262,35037200.0,-0.00028885834609804206,-0.0002889000737058693,0.25084126324732503,-0.10077915064095418
2025-03-11,28.790861129760746,29.466309159004023,28.63044399424166,29.339661848327182,28805400.0,-0.015020145338774049,-0.015134090139778431,0.25437585437243343,-0.11428557848998287
2025-03-12,28.790861129760746,29.044155751114424,28.67265869087564,28.84152069818646,20149100.0,0.0,0.0,0.2518468533501316,-0.11428557848998287
2025-03-13,29.07792091369629,29.1623535142015,28.74020017399861,28.858402593931515,19263600.0,0.009970517472254858,0.009921139805583757,0.2562819784068371,-0.10545454737488913
2025-03-14,29.972888946533203,30.192407279423335,29.018821438812587,29.21301160042394,41529400.0,0.030778267658585046,0.03031411658836098,0.2784565759386889,-0.0779219880012233
2025-03-17,30.530132293701172,30.741208983569344,30.057319348917584,30.065764220146136,31175900.0,0.018591579482444942,0.018420868678301974,0.2869195966103953,-0.060779101352133186
2025-03-18,30.555458068847656,30.7412065720081,30.3190532253885,30.555458068847656,15086400.0,0.0008295337505532796,0.000829189877587973,0.2633365718762201,-0.059999985917479716
2025-03-19,30.530132293701172,30.673666117614367,30.420371513152812,30.623006552567116,21180500.0,-0.0008288461946608372,-0.0008291898775880194,0.2617491569151139,-0.060779101352133186
2025-03-20,30.59767723083496,30.800309041861432,30.19240716723289,30.530131146643093,46921900.0,0.0022124023729737097,0.002209958614564596,0.25134459029734657,-0.05870116680721804
2025-03-21,31.07048988342285,31.26468006272723,30.547020564394757,30.58079360969331,61175700.0,0.015452566840969517,0.015334391780452346,0.25907142233789865,-0.04415568366997989
2025-03-24,31.028276443481445,31.18869358398235,30.81719973298157,30.98606174553647,20348000.0,-0.0013586345146082701,-0.0013595582952954314,0.25871951604295773,-0.04545432674873803
2025-03-25,31.273120880126953,31.67838770884535,30.926955262631587,31.112700546143483,28036100.0,0.0078910099016134,0.007860038705631353,0.2612123337571379,-0.03792199738957016
2025-03-26,31.56862449645996,31.771259505545732,31.365992708148394,31.365992708148394,26870300.0,0.009449124616174531,0.009404760884829298,0.26333672610004966,-0.028831202452423967
2025-03-27,31.80502700805664,32.0583215561706,31.56862219864251,31.602395234494235,28444400.0,0.007488527465717931,0.007460627643066068,0.264633863525051,-0.021558578238140582
2025-03-28,31.60239601135254,31.982334622089255,31.315331641104137,31.788144492329167,22057700.0,-0.00637103677518569,-0.006391418444341163,0.2654863770721466,-0.027792264518550318
2025-03-31,31.374435424804688,31.779702235990595,31.30689256666086,31.534852531073803,26049400.0,-0.00721339566993473,-0.007239538000994446,0.23241691958139987,-0.034805183587949214
2025-04-01,31.49264144897461,32.058328651991836,31.408212061431588,31.49264144897461,19075600.0,0.003767590478344296,0.003760510885770005,0.2208204215673881,-0.031168724787887906
2025-04-02,31.40821075439453,31.492640138424065,31.095818168555795,31.467311967370115,16959200.0,-0.002680965796942658,-0.0026845660219045,0.16752265233066108,-0.03376612829973987
2025-04-03,30.39504051208496,30.64833187219746,30.065761421861275,30.521687802528405,65896000.0,-0.032258133079669626,-0.03278989367198533,0.20657529298165292,-0.06493502911913132
2025-04-04,29.170795440673828,29.559175744360072,28.546010294878464,29.3312157727688,87263200.0,-0.040277790415327086,-0.041111401410355214,0.25531076149213716,-0.10259738004098483
2025-04-07,28.01409912109375,29.17079850387301,27.954997904360305,28.638884332497245,85724900.0,-0.039652546394647104,-0.04046012916251265,0.2927476219779322,-0.1381816790635875
2025-04-08,27.01781463623047,28.655768489073125,26.916497122774217,28.45313668293511,62128500.0,-0.03556368100779328,-0.03621147370753175,0.3139628813834138,-0.16883111091604214
2025-04-09,28.11541175842285,28.351819818601133,26.20728008157482,26.435241660944698,106391600.0,0.0406249408758812,0.039821437370699965,0.34915634962950254,-0.1350649239391344
2025-04-10,26.36769676208496,27.879006465456783,26.34236859278214,27.862119945663466,71250600.0,-0.062162169679564006,-0.0641782337070844,0.41141123596830415,-0.18883116489903654
2025-04-11,26.891170501708984,27.27110757569115,25.987762530416305,26.59566281502018,65329400.0,0.019852842830654138,0.019658345153359114,0.40092216436382766,-0.17272715750665224
2025-04-14,26.78985023498535,27.76080419315642,26.54500213824774,27.52439613558537,56015200.0,-0.003767789383403497,-0.003774905381834785,0.39103242659181614,-0.1758441473397767
2025-04-15,26.173507690429688,26.90805522773148,26.156621169942927,26.78985119471139,58276900.0,-0.023006569247287945,-0.023275350858876845,0.3943588613201215,-0.19480514603456178
2025-04-16,26.173507690429688,26.57033125954519,26.046862007553443,26.418357406326027,73227700.0,0.0,0.0,0.39456251159699,-0.19480514603456178
2025-04-17,26.691001892089844,26.97651335008381,26.353578059760853,26.535268069509105,65752700.0,0.019771679355357286,0.019578758470166362,0.40502558809168515,-0.17888509156337334
2025-04-22,26.75156593322754,27.03707740461175,26.24110577981149,26.647742829900444,41683900.0,0.0022690808453931233,0.0022665103691295887,0.3981385926502026,-0.177021915452773
2025-04-23,26.448749542236328,27.495626006025017,26.38818675470211,27.12359556807231,71566500.0,-0.011319576272545984,-0.011384130287761994,0.3976834810338947,-0.18633767865143908
2025-04-24,26.327625274658203,26.682351605157024,26.007505545806634,26.656395416262377,61589200.0,-0.004579583899976036,-0.0045901023199344535,0.393538392169684,-0.1900639135183041
2025-04-25,26.405488967895508,26.5871773173431,26.128629587663703,26.2497551539621,35581500.0,0.002957490180941269,0.002953125410582104,0.3902748043824691,-0.18766853549534443
2025-04-28,26.301666259765625,26.630438016257003,26.17188862966097,26.44009595190554,27362000.0,-0.003931860843634172,-0.0039396109299920015,0.3859993283869483,-0.1908625097726823
2025-04-29,26.440099716186523,26.656396347225837,26.08537337329903,26.215151021880153,33041100.0,0.0052632960609291235,0.00524949332894336,0.3894389501568415,-0.18660377960761873
2025-04-30,25.946941375732425,26.45740151203473,25.920985188217795,26.310319749876232,52798300.0,-0.018651909249502108,-0.01882804978564731,0.3909462510199278,-0.20177517209426546
2025-05-02,26.65639305114746,26.65639305114746,25.929636328702266,26.128630458814065,33146600.0,0.027342400984440074,0.026975274587137128,0.409625954808921,-0.1799497887739312
2025-05-05,25.66143226623535,26.49201219050633,25.66143226623535,26.448751874016395,59011700.0,-0.03732540944316842,-0.0380398364835615,0.4221883020102151,-0.210558498671901
2025-05-06,26.085371017456055,26.29301556647536,25.920985130652873,26.0507644177256,52751300.0,0.01652046334835755,0.016385485067459158,0.42322582014297777,-0.1975165592835377
2025-05-07,26.206497192382812,26.21514760430981,25.86907336980577,26.21514760430981,35050400.0,0.004643452257040881,0.0046327046903087785,0.4060508473423726,-0.19379026573950484
2025-05-08,26.569873809814453,26.846734846680132,26.34492679581752,26.466052364925424,44665000.0,0.013865898016208744,0.013770645946014275,0.38915002179728914,-0.18261144378457406
2025-05-09,26.742910385131836,26.976511099514337,26.509309670749335,26.907296256387525,25075600.0,0.0065125102420873215,0.006491395471122185,0.3693149861275668,-0.17728819244045618
2025-05-12,27.383150100708008,27.833045788852942,27.383150100708008,27.599446707585972,53493600.0,0.023940539991942122,0.023658458517277534,0.34984675768851164,-0.15759202750973395
2025-05-13,27.79844093322754,27.902262380758064,27.123594923430502,27.48697329021165,56165300.0,0.01516592616233714,0.015052073184887608,0.26339905915388356,-0.1448161304003825
2025-05-14,27.60809898376465,27.78978734284783,27.426410624681463,27.685965894860917,28060100.0,-0.006847216716940885,-0.006870766467051762,0.2574337590589287,-0.15067175968836322
2025-05-15,27.5734920501709,27.763832469313765,27.331239257451863,27.42641029212937,32468300.0,-0.0012535065747953933,-0.001254292871315844,0.2569276800427126,-0.15173639822175322
2025-05-16,27.70326805114746,27.82439361526304,27.391800428893635,27.54753424002055,48111800.0,0.00470654934603254,0.004695508172989306,0.23985538521688152,-0.1477440037215407
2025-05-19,27.668663024902344,27.772484477597573,27.42641186847198,27.54753744668716,30200500.0,-0.0012491315530437364,-0.001249912368157068,0.2400926003854488,-0.14880858357776286
2025-05-20,27.781137466430664,28.040692741615448,27.642707766303825,27.729225091223952,33485800.0,0.004065047936255173,0.004056807951965671,0.23186739760347272,-0.1453484496670775
2025-05-21,27.46967124938965,28.023390078789728,27.41776052168646,27.867656245467884,28724100.0,-0.01121142780483253,-0.0112747495914838,0.23659611267934869,-0.15493031382192324
2025-05-22,27.10628890991211,27.38314828431721,27.00246581940418,27.374496222590544,42207300.0,-0.013228492477339482,-0.013316768352764081,0.23806784563952244,-0.16610931180835756
2025-05-23,27.16685485839844,27.16685485839844,26.708307084920456,26.89864751445733,25732400.0,0.0022343873293619865,0.0022318947981561027,0.23708620542443443,-0.16424607702058924
2025-05-26,27.080333709716797,27.279327836243947,26.94190401747919,27.218763401954405,21277100.0,-0.003184805496720844,-0.0031898877833451394,0.23761270095819234,-0.16690779070840006
2025-05-27,27.27932929992676,27.40045487458068,27.132247537756054,27.270677237421165,34361500.0,0.007348343352894471,0.00732147581883654,0.23770546811745252,-0.16078594310990388
2025-05-28,27.19281005859375,27.443713267948336,27.19281005859375,27.400454606056496,30516200.0,-0.003171604418193752,-0.0031766446153155704,0.23797695153116882,-0.16344759812054685
2025-05-29,27.028423309326172,27.25337197444226,26.86403742900824,27.23606785015361,20778800.0,-0.006045228459779062,-0.006063574829376846,0.22767447207982652,-0.16850474850848507
2025-05-30,26.7342586517334,27.05437833650816,26.7342586517334,26.950555245437084,45127700.0,-0.01088353006115872,-0.01094318893544349,0.21183252653480003,-0.17755435207380368
2025-06-02,26.889995574951172,27.383151601629795,26.829432785739726,27.374499538854984,35111000.0,0.005825369060969754,0.005808467206548722,0.15711031171642922,-0.1727633026420451
2025-06-03,26.898164749145508,27.005114749374776,26.194070164554464,26.630786348693125,59828700.0,0.0003037997597123976,0.000303753621909596,0.14815496599921926,-0.17251198833216252
2025-06-04,26.15842056274414,27.13880462487965,26.087119996403715,26.951639575773793,41952900.0,-0.02750166018017519,-0.02788691061713699,0.18055979180430953,-0.19526928243222025
2025-06-05,26.167333602905273,26.41688473757672,26.033643552257445,26.292109170241,23774000.0,0.00034073311650262283,0.0003406750801571777,0.17302011064182984,-0.1949950840268779
2025-06-06,26.44362449645996,26.586225638137655,26.167334996951897,26.247548351638063,28069300.0,0.010558618533605957,0.010503265613599719,0.1758146854831536,-0.18649534420144012
2025-06-09,25.99799346923828,26.26537016397525,25.721703991351472,26.042555685047923,43834800.0,-0.016852115990428462,-0.016995728634828247,0.16004799760310365,-0.20020461901971107
2025-06-10,26.78230094909668,26.933814869904324,26.158421398666096,26.21189640014537,46241800.0,0.030168000495361946,0.02972189621804918,0.1876012033635229,-0.1760763915701095
2025-06-11,27.67355728149414,27.771596195064543,27.005113852473126,27.005113852473126,52432400.0,0.03327781037527022,0.03273608948448111,0.22292929456208307,-0.14865801796507114
2025-06-12,28.297441482543945,28.4400426264608,27.388357915119204,27.45074570309036,51729500.0,0.022544416487684682,0.02229404709912912,0.23627741683061157,-0.12946500974862465
2025-06-13,28.992618560791016,29.5630230759927,28.671765171020297,29.509549777616975,74902600.0,0.024566782077309446,0.02426987161610262,0.24983998120323525,-0.10807876635244652
2025-06-16,28.70741844177246,29.34912526911837,28.582642869761724,28.992620720619676,45972200.0,-0.00983699069542665,-0.00988569354458484,0.253312157782993,-0.11685258722889094
2025-06-17,29.358034133911133,29.491724179463255,28.850017400619596,28.85893188359192,57633400.0,0.022663678151984445,0.02241067255621343,0.2636085636355314,-0.09683721850508883
2025-06-18,29.331300735473633,29.59867745633155,28.956974006248444,29.37586295563671,49342900.0,-0.000910599065167661,-0.0009110139123551635,0.2588133745050951,-0.09765963768961233
2025-06-20,29.25108337402344,29.55411118947151,29.08174560063854,29.17087002876133,85062700.0,-0.0027348722845139672,-0.0027386188802532626,0.25246308450417815,-0.10012742333769332
2025-06-23,28.520252227783203,29.714537925816785,28.35091275419768,29.669975711686675,54592400.0,-0.02498475481729523,-0.02530217202170677,0.27283841237133233,-0.12261051903240881
2025-06-24,27.958763122558594,28.37765375431812,27.753772498562544,27.887462553324212,48728300.0,-0.019687382171102663,-0.019883760401905842,0.28362165701399233,-0.13988402105712316
2025-06-25,27.816158294677734,28.1102750341658,27.816158294677734,27.914197207840424,23127700.0,-0.005100541367146438,-0.0051135935292430925,0.2837270808391863,-0.14427107818826498
2025-06-26,28.038972854614254,28.163750117180964,27.90528450895093,27.940935641095574,17227000.0,0.008010256397597226,0.007978344595028232,0.2843248620656854,-0.13741647011771355
2025-06-27,27.816158294677734,28.0300616870217,27.75377051355222,27.97658498896594,16482100.0,-0.007946602077467002,-0.007978344595028197,0.2850835370861152,-0.14427107818826498
2025-06-30,27.96767234802246,28.065711261683152,27.71812122225277,27.81615843597391,23091100.0,0.0054469798359508825,0.005432198692052714,0.281556253524273,-0.1396099400061165
2025-07-01,28.065710067749023,28.13701062921284,27.860721166032985,28.030060636986853,17014100.0,0.0035053943176466262,0.0034992647431925927,0.2812889200825256,-0.13659393357885424
2025-07-02,28.5648136138916,28.734154782507854,28.056796907800653,28.145923033416835,28311600.0,0.017783392792762864,0.017627118270721998,0.28646297242302043,-0.12123964436003278
2025-07-03,28.66285514831543,28.86784406605727,28.466779013945793,28.5202540142394,14322300.0,0.0034322483510325075,0.0034263716297331806,0.26221222599739347,-0.11822352057843483
2025-07-04,28.627201080322266,28.796542247095765,28.493512743322505,28.52025109069823,9356900.0,-0.001243911948362153,-0.0012446862490042769,0.26261158399406553,-0.11932037287697206
2025-07-07,28.57373046875,28.751979334902753,28.431127635960692,28.62720376864415,17938800.0,-0.001867825339342044,-0.0018695719002772262,0.26252790352375427,-0.12096532860035474
2025-07-08,28.98370933532715,29.04609712068348,28.54699143795352,28.582642572408368,28778300.0,0.014348104354995783,0.01424614443612312,0.2528321256615842,-0.10835284740345318
2025-07-09,28.805456161499023,29.081747345058933,28.573730594552703,29.028270645050146,22338900.0,-0.006150115976040982,-0.006169105839243099,0.23881615782547574,-0.11383658080162869
2025-07-10,28.73415756225586,28.903495347374975,28.270701324228973,28.529165243586355,23102800.0,-0.002475176884664698,-0.0024782451990962404,0.21326047835464684,-0.11602999201286392
2025-07-11,29.08174514770508,29.144132926395173,28.653941779596323,28.698503992963683,23946700.0,0.012096668736368388,0.012024088770060667,0.2030956067623472,-0.10533689965335866
2025-07-14,28.69850730895996,29.20652407978082,28.62720503943034,29.081748507983324,24106300.0,-0.013177951900708473,-0.013265551549285892,0.19025293434758087,-0.11712672695706544
2025-07-15,28.47569274902344,28.85893394713868,28.35091547758194,28.73415837563685,18688300.0,-0.007763977322505333,-0.007794273911002592,0.18902682269266274,-0.12398133502761689
2025-07-16,28.33308982849121,28.475690958365917,28.047885868802236,28.431127042817845,27588900.0,-0.0050078823995289845,-0.005020463864500434,0.16914579317299613,-0.128368333481591
2025-07-17,28.047887802124023,28.315266214023985,27.985500015995935,28.315266214023985,27497600.0,-0.010066040382238683,-0.01011704553534954,0.171658780649513,-0.13714221303520324
2025-07-18,27.620086669921875,28.163754622521136,27.27249657560553,27.98550233316209,57635000.0,-0.015252525795177774,-0.01537004204446731,0.177890826122111,-0.1503029736884538
2025-07-21,27.67355728149414,27.878547891681304,27.42400615595427,27.53095615263149,16412000.0,0.001935932070426638,0.0019340605689465392,0.15743027659993605,-0.14865801796507114
2025-07-22,27.940937042236328,28.14592596252887,27.62008363660303,27.67355863756204,24557100.0,0.009661922318927596,0.009615544441151232,0.14618088701656495,-0.14043241786780786
2025-07-23,28.51133918762207,28.54698861861648,27.896370778528222,27.940934692195597,27418600.0,0.02041456750442938,0.020208983452165267,0.16135343536304272,-0.12288471743775116
2025-07-24,28.466777801513672,28.538078365514913,28.208312194546956,28.457865018521073,17856300.0,-0.0015629355680263357,-0.0015641582259443329,0.1596094011863828,-0.12425559211012718
2025-07-25,28.502429962158203,28.680682239195644,28.44004217517701,28.511342746004043,13341000.0,0.0012524129317732502,0.0012516293169021065,0.15623642372278898,-0.12315879848875781
2025-07-28,28.53807830810547,28.90349391036918,28.235050486724894,28.66285386987175,27972800.0,0.0012507125180061252,0.0012499310286492543,0.15544373718089494,-0.12206212222172412
2025-07-29,28.91240501403809,29.055006141855472,28.51133997952901,28.689590539330975,33284000.0,0.013116745349538883,0.013031465762866243,0.16105022484729958,-0.11054643464619182
2025-07-30,29.206523895263672,29.26000059707304,28.760894913156893,28.78763156412192,27110400.0,0.010172757371196717,0.010121363128489573,0.15307951445937446,-0.10149823933290163
2025-07-31,29.09065818786621,29.18869710379857,28.894580356001494,28.92132040572434,23544900.0,-0.003967117340391568,-0.0039750072240302805,0.15384718386655796,-0.10506270124801642
2025-08-01,28.70741844177246,29.3312997017055,28.55590621858209,29.233260780874392,24191800.0,-0.013173979894810395,-0.013261526509602198,0.1616209628090373,-0.11685258722889094
2025-08-04,28.66285514831543,28.760894065470055,28.48460288075059,28.707417365236836,15215600.0,-0.001552326746043664,-0.0015535328535504656,0.1615727325839826,-0.11822352057843483
2025-08-05,28.796545028686523,28.885669462002348,28.546990495619664,28.636118328814685,20635500.0,0.004664220632568439,0.004653376860936018,0.15388226889444795,-0.11411072052980319
2025-08-06,28.832191467285156,29.358033759943982,28.68959034045627,29.055005940447728,32854600.0,0.0012378720628853923,0.0012371065309519592,0.15238945590893324,-0.11301410293993734
2025-08-07,28.992618560791016,29.27782081839186,28.903494130245413,29.090657474318636,21111400.0,0.005564165793220832,0.005548743006247379,0.15328677620819148,-0.10807876635244652
2025-08-08,27.210105895996097,28.56481669155285,27.210105895996097,28.07462549775832,107235300.0,-0.061481603017588426,-0.06345282060916954,0.26851212227148863,-0.16291551356252312
2025-08-11,27.37944221496582,27.6557333893244,27.25466665231327,27.37052943192785,28045800.0,0.006223287759958396,0.006204003072768955,0.26784637631361446,-0.15770609592402574
2025-08-12,27.450742721557617,27.869635023763102,27.317054376148448,27.441831638477943,37973300.0,0.002604162131280452,0.0026007771764513655,0.2675868260668306,-0.1555126260356227
2025-08-13,27.24575424194336,27.504219853761285,27.103153111264355,27.45074315480198,38340700.0,-0.007467502125298675,-0.007495523506265971,0.26812156636571793,-0.16181883729548954
2025-08-14,26.898164749145508,27.3883559333988,26.755563615546745,27.3883559333988,43087500.0,-0.012757565443453855,-0.012839641993338813,0.2693917610031553,-0.17251198833216252
2025-08-15,26.889249801635746,26.93381201482144,26.506008648456685,26.826862023199983,55416100.0,-0.0003314333001118719,-0.00033148823626686616,0.26481120659442825,-0.1727862454146726
2025-08-18,27.058591842651367,27.227929628798503,26.755564004365414,26.96055292440014,31498100.0,0.0062977599696856235,0.006278011948199334,0.2659701095261777,-0.1675766517446717
2025-08-19,26.773387908935547,26.942725684568412,26.604048433363157,26.91598903575245,39294300.0,-0.010540235625501548,-0.010596177348880907,0.2648200131771585,-0.17635058997545183
2025-08-20,26.933813095092773,27.058590356908375,26.82686309918173,26.844688665146748,23706600.0,0.005991964360389623,0.005974083932315117,0.2534679949260721,-0.17141531206512883
2025-08-21,26.99620246887207,27.12097803025313,26.74664964617042,26.93381298824201,23327000.0,0.002316395883457778,0.00231371717434964,0.254101075679787,-0.16949598190490028
2025-08-22,27.7727108001709,27.7727108001709,27.16202098151873,27.244054071972368,49813600.0,0.028763613408003597,0.028357705881979986,0.27682473104300553,-0.1456076853946192
2025-08-25,27.936777114868164,28.055270129870827,27.727137766484834,27.77271093317517,21075300.0,0.005907464916829586,0.005890084262768932,0.27787890613027383,-0.14056039277087903
2025-08-26,27.736251831054688,27.87297306511298,27.553955693307092,27.78182499623918,21789700.0,-0.007177824521023779,-0.007203709040852381,0.27351335215263367,-0.14672929945798727
2025-08-27,27.945892333984375,27.964122296217763,27.67244985450311,27.75448294604847,16349100.0,0.007558357351477696,0.007529936090739287,0.27213172180885675,-0.14027997458574507
2025-08-28,28.191993713378903,28.374288133807863,27.991467590850537,28.05527246343094,25802500.0,0.008806352520554395,0.008767802754767467,0.27477941032522324,-0.13270897697296707
2025-08-29,28.346942901611328,28.574812214745656,28.119073588477,28.191991699139788,27713400.0,0.0054962124994690775,0.0054811634402521445,0.2722438415538771,-0.1279421612115286
2025-09-01,28.41074562072754,28.59304176400364,28.301367587060906,28.438090563770412,9889700.0,0.0022507795404131947,0.0022482503305616347,0.2724075470951965,-0.12597935126992646
2025-09-02,28.55657958984375,28.65684263459591,28.255792194091992,28.255792194091992,19812000.0,0.005133056733640062,0.005119927507467193,0.27252829344521196,-0.12149295369362209
2025-09-03,28.31048011779785,28.57480932881997,28.182873871651843,28.365169999150183,29788800.0,-0.008617960399340818,-0.008655309758413046,0.27398956994234874,-0.12906389262923235
2025-09-04,28.31048011779785,28.547464388143805,28.19198885187723,28.255791974950235,24816500.0,0.0,0.0,0.2729599376999926,-0.12906389262923235
2025-09-05,27.88208770751953,28.337826307853614,27.517497174953224,28.32871132722636,46121900.0,-0.01513193730716722,-0.015247593286420686,0.1554701907015074,-0.14224284320451505
2025-09-08,27.991464614868164,28.228448900884743,27.809170213820295,28.10084264630075,18164200.0,0.003922837790913958,0.0039151635261304215,0.15470738724258726,-0.1388780010144109
2025-09-09,28.210222244262695,28.392516655433475,28.08261424408773,28.12818915075912,31283900.0,0.007815154812525815,0.007784774671169119,0.15645646165759358,-0.13214819927986685
2025-09-10,28.72064781188965,28.747992754733247,28.18287610549956,28.219334290786165,35949600.0,0.018093638653653654,0.01793189685852495,0.16324556002970095,-0.11644560239271408
2025-09-11,28.611270904541016,28.693303997794,28.50189460587365,28.52923781128803,17607900.0,-0.003808302238341388,-0.003815572284869943,0.15482476918496835,-0.11981044458281824
2025-09-12,28.419858932495117,28.893827486370444,28.40162897153727,28.665958189911706,19318400.0,-0.006690089814064049,-0.0067125687785463345,0.15831113875104144,-0.12569899176196034
2025-09-15,28.665958404541016,28.757104733003136,28.310481117220583,28.529235434838277,21978400.0,0.008659419198049134,0.008622141475329862,0.15921653329703223,-0.11812805282635008
2025-09-16,28.73887825012207,28.875599489596453,28.565697086251916,28.80268137930979,19154700.0,0.0025437783921957724,0.002540548464262509,0.15108428188656564,-0.11588476602244613
2025-09-17,28.91205596923828,28.97586083316543,28.675071690166067,28.74799153465424,29148100.0,0.006025903920431341,0.006007820769924753,0.1510915317641287,-0.11055717256790767
2025-09-18,28.62950134277344,29.00320689002097,28.42897696621536,28.957633721236615,25702900.0,-0.009772899816099967,-0.009820968035159212,0.1583665392281253,-0.11924960821255019
2025-09-19,28.31048011779785,28.66595739256914,28.173758891426456,28.64772743211837,48871300.0,-0.011143094011873744,-0.01120564338034554,0.13462552523343432,-0.12906389262923235
2025-09-22,28.593040466308594,28.684186795305106,28.10995692550507,28.255793138105233,22016100.0,0.009980768511697047,0.009931289594356789,0.13732596502283226,-0.12037128095308619
2025-09-23,29.076122283935547,29.24930343842883,28.675071829821288,28.70241677163753,39895300.0,0.01689508389974037,0.016753949404351046,0.14413400965566342,-0.1055098799441675
2025-09-24,29.73238754272461,29.741504262540584,29.221962497345032,29.31310883344571,36414400.0,0.02257059082296009,0.022319644031510204,0.159873017017841,-0.08532070944920682
2025-09-25,29.495405197143555,29.896453946716715,29.3860288976254,29.80530760995323,29556300.0,-0.007970511794268664,-0.00800244612523138,0.1630366290177598,-0.09261117152251525
2025-09-26,29.3951416015625,29.841766988338772,29.303995266470107,29.61389767359798,27819700.0,-0.0033992954126551567,-0.0034050861439681476,0.16375766944557082,-0.09569565420465329
2025-09-29,28.99408912658691,29.6594688011281,28.921171020425454,29.404252821805823,35720000.0,-0.013643495255497351,-0.013737423050986726,0.1727799211252741,-0.1080335262560377
2025-09-30,28.675071716308594,29.07612216883526,28.401629253247783,28.88471279239365,48611500.0,-0.011002842989324524,-0.011063821973591546,0.17717594459744507,-0.11784769331838396
2025-10-01,28.602155685424805,28.757106889336015,28.52923757408452,28.665960554039344,24817000.0,-0.002542836914417146,-0.0025460754153552208,0.1744287522611777,-0.12009086276795222
2025-10-02,28.32871437072754,28.629501809723,28.274026219593356,28.60215686490342,25497100.0,-0.009560164545101335,-0.009606156278584842,0.17809741427889927,-0.12850293890462872
2025-10-03,28.255794525146484,28.556581945712686,28.255794525146484,28.40163074490556,19756800.0,-0.002574061237893832,-0.0025773798295841205,0.16913301057507216,-0.13074622570853267
2025-10-06,28.000579833984375,28.46543342914537,27.98235161067785,28.438090224933152,21245400.0,-0.009032295691950187,-0.00907333417606799,0.17208152108787492,-0.1385975828292769
2025-10-07,28.100841522216797,28.128186463607307,27.663332890997243,28.00057847562303,29068800.0,0.003580700429308026,0.003574304983762075,0.17019921789509374,-0.1355131588243067
2025-10-08,27.936777114868164,28.328712607022577,27.80005587629229,28.328712607022577,17687400.0,-0.0058384161634064125,-0.005855526345132647,0.15703475460360244,-0.14056039277087903
2025-10-09,27.53572654724121,28.109958181197378,27.51749832373051,27.945892000067044,22879700.0,-0.014355649042047558,-0.014459688272576052,0.16362799285197155,-0.1528982061450955
2025-10-10,27.289628982543945,27.490153348969027,27.225825854068,27.43546520149034,50214400.0,-0.0089373913659061,-0.008977569418589846,0.16470264025038195,-0.1604690864035379
2025-10-13,27.553956985473633,27.5904169101349,27.3169726906901,27.481038874656,13890500.0,0.009686024060597154,0.009639415257187582,0.1656122479755816,-0.15233736977482754
2025-10-14,27.362546920776367,27.76359565111668,27.23493892611822,27.29874379269972,28138200.0,-0.0069467359914285876,-0.006970976890544016,0.16561165289260918,-0.1582258582768018
2025-10-15,27.11644744873047,27.499267952840977,27.04352934025727,27.389889920878755,40261000.0,-0.008994026497549323,-0.009034716918095225,0.16401812699892485,-0.16579679721241206
2025-10-16,26.84300422668457,27.17113483639475,26.80654430421411,27.107331710576236,28660900.0,-0.0100840356231362,-0.010135223924206111,0.16418993201942667,-0.1742089320262564
2025-10-17,27.098217010498047,27.298743109151975,26.715396513118954,26.888577669636945,36238600.0,0.009507608822702851,0.00946269596147164,0.1672229852905294,-0.16635763358268
2025-10-20,27.11644744873047,27.253168684804617,26.870348180694105,27.070874282874033,31442800.0,0.0006727541603699372,0.000672527962734371,0.1614530870225157,-0.16579679721241206
2025-10-21,26.897693634033203,27.33520229317963,26.8612337098519,27.307857350043655,25509900.0,-0.00806720036283759,-0.008099916293125148,0.1451099053945688,-0.17252648159262038
2025-10-22,27.207597732543945,27.371663924583192,26.997958370940452,27.12556463652432,27088800.0,0.01152158630131117,0.011455718279127367,0.12243283455667366,-0.16299267403824014
2025-10-23,27.51749610900879,28.000577894006724,27.444578005320153,27.8182835040375,40060800.0,0.011390141074239857,0.01132576181540481,0.13367458048095976,-0.15345904251536344
2025-10-24,27.1984806060791,27.75448227114292,27.17113566339397,27.617759296222093,24370300.0,-0.011593187900015622,-0.011660912843693957,0.1367967115671503,-0.16327315090054195
2025-10-27,27.344318389892575,27.490154615558275,27.061760919978404,27.490154615558275,24771400.0,0.0053619827491715455,0.00534765850110321,0.13532963059248118,-0.158786635969902
2025-10-28,27.335201263427734,27.663333614678827,27.125561922797225,27.25316817561496,25324800.0,-0.0003334194085529152,-0.0003334750051622509,0.1320963860274822,-0.15906711283220373
2025-10-29,27.362546920776367,27.490153176929663,27.162020817101357,27.426350048853013,24854900.0,0.001000382513562048,0.0009998824644411384,0.13264031553061678,-0.1582258582768018
2025-10-30,27.24405288696289,27.490152147619455,27.125561616186463,27.27139782875966,22657200.0,-0.004330519163897817,-0.004339923020887683,0.13004015378584852,-0.16187117732920778
2025-10-31,27.11644744873047,27.426349844367778,26.93415130829505,27.34431675502232,29516300.0,-0.004683790578511315,-0.004694793897207422,0.1303919357059271,-0.16579679721241206
2025-11-03,27.43546485900879,27.77271045917312,27.162020648019094,27.234938756582046,54977300.0,0.011764719950188685,0.011696053667447439,0.13628000200712923,-0.1559826301500657
2025-11-04,27.572185516357425,27.58130049704952,27.262283126845254,27.344316214569343,35035200.0,0.004983354867549972,0.004970979053036524,0.1369927350995945,-0.15177659208172734
2025-11-05,28.11907196044922,28.21022002812667,27.5357253704164,27.572185292889294,40375900.0,0.019834715088774768,0.01964057013501431,0.15375203542305774,-0.13495232245403876
2025-11-06,28.264907836914062,28.5110070951626,28.164644789811742,28.23756289538486,43435700.0,0.005186368763164362,0.005172965874266661,0.14421005925575942,-0.13046586620056655
2025-11-07,29.331336975097656,29.331336975097656,28.11907235206712,28.456317947114325,97315600.0,0.03772979357784556,0.037035436383793134,0.18687036087619066,-0.09765852282342327
2025-11-10,29.495405197143555,29.66858462779813,29.103469690442797,29.44071530887954,41064200.0,0.005593615530897544,0.005578029358568705,0.1856839398124939,-0.09261117152251525
2025-11-11,30.261043548583984,30.479796128108138,29.57743565280427,29.659468739378216,68221300.0,0.02595788551888001,0.02562669865356267,0.19722025230143606,-0.06905727619178609
2025-11-12,29.48628616333008,30.31573028002286,29.240190377979015,30.31573028002286,67646400.0,-0.02560246754247031,-0.02593591440088325,0.2209129634487764,-0.09289170706198481
2025-11-13,29.6138973236084,30.024059303686517,29.45894438337086,29.49540430778084,38517200.0,0.00432781393938364,0.0043184758851830506,0.21434259430116892,-0.08896591114727712
2025-11-14,29.8053035736084,30.23369547079421,29.695927288902386,29.71415377217889,27371300.0,0.0064633927749662146,0.006442594621537014,0.21375944530862237,-0.08307753999963854
2025-11-17,29.969371795654297,30.151667934012988,29.83264882263287,29.8599920264333,63708200.0,0.005504665357314975,0.0054895700580105174,0.21322068687073403,-0.07803018869873053
2025-11-18,30.06963539123535,30.233698094024597,29.777959478363016,29.805306159669307,26520500.0,0.003345535444142733,0.0033399515909586313,0.2076926192346665,-0.07494570601659249
2025-11-19,29.914684295654297,30.06052052256447,29.65947176781398,29.896454332664288,48719300.0,-0.005153075305536325,-0.005166398187004796,0.2098190818744309,-0.07971258045519869
2025-11-21,29.686811447143555,29.841764375646022,29.495402074001827,29.677698205236116,40869300.0,-0.007617424481522805,-0.007646585240361161,0.21271192346910311,-0.08672280037487669
2025-11-24,29.659469604492188,29.850878986411285,29.495403426558777,29.67769956615253,38665600.0,-0.0009210097453560273,-0.0009214341354298196,0.20566188679448333,-0.08756393757594293
2025-11-25,29.422483444213867,29.568319659814307,29.249304024753854,29.486286571225957,28431100.0,-0.007990235949547397,-0.008022328952909264,0.21021081301559266,-0.09485451700358705
2025-11-26,29.37691116333008,29.540977345446887,29.258418148021327,29.513634140764005,25042100.0,-0.0015488930759428587,-0.0015500938508980601,0.2105616211033774,-0.09625649057492112
2025-11-27,29.53186416625977,29.53186416625977,29.3495680216266,29.42248439327401,16087400.0,0.005274652670874014,0.005260790414832412,0.2104064673227913,-0.09148955745914708
2025-11-28,28.97586250305176,29.449831088511115,28.520123879765045,29.41337116416583,60420500.0,-0.018827177995869304,-0.019006665713451273,0.22395070017617733,-0.10859424527196973
2025-12-01,29.03055000305176,29.322220698778988,28.77533575384627,29.12169807337549,29489100.0,0.0018873467526372423,0.0018855679515462135,0.22213094231442457,-0.10691185351550157
2025-12-02,29.2310733795166,29.2310733795166,28.656843511333143,29.103467128476893,25574100.0,0.006907322680547168,0.006883576413282786,0.220400200360756,-0.1007430055055613
2025-12-03,29.449831008911133,29.62301043356848,29.303994788933952,29.303994788933952,36630000.0,0.00748373576824668,0.007455871550331005,0.22084559067963785,-0.09401320377101728
2025-12-04,29.64123916625977,29.850878506468614,29.577436039979226,29.613895962713706,33009700.0,0.00649946538880708,0.006478434938906438,0.21271658065789834,-0.08812477394621077
2025-12-05,28.593040466308594,29.996714447211332,28.593040466308594,29.623008935110324,74495100.0,-0.035362850185572725,-0.036003258907843116,0.2526664221989242,-0.12037128095308619
2025-12-08,28.85736846923828,29.15815588045441,28.70241727324786,28.775335380860717,30271600.0,0.00924448742137618,0.009202018681377471,0.21606409890279246,-0.11223956432437583
2025-12-09,29.03966522216797,29.07612340749365,28.55658166244249,28.81179591374168,23863000.0,0.006317164821318055,0.006297295171625742,0.21636122687431758,-0.10663143533036772
2025-12-10,29.11258316040039,29.15815632641614,28.747992616759856,29.057893274975676,22123700.0,0.00251097723319349,0.0025078299971850577,0.1932702471249735,-0.1043882072036316
2025-12-11,28.62950134277344,29.0761250031789,28.483665116457573,29.057895040263176,64927900.0,-0.016593574502315134,-0.01673279006419943,0.1804473346847647,-0.11924960821255019
2025-12-12,28.79356575012207,28.912057024731553,28.565696443292047,28.62949957104368,39659900.0,0.005730606530107929,0.005714249066877932,0.18110843858003076,-0.11420237426597797
2025-12-15,28.893827438354492,29.07612183211569,28.79356439175774,28.875597477426943,31898900.0,0.0034820865572022797,0.003476038130503176,0.17970432124829977,-0.11111795026100778
2025-12-16,28.018810272216797,28.73887812946627,27.90031899543777,28.73887812946627,52661900.0,-0.03028387872823568,-0.03075190880027663,0.2051163839545016,-0.13803674645900896
2025-12-17,28.32871437072754,28.32871437072754,28.091730064472785,28.12818999089889,39337100.0,0.01106057307572561,0.010999852265050295,0.21017705574634885,-0.12850293890462872
2025-12-18,28.16464614868164,28.51100847074356,28.100843020539937,28.438090361652343,34311000.0,-0.005791587288388689,-0.005808423567372294,0.2102778876457704,-0.13355029020553674
2025-12-19,28.264907836914062,28.47454717312366,28.22844791487512,28.319595981467703,45807700.0,0.003559841927469609,0.0035535206874968265,0.2107630503783034,-0.13046586620056655
2025-12-22,28.346942901611328,28.738878398363152,28.346942901611328,28.483664141790943,35896900.0,0.002902364485693809,0.002898160757759437,0.2115660116905275,-0.1279421612115286
2025-12-23,28.49938201904297,28.743850708534968,28.395954268672924,28.725045010864033,35703900.0,0.0053776210704885585,0.005363213296251842,0.2120679942062491,-0.12325256460297503
2025-12-26,28.59341049194336,28.61221619078364,28.320735032399877,28.499383791152106,20178600.0,0.0032993162040342305,0.0032938854023366504,0.21277712009166663,-0.12035989758252416
2025-12-29,28.8942928314209,28.969513829028692,28.696838385229206,28.73444798732808,20588100.0,0.010522785995126904,0.010467806835539108,0.21570594558915646,-0.11110363303205346
2025-12-30,28.978918075561523,29.11055437937148,28.819073223759375,28.960112376900064,16880600.0,0.0029287875164261123,0.0029245069740971956,0.20534611577131587,-0.10850024444908124
2026-01-02,28.87548828125,29.110554132292712,28.546397524518294,29.110554132292712,21625200.0,-0.003569139263302823,-0.0035755238369920422,0.20559771171466595,-0.11168213122984293
2026-01-05,28.39595603942871,28.931905902601525,27.954031083653817,28.86608775005892,48211400.0,-0.016606896380438663,-0.016746336821686924,0.21171523502297024,-0.12643433402940102
2026-01-06,27.869407653808594,28.612216628676613,27.85060374809068,28.55580132470252,38095000.0,-0.018543076517268386,-0.018717154682408775,0.2174214142520235,-0.14263292901635238
2026-01-07,28.048057556152344,28.048057556152344,27.76597924943438,27.89761555344808,28132900.0,0.006410251145733792,0.00638979286778037,0.2173716919848655,-0.137136990767265
2026-01-08,28.39595603942871,28.52759234451392,28.01044818018475,28.123278786426315,34125800.0,0.01240365692276102,0.01232736181462845,0.18457034089151123,-0.12643433402940102
2026-01-09,28.489980697631836,28.90369710152259,28.33953869501886,28.367747243037595,27982800.0,0.0033111988929892533,0.0033057289453319256,0.18168906502033272,-0.12354178436328583
2026-01-12,28.54640007019043,28.743854541837777,28.40535911225915,28.48998296965381,18947400.0,0.0019803232988249153,0.0019783650435338355,0.18014188554930566,-0.1218061137384139
2026-01-13,29.279802322387695,29.449050024918744,28.54639800263334,28.54639800263334,54097100.0,0.025691584591891248,0.025367101746426386,0.20267035824466875,-0.0992439212214427
2026-01-14,30.079025268554688,30.58676656046512,29.336218131975897,29.477257280094896,82309300.0,0.02729604993118051,0.026930156135034987,0.21303684051267394,-0.07465683831928875
2026-01-15,29.89097595214844,30.0226122613268,29.561883385792314,29.6182986906673,26456600.0,-0.0062518420968527,-0.006271466697680964,0.21485613621766259,-0.08044193765151901
2026-01-16,30.126041412353516,30.276483418950697,29.975597612346153,30.04141755946633,70947300.0,0.0078640945207471,0.00783333369487995,0.2158425047502298,-0.07321044613189548
2026-01-19,30.248273849487305,30.2858852488025,30.00380692757945,30.050819383313215,12852900.0,0.00405736802458434,0.0040491591038577775,0.17757242956802557,-0.06945011983051218
2026-01-20,30.36110496520996,30.577365109087175,30.032012428251996,30.248270778719167,26300000.0,0.0037301670926443986,0.0037232272718151745,0.17554153997243083,-0.06597901328943968
2026-01-21,31.433008193969727,31.54583880643662,30.492744720831105,30.55856287700517,93270900.0,0.03530514551390773,0.03469620984800145,0.20377368836662613,-0.033003266440579625
2026-01-22,31.57404899597168,32.09119318631645,31.273161386157128,31.385995584895262,71516300.0,0.004487028448935115,0.004476991748890597,0.20368366588995038,-0.028664324587071167
2026-01-23,32.946834564208984,33.360549221283556,31.85612902572087,31.921947185100443,68642600.0,0.04347828713423629,0.04255963958910539,0.2419345767205525,0.0
2026-01-26,33.24771499633789,33.567404701564996,32.946830989867706,33.25711605230621,39869600.0,0.009132301664444675,0.00909085434610205,0.24185589641013489,0.0
2026-01-27,33.971717834472656,34.272601837193584,33.25711563789529,33.38875194073316,47268200.0,0.021776017937308323,0.021542307231324612,0.2460788270966032,0.0
2026-01-28,35.10943603515625,35.20346094186275,34.31961462363271,34.366627076985964,46054700.0,0.03349015808464939,0.032941577196083885,0.260809639007822,0.0
2026-01-29,35.44792938232422,36.27536214326951,35.32569414123888,35.730007672904186,58722800.0,0.009641093261339329,0.009594914493661138,0.25956911500066887,0.0
2026-01-30,35.50434494018555,35.711204039081515,34.808552022332286,35.00600647846738,45794700.0,0.0015915050284844856,0.0015902399264562637,0.2565967077102568,0.0
2026-02-02,35.015411376953125,35.015411376953125,34.43244547341065,34.5828874773009,38505600.0,-0.01377109094833695,-0.013866792042691884,0.25274081356271416,-0.013771090948336947
2026-02-03,35.33510208129883,36.030895023880106,34.92138386880362,35.26928034009426,57152800.0,0.009129999956422719,0.009088573465148065,0.22822473913628863,-0.0047668210516725075
2026-02-04,35.278682708740234,35.42912470717925,34.761538563282386,35.21286455859943,37955800.0,-0.0015966947662634512,-0.001597970841868142,0.23248889625436395,-0.006355904659711015
2026-02-05,34.78974914550781,35.36331044855477,34.69572423119413,35.16585597640369,35933100.0,-0.013859178565964081,-0.01395611365042514,0.24931158258904862,-0.02012699560804796
2026-02-06,34.460655212402344,35.04361751892918,34.27260181412329,34.9872004233994,27681100.0,-0.009459508653800186,-0.009504533975701793,0.2579748016591815,-0.029396112772718818
2026-02-09,35.090633392333984,35.21286865115356,34.36663006981891,34.47005962829543,27089800.0,0.018281085372541472,0.01811599531270987,0.25808301103343406,-0.011652420247396359
2026-02-10,35.118839263916016,35.33510301899779,34.70512462726233,35.090632507522955,24585300.0,0.0008038005830979245,0.0008034777084155511,0.25378141494709666,-0.010857985886487858
2026-02-11,35.805233001708984,36.16253052125753,35.438527252456026,35.476138650351764,55863800.0,0.019544886795225702,0.019356338307616863,0.24808061433177897,0.0
2026-02-12,34.8931770324707,35.777023379885925,34.60169407314315,35.777023379885925,39856000.0,-0.025472700294807415,-0.025802746363088113,0.2722389106950423,-0.025472700294807433
2026-02-13,34.686317443847656,34.940189000988504,34.347822034326526,34.940189000988504,27507000.0,-0.005928367841958049,-0.005946010376773784,0.27653405206267684,-0.031250056599489866
2026-02-18,34.9683952331543,35.1564486341667,34.6487055274793,34.85556462727497,32276700.0,0.00813224954661984,0.00809936099026004,0.2763251939744251,-0.023371940311483107
2026-02-19,35.551361083984375,35.95567464019404,35.20346103722331,35.2598781334922,48355000.0,0.016671221168232275,0.016533781778781637,0.27789359813562153,-0.007090357929314189
2026-02-20,35.70180130004883,35.70180130004883,35.212863917321265,35.419719419645155,51949800.0,0.004231630280175924,0.004222702111040548,0.2593405146032259,-0.002888731422449323
2026-02-23,36.284767150878906,36.90534089247704,35.58897061062866,35.70180480860683,55061500.0,0.016328751760468663,0.016196871384720302,0.26153502049858646,0.0
2026-02-24,37.20622253417969,37.29084638384156,36.53863637952504,36.53863637952504,43263600.0,0.02539510256381683,0.025078004233390027,0.23609245714334876,0.0
2026-02-25,37.20622253417969,37.58232932974806,36.69847943620845,37.55411898864729,26012300.0,0.0,0.0,0.23675867218960145,0.0
2026-02-26,37.24383544921875,37.422484211644615,36.642067421236504,36.952352491430936,29919100.0,0.0010109307658014988,0.0010104201194179926,0.22955806207928445,0.0
2026-02-27,36.98056411743164,37.864410490860024,36.98056411743164,37.53531612319398,38799000.0,-0.007068856593625439,-0.007093959328769429,0.20686201640100796,-0.0070688565936254
2026-03-02,38.67303466796875,39.04913787608726,38.099473419756286,38.832877724384566,83817000.0,0.045766488179106,0.04475009806178116,0.2547365312439973,0.0
2026-03-03,38.503787994384766,39.49106387386739,38.31573459190705,39.20898556356097,93893800.0,-0.004376348404956265,-0.0043859526488918615,0.2564738168441589,-0.004376348404956291
2026-03-04,38.08066940307617,38.71064418757674,37.54471952805258,38.50378866936332,50915600.0,-0.01098901207772851,-0.011049837287399358,0.2540464900530851,-0.015317268737206428
2026-03-05,38.259315490722656,38.33453828250097,37.59172935438071,38.10887349398616,53107600.0,0.004691253868348566,0.004680284231110001,0.25340155867874226,-0.010697872065073806
2026-03-06,39.64150619506836,40.54415822998573,38.945709676390166,39.3970392806692,87228000.0,0.03612690626106119,0.03548963272620676,0.27579041189734615,0.0
2026-03-09,40.58177185058594,41.62546489235038,40.1210411649454,40.6663957076701,107124400.0,0.023719221234700605,0.023442291005179958,0.2721298928639234,0.0
2026-03-10,40.365509033203125,40.525352093426974,39.519270517840674,39.78254671529805,56706200.0,-0.005329062964008813,-0.005343313069064145,0.2690238085641426,-0.005329062964008803
2026-03-11,42.12379837036133,42.199021161834494,40.647585162491566,40.666390860359854,73234300.0,0.04355920138928271,0.04263717940861692,0.29426176484829397,0.0
2026-03-12,42.31185531616211,43.33674262173752,41.55964527234998,42.67855748834425,86124400.0,0.004464387189097918,0.0044544513731882155,0.29317428416115876,0.0
2026-03-13,42.001564025878906,42.63154236406907,41.64426651920051,41.94515051788768,42520400.0,-0.007333436172076269,-0.0073604580047628276,0.2963606760214511,-0.007333436172076324
2026-03-16,43.1204833984375,43.24271865410335,42.12380282689388,42.19902562632531,40474100.0,0.02663994540463266,0.02629128077538,0.2744801927603758,0.0
2026-03-17,43.60941696166992,44.4368461610153,43.06406247468212,43.11107492674171,51025600.0,0.011338777413848256,0.011274975316103624,0.26744043543657187,0.0
2026-03-18,44.192378997802734,44.3334199399706,43.76925975811932,43.91030070028717,55074700.0,0.013367801652684363,0.01327924096036408,0.2672125871280136,0.0
2026-03-19,43.98551940917969,45.25487711389892,43.9008955621984,44.38043189069904,84865000.0,-0.004680888273367989,-0.004691877938555936,0.2726914992018814,-0.004680888273367949
2026-03-20,42.94182586669922,44.42744369499928,42.23662834773098,43.99492341086891,78125700.0,-0.02372811680979381,-0.024014162519715977,0.2986915615880517,-0.0282979364194377
2026-03-23,43.28032302856445,43.421363972883064,41.67247348006927,41.76649838506821,65252400.0,0.007882691409443199,0.007851785306785207,0.2975775554277528,-0.020638308910313
2026-03-24,44.44625473022461,45.08563417781904,43.60001617110831,43.628226514292514,57455300.0,0.026939071154590488,0.026582602170526055,0.2987139188515245,0.0
2026-03-25,44.66250991821289,44.70952236918383,43.53419316080981,43.72224655151367,40532900.0,0.004865543549189555,0.004853745047447194,0.29729145889509784,0.0
2026-03-26,45.15145111083984,45.574570378936734,44.681319387803384,44.75653859834261,59986800.0,0.010947463398772506,0.01088797370173034,0.29577580351980454,0.0
2026-03-27,46.45841217041016,46.48661892324334,45.254876225260574,45.602772661876614,54170900.0,0.028946158482524575,0.028535131364906218,0.2961000497806891,0.0
2026-03-30,46.702880859375,47.66194994758826,46.53363674905048,46.77810365224829,51454300.0,0.005262097380085207,0.005248300923368351,0.2690712826964337,0.0
2026-03-31,45.76261901855469,47.530315255895594,44.80355348469494,47.078989243837974,78931700.0,-0.02013284455945008,-0.0203382721789283,0.2854004286836739,-0.020132844559450063
2026-04-01,44.54027557373047,45.19846066104654,43.976118977071074,44.85056421266725,66488400.0,-0.026710522060125363,-0.027073730314100125,0.3050508381168063,-0.04630560783083719
2026-04-02,45.273685455322266,46.50542824941413,45.085632052514406,46.3549862445319,38536900.0,0.016466217870110267,0.01633211976136906,0.3062544625403258,-0.030601868187877364
2026-04-06,46.01648712158203,46.07290421391551,45.01981026476419,45.12323980729888,27848100.0,0.016406918473486964,0.01627377928199534,0.29093759828943655,-0.014697032070885283
2026-04-07,45.61217498779297,46.59945440629657,45.50874902891692,46.15752946989287,33362800.0,-0.008786245084741351,-0.008825071730339123,0.2899663846654367,-0.023354145429833502
2026-04-08,43.825679779052734,43.85388653464191,41.86993009027455,42.02977674119411,87580500.0,-0.03916706908228662,-0.03995473432649932,0.3308244049452876,-0.06160650108471209
2026-04-09,45.03861999511719,45.64978907609915,44.22058822372264,44.70012458444639,58206500.0,0.027676472382847095,0.027300401918744017,0.31102327082646375,-0.03563507932773988
2026-04-10,46.101112365722656,46.101112365722656,44.69071729596419,44.69071729596419,42860900.0,0.023590695512443638,0.023316735297786113,0.3190192767058226,-0.012885040121278654
2026-04-13,46.80631256103515,47.23883646632871,46.30797408917779,46.77810580581919,60941100.0,0.015296815176998324,0.015180998490609936,0.31813548149964405,0.0
2026-04-14,45.019813537597656,46.68408022081308,44.82235549348577,46.646468823189835,58646800.0,-0.03816790782456769,-0.038915383908550004,0.34449334104992296,-0.03816790782456766
2026-04-15,44.08895111083984,45.22666898616259,43.93850910738246,45.08563162550771,61852100.0,-0.020676727725236432,-0.020893484344181753,0.35204017836283913,-0.058055448111873575
2026-04-16,45.67799758911133,45.772022494168006,43.96671490515405,44.46505694505104,54484300.0,0.03604182994230509,0.03540751941437312,0.3709120099373874,-0.024106042757640972
2026-04-17,43.45897674560547,43.76926181138234,42.18961896700828,43.722249357394375,105186900.0,-0.048579643605805245,-0.04979929896080838,0.41328537592997505,-0.07151462339753371
2026-04-20,44.211185455322266,44.6437057580638,43.731649113170384,44.4180445509031,41904500.0,0.017308477236359643,0.01716039185702209,0.4081609017669884,-0.055443955392317085
2026-04-22,44.82235336303711,45.11383630053235,44.42744446722433,44.79414660957052,51063000.0,0.013823829906856044,0.013729152310395945,0.40991171442503455,-0.04238657329416772
2026-04-23,45.54999542236328,45.84559016799903,44.72042776515026,45.15904941035093,38666800.0,0.016233910197277268,0.01610354923034315,0.40312357276583005,-0.026840762921318314
2026-04-24,44.96834564208984,45.31161603924912,44.29134215736897,45.29254505747162,34880200.0,-0.012769480542864753,-0.012851711137549496,0.40590014167126554,-0.039267500864303605
2026-04-27,45.168582916259766,45.93140395672619,44.97787674678875,45.025556017219735,31543600.0,0.004452849472463383,0.004442964870485062,0.4043206742002942,-0.034989503662348834
2026-04-28,45.31161880493164,45.80745344915728,45.25440585610704,45.435578375342565,29389700.0,0.0031667118921365756,0.003161708420285741,0.39037678498439726,-0.03193359344755981
2026-04-29,46.6846923828125,47.00889178702999,45.7693071135223,45.86465838170839,47685000.0,0.03030290274536429,0.029852839343703537,0.4052935994783604,-0.00259837127874701
2026-04-30,46.79912185668945,47.08517932059173,46.045834413059666,46.541669047952006,36666100.0,0.0024511133743505553,0.0024481142956851018,0.3981502179527025,-0.00015362680698932188
2026-05-04,47.04703521728515,47.53333252007651,46.646551876088296,46.98982227213765,41319600.0,0.0052973934287670055,0.005283411596637934,0.38407891637968616,0.0
2026-05-05,46.39863586425781,46.75143992846906,46.08397376304719,46.60841302334343,28066500.0,-0.013781938649964354,-0.01387779127541174,0.38486604145978565,-0.01378193864996436
2026-05-06,45.07323455810547,45.283011721799,44.42483572252354,44.53925797662097,62009100.0,-0.02856552313369498,-0.028981457764651414,0.3947966539950916,-0.04195377349632657
2026-05-07,44.0720329284668,44.48204995807408,43.09943464689263,44.24366813329859,71214500.0,-0.022212775263510065,-0.022463194236412902,0.40128043015597814,-0.06323463901770653
2026-05-08,43.54758834838867,44.386693358173474,43.54758834838867,44.23412914161422,32914200.0,-0.011899713837329684,-0.011971082172244248,0.3775039120978958,-0.07438187874611864
2026-05-11,44.27227020263672,44.34855049065248,43.52852011674864,44.06249304511228,50622200.0,0.016641147804798306,0.016504201116316727,0.3688743697948731,-0.05897853077953311
2026-05-12,43.55712890625,44.1006391956133,43.29014241671522,44.1006391956133,81072700.0,-0.016153255595736882,-0.016285141616436988,0.36115582625355347,-0.0741790910929272
2026-05-13,42.49871063232422,43.70015704359685,42.29847077625141,43.64294409725409,57251900.0,-0.024299541785774315,-0.024599647242202066,0.3624342336801677,-0.09667611495505819
2026-05-14,42.90872573852539,43.26152979834296,42.31753986904934,42.39382015668283,47760000.0,0.00964770695629813,0.009601465012792538,0.342267382234097,-0.08796111082551994
2026-05-15,43.35688781738281,43.42363443788572,42.8896578364445,43.28060388685492,59380500.0,0.010444544114136756,0.010390376706052543,0.3378353636739021,-0.07843528041372884
2026-05-18,44.28180694580078,44.300877928481846,42.40336061944132,43.00408020551371,57388200.0,0.021332691873865217,0.021108335149201015,0.32087572112657464,-0.0587758242089699
2026-05-19,43.94807434082031,44.14831420511526,43.47131068064106,43.85272306375169,40943000.0,-0.007536562484655285,-0.007565105874827248,0.2671779400847638,-0.06586941902188714
2026-05-20,42.527313232421875,44.25319883750154,42.470103926260634,43.642941988996704,52780200.0,-0.03232817659723464,-0.03286227459803313,0.28440236099173094,-0.09606815740862501
2026-05-21,42.86104965209961,43.528519439588294,42.431961671755616,43.00407655393579,57725900.0,0.007847578281134027,0.007816946192801853,0.28083358428450217,-0.08897448151307955
2026-05-22,42.41289520263672,42.6703480182313,41.83124294933985,42.6608143453951,39634300.0,-0.010455984001804253,-0.010511031858423754,0.27357672792006626,-0.0985001497596142
2026-05-25,41.38308334350586,41.78356303517637,40.97306634255687,41.4689009399235,26720900.0,-0.02428063102532174,-0.02458026570247424,0.28189679719995836,-0.12038913499268378
2026-05-26,41.42122268676758,41.76449308087795,41.154236219089654,41.344942397752945,36040500.0,0.0009216167617365212,0.0009211923337620367,0.28074708219721106,-0.11957847087568739
2026-05-27,40.83003616333008,41.182840223977344,40.191174657903474,40.286525927024,53745400.0,-0.014272551245242737,-0.014375383732086888,0.28144049560784634,-0.13214433226752909
2026-05-28,40.53444290161133,41.17330806797784,40.28652741031939,41.09702413993854,37534800.0,-0.007239603230727143,-0.007265936329293322,0.24909442830202225,-0.13842726296344993
2026-05-29,40.04814529418945,40.38187838334055,39.87651009479235,40.23885147545488,73281800.0,-0.011997145454848313,-0.012069692022702439,0.24706445528279306,-0.1487636764096092
2026-06-01,40.40094757080078,41.0207417230308,40.01000155340856,40.42955586104157,73925300.0,0.00880945357193652,0.008770876730866153,0.2498067746471278,-0.14126474953819376
2026-06-02,40.304935455322266,40.702458128113975,40.17889059850309,40.624894622953754,27318300.0,-0.00237648177212324,-0.0023793100867772073,0.24931711476157778,-0.14330551820799595
2026-06-03,39.99467468261719,40.5958057270851,39.99467468261719,40.382503310497846,42895100.0,-0.007697835741456549,-0.007727617011670873,0.23554271441347466,-0.149900211609443
2026-06-05,39.6456298828125,40.16919742384789,39.4129356636465,39.781368793760656,34730900.0,-0.008727281883765148,-0.008765587641246271,0.22771532629672625,-0.15731927209205654
2026-06-08,39.96559143066406,40.06254674463931,39.58746052810918,39.94619962814738,34043600.0,0.008070537630435748,0.00803814500881626,0.23098480907290397,-0.1505183855670326
2026-06-09,39.91710662841797,40.11102093823305,39.46141225375153,39.63593476272432,56680400.0,-0.0012131636367801457,-0.0012139001154913333,0.21802635288386576,-0.15154894577177594
2026-06-10,40.38250350952149,40.760634389334385,39.7619769621326,39.955891277028634,44953200.0,0.011659083546205595,0.011591640144292748,0.22161570685555187,-0.14165678404566287
2026-06-11,40.48915481567383,40.8672894122746,39.90741554162481,40.38250545103105,52321500.0,0.002641027595705836,0.002637546210600807,0.20837837063644785,-0.1393898759257405
2026-06-12,39.92680740356445,40.266154697498735,39.57776235917027,39.81046028830243,34082200.0,-0.01388884047270067,-0.013986192876634732,0.20714466058502748,-0.15134275264819905
2026-06-15,37.87132263183594,38.705147899769486,37.87132263183594,38.62758439283498,54174000.0,-0.05148132058124466,-0.052853796159704036,0.26426063145528605,-0.1950327484627138
2026-06-16,37.367149353027344,37.599843587766465,37.03749610497344,37.27988809034813,36250100.0,-0.013312798280374016,-0.013402207995043894,0.2435672584548573,-0.20574911510473676
2026-06-17,37.39623260498047,37.67740817611155,37.10536298249669,37.5319715155657,66882000.0,0.000778310694197204,0.0007780079674956223,0.24577745027658654,-0.20513094114714717
2026-06-18,37.66770935058594,37.90040726109324,36.271532983365525,37.13444777482446,53332600.0,0.007259467777759765,0.0072332446755824275,0.23301564922637785,-0.19936061482686657
2026-06-19,37.619232177734375,37.91979954542937,37.44470966728023,37.677407580755045,44775800.0,-0.0012869689632668546,-0.001287797819040485,0.22800780953698233,-0.2003910128663535
2026-06-22,37.97797393798828,38.01675754274723,37.308973399632954,37.57075718384368,35488200.0,0.009536126589692495,0.009490944747262024,0.23433368500828244,-0.1927658403427913
2026-06-23,38.13310623168945,38.365800450057776,37.65801634639159,37.77436345557575,27398600.0,0.0040847964653005775,0.004076476333885574,0.22532742833366726,-0.18946845310075364
2026-06-24,37.124755859375,37.793756380330514,36.96962514298207,37.71619287143806,59191400.0,-0.026442911998511454,-0.02679881387437547,0.23826432328963784,-0.21090126746742777
2026-06-25,37.27988815307617,37.49319058551124,36.766014628163624,36.95992895651129,25152300.0,0.004178675121495612,0.0041699687043754265,0.2381704922723216,-0.20760388022539011
2026-06-26,36.901756286621094,37.08597285952243,36.77571142168435,36.9114503384125,23383000.0,-0.010143052599901003,-0.010194843869939496,0.23883974105657207,-0.21564119574822146
2026-06-29,36.97932052612305,37.20232070780441,36.76601439642428,37.03749593384312,14924800.0,0.002101911868353845,0.0020997059421701356,0.23833201185104896,-0.21399254266851675
2026-06-30,36.64966583251953,37.01810266964966,36.591494125704465,37.00840491944181,31974300.0,-0.008914568707952375,-0.008954541211316707,0.23401433415326248,-0.22099946015186117
2026-07-01,36.67875671386719,36.68845076581837,36.261842206411785,36.35879752035614,21094300.0,0.0007937557051842514,0.0007934408477267478,0.23473255080981442,-0.22038112402901514
2026-07-02,36.8047981262207,37.289582096372,36.504234431836124,36.73692866628818,21888800.0,0.003436359998152838,0.0034304692045352687,0.2361695811859516,-0.21770207290982352
2026-07-03,37.08597183227539,37.08597183227539,36.707840946547115,36.911449315999576,10369500.0,0.007639593758683727,0.007610559840088856,0.23906625737784645,-0.21172563454859425
2026-07-06,36.62057876586914,36.86297073252281,36.46544805515511,36.795101277748415,20811400.0,-0.012549032515880465,-0.012628436620258544,0.23727247894001904,-0.22161771519207896
2026-07-07,37.27018737792969,37.59014654852972,36.766011644583145,36.843578849070866,39823600.0,0.017738895286548262,0.017583397298977024,0.24964817179433116,-0.20781007334896703
2026-07-08,38.44336700439453,38.54032231063853,37.813146417984974,38.44336700439453,40215300.0,0.031477695954905904,0.030992430372371694,0.2734915537343668,-0.18287375969930658
2026-07-09,38.01675796508789,38.76332572125498,37.70649652078574,38.53063148733245,33386500.0,-0.011097077923946541,-0.011159109835389732,0.2744635649907363,-0.1919414732616248
2026-07-10,38.44336700439453,38.75362842270475,38.14279963726557,38.43366925460542,27316800.0,0.01122160494849167,0.011159109835389706,0.27580685007952604,-0.18287375969930658
2026-07-13,39.422630310058594,39.67471633439466,39.01541357106772,39.27719364692872,43045700.0,0.025472880810677223,0.025153853334871152,0.21746753894575702,-0.16205920037285024
2026-07-14,39.422630310058594,40.052850918810734,38.88936870959569,39.946197858996555,32649500.0,0.0,0.0,0.2099454261848493,-0.16205920037285024
2026-07-15,39.354759216308594,39.558367577333435,39.00571419820438,39.18023670725649,25608800.0,-0.001721627735546627,-0.0017231114397452698,0.2104326942638288,-0.1635018224942345
2026-07-16,38.676063537597656,39.61654559870285,38.676063537597656,39.15115344333552,20551700.0,-0.01724558076903915,-0.01739601788950372,0.22105869211818568,-0.17792771937756421
2026-07-17,39.65532684326172,39.85893520563011,39.180236965794286,39.180236965794286,32168300.0,0.025319621908059586,0.025004390234435816,0.23613063513375715,-0.15711316005110787
2026-07-20,39.89772033691406,40.1788922153685,39.23841387278532,39.946197991916,26987600.0,0.006112507775068998,0.006093902178825604,0.23512832207886397,-0.15196100768841683
2026-07-21,40.39219665527344,40.43098025710468,39.87832687613699,39.95589038119162,38631400.0,0.012393598285410645,0.012317426363239839,0.23768291204633185,-0.14145075308734256
2026-07-22,41.284202575683594,41.43933329030518,40.692765570373794,40.81880673321085,38292200.0,0.02208361996310737,0.02184330835920781,0.219120951316498,-0.12249087779891138
2026-07-23,41.642940521240234,42.16650805575176,41.555679265488315,42.07924679999984,25257900.0,0.00868947256275554,0.008651936385700967,0.21938912114601097,-0.1148657863579774
2026-07-24,40.92546081542969,41.60415909583282,40.86728910762329,41.08059153392685,29151600.0,-0.01722932379005737,-0.01737947576646509,0.22755130490957348,-0.1301160503224736
2026-07-27,39.76197814941406,40.21767624823556,39.57776157899654,39.94619841843962,32902600.0,-0.028429311309720706,-0.028841250392471426,0.2576157684682909,-0.15484625193118537
2026-07-28,39.95589065551758,40.49884998905919,39.645629235953194,39.77167409346618,29946800.0,0.00487683246982451,0.00486497924419776,0.2532979328692769,-0.15072457869060948
2026-07-29,40.72185134887695,41.109679984023735,40.47945937656221,40.87698206321407,31465400.0,0.01917015691035795,0.018988724510637447,0.25812763734572053,-0.13444383560399814
2026-07-30,41.53628921508789,41.53628921508789,40.547329507751506,40.721852026611344,25268900.0,0.020000020608920588,0.019802647501003613,0.26310924506462596,-0.11713269447789991
2026-07-31,42.098636627197266,42.22468149036,41.55568096792648,41.69141988274418,24997300.0,0.013538701283529742,0.013447871956419192,0.26438214946368754,-0.10517981775544136
2026-08-03,41.739898681640625,41.77868228653897,41.061200390352134,41.10968174577913,24400900.0,-0.00852136730064279,-0.008557881734221723,0.2608805675508327,-0.11280490919637534
2026-08-04,41.206634521484375,41.778679713374,40.498850419418886,41.778679713374,27216700.0,-0.012775885351892557,-0.01285819881158079,0.26611895160683213,-0.12413961196124432
2026-08-05,40.65398025512695,41.68172350784668,40.479457746200815,41.235719485808865,32365700.0,-0.013411778777256855,-0.01350252901036193,0.2551669844122762,-0.1358864577253824
2026-08-06,40.847896575927734,41.177549809172504,40.64428450641772,40.74124351537678,46662600.0,0.004769922147446426,0.0047585821152164535,0.24982096361616726,-0.1317647034021783
2026-08-07,39.62623977661133,41.65263687335778,39.58745987082999,41.59446516538173,97926700.0,-0.02990745917713533,-0.030363809125106996,0.2753169071702988,-0.15773141509132568
2026-08-10,40.94485092163086,41.177548839042295,39.81045828309592,40.062544303234375,74915200.0,0.033276211733766825,0.03273454232773002,0.28509105859379097,-0.12970390732320447
2026-08-11,40.39219665527344,41.20663380069022,39.76197607064327,41.109678494719965,53988900.0,-0.0134975278677949,-0.013589447559905364,0.2903216262362845,-0.14145075308734256
2026-08-12,40.18859100341797,40.69276676539623,39.897721367286536,40.23706865967186,63890300.0,-0.005040717482961865,-0.005053464754305001,0.2910084879136053,-0.1457784572862389
2026-08-13,40.62489700317383,40.68306871080032,39.820153860665435,39.89772106897817,37063800.0,0.010856464206937533,0.010797955880858672,0.2844424286094473,-0.13650463168297197
2026-08-14,40.809112548828125,41.16785163173362,40.36311220806907,40.36311220806907,34127900.0,0.004534548004882399,0.004524297916741739,0.2719260710953348,-0.13258907048334476
2026-08-17,41.17755126953125,41.45872315896423,40.45037532028514,41.06120045465401,47636500.0,0.00902834434986266,0.008987832503039887,0.27277651918011653,-0.12475778591883388
2026-08-18,41.303592681884766,41.88533566388527,41.129070157145435,41.49750700921827,36838100.0,0.003060925394239744,0.00305625029975266,0.2699066436497624,-0.12207873479964226
2026-08-19,41.798072814941406,42.63190180179921,41.53628903776921,41.53628903776921,49580800.0,0.011971843148489869,0.011900747502407107,0.26197034004552167,-0.11156839911593976
2026-08-20,42.971248626708984,43.27181600437223,42.14711739892727,42.418595224811504,44893400.0,0.028067701038795523,0.027681021906123492,0.27793171465349165,-0.08663216654890753
2026-08-21,42.95185852050781,43.262119961939106,42.81611960220764,42.99064212533876,52792400.0,-0.0004512344141920366,-0.00045133625107633566,0.26897516007829125,-0.08704430954817664
2026-08-24,42.11000061035156,42.63999938964844,41.619998931884766,42.599998474121094,49502500.0,-0.01960003453061976,-0.019794662549130548,0.25666681652603085,-0.10493827260595824
2026-08-25,41.349998474121094,41.90999984741211,41.0099983215332,41.18000030517578,85920800.0,-0.01804802007159423,-0.0182128720999012,0.2671448941941994,-0.12109236462728168
2026-08-26,41.45000076293945,42.27000045776367,40.970001220703125,41.13999938964844,74631000.0,0.002418435127172769,0.002415515419408982,0.2592936345989744,-0.11896678352835584
2026-08-27,42.70000076293945,42.88999938964844,41.0,41.45000076293945,43197800.0,0.030156814885215377,0.029711038114450004,0.27100201094435933,-0.09239762791149461
2026-08-28,43.54999923706055,43.599998474121094,42.619998931884766,42.720001220703125,46135600.0,0.0199062870944684,0.019710747677796847,0.27557375427126685,-0.07433063452508026
