Date,Close,High,Low,Open,Volume,Daily return,Daily log-return,Volatility_20,Drawdown
2019-01-02,2510.030029296875,2519.489990234375,2467.469970703125,2476.9599609375,3733160000.0,,,,0.0
2019-01-03,2447.889892578125,2493.139892578125,2443.9599609375,2491.919921875,3858830000.0,-0.02475673039503723,-0.02506833181891511,,-0.024756730395037178
2019-01-04,2531.93994140625,2538.070068359375,2474.330078125,2474.330078125,4234140000.0,0.03433571464262353,0.03375939906034647,,0.0
2019-01-07,2549.68994140625,2566.159912109375,2524.56005859375,2535.610107421875,4133120000.0,0.007010434848680358,0.006985975995229761,,0.0
2019-01-08,2574.409912109375,2579.820068359375,2547.56005859375,2568.110107421875,4120060000.0,0.009695285023358924,0.009648587336497393,,0.0
2019-01-09,2584.9599609375,2595.320068359375,2568.889892578125,2580.0,4088740000.0,0.004098045450532162,0.004089671332822161,,0.0
2019-01-10,2596.639892578125,2597.820068359375,2562.02001953125,2573.510009765625,3721300000.0,0.004518418782931244,0.004508241374462229,,0.0
2019-01-11,2596.260009765625,2596.27001953125,2577.39990234375,2588.110107421875,3447460000.0,-0.00014629784190933748,-0.0001463085444824661,,-0.00014629784190938616
2019-01-14,2582.610107421875,2589.320068359375,2570.409912109375,2580.31005859375,3689370000.0,-0.005257525167898014,-0.00527139458724949,,-0.005403053845221584
2019-01-15,2610.300048828125,2613.080078125,2585.10009765625,2585.10009765625,3601180000.0,0.010721688622945758,0.010664618879761001,,0.0
2019-01-16,2616.10009765625,2625.760009765625,2612.679931640625,2614.75,3882180000.0,0.0022219854881162515,0.0022195205290883643,,0.0
2019-01-17,2635.9599609375,2645.06005859375,2606.360107421875,2609.280029296875,3802410000.0,0.0075914003822110665,0.007562730706235749,,0.0
2019-01-18,2670.7099609375,2675.469970703125,2647.580078125,2651.27001953125,4009010000.0,0.01318305304897005,0.01309691283985578,,0.0
2019-01-22,2632.89990234375,2657.8798828125,2617.27001953125,2657.8798828125,3923950000.0,-0.014157306164566674,-0.014258476827972471,,-0.01415730616456664
2019-01-23,2638.699951171875,2653.18994140625,2612.860107421875,2643.47998046875,3358770000.0,0.0022029127742235755,0.002200489919450871,,-0.011985580700941603
2019-01-24,2642.330078125,2647.199951171875,2627.010009765625,2638.840087890625,3449230000.0,0.0013757255543636049,0.001374780110977555,,-0.010626344016232223
2019-01-25,2664.760009765625,2672.3798828125,2657.330078125,2657.43994140625,3821000000.0,0.008488694060713842,0.008452867700518018,,-0.0022278537388561604
2019-01-28,2643.85009765625,2644.969970703125,2624.06005859375,2644.969970703125,3630820000.0,-0.007846827493937836,-0.007877775848708898,,-0.010057199648823482
2019-01-29,2640.0,2650.929931640625,2631.050048828125,2644.889892578125,3518070000.0,-0.0014562465775435074,-0.0014573079351148383,,-0.011498800463798725
2019-01-30,2681.050048828125,2690.43994140625,2648.340087890625,2653.6201171875,3883270000.0,0.01554926091974429,0.015429609891560045,,0.0
2019-01-31,2704.10009765625,2708.949951171875,2678.64990234375,2685.489990234375,4953800000.0,0.008597395948725328,0.008560648809767757,0.18930558305936793,0.0
2019-02-01,2706.530029296875,2716.659912109375,2696.8798828125,2702.320068359375,3782490000.0,0.0008986100931438479,0.0008982065848071141,0.15652611438911732,0.0
2019-02-04,2724.8701171875,2724.989990234375,2698.75,2706.489990234375,3369450000.0,0.006776236617404008,0.006753381117479676,0.11446982181126467,0.0
2019-02-05,2737.699951171875,2738.97998046875,2724.030029296875,2728.340087890625,3597620000.0,0.00470842037697472,0.0046973704373502,0.11387771651200229,0.0
2019-02-06,2731.610107421875,2738.080078125,2724.14990234375,2735.050048828125,3486590000.0,-0.0022244379802809355,-0.0022269157175087858,0.11325303893912657,-0.0022244379802809425
2019-02-07,2706.050048828125,2719.320068359375,2687.260009765625,2717.530029296875,4114040000.0,-0.009357140143940179,-0.009401193202230233,0.12131156004294219,-0.01156076374629814
2019-02-08,2707.8798828125,2708.070068359375,2681.830078125,2692.360107421875,3649510000.0,0.0006762010869560964,0.0006759725660127,0.1211443051594744,-0.010892380060353398
2019-02-11,2709.800048828125,2718.050048828125,2703.7900390625,2712.39990234375,3395330000.0,0.0007091030986317026,0.0007088518038183947,0.12097214756827611,-0.01019100078217389
2019-02-12,2744.72998046875,2748.18994140625,2722.610107421875,2722.610107421875,3843020000.0,0.0128902247439735,0.012807852902838604,0.12328134934636772,0.0
2019-02-13,2753.030029296875,2761.85009765625,2748.6298828125,2750.300048828125,3684910000.0,0.003023994668760688,0.0030194315937109753,0.11995548177757083,0.0
2019-02-14,2745.72998046875,2757.89990234375,2731.22998046875,2743.5,3845390000.0,-0.002651641555101225,-0.0026551633836986214,0.12143278740826695,-0.0026516415551011752
2019-02-15,2775.60009765625,2775.659912109375,2760.239990234375,2760.239990234375,3648680000.0,0.01087875260858695,0.010820004664957538,0.12379062388488178,0.0
2019-02-19,2779.760009765625,2787.330078125,2767.2900390625,2769.280029296875,3535270000.0,0.0014987433214488366,0.0014976213265920058,0.11740424359251446,0.0
2019-02-20,2784.699951171875,2789.8798828125,2774.06005859375,2779.050048828125,3904830000.0,0.0017771107537685182,0.00177553356074094,0.10053628913902447,0.0
2019-02-21,2774.8798828125,2781.580078125,2764.550048828125,2780.239990234375,3598260000.0,-0.003526436790880272,-0.0035326693258413886,0.10302078516120601,-0.003526436790880273
2019-02-22,2792.669921875,2794.199951171875,2779.110107421875,2780.669921875,3429350000.0,0.006411102394986878,0.006390638694710404,0.10381923850734663,0.0
2019-02-25,2796.110107421875,2813.489990234375,2794.989990234375,2804.35009765625,3860260000.0,0.0012318625699112573,0.0012311044497517107,0.101716864842747,0.0
2019-02-26,2793.89990234375,2803.1201171875,2789.469970703125,2792.360107421875,3676200000.0,-0.0007904570968998437,-0.0007907696728402984,0.09511014499903024,-0.0007904570968998417
2019-02-27,2792.3798828125,2795.760009765625,2775.1298828125,2787.5,3771790000.0,-0.0005440493877303387,-0.0005441974362980739,0.09462712704858728,-0.0013340764369305957
2019-02-28,2784.489990234375,2793.72998046875,2782.510009765625,2788.110107421875,4445780000.0,-0.0028255083152146643,-0.002829507598950442,0.08390919173437117,-0.004155815308079628
2019-03-01,2803.68994140625,2808.02001953125,2787.3798828125,2798.219970703125,3994950000.0,0.00689532059343434,0.006871656588713028,0.08232836060876592,0.0
2019-03-04,2792.81005859375,2816.8798828125,2767.659912109375,2814.3701171875,3949730000.0,-0.003880558492514008,-0.003888107395255168,0.08474766062945117,-0.0038805584925139633
2019-03-05,2789.64990234375,2796.43994140625,2782.969970703125,2794.409912109375,3631380000.0,-0.001131532823106185,-0.001132173489706859,0.08295316008349085,-0.0050077003363139085
2019-03-06,2771.449951171875,2790.27001953125,2768.68994140625,2790.27001953125,3800180000.0,-0.006524098653592381,-0.00654547360412503,0.08615878282731286,-0.011499128258884559
2019-03-07,2748.929931640625,2767.25,2739.090087890625,2766.530029296875,3932150000.0,-0.00812571755868352,-0.008158911138331157,0.09117853288555963,-0.019531407149165344
2019-03-08,2743.070068359375,2744.1298828125,2722.27001953125,2730.7900390625,3424300000.0,-0.0021316888487414865,-0.0021339641314536495,0.0842956009674512,-0.02162146111508672
2019-03-11,2783.300048828125,2784.0,2747.610107421875,2747.610107421875,3764850000.0,0.014666041867757107,0.014559535563489445,0.09763801970861677,-0.007272520501285538
2019-03-12,2791.52001953125,2798.320068359375,2786.72998046875,2787.340087890625,3432340000.0,0.0029533182046204143,0.002948965727805163,0.09775946263304075,-0.004340680363855041
2019-03-13,2810.919921875,2821.239990234375,2799.780029296875,2799.780029296875,3782250000.0,0.006949583813841809,0.0069255467570192835,0.09069845146360997,0.0
2019-03-14,2808.47998046875,2815.0,2803.4599609375,2810.3798828125,3505670000.0,-0.0008680223820187738,-0.0008683993315961826,0.09070910692552574,-0.0008680223820187869
2019-03-15,2822.47998046875,2830.72998046875,2810.7900390625,2810.7900390625,5969780000.0,0.00498490290027398,0.0049725194084307206,0.0906766711066836,0.0
2019-03-18,2832.93994140625,2835.409912109375,2821.989990234375,2822.610107421875,3620770000.0,0.0037059469012648005,0.0036990967989080333,0.0841293149274079,0.0
2019-03-19,2832.570068359375,2852.419921875,2823.27001953125,2840.760009765625,3650740000.0,-0.0001305615560248663,-0.00013057007992675946,0.08420581719563565,-0.00013056155602486858
2019-03-20,2824.22998046875,2843.5400390625,2812.429931640625,2831.340087890625,3779160000.0,-0.0029443536044478913,-0.002948696740769673,0.08524816249727962,-0.003074530741084628
2019-03-21,2854.8798828125,2860.31005859375,2817.3798828125,2819.719970703125,3612620000.0,0.010852481049954399,0.010794015494689354,0.09079136713862293,0.0
2019-03-22,2800.7099609375,2846.159912109375,2800.469970703125,2844.52001953125,4253730000.0,-0.018974501239482744,-0.019156827134273257,0.11445088480586843,-0.0189745012394827
2019-03-25,2798.360107421875,2809.7900390625,2785.02001953125,2796.010009765625,3406110000.0,-0.000839020658475631,-0.000839372833310059,0.11442595603536186,-0.01979760189943412
2019-03-26,2818.4599609375,2829.8701171875,2803.989990234375,2812.659912109375,3288570000.0,0.007182725862306283,0.007157052947934055,0.11710687646022035,-0.012757076784302645
2019-03-27,2805.3701171875,2825.56005859375,2787.719970703125,2819.719970703125,3422400000.0,-0.0046443248906916645,-0.00465514327659887,0.11846528295277434,-0.017342153665752546
2019-03-28,2815.43994140625,2819.7099609375,2798.77001953125,2809.39990234375,3185460000.0,0.003589481529391092,0.0035830547152617266,0.11845408069184787,-0.013814921476624626
2019-03-29,2834.39990234375,2836.030029296875,2819.22998046875,2828.27001953125,3752520000.0,0.0067342800173637585,0.006711706043324668,0.11834221925933866,-0.007173675008902315
2019-04-01,2867.18994140625,2869.39990234375,2848.6298828125,2848.6298828125,3560090000.0,0.011568600124275408,0.011502195518044496,0.12320573388961932,0.0
2019-04-02,2867.239990234375,2872.89990234375,2858.75,2868.239990234375,3267210000.0,1.745570720723677e-05,1.7455554858152623e-05,0.12297033048843833,0.0
2019-04-03,2873.39990234375,2885.25,2865.169921875,2876.090087890625,3570000000.0,0.002148376881724312,0.002146072420089187,0.11936584332777987,0.0
2019-04-04,2879.389892578125,2881.280029296875,2867.139892578125,2873.989990234375,3038740000.0,0.0020846350796801527,0.0020824652429942735,0.11341325182579294,0.0
2019-04-05,2892.739990234375,2893.239990234375,2882.989990234375,2884.159912109375,3155970000.0,0.004636432770241061,0.004625717623099122,0.11242758486387565,0.0
2019-04-08,2895.77001953125,2895.949951171875,2880.780029296875,2888.4599609375,3056460000.0,0.0010474599539205265,0.0010469117505236662,0.10331514024821756,0.0
2019-04-09,2878.199951171875,2886.8798828125,2873.330078125,2886.580078125,3032480000.0,-0.006067494393846573,-0.0060859764356695385,0.10710040849343132,-0.006067494393846628
2019-04-10,2888.2099609375,2889.7099609375,2879.1298828125,2881.3701171875,3092230000.0,0.0034778715639784963,0.003471837754499924,0.10548168592751524,-0.0026107247960850764
2019-04-11,2888.320068359375,2893.419921875,2881.989990234375,2891.919921875,2970650000.0,3.8123067008344336e-05,3.8122340342693696e-05,0.10527699152159523,-0.002572701257913069
2019-04-12,2907.409912109375,2910.5400390625,2898.3701171875,2900.860107421875,3726050000.0,0.006609324208602496,0.0065875783895457275,0.10615599620828747,0.0
2019-04-15,2905.580078125,2909.60009765625,2896.47998046875,2908.320068359375,3114530000.0,-0.0006293691084816588,-0.0006295672443571088,0.10606907903634206,-0.0006293691084816535
2019-04-16,2907.06005859375,2916.06005859375,2900.7099609375,2912.260009765625,3403120000.0,0.0005093580038946222,0.0005092283251399622,0.10598163532084584,-0.00012033167877974777
2019-04-17,2900.449951171875,2918.0,2895.449951171875,2916.0400390625,3648100000.0,-0.0022738117853239315,-0.0022764008207388597,0.1056506995733845,-0.0023938698525143402
2019-04-18,2905.030029296875,2908.39990234375,2891.89990234375,2904.81005859375,3507100000.0,0.0015790922795098083,0.0015778468242496745,0.09959406143535478,-0.0008185577144068257
2019-04-22,2907.969970703125,2909.510009765625,2896.35009765625,2898.780029296875,3010130000.0,0.001012017561471401,0.0010115058169329091,0.06579982434917342,0.0
2019-04-23,2933.679931640625,2936.31005859375,2908.530029296875,2909.989990234375,3674480000.0,0.008841205788409079,0.008802351174995391,0.06932293957345852,0.0
2019-04-24,2927.25,2936.830078125,2926.050048828125,2934.0,3468480000.0,-0.002191763174733685,-0.0021941686030362366,0.06868663316836605,-0.002191763174733632
2019-04-25,2926.169921875,2933.10009765625,2912.840087890625,2928.989990234375,3440010000.0,-0.0003689736527457965,-0.0003690417402728576,0.06484414764304872,-0.002559928124614848
2019-04-26,2939.8798828125,2939.8798828125,2917.56005859375,2925.81005859375,3264390000.0,0.0046852921407636305,0.004674350323304823,0.0652875999928968,0.0
2019-04-29,2943.030029296875,2949.52001953125,2939.35009765625,2940.580078125,3150390000.0,0.001071522174355355,0.0010709485042338864,0.06310855586025929,0.0
2019-04-30,2945.830078125,2948.219970703125,2924.110107421875,2937.139892578125,3939760000.0,0.0009514170090862972,0.0009509646987914453,0.051888820357585665,0.0
2019-05-01,2923.72998046875,2954.1298828125,2923.360107421875,2952.330078125,3669330000.0,-0.007502163081421376,-0.00753044585029134,0.060643746699167035,-0.007502163081421368
2019-05-02,2917.52001953125,2931.679931640625,2900.5,2922.159912109375,3802290000.0,-0.0021239857917741967,-0.0021262446486827887,0.06144094762575271,-0.009610214385403095
2019-05-03,2945.639892578125,2947.85009765625,2929.2099609375,2929.2099609375,3357180000.0,0.009638279380647763,0.00959212747891747,0.06891029672399368,-6.456093590980365e-05
2019-05-06,2932.469970703125,2937.320068359375,2898.2099609375,2908.889892578125,3203260000.0,-0.004470988428756373,-0.004481013189072523,0.07036269482745129,-0.004535260713468787
2019-05-07,2884.050048828125,2913.030029296875,2862.60009765625,2913.030029296875,3793060000.0,-0.016511651392423388,-0.016649488088905522,0.09341028671181598,-0.020972027462017616
2019-05-08,2879.419921875,2897.9599609375,2873.280029296875,2879.610107421875,3543110000.0,-0.0016054253132695706,-0.0016067153894199682,0.09099040193510136,-0.022543783751529076
2019-05-09,2870.719970703125,2875.969970703125,2836.39990234375,2859.840087890625,3659050000.0,-0.0030214249424966866,-0.0030259986619282898,0.09064481465089234,-0.025497094343500646
2019-05-10,2881.39990234375,2891.31005859375,2825.389892578125,2863.10009765625,3566780000.0,0.0037202972597878414,0.003713394069918638,0.09176057706319221,-0.021871653853931503
2019-05-13,2811.8701171875,2840.18994140625,2801.429931640625,2840.18994140625,3900270000.0,-0.02413055719884427,-0.024426469138497504,0.12256175051401438,-0.045474435858420106
2019-05-14,2834.409912109375,2852.5400390625,2820.1201171875,2820.1201171875,3354860000.0,0.008015944543135589,0.007983987523216093,0.12725599956266873,-0.03782301187125604
2019-05-15,2850.9599609375,2858.679931640625,2815.080078125,2820.3798828125,3140900000.0,0.00583897507464215,0.005821994327723055,0.1296003120419414,-0.03220488442017815
2019-05-16,2876.320068359375,2892.14990234375,2855.800048828125,2855.800048828125,3338470000.0,0.008895287120600504,0.008855957116499086,0.13406434238042628,-0.023596068993180907
2019-05-17,2859.530029296875,2885.47998046875,2854.22998046875,2858.60009765625,3316040000.0,-0.005837333350761975,-0.005854437174043804,0.13518813380636047,-0.029295664223462057
2019-05-20,2840.22998046875,2853.860107421875,2831.2900390625,2841.93994140625,3293750000.0,-0.0067493779153879885,-0.006772257975405369,0.13662870225175652,-0.035847314629723556
2019-05-21,2864.360107421875,2868.8798828125,2854.02001953125,2854.02001953125,3223050000.0,0.008495835590448308,0.008459949093190606,0.13630196867403835,-0.027656031930728353
2019-05-22,2856.27001953125,2865.469970703125,2851.110107421875,2856.06005859375,3194000000.0,-0.0028243962306494508,-0.0028283923638994365,0.13638216127208996,-0.030402316569037934
2019-05-23,2822.239990234375,2836.699951171875,2805.489990234375,2836.699951171875,3899320000.0,-0.01191414994527018,-0.01198569224128196,0.14154836000455684,-0.04195424875602099
2019-05-24,2826.06005859375,2841.360107421875,2820.18994140625,2832.409912109375,2889230000.0,0.0013535590072402126,0.0013526437720373175,0.14001346704673626,-0.04065747730007658
2019-05-28,2802.389892578125,2840.510009765625,2801.580078125,2830.030029296875,4146980000.0,-0.008375676922946718,-0.008410950000260244,0.14131759054222165,-0.048692620328655775
2019-05-29,2783.02001953125,2792.030029296875,2766.06005859375,2790.25,3701110000.0,-0.0069119122568113145,-0.00693591016723137,0.1415741713299785,-0.05526797346620123
2019-05-30,2788.860107421875,2799.0,2776.739990234375,2786.93994140625,3276030000.0,0.0020984713906617714,0.002096272674997037,0.14147036795009768,-0.05328548033667824
2019-05-31,2752.06005859375,2768.97998046875,2750.52001953125,2766.14990234375,3982670000.0,-0.01319537280847849,-0.013283205250452958,0.1466720872031909,-0.0657777313668354
2019-06-03,2744.449951171875,2763.070068359375,2728.81005859375,2751.530029296875,3952360000.0,-0.0027652403144732274,-0.002769070654307939,0.13905229475905054,-0.06836108044673847
2019-06-04,2803.27001953125,2804.489990234375,2762.639892578125,2762.639892578125,3814130000.0,0.021432370568193138,0.021205927081077776,0.16433566640312855,-0.048393849887121955
2019-06-05,2826.14990234375,2827.280029296875,2800.919921875,2818.090087890625,3570760000.0,0.008161854781411959,0.008128726978813691,0.15899562176143603,-0.04062697868080211
2019-06-06,2843.489990234375,2852.10009765625,2822.449951171875,2828.510009765625,3445140000.0,0.006135586748687638,0.006116840676004416,0.16096523858925474,-0.034740662284147676
2019-06-07,2873.340087890625,2884.969970703125,2852.8701171875,2852.8701171875,3244380000.0,0.01049769746289475,0.010442979247260026,0.16534447283026843,-0.024607661783572515
2019-06-10,2886.72998046875,2904.77001953125,2885.510009765625,2885.830078125,3209890000.0,0.0046600444669098184,0.004649220074765499,0.16565288534651817,-0.02006229011480078
2019-06-11,2885.719970703125,2910.610107421875,2878.530029296875,2903.27001953125,3551000000.0,-0.00034988023558091275,-0.0003499414579512858,0.13815054438611962,-0.02040515095159007
2019-06-12,2879.840087890625,2888.570068359375,2874.679931640625,2882.72998046875,3039870000.0,-0.0020375791387226005,-0.002039657827237423,0.13628400028582732,-0.022401152980411267
2019-06-13,2891.639892578125,2895.239990234375,2881.989990234375,2886.239990234375,3100640000.0,0.004097381912668174,0.004089010502850191,0.1355731627445452,-0.018395557146787866
2019-06-14,2886.97998046875,2894.449951171875,2879.6201171875,2886.820068359375,2992810000.0,-0.001611511904139773,-0.0016128117861529605,0.1322816008008969,-0.019977424391602272
2019-06-17,2889.669921875,2897.27001953125,2887.300048828125,2889.75,2828400000.0,0.0009317492412306283,0.0009313154323528439,0.1303514825979742,-0.019064289100390184
2019-06-18,2917.75,2930.7900390625,2905.43994140625,2906.7099609375,3441540000.0,0.009717399870633026,0.009670489592970687,0.1312082683822326,-0.009532144550195092
2019-06-19,2926.4599609375,2931.739990234375,2911.429931640625,2920.550048828125,3300220000.0,0.002985163546397107,0.0029807167930238428,0.12868556357337285,-0.006575436014228269
2019-06-20,2954.179931640625,2958.06005859375,2931.5,2949.60009765625,3943060000.0,0.009472185190685156,0.00942760533587314,0.13108940685786585,0.0
2019-06-21,2950.4599609375,2964.14990234375,2946.8701171875,2952.7099609375,5003540000.0,-0.0012592227925193322,-0.0012600162797279978,0.1214264753064851,-0.001259222792519306
2019-06-24,2945.35009765625,2954.919921875,2944.050048828125,2951.419921875,3136960000.0,-0.0017318870104667816,-0.0017333884605870258,0.12221093426685326,-0.002988928971388445
2019-06-25,2917.3798828125,2946.52001953125,2916.010009765625,2945.780029296875,3579430000.0,-0.009496397343734198,-0.009541775640387554,0.12355539007036392,-0.012456942257978115
2019-06-26,2913.780029296875,2932.590087890625,2912.989990234375,2926.070068359375,3511350000.0,-0.0012339337557076835,-0.0012346956788039985,0.11967653192127661,-0.013675504972140822
2019-06-27,2924.919921875,2929.300048828125,2918.570068359375,2919.659912109375,3162500000.0,0.003823175554131808,0.0038158857925908473,0.11979412862622683,-0.009904613274309004
2019-06-28,2941.760009765625,2943.97998046875,2929.050048828125,2932.93994140625,5422650000.0,0.0057574526279098315,0.005740941840599626,0.10490782711047442,-0.004204185988123786
2019-07-01,2964.330078125,2977.929931640625,2952.219970703125,2971.409912109375,3524860000.0,0.007672301032188189,0.007643018610953927,0.10337458243202179,0.0
2019-07-02,2973.010009765625,2973.2099609375,2955.919921875,2964.659912109375,3224490000.0,0.002928125887423194,0.002923847276988696,0.08051397553041406,0.0
2019-07-03,2995.820068359375,2995.840087890625,2977.9599609375,2978.080078125,1963570000.0,0.007672378673070135,0.007643095660684157,0.08011630952276376,0.0
2019-07-05,2990.409912109375,2994.030029296875,2967.969970703125,2984.25,2434680000.0,-0.00180590159841032,-0.0018075342045486649,0.08085070209466866,-0.0018059015984103503
2019-07-08,2975.949951171875,2980.760009765625,2970.090087890625,2979.77001953125,2922360000.0,-0.004835444424841517,-0.004847173010123794,0.07917475660945669,-0.006632613686435992
2019-07-09,2979.6298828125,2981.89990234375,2963.43994140625,2965.52001953125,3033330000.0,0.0012365569653400854,0.0012357930584538906,0.0784432159482964,-0.005404258325748302
2019-07-10,2993.070068359375,3002.97998046875,2984.6201171875,2989.300048828125,3157800000.0,0.0045106896075925995,0.004500546936082614,0.07874632399145956,-0.0009179456500223007
2019-07-11,2999.909912109375,3002.330078125,2988.800048828125,2999.6201171875,3155710000.0,0.002285226738359958,0.002282619578948549,0.07741533687662788,0.0
2019-07-12,3013.77001953125,3013.919921875,3001.8701171875,3003.360107421875,2984140000.0,0.004620174547884881,0.004609534302066538,0.0776196326823091,0.0
2019-07-15,3014.300048828125,3017.800048828125,3008.77001953125,3017.800048828125,2876100000.0,0.00017586919155743175,0.00017585372838413283,0.076749315657456,0.0
2019-07-16,3004.0400390625,3015.02001953125,3001.14990234375,3012.1298828125,3297030000.0,-0.003403778522185874,-0.003409584555010327,0.07917774763560016,-0.0034037785221858728
2019-07-17,2984.419921875,3005.260009765625,2984.25,3005.10009765625,3185650000.0,-0.006531243569450895,-0.006552665466093182,0.07911331006701657,-0.009912791185051917
2019-07-18,2995.110107421875,2998.280029296875,2973.090087890625,2978.8701171875,3369820000.0,0.003581997784064761,0.0035755977088190827,0.07932581475770549,-0.006366300997045901
2019-07-19,2976.610107421875,3006.02001953125,2975.860107421875,3004.260009765625,3285890000.0,-0.00617673452276668,-0.006195889464844692,0.07708132389484404,-0.012503712568661765
2019-07-22,2985.030029296875,2990.7099609375,2976.64990234375,2981.929931640625,3016200000.0,0.002828694915066654,0.002824701686250326,0.07729330871828215,-0.009710386841757629
2019-07-23,3005.469970703125,3005.89990234375,2988.56005859375,2994.739990234375,3333810000.0,0.006847482673755456,0.00682414513927642,0.07982029245854991,-0.002929395873656601
2019-07-24,3019.56005859375,3019.590087890625,2996.820068359375,2998.77001953125,3433220000.0,0.004688147952890187,0.004677192813475714,0.07027611047873321,0.0
2019-07-25,3003.669921875,3016.31005859375,2997.239990234375,3016.260009765625,3657050000.0,-0.005262401280453521,-0.005276296483599537,0.07390163354811152,-0.0052624012804535015
2019-07-26,3025.860107421875,3027.97998046875,3012.590087890625,3013.25,3260170000.0,0.007387691099234761,0.007360535770783042,0.0763918566421727,0.0
2019-07-29,3020.969970703125,3025.610107421875,3014.300048828125,3024.469970703125,3224490000.0,-0.0016161146071345112,-0.0016174219290574364,0.07568683348639826,-0.0016161146071344804
2019-07-30,3013.179931640625,3017.18994140625,3000.93994140625,3007.659912109375,3632770000.0,-0.0025786549148275606,-0.0025819853720443708,0.07302833026113532,-0.004190602120087401
2019-07-31,2980.3798828125,3017.39990234375,2958.080078125,3016.219970703125,4626330000.0,-0.010885526112695776,-0.01094520695213996,0.0835568512154029,-0.015030511323977081
2019-08-01,2953.56005859375,3013.590087890625,2945.22998046875,2980.320068359375,4793810000.0,-0.00899879386967306,-0.009039527568806017,0.08462237504489781,-0.023894048720489874
2019-08-02,2932.050048828125,2945.5,2914.110107421875,2943.89990234375,3882810000.0,-0.007282739927037873,-0.007309388539565105,0.0877637881036074,-0.031002774504892437
2019-08-05,2844.739990234375,2898.070068359375,2822.1201171875,2898.070068359375,4542850000.0,-0.0297778200029859,-0.030230182169694777,0.13572326993443065,-0.05985739946907852
2019-08-06,2881.77001953125,2884.39990234375,2847.419921875,2861.179931640625,4156640000.0,0.013017017169932643,0.012933023911166613,0.1456976750735569,-0.047619547095782346
2019-08-07,2883.97998046875,2892.169921875,2825.7099609375,2858.64990234375,4512720000.0,0.0007668762331907164,0.0007665823338588767,0.14419546918009876,-0.04688918916149471
2019-08-08,2938.090087890625,2938.719970703125,2894.469970703125,2896.2099609375,4118530000.0,0.018762303409984193,0.018588462466865085,0.16103633764478656,-0.029006634945206614
2019-08-09,2918.64990234375,2935.75,2900.14990234375,2930.510009765625,3356850000.0,-0.00661660635492356,-0.006638593133657111,0.1607509359849744,-0.03543131581501676
2019-08-12,2882.699951171875,2907.580078125,2873.139892578125,2907.070068359375,3328570000.0,-0.012317322177972212,-0.012393809115915354,0.16504036866843252,-0.047312219060905894
2019-08-13,2926.320068359375,2943.31005859375,2877.050048828125,2880.719970703125,3857190000.0,0.015131688322181258,0.015018346267301863,0.1759020032050503,-0.03289644449138501
2019-08-14,2840.60009765625,2894.14990234375,2839.639892578125,2894.14990234375,4325150000.0,-0.029292752911742603,-0.02973035245453567,0.20231956871715015,-0.06122556998296665
2019-08-15,2847.60009765625,2856.669921875,2825.510009765625,2846.199951171875,4041720000.0,0.0024642680276520945,0.0024612366981802422,0.20191622530069972,-0.058912178169898265
2019-08-16,2888.679931640625,2893.6298828125,2864.739990234375,2864.739990234375,3524080000.0,0.014426124657807904,0.014323058172245003,0.20994568175495554,-0.04533592793823231
2019-08-19,2923.64990234375,2931.0,2913.47998046875,2913.47998046875,3221050000.0,0.012105865492430645,0.012033175564397505,0.21494609285485095,-0.033778893091396485
2019-08-20,2900.510009765625,2923.6298828125,2899.60009765625,2919.010009765625,3067710000.0,-0.007914727601131322,-0.007946215312115467,0.21417267900164136,-0.04142626995504168
2019-08-21,2924.429931640625,2928.72998046875,2917.909912109375,2922.0400390625,3016540000.0,0.00824679859557964,0.008212979557352937,0.2159463851269433,-0.03352110546434733
2019-08-22,2922.949951171875,2939.080078125,2904.510009765625,2930.93994140625,2893660000.0,-0.0005060748601761755,-0.00050620295927854,0.21553291960618037,-0.03401021613576266
2019-08-23,2847.110107421875,2927.010009765625,2834.969970703125,2911.070068359375,3942520000.0,-0.025946336754618105,-0.02628888112283785,0.23007705205671056,-0.05907411236942492
2019-08-26,2878.3798828125,2879.27001953125,2856.0,2866.699951171875,2859790000.0,0.010982987735216332,0.01092311273079789,0.23535447199841528,-0.04873993488583074
2019-08-27,2869.159912109375,2898.7900390625,2860.590087890625,2893.139892578125,3537490000.0,-0.003203180635808267,-0.0032083218005562386,0.2353707776178935,-0.051786992706022134
2019-08-28,2887.93994140625,2890.030029296875,2853.050048828125,2861.280029296875,3102480000.0,0.006545480165679685,0.006524151530562512,0.23517536556390012,-0.04558048327393998
2019-08-29,2924.580078125,2930.5,2905.669921875,2910.3701171875,3177150000.0,0.012687291793508804,0.012607482441094399,0.23859104954381072,-0.03347148437181673
2019-08-30,2926.4599609375,2940.429931640625,2913.320068359375,2937.090087890625,3009910000.0,0.0006427872591217021,0.0006425807598767749,0.2372437854637058,-0.0328502121563931
2019-09-03,2906.27001953125,2914.389892578125,2891.85009765625,2909.010009765625,3427830000.0,-0.00689910050906084,-0.0069230093326854165,0.21094624659335082,-0.039522675750042986
2019-09-04,2937.780029296875,2938.840087890625,2921.860107421875,2924.669921875,3167900000.0,0.010842079212828093,0.010783725278421427,0.20947595275072733,-0.029109104518399865
2019-09-05,2976.0,2985.860107421875,2960.60009765625,2960.60009765625,3902600000.0,0.013009813642266721,0.01292591292175976,0.21372854844186437,-0.01647799490121086
2019-09-06,2978.7099609375,2985.030029296875,2972.510009765625,2980.330078125,3209340000.0,0.0009106051537297599,0.0009101908043767861,0.20405205230212944,-0.015582394694561198
2019-09-09,2978.429931640625,2989.429931640625,2969.389892578125,2988.429931640625,4031120000.0,-9.401025965849463e-05,-9.401467889992668e-05,0.20225046330134397,-0.01567494004924833
2019-09-10,2979.389892578125,2979.389892578125,2957.010009765625,2971.010009765625,4393040000.0,0.0003223043548219451,0.0003222524259310153,0.19601055513582338,-0.015357687795865764
2019-09-11,3000.929931640625,3000.929931640625,2975.31005859375,2981.409912109375,3934370000.0,0.007229681189480308,0.0072036723263872,0.19083587933973942,-0.008239037792957081
2019-09-12,3009.570068359375,3020.739990234375,3000.919921875,3009.080078125,3796990000.0,0.002879153101061016,0.0028750162782333164,0.15169366885051763,-0.005383606143107392
2019-09-13,3007.389892578125,3017.330078125,3002.89990234375,3012.2099609375,3557010000.0,-0.0007244143620946941,-0.0007246768769660504,0.152233433548905,-0.0061041205435922105
2019-09-16,2997.9599609375,3002.18994140625,2990.669921875,2996.409912109375,4285860000.0,-0.0031355866640028207,-0.0031405129163559896,0.1471299084984537,-0.00922056720862313
2019-09-17,3005.699951171875,3006.2099609375,2993.72998046875,2995.669921875,3673250000.0,0.0025817523700197853,0.0025784253724619854,0.14220153380683162,-0.006662620059847072
2019-09-18,3006.72998046875,3007.830078125,2978.570068359375,3001.5,3458800000.0,0.00034269198975556137,0.00034263328426719085,0.13796929425355603,-0.006322211296616898
2019-09-19,3006.7900390625,3021.989990234375,3003.159912109375,3010.360107421875,3265660000.0,1.997472142156731e-05,1.9974521929475905e-05,0.1359676693224939,-0.006302362859604662
2019-09-20,2992.070068359375,3016.3701171875,2984.679931640625,3008.419921875,6103440000.0,-0.0048955765157830955,-0.004907599104880387,0.13766818930799413,-0.011167085675778364
2019-09-23,2991.780029296875,2999.14990234375,2982.22998046875,2983.5,3187250000.0,-9.693591923765066e-05,-9.694061782751375e-05,0.09230146109622031,-0.011262939103300867
2019-09-24,2966.60009765625,3007.97998046875,2957.72998046875,3002.429931640625,3872800000.0,-0.008416371322106486,-0.00845198896355148,0.09438892527654134,-0.01958451734773566
2019-09-25,2984.8701171875,2989.820068359375,2952.860107421875,2968.35009765625,3331200000.0,0.006158571742003405,0.0061396852419639035,0.09402375465651984,-0.013546558260850902
2019-09-26,2977.6201171875,2987.280029296875,2963.7099609375,2985.72998046875,3084910000.0,-0.002428916406865711,-0.002431871009613191,0.09365261633328927,-0.015942571210100304
2019-09-27,2961.7900390625,2987.31005859375,2945.530029296875,2985.469970703125,3246480000.0,-0.005316352490240539,-0.005330534579128577,0.08691201866296214,-0.02117416737218716
2019-09-30,2976.739990234375,2983.85009765625,2967.070068359375,2967.070068359375,3249130000.0,0.005047606675254723,0.005034910215248393,0.08830629077749153,-0.01623343956550319
2019-10-01,2940.25,2992.530029296875,2938.699951171875,2983.68994140625,3560750000.0,-0.012258373372913245,-0.012334126945412846,0.09634780212883795,-0.028292817375095845
2019-10-02,2887.610107421875,2924.780029296875,2874.929931640625,2924.780029296875,3914180000.0,-0.017903202985502964,-0.01806540418764383,0.10937064858277792,-0.04568948830810067
2019-10-03,2910.6298828125,2911.1298828125,2855.93994140625,2885.3798828125,3515130000.0,0.00797191259701524,0.007940304773866787,0.10223393893248266,-0.03808180831847995
2019-10-04,2952.010009765625,2953.739990234375,2918.56005859375,2918.56005859375,3005600000.0,0.014216897585460186,0.014116785239259274,0.11557378604293386,-0.02440631590175282
2019-10-07,2938.7900390625,2959.75,2935.679931640625,2944.22998046875,2959050000.0,-0.004478294673592398,-0.00448835227368152,0.11644350375357766,-0.028775311900840435
2019-10-08,2893.06005859375,2925.469970703125,2892.659912109375,2920.39990234375,3370700000.0,-0.015560819201407838,-0.01568315955210993,0.1279282292994524,-0.04388836367629523
2019-10-09,2919.39990234375,2929.320068359375,2907.409912109375,2911.10009765625,2735350000.0,0.0091044925499415,0.009063296514845923,0.12975776611514309,-0.03518345240647372
2019-10-10,2938.1298828125,2948.4599609375,2917.1201171875,2918.550048828125,3234400000.0,0.006415695380997066,0.0063952024117826045,0.13187219445524584,-0.028993483338568427
2019-10-11,2970.27001953125,2993.280029296875,2963.070068359375,2963.070068359375,3581320000.0,0.010938977513132997,0.010879579673789056,0.13868546381345137,-0.018371664887703434
2019-10-14,2966.14990234375,2972.840087890625,2962.93994140625,2965.81005859375,2559270000.0,-0.0013871187334510982,-0.0013880816732189801,0.13840242419025406,-0.019733299940624126
2019-10-15,2995.679931640625,3003.280029296875,2973.610107421875,2973.610107421875,3345090000.0,0.009955676641137279,0.009906445376489171,0.14295711116616402,-0.009974081652758373
2019-10-16,2989.68994140625,2997.5400390625,2985.199951171875,2989.679931640625,3230320000.0,-0.0019995427986508885,-0.002001544553193733,0.14308838844527663,-0.011953680848267333
2019-10-17,2997.949951171875,3008.2900390625,2991.7900390625,3000.77001953125,3103470000.0,0.0027628315736780706,0.002759021969775287,0.14349534890515347,-0.009223875281458502
2019-10-18,2986.199951171875,3000.0,2976.31005859375,2996.840087890625,3268970000.0,-0.003919344949506964,-0.003927045709799847,0.14310559087048613,-0.013107068681966153
2019-10-21,3006.719970703125,3007.330078125,2995.35009765625,2996.47998046875,3271960000.0,0.006871616056117524,0.006848114105333746,0.14521427675024118,-0.006325519369452271
2019-10-22,2995.989990234375,3014.570068359375,2995.0400390625,3010.72998046875,3527540000.0,-0.003568666378412577,-0.003575049258376838,0.14234198411176974,-0.009871612079565122
2019-10-23,3004.52001953125,3004.780029296875,2991.2099609375,2994.010009765625,3413600000.0,0.0028471487971184484,0.002843103345830729,0.14108288823009132,-0.007052569230904533
2019-10-24,3010.2900390625,3016.070068359375,3000.419921875,3014.780029296875,3696510000.0,0.0019204463587332299,0.0019186046591713529,0.14079898051320686,-0.005145666953070468
2019-10-25,3022.550048828125,3027.389892578125,3001.93994140625,3003.320068359375,3379060000.0,0.004072700506109195,0.004064429510656049,0.13954240117121886,-0.0010939232073654162
2019-10-28,3039.419921875,3044.080078125,3032.1201171875,3032.1201171875,3524970000.0,0.005581337868471481,0.0055658199161177,0.13975779399697222,0.0
2019-10-29,3036.889892578125,3047.8701171875,3034.81005859375,3035.389892578125,3594430000.0,-0.0008324053147991117,-0.0008327519564807664,0.1308361962682868,-0.0008324053147990949
2019-10-30,3046.77001953125,3050.10009765625,3025.9599609375,3039.739990234375,3779660000.0,0.00325337015914573,0.0032480894008573105,0.1082315021703799,0.0
2019-10-31,3037.56005859375,3046.89990234375,3023.18994140625,3046.89990234375,4149310000.0,-0.0030228605633046968,-0.0030274386345390905,0.10816698800654562,-0.003022860563304665
2019-11-01,3066.909912109375,3066.949951171875,3050.719970703125,3050.719970703125,3956290000.0,0.009662312168146059,0.009615930559647514,0.1025901391922655,0.0
2019-11-04,3078.27001953125,3085.199951171875,3074.8701171875,3078.9599609375,4178040000.0,0.003704089049704651,0.0036972458053124275,0.0998992510543673,0.0
2019-11-05,3074.6201171875,3083.949951171875,3072.14990234375,3080.800048828125,4490590000.0,-0.001185699214361291,-0.0011864027118206639,0.07553390621833117,-0.0011856992143612524
2019-11-06,3076.780029296875,3078.340087890625,3065.889892578125,3075.10009765625,4465510000.0,0.0007024972279667807,0.0007022505922896238,0.07246409571185099,-0.0004840349368058009
2019-11-07,3085.179931640625,3097.77001953125,3080.22998046875,3087.02001953125,4151990000.0,0.0027300951851503275,0.002726375244280665,0.07108975923009264,0.0
2019-11-08,3093.080078125,3093.090087890625,3073.580078125,3081.25,3508160000.0,0.0025606760900243053,0.002557403145115828,0.06374734453787716,0.0
2019-11-11,3087.010009765625,3088.330078125,3075.820068359375,3080.330078125,3041120000.0,-0.0019624672514313435,-0.0019643954133371925,0.06418798474200085,-0.001962467251431339
2019-11-12,3091.840087890625,3102.610107421875,3084.72998046875,3089.280029296875,3495560000.0,0.0015646460846321375,0.0015634233012630327,0.056979617855439424,-0.00040089173350037286
2019-11-13,3094.0400390625,3098.06005859375,3078.800048828125,3084.179931640625,3513720000.0,0.0007115345908383919,0.0007112815701162954,0.055512975103188915,0.0
2019-11-14,3096.6298828125,3098.199951171875,3083.260009765625,3090.75,3282090000.0,0.0008370427393644686,0.0008366926144567594,0.05545299937781429,0.0
2019-11-15,3120.4599609375,3120.4599609375,3104.60009765625,3107.919921875,3359800000.0,0.007695488006902673,0.007666028777973181,0.05534303335823712,0.0
2019-11-18,3122.030029296875,3124.169921875,3112.06005859375,3117.909912109375,3440140000.0,0.0005031528617669423,0.0005030263228096366,0.05279789614600233,0.0
2019-11-19,3120.179931640625,3127.639892578125,3113.469970703125,3127.449951171875,3613670000.0,-0.0005925944462060739,-0.0005927700996925261,0.049679030799851816,-0.0005925944462061014
2019-11-20,3108.4599609375,3118.969970703125,3091.409912109375,3114.659912109375,4041010000.0,-0.003756184245747196,-0.0037632564209410676,0.0536243407201608,-0.0043465527980303155
2019-11-21,3103.5400390625,3110.110107421875,3094.550048828125,3108.489990234375,3744010000.0,-0.0015827522106851566,-0.0015840060861895076,0.05486240924944741,-0.00592242549266549
2019-11-22,3110.2900390625,3112.8701171875,3099.260009765625,3111.409912109375,3235270000.0,0.0021749356911917594,0.002172573942375937,0.05410692845931117,-0.0037603706960560564
2019-11-25,3133.639892578125,3133.830078125,3117.43994140625,3117.43994140625,3514310000.0,0.007507291353015866,0.0074792518874672075,0.05642314818655458,0.0
2019-11-26,3140.52001953125,3142.68994140625,3131.0,3134.85009765625,4600450000.0,0.0021955703874654287,0.0021931636449402277,0.05576357682953613,0.0
2019-11-27,3153.6298828125,3154.260009765625,3143.409912109375,3145.489990234375,3035470000.0,0.004174424362754614,0.0041657356252997445,0.05619975208960548,0.0
2019-11-29,3140.97998046875,3150.300048828125,3139.340087890625,3147.179931640625,1743420000.0,-0.004011219709926239,-0.004019286229989053,0.057409126494411225,-0.004011219709926278
2019-12-02,3113.8701171875,3144.31005859375,3110.780029296875,3143.85009765625,3285750000.0,-0.008631020716408422,-0.008668483693963605,0.06046704354810494,-0.012607619505920292
2019-12-03,3093.199951171875,3094.969970703125,3070.330078125,3087.409912109375,3671580000.0,-0.00663809511563529,-0.006660225258045148,0.06481438087149818,-0.019162024044093534
2019-12-04,3112.760009765625,3119.3798828125,3102.530029296875,3103.5,3702980000.0,0.00632356747139462,0.006303657608769993,0.06799994379091008,-0.012959628924630193
2019-12-05,3117.429931640625,3119.449951171875,3103.760009765625,3119.2099609375,3360480000.0,0.0015002511791302187,0.0014991269266302707,0.06807207772388392,-0.011478820444075326
2019-12-06,3145.909912109375,3150.60009765625,3134.6201171875,3134.6201171875,3483310000.0,0.009135724328457329,0.009094246030426013,0.07412428671632802,-0.0024479634548110326
2019-12-09,3135.9599609375,3148.8701171875,3135.4599609375,3141.860107421875,3400470000.0,-0.00316282139344648,-0.003167833684474369,0.07527978825282526,-0.005603042377072304
2019-12-10,3132.52001953125,3142.1201171875,3126.090087890625,3135.360107421875,3346310000.0,-0.0010969340964486207,-0.0010975361689841293,0.07493673905266955,-0.006693830305293658
2019-12-11,3141.6298828125,3143.97998046875,3133.2099609375,3135.75,3257650000.0,0.002908158040315856,0.0029039375293507703,0.07528433114012885,-0.003805138981400711
2019-12-12,3168.570068359375,3176.280029296875,3138.469970703125,3141.22998046875,4003200000.0,0.008575225775086182,0.008538667375555057,0.08013452643592044,0.0
2019-12-13,3168.800048828125,3182.679931640625,3156.510009765625,3166.64990234375,3757650000.0,7.258178414493166e-05,7.25791502146863e-05,0.08022507747917382,0.0
2019-12-16,3191.449951171875,3197.7099609375,3183.6298828125,3183.6298828125,4070200000.0,0.007147785279833618,0.007122360942542787,0.07966080711277508,0.0
2019-12-17,3192.52001953125,3198.219970703125,3191.030029296875,3195.39990234375,3842940000.0,0.00033529222633799094,0.0003352360284609262,0.07968039980628423,0.0
2019-12-18,3191.139892578125,3198.47998046875,3191.139892578125,3195.2099609375,4029950000.0,-0.00043230017186479675,-0.0004323936405227425,0.07963679570689715,-0.00043230017186474546
2019-12-19,3205.3701171875,3205.47998046875,3192.320068359375,3192.320068359375,3784360000.0,0.004459292004863613,0.004449378821864254,0.07827567209852798,0.0
2019-12-20,3221.219970703125,3225.64990234375,3216.030029296875,3223.330078125,6457480000.0,0.004944781081796634,0.004932595804334098,0.07824957840003621,0.0
2019-12-23,3224.010009765625,3227.780029296875,3222.300048828125,3226.050048828125,3064530000.0,0.0008661436002121992,0.0008657687142985109,0.07831799147146228,0.0
2019-12-24,3223.3798828125,3226.429931640625,3220.510009765625,3225.449951171875,1296530000.0,-0.00019544819997963092,-0.00019546730246814044,0.07562244441630672,-0.00019544819997962978
2019-12-26,3239.909912109375,3240.080078125,3227.199951171875,3227.199951171875,2164540000.0,0.005128166675301138,0.005115062410053991,0.07672607646798583,0.0
2019-12-27,3240.02001953125,3247.929931640625,3234.3701171875,3247.22998046875,2429150000.0,3.398471712534601e-05,3.3984139657930306e-05,0.0762637930510031,0.0
2019-12-30,3221.2900390625,3240.919921875,3216.570068359375,3240.090087890625,3021720000.0,-0.005780822450430323,-0.005797596079349905,0.07816234425991146,-0.00578082245043034
2019-12-31,3230.780029296875,3231.719970703125,3212.030029296875,3215.179931640625,2894760000.0,0.0029460216619106028,0.002941690644190719,0.06891540111574472,-0.0028518312166823574
2020-01-02,3257.85009765625,3258.139892578125,3235.530029296875,3244.669921875,3459930000.0,0.008378802677341701,0.008343895362316707,0.06481996007203221,0.0
2020-01-03,3234.85009765625,3246.14990234375,3222.340087890625,3226.360107421875,3484700000.0,-0.007059870562045378,-0.007084909364954553,0.07171060360349629,-0.007059870562045372
2020-01-06,3246.280029296875,3246.840087890625,3214.639892578125,3217.550048828125,3702460000.0,0.0035333728907271933,0.003527145194272564,0.07191241655918003,-0.0035514428265740936
2020-01-07,3237.179931640625,3244.909912109375,3232.429931640625,3241.860107421875,3435910000.0,-0.0028032386528962228,-0.0028071750845948405,0.06873393372926989,-0.006344725937665288
2020-01-08,3253.050048828125,3267.070068359375,3236.669921875,3238.590087890625,3726840000.0,0.004902451368978156,0.004890473485641129,0.06752582958611134,-0.0014733792790460902
2020-01-09,3274.699951171875,3275.580078125,3263.669921875,3266.030029296875,3641230000.0,0.006655262605488987,0.006633214116906491,0.06864279879253822,0.0
2020-01-10,3265.35009765625,3282.989990234375,3260.860107421875,3281.81005859375,3214580000.0,-0.002855178689662563,-0.0028592624875049015,0.07089210078407551,-0.0028551786896625713
2020-01-13,3288.1298828125,3288.1298828125,3268.429931640625,3271.1298828125,3459390000.0,0.006976215252569862,0.006951994045933256,0.06913258602124125,0.0
2020-01-14,3283.14990234375,3294.25,3277.18994140625,3285.35009765625,3687620000.0,-0.001514532772802224,-0.0015156808368957204,0.06990038661062294,-0.0015145327728022643
2020-01-15,3289.2900390625,3298.659912109375,3280.68994140625,3282.27001953125,3721490000.0,0.0018701968845122874,0.0018684502436879626,0.06699461035229833,0.0
2020-01-16,3316.81005859375,3317.110107421875,3302.820068359375,3302.969970703125,3540580000.0,0.00836655302646827,0.008331747422232019,0.07102692612612561,0.0
2020-01-17,3329.6201171875,3329.8798828125,3318.860107421875,3323.659912109375,3726220000.0,0.003862162248501333,0.003854723247485144,0.07078180749300973,0.0
2020-01-21,3320.7900390625,3329.7900390625,3316.610107421875,3321.030029296875,4104840000.0,-0.0026519776473655776,-0.002655500369585384,0.07216542380082924,-0.002651977647365576
2020-01-22,3321.75,3337.77001953125,3320.0400390625,3330.02001953125,3623780000.0,0.0002890760711180551,0.00028903429668107475,0.07134302484374376,-0.0023636681995265626
2020-01-23,3325.5400390625,3326.8798828125,3301.8701171875,3315.77001953125,3766710000.0,0.0011409766124783616,0.001140326193358241,0.0713154365486466,-0.0012253884771835188
2020-01-24,3295.469970703125,3333.179931640625,3281.530029296875,3333.10009765625,3708780000.0,-0.009042160974207403,-0.009083289426193788,0.08057787548170331,-0.01025646929152426
2020-01-27,3243.6298828125,3258.85009765625,3234.5,3247.159912109375,3831050000.0,-0.015730711659182384,-0.015855752356844034,0.0990139300948143,-0.025825839389640393
2020-01-28,3276.239990234375,3285.780029296875,3253.219970703125,3255.35009765625,3531570000.0,0.010053584595046017,0.010003383500352516,0.10511837555805886,-0.016031897055636096
2020-01-29,3273.39990234375,3293.469970703125,3271.889892578125,3289.4599609375,3600250000.0,-0.0008668741908683941,-0.0008672501435846315,0.10259254181183335,-0.016884873608716273
2020-01-30,3283.659912109375,3285.909912109375,3242.800048828125,3256.449951171875,3790350000.0,0.003134358792605374,0.0031294569302110597,0.10264662349676602,-0.01380343806816832
2020-01-31,3225.52001953125,3282.330078125,3214.679931640625,3282.330078125,4529700000.0,-0.01770582037552626,-0.01786444357136295,0.11812939033803413,-0.031264857248694905
2020-02-03,3248.919921875,3268.43994140625,3235.659912109375,3235.659912109375,3760460000.0,0.007254613892351713,0.007228425761232584,0.11847054173375177,-0.024237057824081962
2020-02-04,3297.590087890625,3306.919921875,3280.610107421875,3280.610107421875,3996900000.0,0.014980414164082134,0.014869315917506062,0.12904303177536283,-0.009619724824323345
2020-02-05,3334.68994140625,3337.580078125,3313.75,3324.909912109375,4121480000.0,0.01125059589785371,0.011187778658972936,0.13336684398120696,0.0
2020-02-06,3345.780029296875,3347.9599609375,3334.389892578125,3344.919921875,3887250000.0,0.003325672876785646,0.003320155057001924,0.1329506811641126,0.0
2020-02-07,3327.7099609375,3341.419921875,3322.1201171875,3335.5400390625,3733920000.0,-0.005400853672730133,-0.005415491009458352,0.13354464886287043,-0.005400853672730086
2020-02-10,3352.090087890625,3352.260009765625,3317.77001953125,3318.280029296875,3462730000.0,0.007326397804890528,0.007299690120573207,0.1347132806716167,0.0
2020-02-11,3357.75,3375.6298828125,3352.719970703125,3365.8701171875,3762940000.0,0.0016884725532351208,0.0016870486860021178,0.13307552799105712,0.0
2020-02-12,3379.449951171875,3381.469970703125,3369.719970703125,3370.5,3930910000.0,0.006462646466197652,0.006441853105203067,0.13403689282959716,0.0
2020-02-13,3373.93994140625,3385.090087890625,3360.52001953125,3365.89990234375,3500890000.0,-0.0016304457368023773,-0.0016317763599886593,0.1344655603684874,-0.0016304457368023224
2020-02-14,3380.159912109375,3380.68994140625,3366.14990234375,3378.080078125,3419700000.0,0.0018435333204338544,0.0018418360984854144,0.13189413485836832,0.0
2020-02-18,3370.2900390625,3375.010009765625,3355.610107421875,3369.0400390625,3750400000.0,-0.002919942636890105,-0.0029242139861477136,0.1321061373473605,-0.002919942636890142
2020-02-19,3386.14990234375,3393.52001953125,3378.830078125,3380.389892578125,3614200000.0,0.004705785881164548,0.004694748284284925,0.13227490046490253,0.0
2020-02-20,3373.22998046875,3389.14990234375,3341.02001953125,3380.449951171875,4019180000.0,-0.00381551976362815,-0.0038228174279975285,0.13335835724174072,-0.003815519763628118
2020-02-21,3337.75,3360.760009765625,3328.449951171875,3360.5,3908780000.0,-0.01051810302712286,-0.010573809232819777,0.13927683446916653,-0.01429349076077513
2020-02-24,3225.889892578125,3259.81005859375,3214.64990234375,3257.610107421875,4851160000.0,-0.03351362667122315,-0.03408807942044074,0.1828179580253135,-0.04732809071881307
2020-02-25,3128.2099609375,3246.989990234375,3118.77001953125,3238.93994140625,5596760000.0,-0.030279995565056117,-0.030747904375353224,0.2050825342941067,-0.07617499190680095
2020-02-26,3116.389892578125,3182.510009765625,3108.989990234375,3139.89990234375,5484650000.0,-0.0037785406053220116,-0.00378569732353003,0.20033218513294943,-0.079665702212093
2020-02-27,2978.760009765625,3097.070068359375,2977.389892578125,3062.5400390625,7064710000.0,-0.04416324258407911,-0.045168136352261155,0.2508812370134951,-0.12031064906374846
2020-02-28,2954.219970703125,2959.719970703125,2855.840087890625,2916.89990234375,8569570000.0,-0.008238340444361891,-0.008272463109653077,0.24941240106414805,-0.12755782942204105
2020-03-02,3090.22998046875,3090.9599609375,2945.18994140625,2974.280029296875,6381330000.0,0.046039229006110016,0.0450108687694132,0.30172762135549436,-0.08739126453621464
2020-03-03,3003.3701171875,3136.719970703125,2976.6298828125,3096.4599609375,6376510000.0,-0.028107896121075893,-0.02851048492291458,0.31344756975166915,-0.11304277607181713
2020-03-04,3130.1201171875,3130.969970703125,3034.3798828125,3045.75,5073020000.0,0.04220259077449118,0.041336349360633136,0.34680510605196524,-0.0756108833158972
2020-03-05,3023.93994140625,3083.0400390625,2999.830078125,3075.699951171875,5579290000.0,-0.033922077046888544,-0.034510782439981125,0.36036932093391144,-0.10696808215336054
2020-03-06,2972.3701171875,2985.929931640625,2901.5400390625,2954.199951171875,6555240000.0,-0.01705385200037013,-0.01720094365238617,0.36152785751528327,-0.12219771631192379
2020-03-09,2746.56005859375,2863.889892578125,2734.429931640625,2863.889892578125,8441290000.0,-0.07596969747745097,-0.07901041294037148,0.44493550401756826,-0.18888409024872257
2020-03-10,2882.22998046875,2882.590087890625,2734.0,2813.47998046875,7642040000.0,0.04939630628156144,0.048215052425859106,0.487236215965144,-0.1488179603408012
2020-03-11,2741.3798828125,2825.60009765625,2707.219970703125,2825.60009765625,7431200000.0,-0.048868445131273974,-0.05010289280860541,0.5084325364368684,-0.1904139031426126
2020-03-12,2480.639892578125,2660.949951171875,2478.860107421875,2630.860107421875,8850810000.0,-0.09511268097833658,-0.09994485240247351,0.5952444472199387,-0.26741580729750597
2020-03-13,2711.02001953125,2711.330078125,2492.3701171875,2569.989990234375,8299070000.0,0.09287124972971839,0.08880840694923595,0.700393337743216,-0.19937979778898848
2020-03-16,2386.1298828125,2562.97998046875,2380.93994140625,2508.590087890625,7805450000.0,-0.11984055240393443,-0.12765219747281742,0.8111340349646133,-0.2953265650877058
2020-03-17,2529.18994140625,2553.929931640625,2367.0400390625,2425.659912109375,8370250000.0,0.05995484974402432,0.05822631263569171,0.8535550019321789,-0.2530779751789336
2020-03-18,2398.10009765625,2453.570068359375,2280.52001953125,2436.5,8799300000.0,-0.051830762729157875,-0.053222272332080246,0.8611357371538291,-0.29179151342461646
2020-03-19,2409.389892578125,2466.969970703125,2319.780029296875,2393.47998046875,7956100000.0,0.0047078080405855705,0.004696760970401053,0.8634257034032061,-0.28845740381710594
2020-03-20,2304.919921875,2453.010009765625,2295.56005859375,2431.93994140625,9053950000.0,-0.04335951230846191,-0.04432762405336681,0.8684828210572907,-0.3193095437742931
2020-03-23,2237.39990234375,2300.72998046875,2191.860107421875,2290.7099609375,7411380000.0,-0.02929386782180443,-0.02973150100957679,0.8675837628213405,-0.3392496000265327
2020-03-24,2447.330078125,2449.7099609375,2344.43994140625,2344.43994140625,7563150000.0,0.09382773976227554,0.08968323251796326,0.9463956969108167,-0.27725288345000276
2020-03-25,2475.56005859375,2571.419921875,2407.530029296875,2457.77001953125,8300010000.0,0.011535011448221999,0.011468990420822226,0.9497533171203034,-0.2689159871864291
2020-03-26,2630.070068359375,2637.010009765625,2500.719970703125,2501.2900390625,7766990000.0,0.062414163303876835,0.06054383107424656,0.9738867439179806,-0.22328599022182935
2020-03-27,2541.469970703125,2615.909912109375,2520.02001953125,2555.8701171875,6201670000.0,-0.033687352562252526,-0.0342678455416263,0.978969832770218,-0.2494514289092675
2020-03-30,2626.64990234375,2631.800048828125,2545.280029296875,2558.97998046875,5751120000.0,0.03351600948370015,0.032966590569974794,0.9713007637898169,-0.22429603588261293
2020-03-31,2584.590087890625,2641.389892578125,2571.14990234375,2614.68994140625,6576210000.0,-0.016012721914555605,-0.016142310788415843,0.9688473048845813,-0.23671716774804302
2020-04-01,2470.5,2522.75,2447.489990234375,2498.080078125,5964000000.0,-0.04414243033166543,-0.04514636273278691,0.9596096049796673,-0.27041032699408135
2020-04-02,2526.89990234375,2533.219970703125,2455.7900390625,2458.5400390625,6464190000.0,0.02282934723487151,0.022572657056960366,0.9631034412046915,-0.2537542710100529
2020-04-03,2488.64990234375,2538.179931640625,2459.9599609375,2514.919921875,6096970000.0,-0.015137125124949469,-0.015252860825944299,0.9629076541756708,-0.26505028598373287
2020-04-06,2663.679931640625,2676.85009765625,2574.570068359375,2578.280029296875,6403840000.0,0.07033131865275055,0.06796824414483035,0.9622705660089749,-0.21336030345350682
2020-04-07,2659.409912109375,2756.889892578125,2657.669921875,2738.64990234375,7050410000.0,-0.0016030527844311804,-0.001604339048362459,0.944190380742985,-0.2146213284093998
2020-04-08,2749.97998046875,2760.75,2663.300048828125,2685.0,5875710000.0,0.03405645287963033,0.033489371191284686,0.9366764454865253,-0.1878741166877078
2020-04-09,2789.820068359375,2818.570068359375,2762.360107421875,2776.989990234375,7899550000.0,0.014487410153376512,0.014383470303699339,0.8593475998324149,-0.17610851591998944
2020-04-13,2761.6298828125,2782.4599609375,2721.169921875,2782.4599609375,5319530000.0,-0.010104660822607414,-0.01015605944467711,0.8025979073804976,-0.18443365992125263
2020-04-14,2846.06005859375,2851.85009765625,2805.10009765625,2805.10009765625,5615730000.0,0.030572589146256046,0.03011455957230757,0.6478354772350643,-0.15949968528450928
2020-04-15,2783.360107421875,2801.8798828125,2761.5400390625,2795.639892578125,5208000000.0,-0.022030438529415775,-0.022276732672369248,0.6291492812503618,-0.17801627580180351
2020-04-16,2799.550048828125,2806.510009765625,2764.320068359375,2799.340087890625,5228810000.0,0.005816689462164515,0.0057998378395412884,0.59067686672879,-0.17323505173518908
2020-04-17,2874.56005859375,2879.219970703125,2830.8798828125,2842.429931640625,5804810000.0,0.026793594848223412,0.026440932021320578,0.5942236594831038,-0.1510830466766693
2020-04-20,2823.159912109375,2868.97998046875,2820.429931640625,2845.6201171875,5228630000.0,-0.01788104803401469,-0.018042845615347775,0.5698649049917187,-0.1662625714959332
2020-04-21,2736.56005859375,2785.5400390625,2727.10009765625,2784.81005859375,5121010000.0,-0.030674795694063395,-0.031155115236330667,0.5712068308977766,-0.19183729677778924
2020-04-22,2799.31005859375,2815.10009765625,2775.949951171875,2787.889892578125,5084920000.0,0.022930247703843776,0.02267130058213675,0.49126244943717995,-0.17330592580789594
2020-04-23,2797.800048828125,2844.89990234375,2794.260009765625,2810.419921875,5773530000.0,-0.0005394221197431159,-0.0005395676601955963,0.49157159518646365,-0.17375186287777575
2020-04-24,2836.739990234375,2842.7099609375,2791.760009765625,2812.639892578125,5382810000.0,0.013918057304545428,0.013822090566839217,0.4491045490355827,-0.16225209395753468
2020-04-27,2878.47998046875,2887.719970703125,2852.889892578125,2854.64990234375,5203930000.0,0.014714069804799612,0.014606868181735996,0.4271560964306373,-0.14992541278920118
2020-04-28,2863.389892578125,2921.14990234375,2860.7099609375,2909.9599609375,5691160000.0,-0.005242380698498916,-0.005256170190483643,0.41684305420025075,-0.15438182739747955
2020-04-29,2939.510009765625,2954.860107421875,2912.159912109375,2918.4599609375,6645640000.0,0.026583916282167053,0.02623670404507307,0.4164017157906076,-0.1319019846903351
2020-04-30,2912.429931640625,2930.909912109375,2892.469970703125,2930.909912109375,6544980000.0,-0.009212446303987654,-0.009255143319054839,0.37485190341994806,-0.13989929104297363
2020-05-01,2830.7099609375,2869.090087890625,2821.610107421875,2869.090087890625,4759810000.0,-0.028059034078492195,-0.028460211014775954,0.39231458025603927,-0.16403288614653413
2020-05-04,2842.739990234375,2844.239990234375,2797.85009765625,2815.010009765625,4735930000.0,0.004249827591976452,0.0042408225788494016,0.384546725296271,-0.16048017004009468
2020-05-05,2868.43994140625,2898.22998046875,2863.550048828125,2868.8798828125,5140290000.0,0.009040556385797371,0.008999935197779802,0.30947881538747074,-0.15289044368034713
2020-05-06,2848.419921875,2891.110107421875,2847.64990234375,2883.139892578125,4892570000.0,-0.006979410390386298,-0.007003880399042588,0.31129513089564514,-0.15880276891952008
2020-05-07,2881.18994140625,2901.919921875,2876.47998046875,2878.260009765625,5178790000.0,0.011504630788313985,0.011438955754890805,0.2923193199410949,-0.14912510535578713
2020-05-08,2929.800048828125,2932.159912109375,2902.8798828125,2908.830078125,4876030000.0,0.016871538638701944,0.016730795065226244,0.2937184017479686,-0.13476953669409583
2020-05-11,2930.18994140625,2944.25,2903.43994140625,2915.4599609375,4819730000.0,0.00013307822091168653,0.0001330693667907644,0.29011100197989953,-0.1346543933633605
2020-05-12,2870.1201171875,2945.820068359375,2869.590087890625,2939.5,5119630000.0,-0.020500317528877154,-0.020713365772047604,0.2830325894110471,-0.1523942530716304
2020-05-13,2820.0,2874.139892578125,2793.14990234375,2865.860107421875,6151650000.0,-0.01746272460422804,-0.017616996624280044,0.2785237428354166,-0.1671957588032015
2020-05-14,2852.5,2852.800048828125,2766.639892578125,2794.5400390625,5651130000.0,0.01152482269503552,0.01145891780407149,0.280626927886336,-0.15759783758373486
2020-05-15,2863.699951171875,2865.010009765625,2816.780029296875,2829.949951171875,5507700000.0,0.0039263632504382695,0.003918675203723029,0.26439720869078903,-0.15429026069113397
2020-05-18,2953.909912109375,2968.090087890625,2913.860107421875,2913.860107421875,6373670000.0,0.03150119163168075,0.031015208770073424,0.2774829956239148,-0.1276493961283866
2020-05-19,2922.93994140625,2964.2099609375,2922.35009765625,2948.590087890625,4984330000.0,-0.010484399194493177,-0.010539747711599283,0.2531337373205842,-0.13679546809693383
2020-05-20,2971.610107421875,2980.2900390625,2953.6298828125,2953.6298828125,5005380000.0,0.01665110025908012,0.0165139906134157,0.24776913546772567,-0.1224221628921236
2020-05-21,2948.510009765625,2978.5,2938.570068359375,2969.949951171875,4976620000.0,-0.007773596407737116,-0.007803968309953686,0.2504674433730863,-0.1292440988141751
2020-05-22,2955.449951171875,2956.760009765625,2933.590087890625,2948.050048828125,3970860000.0,0.002353711326488428,0.002350945686812366,0.24694999104609902,-0.12719459078694734
2020-05-26,2991.77001953125,3021.719970703125,2988.169921875,3004.080078125,5848500000.0,0.012289184036080147,0.01221428502146052,0.24547804829190017,-0.11646852448544198
2020-05-27,3036.1298828125,3036.25,2969.75,3015.64990234375,6398000000.0,0.014827297215913804,0.014718447490314346,0.247949589461908,-0.10336814069837277
2020-05-28,3029.72998046875,3068.669921875,3023.39990234375,3046.610107421875,5447020000.0,-0.0021079145460738413,-0.0021101393249195488,0.23254594948725044,-0.10525816403706793
2020-05-29,3044.31005859375,3049.169921875,2998.610107421875,3025.169921875,7297550000.0,0.004812335824971425,0.004800793552307952,0.22924357046165783,-0.10095236584576273
2020-06-01,3055.72998046875,3062.179931640625,3031.5400390625,3038.780029296875,4684170000.0,0.003751234813537785,0.003744216478364391,0.19853516891156467,-0.09757982706149461
2020-06-02,3080.820068359375,3081.070068359375,3051.639892578125,3064.780029296875,5197150000.0,0.008210832780053412,0.008177307282398658,0.19913545479031655,-0.09017020592414961
2020-06-03,3122.8701171875,3130.93994140625,3098.89990234375,3098.89990234375,6005560000.0,0.013648979133831007,0.01355667081256392,0.20129165308272737,-0.07775195804947053
2020-06-04,3112.35009765625,3128.909912109375,3090.409912109375,3111.56005859375,6451290000.0,-0.0033687022311144066,-0.003374389083608904,0.19899974359507341,-0.08085873708603017
2020-06-05,3193.929931640625,3211.719970703125,3163.840087890625,3163.840087890625,8639300000.0,0.026211650818398713,0.025874012821635813,0.21191956162687667,-0.05676652724974711
2020-06-08,3232.389892578125,3233.1298828125,3196.0,3199.919921875,8498300000.0,0.012041579421169235,0.011969656405806002,0.20912491182669168,-0.04540850647491974
2020-06-09,3207.179931640625,3222.7099609375,3193.110107421875,3213.320068359375,6410930000.0,-0.007799170822611612,-0.007829743419721978,0.2134058975266943,-0.05285352859873378
2020-06-10,3190.139892578125,3223.27001953125,3181.489990234375,3213.419921875,6598870000.0,-0.0053130910724373814,-0.005327255735182077,0.19551924370742332,-0.05788580406022638
2020-06-11,3002.10009765625,3123.530029296875,2999.489990234375,3123.530029296875,7037320000.0,-0.05894405927443824,-0.06075269299628893,0.2964426538788688,-0.11341783906899011
2020-06-12,3041.31005859375,3088.419921875,2984.469970703125,3071.0400390625,5845330000.0,0.013060843963234703,0.012976286605211731,0.29705647265930785,-0.10183832780448274
2020-06-15,3066.590087890625,3079.760009765625,2965.659912109375,2993.760009765625,5757480000.0,0.008312217041285264,0.00827786081817526,0.2975979619455842,-0.09437261304702996
2020-06-16,3124.739990234375,3153.449951171875,3076.06005859375,3131.0,5845810000.0,0.01896239819380252,0.018784852866710527,0.2854776761164618,-0.07719974592041483
2020-06-17,3113.489990234375,3141.159912109375,3108.030029296875,3136.1298828125,4560450000.0,-0.0036002995561740248,-0.0036067962326294138,0.2822194925791347,-0.08052210326561483
2020-06-18,3115.340087890625,3120.0,3093.510009765625,3101.639892578125,4448690000.0,0.0005942198825281686,0.0005940434038017573,0.2778505423732459,-0.07997573121782998
2020-06-19,3097.739990234375,3155.530029296875,3083.110107421875,3140.2900390625,8346650000.0,-0.005649494809462974,-0.005665513565673728,0.2769149537121463,-0.08517340354889481
2020-06-22,3117.860107421875,3120.919921875,3079.389892578125,3094.419921875,4686690000.0,0.006495095537691675,0.006474093296658384,0.2772782415406054,-0.07923151740452368
2020-06-23,3131.2900390625,3154.89990234375,3127.1201171875,3138.699951171875,4711850000.0,0.004307419569164139,0.004298169191483789,0.27508116682219463,-0.07526538122392241
2020-06-24,3050.330078125,3115.010009765625,3032.1298828125,3114.39990234375,5597680000.0,-0.025855145939064572,-0.0261952655956623,0.2885494327793878,-0.0991745297472831
2020-06-25,3083.760009765625,3086.25,3024.010009765625,3046.60009765625,4847690000.0,0.010959447267809841,0.01089982772821816,0.2908344934727406,-0.08930198050854851
2020-06-26,3009.050048828125,3073.72998046875,3004.6298828125,3073.199951171875,8107850000.0,-0.024226905044785974,-0.024525204274831163,0.30393060883586226,-0.11136537495124253
2020-06-29,3053.239990234375,3053.889892578125,2999.739990234375,3018.590087890625,4473970000.0,0.014685678433118632,0.01457888811353358,0.3083771127734047,-0.09831517260324146
2020-06-30,3100.2900390625,3111.510009765625,3047.830078125,3050.199951171875,4705850000.0,0.015409875731554612,0.015292349435755562,0.31190599184841306,-0.08442032146402907
2020-07-01,3115.860107421875,3128.43994140625,3101.169921875,3105.919921875,4449230000.0,0.005022132820864389,0.005009563975870565,0.30855083793927446,-0.07982215871033702
2020-07-02,3130.010009765625,3165.81005859375,3124.52001953125,3143.639892578125,4197720000.0,0.004541250844364075,0.0045309704768169146,0.30871832763526014,-0.0756434003116152
2020-07-06,3179.719970703125,3182.590087890625,3155.2900390625,3155.2900390625,4759160000.0,0.01588172586745884,0.01575693083216329,0.29954770152883126,-0.060963022191587835
2020-07-07,3145.320068359375,3184.14990234375,3142.929931640625,3166.43994140625,4571330000.0,-0.010818532028197159,-0.010877477869643567,0.2981888442676282,-0.07112202381166964
2020-07-08,3169.93994140625,3171.800048828125,3136.530029296875,3153.070068359375,4937310000.0,0.007827461915415501,0.007796986263430269,0.29885415151722594,-0.06385126682898729
2020-07-09,3152.050048828125,3179.780029296875,3115.699951171875,3176.169921875,4843650000.0,-0.005643606159361103,-0.005659591476194623,0.29892643013295084,-0.06913452158558928
2020-07-10,3185.0400390625,3186.820068359375,3136.219970703125,3152.469970703125,4524190000.0,0.01046620127324438,0.010411809774443004,0.1990407450765502,-0.05939189613018911
2020-07-13,3155.219970703125,3235.320068359375,3149.429931640625,3205.080078125,4902440000.0,-0.009362541127788226,-0.009406645216058874,0.199953305528688,-0.06819837818780115
2020-07-14,3197.52001953125,3200.949951171875,3127.659912109375,3141.110107421875,4507140000.0,0.013406370782667931,0.01331730058290395,0.20288448385543612,-0.05570630014989542
2020-07-15,3226.56005859375,3238.280029296875,3200.760009765625,3225.97998046875,4686830000.0,0.009082050740923053,0.009041056936355048,0.19504724773156654,-0.04713017685352283
2020-07-16,3215.570068359375,3220.389892578125,3198.590087890625,3208.360107421875,3972860000.0,-0.0034061012455366413,-0.0034119152141152374,0.19497941953955855,-0.05037574794497634
2020-07-17,3224.72998046875,3233.52001953125,3205.64990234375,3224.2099609375,4012850000.0,0.002848612194617406,0.0028445625875835605,0.19498707702636017,-0.047670636720268035
2020-07-20,3251.840087890625,3258.610107421875,3215.159912109375,3224.2900390625,3979340000.0,0.0084069387471426,0.008371797255140334,0.1942951884694784,-0.03966446209607006
2020-07-21,3257.300048828125,3277.2900390625,3247.77001953125,3268.52001953125,4556610000.0,0.0016790373419135474,0.0016776293345600682,0.19371532474168984,-0.038052022867162666
2020-07-22,3276.02001953125,3279.320068359375,3253.10009765625,3254.860107421875,4267160000.0,0.005747082068739751,0.005730630594473862,0.19398886383128935,-0.032523628896722126
2020-07-23,3235.659912109375,3279.989990234375,3222.659912109375,3271.639892578125,4296760000.0,-0.012319859824193036,-0.012396378412246847,0.1720916644933627,-0.044442802171933436
2020-07-24,3215.6298828125,3227.260009765625,3200.050048828125,3218.580078125,3689410000.0,-0.006190400054688405,-0.006209640024276134,0.17232401413890333,-0.05035808350162621
2020-07-27,3239.409912109375,3241.429931640625,3214.25,3219.840087890625,3970310000.0,0.007395138795039502,0.007367928821482373,0.1413936360928802,-0.04333534972353344
2020-07-28,3218.43994140625,3243.719970703125,3216.169921875,3234.27001953125,4053180000.0,-0.006473392152297919,-0.006494435418646306,0.1396418240996858,-0.04952821516301397
2020-07-29,3258.43994140625,3264.739990234375,3227.219970703125,3227.219970703125,4478200000.0,0.01242838167815008,0.012351783351742583,0.13646047520366458,-0.03771538904674733
2020-07-30,3246.219970703125,3250.919921875,3204.1298828125,3231.760009765625,4264920000.0,-0.003750251937389204,-0.0037573017634548516,0.13785279087462649,-0.04132419877329453
2020-07-31,3271.1201171875,3272.169921875,3220.260009765625,3270.449951171875,5007530000.0,0.007670504990141325,0.0076412362421762695,0.13903247357447426,-0.03397067125605728
2020-08-03,3294.610107421875,3302.72998046875,3284.530029296875,3288.260009765625,4438940000.0,0.00718102343932614,0.007155362664358673,0.13103475197503345,-0.027033592003270445
2020-08-04,3306.510009765625,3306.840087890625,3286.3701171875,3289.919921875,4414380000.0,0.0036119303819721615,0.003605423026133557,0.12227963871915057,-0.02351930507358863
2020-08-05,3327.77001953125,3330.77001953125,3317.3701171875,3317.3701171875,4535060000.0,0.006429743053199433,0.006409160435517922,0.12157933385616736,-0.017240785108802156
2020-08-06,3349.159912109375,3351.030029296875,3318.139892578125,3323.169921875,4278930000.0,0.00642769555966427,0.006407126020664802,0.11843550197125487,-0.01092390806702683
2020-08-07,3351.280029296875,3352.5400390625,3328.719970703125,3340.050048828125,4110030000.0,0.0006330295486443038,0.0006328292699566697,0.11540266704844981,-0.010297793674975684
2020-08-10,3360.469970703125,3363.2900390625,3335.43994140625,3356.0400390625,4327920000.0,0.002742218294476073,0.0027384652733919213,0.10642500804363475,-0.007583814178707929
2020-08-11,3333.68994140625,3381.010009765625,3326.43994140625,3370.340087890625,4880540000.0,-0.007969132154236114,-0.008001055401377298,0.10631881527345999,-0.0154925099155207
2020-08-12,3380.35009765625,3387.889892578125,3355.4599609375,3355.4599609375,3772250000.0,0.013996549490237653,0.013899502293613534,0.11179245475513451,-0.0017128021070436426
2020-08-13,3373.429931640625,3387.239990234375,3363.35009765625,3372.949951171875,3438730000.0,-0.002047174350497949,-0.002049272676156681,0.11096607288372408,-0.00375647005300054
2020-08-14,3372.85009765625,3378.510009765625,3361.639892578125,3368.659912109375,3200060000.0,-0.00017188262276812694,-0.00017189739627902921,0.11132046777948544,-0.003927707003843639
2020-08-17,3381.989990234375,3387.590087890625,3379.219970703125,3380.860107421875,3460330000.0,0.0027098425110787527,0.002706177507423456,0.1089769685301508,-0.0012285079601749716
2020-08-18,3389.780029296875,3395.06005859375,3370.14990234375,3387.0400390625,3669550000.0,0.002303389154016955,0.0023007404198168474,0.10897783635390579,0.0
2020-08-19,3374.85009765625,3399.5400390625,3369.659912109375,3392.510009765625,3679480000.0,-0.0044043954214108005,-0.004414123345182018,0.11030498324338782,-0.004404395421410822
2020-08-20,3385.510009765625,3390.800048828125,3354.68994140625,3360.47998046875,3431040000.0,0.0031586327691348615,0.0031536547683461333,0.09740434321076409,-0.0012596745199822622
2020-08-21,3397.159912109375,3399.9599609375,3379.31005859375,3386.010009765625,3505010000.0,0.0034411070444764214,0.0034351999829724668,0.09215144122367212,0.0
2020-08-24,3431.280029296875,3432.090087890625,3413.1298828125,3418.090087890625,3743410000.0,0.010043718303008653,0.009993615364903508,0.0943434362509241,0.0
2020-08-25,3443.6201171875,3444.2099609375,3425.840087890625,3435.949951171875,3627650000.0,0.0035963511532906,0.003589899745540117,0.08760784975888572,0.0
2020-08-26,3478.72998046875,3481.070068359375,3444.14990234375,3449.969970703125,3780530000.0,0.010195626139483993,0.010144001344841499,0.0849188011845929,0.0
2020-08-27,3484.550048828125,3501.3798828125,3468.35009765625,3485.139892578125,3955890000.0,0.0016730440109038458,0.0016716460318091384,0.08105820126722817,0.0
2020-08-28,3508.010009765625,3509.22998046875,3484.320068359375,3494.68994140625,3868510000.0,0.00673256535528588,0.006710002849570254,0.08049911826084344,0.0
2020-08-31,3500.31005859375,3514.77001953125,3493.25,3509.72998046875,4348280000.0,-0.0021949627140287475,-0.002197375175508541,0.08169680562553132,-0.0021949627140286994
2020-09-01,3526.64990234375,3528.030029296875,3494.60009765625,3507.43994140625,4101490000.0,0.007525003016613407,0.007496831420705943,0.08321511719475548,0.0
2020-09-02,3580.840087890625,3588.110107421875,3535.22998046875,3543.760009765625,4295640000.0,0.015365910154807594,0.01524905014386973,0.09304055383082949,0.0
2020-09-03,3455.06005859375,3564.85009765625,3427.409912109375,3564.739990234375,4911830000.0,-0.03512584371534122,-0.0357575941421853,0.1673031656398141,-0.03512584371534127
2020-09-04,3426.9599609375,3479.14990234375,3349.6298828125,3453.60009765625,4438720000.0,-0.008133027264274895,-0.008166280754275102,0.17082590984458898,-0.04297319153499859
2020-09-08,3331.840087890625,3379.969970703125,3329.27001953125,3371.8798828125,4694330000.0,-0.027756342102360998,-0.02814882908646679,0.19968308901369405,-0.0695367550318839
2020-09-09,3398.9599609375,3424.77001953125,3366.840087890625,3369.820068359375,3932520000.0,0.02014498633677464,0.019944760662180386,0.20999879527716617,-0.050792585675130106
2020-09-10,3339.18994140625,3425.550048828125,3329.25,3412.56005859375,4208630000.0,-0.01758479659017942,-0.017741245925395586,0.21415297128380975,-0.06748420497792307
2020-09-11,3340.969970703125,3368.949951171875,3310.469970703125,3352.699951171875,3710090000.0,0.0005330721905940639,0.0005329301580873496,0.21411935674741095,-0.06698710674030711
2020-09-14,3383.5400390625,3402.929931640625,3363.56005859375,3363.56005859375,3839580000.0,0.012741829089357504,0.012661335025022992,0.21915353460354167,-0.05509881591622514
2020-09-15,3401.199951171875,3419.47998046875,3389.25,3407.72998046875,4057190000.0,0.005219359577689042,0.005205785930499657,0.21971786549925473,-0.05016703687110784
2020-09-16,3385.489990234375,3428.919921875,3384.449951171875,3411.22998046875,4718900000.0,-0.004618946596211537,-0.0046296468921518345,0.22025036203302167,-0.054554264603121495
2020-09-17,3357.010009765625,3375.169921875,3328.820068359375,3346.860107421875,4379840000.0,-0.008412365876402483,-0.008447949528552457,0.2217674304515986,-0.0625077000455645
2020-09-18,3319.469970703125,3362.27001953125,3292.39990234375,3357.3798828125,7076400000.0,-0.011182581807410497,-0.011245576947828505,0.22469415205863177,-0.07299128438362239
2020-09-21,3281.06005859375,3285.570068359375,3229.10009765625,3285.570068359375,4836070000.0,-0.011571097930805796,-0.011638564027297718,0.22711891437017817,-0.08371779301473002
2020-09-22,3315.570068359375,3320.31005859375,3270.949951171875,3295.75,3974510000.0,0.010517945160813724,0.010463016398376152,0.22744639304683315,-0.07408038700982968
2020-09-23,3236.919921875,3323.35009765625,3232.570068359375,3320.110107421875,4378650000.0,-0.023721455093028143,-0.02400733891437413,0.23967584341210446,-0.09604454752912996
2020-09-24,3246.590087890625,3278.699951171875,3209.449951171875,3226.139892578125,4601920000.0,0.0029874591429570607,0.0029830055546290505,0.2357452310095041,-0.09334401754782005
2020-09-25,3298.4599609375,3306.8798828125,3228.43994140625,3236.659912109375,3803330000.0,0.0159767237756141,0.015850439224188495,0.24502320250910814,-0.07885862535667361
2020-09-28,3351.60009765625,3360.739990234375,3332.909912109375,3333.89990234375,3950910000.0,0.016110590199083896,0.0159821918538544,0.2518828178543288,-0.06401849415437426
2020-09-29,3335.469970703125,3357.919921875,3327.5400390625,3350.919921875,3661590000.0,-0.0048126645432444715,-0.004824282704443997,0.25204385737295415,-0.06852305916069008
2020-09-30,3363.0,3393.56005859375,3340.469970703125,3341.2099609375,4738640000.0,0.008253718228220741,0.00821984256837961,0.2524336158050694,-0.060834910954917464
2020-10-01,3380.800048828125,3397.179931640625,3361.389892578125,3385.8701171875,4076340000.0,0.005292907769290922,0.0052789495642950775,0.2455890390573516,-0.05586399675846405
2020-10-02,3348.419921875,3369.10009765625,3323.68994140625,3338.93994140625,3975180000.0,-0.009577652178616392,-0.009623812866370861,0.21476414909759806,-0.0649066030068205
2020-10-05,3408.60009765625,3409.570068359375,3367.27001953125,3367.27001953125,3692720000.0,0.01797270867614209,0.017813109002900934,0.22378632172901586,-0.04810044179767795
2020-10-06,3360.969970703125,3431.56005859375,3354.5400390625,3408.739990234375,4453390000.0,-0.013973515692226712,-0.014072064387523205,0.2053447434652113,-0.06140182521164174
2020-10-07,3419.43994140625,3426.260009765625,3384.56005859375,3384.56005859375,3814750000.0,0.01739675486921799,0.017247163770241564,0.20214377500612718,-0.04507326284415326
2020-10-08,3446.830078125,3447.280029296875,3428.14990234375,3434.280029296875,3867640000.0,0.008010123642494982,0.007978212894869286,0.19206283816331254,-0.03742418161001058
2020-10-09,3477.139892578125,3482.340087890625,3458.070068359375,3459.669921875,3944090000.0,0.00879353312061526,0.008755095180752877,0.19367548149885974,-0.02895973926989489
2020-10-12,3534.219970703125,3549.85009765625,3499.610107421875,3500.02001953125,3435760000.0,0.01641581296364758,0.01628253015832422,0.19672253933649897,-0.013019323969577942
2020-10-13,3511.929931640625,3534.010009765625,3500.860107421875,3534.010009765625,3611100000.0,-0.006306918994084421,-0.006326891629163268,0.1986189489345664,-0.019244131142028487
2020-10-14,3488.669921875,3527.93994140625,3480.550048828125,3515.469970703125,3858510000.0,-0.006623141753502759,-0.0066451720840594065,0.1995841605176819,-0.025739816287054563
2020-10-15,3483.340087890625,3489.080078125,3440.889892578125,3453.719970703125,3724550000.0,-0.0015277553060997207,-0.001528923514213078,0.1964968839261974,-0.027228247452243694
2020-10-16,3483.81005859375,3515.760009765625,3480.449951171875,3493.5,4688030000.0,0.00013491955745537076,0.00013491045663045577,0.1905006246729863,-0.027097001517884797
2020-10-19,3426.919921875,3502.419921875,3419.929931640625,3493.659912109375,4091080000.0,-0.016329861778318078,-0.016464663514942676,0.19591634133919889,-0.0429843730068089
2020-10-20,3443.1201171875,3476.929931640625,3435.64990234375,3439.3798828125,3917850000.0,0.004727334073110212,0.0047161953200011274,0.19374174148158033,-0.03846024042482502
2020-10-21,3435.56005859375,3464.860107421875,3433.06005859375,3439.909912109375,4103960000.0,-0.0021956999281005363,-0.0021981140115702774,0.16896259445805423,-0.04057149320579001
2020-10-22,3453.489990234375,3460.530029296875,3415.340087890625,3438.5,4172060000.0,0.005218925396392127,0.0052053540034913415,0.16914753742239375,-0.03556430740565923
2020-10-23,3465.389892578125,3466.4599609375,3440.449951171875,3464.89990234375,3651600000.0,0.003445761353703114,0.003439838320389479,0.16232812079471695,-0.0322410921679858
2020-10-26,3400.969970703125,3441.419921875,3364.860107421875,3441.419921875,4002210000.0,-0.018589516294535646,-0.018764472985322012,0.17060825885453595,-0.05023126215431099
2020-10-27,3390.679931640625,3409.510009765625,3388.7099609375,3403.14990234375,3962400000.0,-0.0030256189119989285,-0.003030205350445511,0.16995102161275052,-0.05310490040956231
2020-10-28,3271.030029296875,3342.47998046875,3268.889892578125,3342.47998046875,5139970000.0,-0.035287878760604796,-0.03592554210857772,0.21159887682808776,-0.08651881988292044
2020-10-29,3310.110107421875,3341.050048828125,3259.820068359375,3277.169921875,4911860000.0,0.011947330894238384,0.01187652493999744,0.21561317331647348,-0.07560515795840234
2020-10-30,3269.9599609375,3304.929931640625,3233.93994140625,3293.590087890625,4843930000.0,-0.012129550130175693,-0.012203713445259962,0.21716170879954966,-0.08681765153502177
2020-11-02,3310.239990234375,3330.139892578125,3279.739990234375,3296.199951171875,4314690000.0,0.01231820260127181,0.012242950890591667,0.21152537298684687,-0.07556888635472496
2020-11-03,3369.159912109375,3389.489990234375,3336.25,3336.25,4241380000.0,0.01779929009643455,0.01764273768407783,0.21635524821657093,-0.05911466878878275
2020-11-04,3443.43994140625,3486.25,3405.169921875,3406.4599609375,4790400000.0,0.02204704770168342,0.021807525655091704,0.22168287256706662,-0.03837092500975481
2020-11-05,3510.449951171875,3529.050048828125,3485.739990234375,3485.739990234375,4858150000.0,0.01946019413896294,0.01927326577670128,0.23029634059520007,-0.01965743652077323
2020-11-06,3509.43994140625,3521.580078125,3484.340087890625,3508.340087890625,4842460000.0,-0.00028771518741854685,-0.00028775658537381985,0.22844252195417122,-0.01993949596515908
2020-11-09,3550.5,3645.989990234375,3547.47998046875,3583.0400390625,8570510000.0,0.01169988923568721,0.011631974746344153,0.22473735763645503,-0.00847289662367959
2020-11-10,3545.530029296875,3557.219970703125,3511.909912109375,3543.260009765625,6037470000.0,-0.0013997945931910616,-0.001400775220867666,0.223508090134739,-0.009860830901988195
2020-11-11,3572.659912109375,3581.159912109375,3557.0,3563.219970703125,4635560000.0,0.007651855318760337,0.007622728362991461,0.2232166320781619,-0.0022844292346125734
2020-11-12,3537.010009765625,3569.02001953125,3518.580078125,3562.669921875,4909660000.0,-0.009978532303877019,-0.01002865154706935,0.22660288640068674,-0.012240166287576137
2020-11-13,3585.14990234375,3593.659912109375,3552.570068359375,3552.570068359375,4719580000.0,0.013610335409063534,0.013518546706294007,0.2310460643173849,0.0
2020-11-16,3626.909912109375,3628.510009765625,3600.159912109375,3600.159912109375,5295510000.0,0.011648051240012336,0.011580734922832603,0.2235563109622341,0.0
2020-11-17,3609.530029296875,3623.110107421875,3588.679931640625,3610.31005859375,4812180000.0,-0.004791925698091615,-0.004803443784647531,0.22504328725055137,-0.0047919256980915835
2020-11-18,3567.7900390625,3619.090087890625,3567.330078125,3612.090087890625,5284810000.0,-0.011563829610944043,-0.011631210647481315,0.23001352166373715,-0.016300342296754613
2020-11-19,3581.8701171875,3585.219970703125,3543.840087890625,3559.409912109375,4363370000.0,0.003946442467421596,0.003938675690732779,0.22981510648784298,-0.01241822819240644
2020-11-20,3557.5400390625,3581.22998046875,3556.85009765625,3579.31005859375,4236370000.0,-0.006792562915180156,-0.006815737372918576,0.231734552320698,-0.01912643951129466
2020-11-23,3577.590087890625,3589.81005859375,3552.77001953125,3566.820068359375,5057550000.0,0.005635930617216234,0.005620108181849693,0.21956024073924063,-0.013598304180118462
2020-11-24,3635.409912109375,3642.31005859375,3594.52001953125,3594.52001953125,6280290000.0,0.016161668273416252,0.016032458814031775,0.22354650494928324,0.0
2020-11-25,3629.64990234375,3635.5,3617.760009765625,3635.5,4910440000.0,-0.001584418237524976,-0.0015856747555094064,0.1700947436726892,-0.001584418237524931
2020-11-27,3638.35009765625,3644.31005859375,3629.330078125,3638.550048828125,2778390000.0,0.002396979198154181,0.0023941110259011363,0.16848201431469442,0.0
2020-11-30,3621.6298828125,3634.179931640625,3594.389892578125,3634.179931640625,6308410000.0,-0.004595548640170977,-0.004606140636972006,0.16031615445518715,-0.004595548640170944
2020-12-01,3662.449951171875,3678.449951171875,3645.8701171875,3645.8701171875,5418480000.0,0.011271187194776155,0.011208140661592923,0.15974633315158782,0.0
2020-12-02,3669.010009765625,3670.9599609375,3644.840087890625,3653.780029296875,5041250000.0,0.0017911667548251575,0.0017895645286042845,0.15294551909725337,0.0
2020-12-03,3666.719970703125,3682.72998046875,3657.169921875,3668.280029296875,5065340000.0,-0.000624157213091503,-0.0006243520802942291,0.13889874220307213,-0.0006241572130914647
2020-12-04,3699.1201171875,3699.199951171875,3670.93994140625,3670.93994140625,5099620000.0,0.008836275129611826,0.00879746371518688,0.1272509366987697,0.0
2020-12-07,3691.9599609375,3697.409912109375,3678.8798828125,3694.72998046875,4804500000.0,-0.0019356376714373402,-0.001937513438963252,0.1278836803894806,-0.0019356376714373851
2020-12-08,3702.25,3708.449951171875,3678.830078125,3683.050048828125,4584390000.0,0.002787148065356293,0.002783271170170473,0.12331077864629236,0.0
2020-12-09,3672.820068359375,3712.389892578125,3660.5400390625,3705.97998046875,5232800000.0,-0.007949201604598555,-0.00798096494847171,0.12790965253069306,-0.007949201604598555
2020-12-10,3668.10009765625,3678.489990234375,3645.179931640625,3659.1298828125,4658480000.0,-0.0012851080682624305,-0.0012859345277717227,0.12639729559239288,-0.009224094089742724
2020-12-11,3663.4599609375,3665.909912109375,3633.39990234375,3656.080078125,4375470000.0,-0.0012649972997506032,-0.0012657980842328352,0.11960883640347852,-0.010477422935377135
2020-12-14,3647.489990234375,3697.610107421875,3645.840087890625,3675.27001953125,4623850000.0,-0.004359258971957769,-0.0043687882451469585,0.11294567412533056,-0.014791008107400905
2020-12-15,3694.6201171875,3695.2900390625,3659.6201171875,3666.409912109375,4387080000.0,0.012921249154708825,0.012838482022218645,0.1146048546841548,-0.002060877253697076
2020-12-16,3701.169921875,3711.27001953125,3688.570068359375,3696.25,4067040000.0,0.0017727951669590514,0.0017712256203230642,0.11260506996914253,-0.0002917355999729894
2020-12-17,3722.47998046875,3725.1201171875,3710.8701171875,3713.64990234375,4192810000.0,0.005757654753379748,0.0057411428089832834,0.10268856912353853,0.0
2020-12-18,3709.409912109375,3726.699951171875,3685.840087890625,3722.389892578125,7097100000.0,-0.0035111185091528663,-0.003517296952148704,0.10433662485478486,-0.0035111185091529122
2020-12-21,3694.919921875,3702.89990234375,3636.47998046875,3684.280029296875,4748580000.0,-0.0039062790518439305,-0.003913928486909485,0.10165104510772709,-0.007403682152315974
2020-12-22,3687.260009765625,3698.260009765625,3676.159912109375,3698.080078125,4053310000.0,-0.002073092860288006,-0.0020752446917703606,0.10158039759845476,-0.009461426491994178
2020-12-23,3690.010009765625,3711.239990234375,3689.280029296875,3693.419921875,3779160000.0,0.000745811250824957,0.0007455332718186887,0.08587207773261649,-0.008722671679495841
2020-12-24,3703.06005859375,3703.820068359375,3689.320068359375,3694.030029296875,1883780000.0,0.0035365890047962534,0.0035303499794869524,0.0859503271519734,-0.005216931179453802
2020-12-28,3735.360107421875,3740.510009765625,3723.030029296875,3723.030029296875,3535460000.0,0.008722529021144565,0.0086847075384115,0.09010270019846542,0.0
2020-12-29,3727.0400390625,3756.1201171875,3723.31005859375,3750.010009765625,3393290000.0,-0.00222738052560012,-0.002229864827278697,0.08841022972569886,-0.002227380525600105
2020-12-30,3732.0400390625,3744.6298828125,3730.2099609375,3736.18994140625,3154850000.0,0.0013415471654707467,0.0013406480950792154,0.08052929621609235,-0.0008888214961599761
2020-12-31,3756.070068359375,3760.199951171875,3726.8798828125,3733.27001953125,3179040000.0,0.006438845522919845,0.006418204711703793,0.08281959110634447,0.0
2021-01-04,3700.64990234375,3769.989990234375,3662.7099609375,3764.610107421875,5015000000.0,-0.014754827521051062,-0.014864762712025787,0.1004639645172738,-0.01475482752105105
2021-01-05,3726.860107421875,3737.830078125,3695.070068359375,3698.02001953125,4591020000.0,0.007082595157549276,0.007057631383362026,0.09872379988236733,-0.007776734833452856
2021-01-06,3748.139892578125,3783.0400390625,3705.340087890625,3712.199951171875,6064110000.0,0.005709842747752214,0.005693603382474094,0.100061567912252,-0.0021112960186905794
2021-01-07,3803.7900390625,3811.550048828125,3764.7099609375,3764.7099609375,5099160000.0,0.014847403800101189,0.014738260107752971,0.11160781979107068,0.0
2021-01-08,3824.679931640625,3826.68994140625,3783.60009765625,3815.050048828125,4773040000.0,0.005491862685268911,0.00547683739351537,0.10680017835541088,0.0
2021-01-11,3799.610107421875,3817.860107421875,3789.02001953125,3803.139892578125,4465430000.0,-0.006554750898592476,-0.006576327616621317,0.11056072658812138,-0.006554750898592477
2021-01-12,3801.18994140625,3810.780029296875,3776.510009765625,3801.6201171875,4994950000.0,0.0004157884466327033,0.000415702030569564,0.11011031939940488,-0.006141687841653927
2021-01-13,3809.840087890625,3820.9599609375,3791.5,3802.22998046875,4602510000.0,0.0022756417379066196,0.0022730563867261076,0.10763502323661785,-0.0038800223849409375
2021-01-14,3795.5400390625,3823.60009765625,3792.860107421875,3814.97998046875,5198480000.0,-0.0037534511943366766,-0.003760513068743101,0.10179759314399257,-0.0076189101046228525
2021-01-15,3768.25,3788.72998046875,3749.6201171875,3788.72998046875,5369820000.0,-0.007190027975370938,-0.007216000798278504,0.10620464815502847,-0.014754157903199748
2021-01-19,3798.909912109375,3804.530029296875,3780.3701171875,3781.8798828125,5014440000.0,0.008136379515524483,0.008103457635761657,0.10795010357938678,-0.006737823815807708
2021-01-20,3851.85009765625,3859.75,3816.219970703125,3816.219970703125,4566190000.0,0.013935625421946263,0.013839417376510862,0.11559315485664746,0.0
2021-01-21,3853.070068359375,3861.449951171875,3845.050048828125,3857.4599609375,4501760000.0,0.0003167233075522802,0.00031667316131354906,0.1137393120099681,0.0
2021-01-22,3841.469970703125,3852.31005859375,3830.409912109375,3844.239990234375,5110890000.0,-0.0030106116552376383,-0.0030151526629377105,0.11424425684769321,-0.0030106116552376335
2021-01-25,3855.360107421875,3859.22998046875,3797.159912109375,3851.679931640625,7000840000.0,0.0036158389430824833,0.0036093175130174657,0.11426329176268424,0.0
2021-01-26,3849.6201171875,3870.89990234375,3847.780029296875,3862.9599609375,6137500000.0,-0.0014888337468982327,-0.001489943161153501,0.11487124270303027,-0.001488833746898263
2021-01-27,3750.77001953125,3836.830078125,3732.47998046875,3836.830078125,9976520000.0,-0.025677883699462,-0.02601331512610035,0.14885561612120668,-0.0271284873465596
2021-01-28,3787.3798828125,3830.5,3755.75,3755.75,6992770000.0,0.009760625975629766,0.009713298778760395,0.15226159952994453,-0.01763265238920423
2021-01-29,3714.239990234375,3778.050048828125,3694.1201171875,3778.050048828125,6643370000.0,-0.019311475173124593,-0.019500377654792,0.16840176809508142,-0.03660361503347834
2021-02-01,3773.860107421875,3784.320068359375,3725.6201171875,3731.169921875,5436230000.0,0.016051767614439383,0.015924300234678626,0.17656859573273118,-0.021139400141404693
2021-02-02,3826.31005859375,3843.090087890625,3791.840087890625,3791.840087890625,5514090000.0,0.013898223484416938,0.013802528814310624,0.17334340465061934,-0.007534976764479496
2021-02-03,3830.169921875,3847.510009765625,3816.679931640625,3840.27001953125,4864870000.0,0.0010087690809532646,0.0010082606153447803,0.17217558224538895,-0.0065338087351119
2021-02-04,3871.739990234375,3872.419921875,3836.659912109375,3836.659912109375,4879240000.0,0.010853322230420792,0.010794847643921975,0.17480778048294815,0.0
2021-02-05,3886.830078125,3894.56005859375,3874.929931640625,3878.300048828125,4879470000.0,0.003897495164625342,0.003889919607763825,0.16812570248756786,0.0
2021-02-08,3915.590087890625,3915.77001953125,3892.590087890625,3892.590087890625,4648360000.0,0.007399348360373592,0.007372107476289037,0.168915868653979,0.0
2021-02-09,3911.22998046875,3918.35009765625,3902.639892578125,3910.489990234375,4568320000.0,-0.0011135249921484514,-0.0011141454217211749,0.16668970714255626,-0.0011135249921484611
2021-02-10,3909.8798828125,3931.5,3884.93994140625,3920.780029296875,4837070000.0,-0.00034518493235935477,-0.0003452445223915674,0.16677405311433968,-0.001458325552458724
2021-02-11,3916.3798828125,3925.989990234375,3890.389892578125,3916.39990234375,4590960000.0,0.0016624551635393559,0.0016610748145877074,0.16674617579606316,0.0
2021-02-12,3934.830078125,3937.22998046875,3905.780029296875,3911.64990234375,4135060000.0,0.0047110331133788375,0.004699970926162608,0.16599020789042887,0.0
2021-02-16,3932.590087890625,3950.429931640625,3923.85009765625,3939.610107421875,5058990000.0,-0.0005692724183511411,-0.0005694345154154666,0.16284782657966124,-0.0005692724183511339
2021-02-17,3931.330078125,3933.610107421875,3900.429931640625,3918.5,4730650000.0,-0.0003204020092266724,-0.0003204533489169501,0.16149215678218734,-0.000889492031551156
2021-02-18,3913.969970703125,3921.97998046875,3885.030029296875,3915.860107421875,4793650000.0,-0.004415835627354592,-0.004425614227243303,0.15623063348828164,-0.005301399808302554
2021-02-19,3906.7099609375,3930.409912109375,3903.070068359375,3921.159912109375,4845320000.0,-0.0018548966445751658,-0.0018566190956649255,0.15651000827310785,-0.0071464629041617005
2021-02-22,3876.5,3902.919921875,3874.7099609375,3885.550048828125,5917100000.0,-0.0077328394581538396,-0.007762892893710863,0.15889048548639742,-0.01482403991198397
2021-02-23,3881.3701171875,3895.97998046875,3805.590087890625,3857.070068359375,6296610000.0,0.0012563181187927874,0.0012555296115265332,0.15848967559651067,-0.013586345503126375
2021-02-24,3925.429931640625,3928.64990234375,3859.60009765625,3873.7099609375,6012790000.0,0.01135161376597904,0.011287667670985945,0.1629637714917573,-0.0023889586837900502
2021-02-25,3829.340087890625,3925.02001953125,3814.0400390625,3915.800048828125,6547470000.0,-0.02447880752512621,-0.02478339442417185,0.16029893221959482,-0.026809287349110235
2021-02-26,3811.14990234375,3861.080078125,3789.5400390625,3839.659912109375,6526070000.0,-0.004750214169902844,-0.004761532293798778,0.15812702683549912,-0.03143215166236232
2021-03-01,3901.820068359375,3914.5,3842.510009765625,3842.510009765625,5114820000.0,0.023790763506800205,0.02351217322569352,0.16034025626907727,-0.008389183042271223
2021-03-02,3870.2900390625,3906.409912109375,3868.570068359375,3903.639892578125,5536010000.0,-0.008080851690870694,-0.00811367873950876,0.15622555444245,-0.01640224298916974
2021-03-03,3819.719970703125,3874.469970703125,3818.860107421875,3863.989990234375,6173660000.0,-0.01306622187199813,-0.01315233589480116,0.15682530392484179,-0.029254149515072967
2021-03-04,3768.469970703125,3843.669921875,3723.340087890625,3818.530029296875,7195400000.0,-0.013417213930100202,-0.013508038064390469,0.16379209843019854,-0.042278854262786325
2021-03-05,3841.93994140625,3851.68994140625,3730.18994140625,3793.580078125,6851070000.0,0.01949596819778221,0.019308356338709188,0.17424780131916243,-0.02360715326315016
2021-03-08,3821.35009765625,3881.06005859375,3819.25,3844.389892578125,5871710000.0,-0.005359231030161227,-0.005373643224025429,0.17433517341274837,-0.028839868105009697
2021-03-09,3875.43994140625,3903.760009765625,3851.929931640625,3851.929931640625,5513560000.0,0.01415464230382213,0.014055400743930569,0.18003639407996705,-0.015093443818303383
2021-03-10,3898.81005859375,3917.35009765625,3885.72998046875,3891.989990234375,5847380000.0,0.006030313342701321,0.006012203770988197,0.18149324281495433,-0.009154148671246823
2021-03-11,3939.340087890625,3960.27001953125,3915.5400390625,3915.5400390625,5312880000.0,0.010395487004435822,0.010341825500657608,0.1852730304256255,0.0
2021-03-12,3943.340087890625,3944.989990234375,3915.2099609375,3924.52001953125,4476280000.0,0.0010153984958789497,0.0010148833275308508,0.1852277463533939,0.0
2021-03-15,3968.93994140625,3970.080078125,3923.5400390625,3942.9599609375,4900100000.0,0.006491921301497117,0.006470939539413048,0.1858857539105562,0.0
2021-03-16,3962.7099609375,3981.0400390625,3953.43994140625,3973.590087890625,4613080000.0,-0.0015696837343783798,-0.0015709169785959108,0.1859912448010072,-0.001569683734378362
2021-03-17,3974.1201171875,3983.8701171875,3935.739990234375,3949.570068359375,4561660000.0,0.00287938213053085,0.0028752446501592592,0.18617711030621117,0.0
2021-03-18,3915.4599609375,3969.6201171875,3910.860107421875,3953.5,5118590000.0,-0.014760539319459198,-0.014870560065947797,0.19342361247666515,-0.014760539319459226
2021-03-19,3913.10009765625,3930.1201171875,3886.75,3913.139892578125,7757420000.0,-0.0006027039747036333,-0.0006028856737550234,0.1933135297712898,-0.01535434705844626
2021-03-22,3940.590087890625,3955.31005859375,3914.159912109375,3916.47998046875,4316260000.0,0.007025118077311765,0.007000556898342752,0.19246896932185556,-0.008437095082220195
2021-03-23,3910.52001953125,3949.1298828125,3901.570068359375,3937.60009765625,4669010000.0,-0.007630854183940605,-0.007660118119334028,0.19478920453704104,-0.016003567023852323
2021-03-24,3889.139892578125,3942.080078125,3889.070068359375,3919.929931640625,4783020000.0,-0.00546733601831495,-0.00548233660034883,0.19139360553113793,-0.021383406163756277
2021-03-25,3909.52001953125,3919.5400390625,3853.5,3879.340087890625,4948340000.0,0.005240265846959469,0.005226583432729291,0.16917391820828226,-0.01625519504980834
2021-03-26,3974.5400390625,3978.18994140625,3917.1201171875,3917.1201171875,5483160000.0,0.016631202604519668,0.016494418658716575,0.17619232920810005,0.0
2021-03-29,3971.090087890625,3981.830078125,3943.25,3969.31005859375,4628180000.0,-0.0008680126852336212,-0.0008683896263867381,0.15711396189864965,-0.0008680126852335753
2021-03-30,3958.550048828125,3968.010009765625,3944.35009765625,3963.340087890625,4121510000.0,-0.0031578329337678124,-0.0031628294096500294,0.15431309358431436,-0.004023104579957046
2021-03-31,3972.889892578125,3994.409912109375,3966.97998046875,3967.25,4578050000.0,0.0036224990395776757,0.003615953592419885,0.14492651444776486,-0.0004151792328563963
2021-04-01,4019.8701171875,4020.6298828125,3992.780029296875,3992.780029296875,4162130000.0,0.011825201774944727,0.011755830427674127,0.13665972680373972,0.0
2021-04-05,4077.909912109375,4083.419921875,4034.43994140625,4034.43994140625,4005030000.0,0.014438226417743616,0.0143349877622439,0.12987019017327536,0.0
2021-04-06,4073.93994140625,4086.22998046875,4068.139892578125,4075.570068359375,4081270000.0,-0.0009735307519511682,-0.0009740049407969285,0.12702440145596197,-0.0009735307519511776
2021-04-07,4079.949951171875,4083.1298828125,4068.31005859375,4074.2900390625,4120810000.0,0.001475232784985625,0.0014741456981068137,0.12044467732293765,0.0
2021-04-08,4097.169921875,4098.18994140625,4082.5400390625,4089.949951171875,3907100000.0,0.0042206328286402695,0.004211750940591775,0.11993093132521164,0.0
2021-04-09,4128.7998046875,4129.47998046875,4095.510009765625,4096.10986328125,3640390000.0,0.007719934348738189,0.007690288135687276,0.11797939275976155,0.0
2021-04-12,4127.990234375,4131.759765625,4114.81982421875,4124.7099609375,3588900000.0,-0.00019607884876882142,-0.0001960980747395339,0.1182389952731457,-0.00019607884876880695
2021-04-13,4141.58984375,4148.0,4124.43017578125,4130.10009765625,3734720000.0,0.0032944868090414303,0.0032890718770625686,0.11728164036107812,0.0
2021-04-14,4124.66015625,4151.68994140625,4120.8701171875,4141.580078125,3985350000.0,-0.004087726727828533,-0.004096104320730151,0.11867251245637865,-0.004087726727828515
2021-04-15,4170.419921875,4173.490234375,4139.759765625,4139.759765625,4033420000.0,0.01109419052516647,0.011033101401119478,0.12292478854864526,0.0
2021-04-16,4185.47021484375,4191.31005859375,4170.75,4174.14013671875,4163820000.0,0.0036088195555097347,0.0036023233905179666,0.10460457091467497,0.0
2021-04-19,4163.259765625,4180.81005859375,4150.47021484375,4179.7998046875,3810290000.0,-0.005306560094486046,-0.005320689893757947,0.10823718130491031,-0.005306560094486098
2021-04-20,4134.93994140625,4159.18017578125,4118.3798828125,4159.18017578125,4342650000.0,-0.006802319771775922,-0.006825561005077803,0.11266228973421107,-0.01207278294761115
2021-04-21,4173.419921875,4175.02001953125,4126.35009765625,4128.419921875,3887250000.0,0.009306055472153574,0.009263020919853236,0.10854525038442529,-0.0028790774632713174
2021-04-22,4134.97998046875,4179.56982421875,4123.68994140625,4170.4599609375,4245140000.0,-0.009210657476561801,-0.009253337860554323,0.11329200689506243,-0.012063216743470453
2021-04-23,4180.169921875,4194.169921875,4138.77978515625,4138.77978515625,3569880000.0,0.010928696540176919,0.01086940989553096,0.11644688149951699,-0.001266355438381221
2021-04-26,4187.6201171875,4194.18994140625,4182.35986328125,4185.02978515625,3748320000.0,0.001782270924804541,0.001780684564582624,0.10562288860770086,0.0
2021-04-27,4186.72021484375,4193.35009765625,4176.22021484375,4188.25,3710700000.0,-0.00021489588801437698,-0.0002149189814442344,0.10536251559370549,-0.0002148958880144063
2021-04-28,4183.18017578125,4201.52978515625,4181.77978515625,4185.14013671875,3787360000.0,-0.0008455399168898481,-0.0008458975873960478,0.10398087336843853,-0.0010602541018529552
2021-04-29,4211.47021484375,4218.77978515625,4176.81005859375,4206.14013671875,4298680000.0,0.006762806734045723,0.0067400415367024095,0.10490927256719579,0.0
2021-04-30,4181.169921875,4198.10009765625,4174.85009765625,4198.10009765625,4300880000.0,-0.007194706699326425,-0.0072207134171198275,0.10532572343516551,-0.007194706699326418
2021-05-03,4192.66015625,4209.39013671875,4188.02978515625,4191.97998046875,4070220000.0,0.002748090747253684,0.002744321649512167,0.09478199722996326,-0.00446638765898238
2021-05-04,4164.66015625,4179.0400390625,4128.58984375,4179.0400390625,4452460000.0,-0.006678337608227225,-0.0067007374898472305,0.0987703919639401,-0.011114897222533652
2021-05-05,4167.58984375,4187.72021484375,4160.93994140625,4177.06005859375,4230920000.0,0.0007034637617677753,0.0007032164471135163,0.09876969326389708,-0.010419252388177702
2021-05-06,4201.6201171875,4202.7001953125,4147.330078125,4169.14013671875,4511000000.0,0.008165456466051824,0.008132299498632055,0.10137367275853261,-0.002338873873910432
2021-05-07,4232.60009765625,4238.0400390625,4201.64013671875,4210.33984375,4016080000.0,0.007373341616968343,0.007346291419186351,0.10109116868548149,0.0
2021-05-10,4188.43017578125,4236.39013671875,4188.1298828125,4228.2900390625,4560700000.0,-0.010435647322188157,-0.010490480503138024,0.10930354411393882,-0.01043564732218821
2021-05-11,4152.10009765625,4162.0400390625,4111.52978515625,4150.33984375,4870710000.0,-0.00867391280271812,-0.008711750141781542,0.11378152484562266,-0.019019042229993777
2021-05-12,4063.0400390625,4134.72998046875,4056.8798828125,4130.5498046875,4733070000.0,-0.021449400664502738,-0.021682782358302413,0.1371615714715848,-0.04006049583745031
2021-05-13,4112.5,4131.580078125,4074.989990234375,4074.989990234375,4779540000.0,0.012173141406923493,0.012099644578094055,0.1384234962225885,-0.02837501651118752
2021-05-14,4173.85009765625,4183.1298828125,4129.580078125,4129.580078125,4008880000.0,0.014917956876899785,0.014807778563623631,0.14839728693970072,-0.013880356906983035
2021-05-17,4163.2900390625,4171.919921875,4142.68994140625,4169.919921875,4125050000.0,-0.0025300521932207776,-0.002533258183961915,0.1474330996145813,-0.016375291072768625
2021-05-18,4127.830078125,4169.14990234375,4125.990234375,4165.93994140625,4398150000.0,-0.008517292959364653,-0.0085537723840327,0.14861720249565905,-0.024753110880771634
2021-05-19,4115.68017578125,4116.93017578125,4061.409912109375,4098.4501953125,4247450000.0,-0.002943411456817757,-0.002947751811378411,0.14469811163909163,-0.027623663747431033
2021-05-20,4159.1201171875,4172.7998046875,4121.97021484375,4121.97021484375,3978880000.0,0.010554741756143349,0.01049942933450842,0.1461856449415141,-0.0173604826285003
2021-05-21,4155.85986328125,4188.72021484375,4151.72021484375,4168.60986328125,3995250000.0,-0.0007838806801412357,-0.0007841880752528091,0.14075278582405226,-0.01813075476171112
2021-05-24,4197.0498046875,4209.52001953125,4170.16015625,4170.16015625,3684800000.0,0.009911292190138532,0.009862497481216075,0.1451846693760962,-0.008399161779643565
2021-05-25,4188.1298828125,4213.419921875,4182.52001953125,4205.93994140625,4182250000.0,-0.0021252837802967495,-0.002127545400828599,0.14540044879766612,-0.010506594957641955
2021-05-26,4195.990234375,4202.60986328125,4184.10986328125,4191.58984375,4420890000.0,0.0018768165702687245,0.0018750575506104544,0.14550706738624375,-0.00864949733888686
2021-05-27,4200.8798828125,4213.3798828125,4197.77978515625,4201.93994140625,6406310000.0,0.0011653145418315525,0.001164636089862995,0.14349136370027724,-0.007494262182083934
2021-05-28,4204.10986328125,4218.35986328125,4203.56982421875,4210.77001953125,4649250000.0,0.0007688818911402162,0.000768586452887337,0.1410334477232233,-0.006731142493422924
2021-06-01,4202.0400390625,4234.1201171875,4197.58984375,4216.52001953125,5074670000.0,-0.0004923335226864056,-0.0004924547586291649,0.14074907580205742,-0.007220162049013857
2021-06-02,4208.1201171875,4217.3701171875,4198.27001953125,4206.81982421875,5833670000.0,0.0014469348384307246,0.0014458890369002922,0.13847150515529003,-0.005783674314591045
2021-06-03,4192.85009765625,4204.39013671875,4167.93017578125,4191.43017578125,5587970000.0,-0.0036287033416374515,-0.003635303056049319,0.13924917090291342,-0.009391390417916182
2021-06-04,4229.89013671875,4233.4501953125,4206.0498046875,4206.0498046875,4139790000.0,0.008834095710505974,0.008795303383016323,0.13976258304970768,-0.0006402591492167208
2021-06-07,4226.52001953125,4232.33984375,4215.66015625,4229.33984375,4476920000.0,-0.0007967387044511831,-0.0007970562694215079,0.13731230893208676,-0.0014364877344228122
2021-06-08,4227.259765625,4236.740234375,4208.41015625,4233.81005859375,4659620000.0,0.00017502486450582388,0.00017500954944121158,0.1316828097561165,-0.0012617142909879776
2021-06-09,4219.5498046875,4237.08984375,4218.740234375,4232.990234375,4713260000.0,-0.0018238673194856947,-0.0018255325906156837,0.12752345702478002,-0.0030832804110117653
2021-06-10,4239.18017578125,4249.740234375,4220.33984375,4228.56005859375,4408210000.0,0.004652243012262192,0.004641454776462911,0.09638578655039563,0.0
2021-06-11,4247.43994140625,4248.3798828125,4232.25,4242.89990234375,3815010000.0,0.0019484346695590737,0.0019465389328083601,0.08889236530690119,0.0
2021-06-14,4255.14990234375,4255.58984375,4234.06982421875,4248.31005859375,4151200000.0,0.0018152018730952513,0.0018135563851361702,0.074038528070476,0.0
2021-06-15,4246.58984375,4257.16015625,4238.35009765625,4255.27978515625,4048940000.0,-0.0020116937805257917,-0.00201371995427588,0.0737353358126014,-0.0020116937805258264
2021-06-16,4223.7001953125,4251.89013671875,4202.4501953125,4248.8701171875,4538350000.0,-0.005390124612855707,-0.005404703747026491,0.06902596008726564,-0.007390975113221605
2021-06-17,4221.85986328125,4232.2900390625,4196.0498046875,4220.3701171875,5312680000.0,-0.00043571559205179966,-0.00043581054367264766,0.06761048642504154,-0.007823470342176134
2021-06-18,4166.4501953125,4204.77978515625,4164.39990234375,4204.77978515625,6817010000.0,-0.013124468779900589,-0.013211355687284158,0.07649985557385,-0.020845260229820323
2021-06-21,4224.7900390625,4226.240234375,4173.39990234375,4173.39990234375,4128950000.0,0.014002289962720793,0.013905163512319857,0.0907256859128082,-0.007134851645185917
2021-06-22,4246.43994140625,4255.83984375,4217.27001953125,4224.60986328125,3828390000.0,0.005124491902218642,0.005111406378990611,0.08588520366288302,-0.0020469222324465057
2021-06-23,4241.83984375,4256.60009765625,4241.43017578125,4249.27001953125,3730350000.0,-0.0010832833431588806,-0.0010838705186495853,0.08552717495956128,-0.003127988178846244
2021-06-24,4266.490234375,4271.27978515625,4256.97021484375,4256.97021484375,3816660000.0,0.005811249724885448,0.005794429545916893,0.08739081327690866,0.0
2021-06-25,4280.7001953125,4286.1201171875,4271.16015625,4274.4501953125,7341450000.0,0.0033305973193167304,0.003325063164687565,0.08783486382194187,0.0
2021-06-28,4290.60986328125,4292.14013671875,4274.669921875,4284.89990234375,4147890000.0,0.0023149642620619026,0.0023122888604717494,0.08796546987451281,0.0
2021-06-29,4291.7998046875,4300.52001953125,4287.0400390625,4293.2099609375,3707150000.0,0.00027733619326086867,0.0002772977426878152,0.08783246370723807,0.0
2021-06-30,4297.5,4302.43017578125,4287.9599609375,4290.64990234375,4266040000.0,0.0013281596467464851,0.0013272784229071918,0.08782650374201662,0.0
2021-07-01,4319.93994140625,4320.66015625,4300.72998046875,4300.72998046875,3788230000.0,0.0052216268542757405,0.005208041432254744,0.08717560014954344,0.0
2021-07-02,4352.33984375,4355.43017578125,4326.60009765625,4326.60009765625,3225840000.0,0.007500081663913916,0.007472095894691671,0.08582154838180595,0.0
2021-07-06,4343.5400390625,4356.4599609375,4314.3701171875,4356.4599609375,4309570000.0,-0.0020218560598241897,-0.0020239027700217787,0.08635205961648253,-0.002021856059824143
2021-07-07,4358.1298828125,4361.8798828125,4329.7900390625,4351.009765625,4037380000.0,0.003358975310182588,0.0033533465536629346,0.08650773605638425,0.0
2021-07-08,4320.81982421875,4330.8798828125,4289.3701171875,4321.06982421875,4347500000.0,-0.008561024934316985,-0.008597881009556396,0.09307681444412695,-0.008561024934317037
2021-07-09,4369.5498046875,4371.60009765625,4329.3798828125,4329.3798828125,3531120000.0,0.011277947808795874,0.011214825902413766,0.09904683947174772,0.0
2021-07-12,4384.6298828125,4386.68017578125,4364.02978515625,4372.41015625,3384460000.0,0.0034511743312370946,0.0034452326955940497,0.09927614270763788,0.0
2021-07-13,4369.2099609375,4392.3701171875,4366.919921875,4381.06982421875,3695430000.0,-0.0035168126585656267,-0.0035230111811655838,0.10091016499792857,-0.0035168126585655994
2021-07-14,4374.2998046875,4393.68017578125,4362.35986328125,4380.10986328125,4006370000.0,0.0011649345752446916,0.0011642565654693257,0.10014421017542988,-0.002355974939981438
2021-07-15,4360.02978515625,4369.02001953125,4340.7001953125,4369.02001953125,3905230000.0,-0.0032622408541723713,-0.0032675735627459117,0.09846842331514098,-0.005610530036453244
2021-07-16,4327.16015625,4375.08984375,4322.52978515625,4367.43017578125,3985700000.0,-0.007538854211077806,-0.007567415006813217,0.10353640734447253,-0.013107087279539388
2021-07-19,4258.490234375,4296.39990234375,4233.1298828125,4296.39990234375,5157660000.0,-0.015869512427409305,-0.015996781399983978,0.10901700575704396,-0.028768596622478958
2021-07-20,4323.06005859375,4336.83984375,4262.0498046875,4265.10986328125,4438270000.0,0.015162609437855634,0.0150488060047999,0.11085973028910003,-0.014042194179285284
2021-07-21,4358.68994140625,4359.7001953125,4331.1298828125,4331.1298828125,3810280000.0,0.008241819990835397,0.008208041662144044,0.1128544511196761,-0.005916107425151915
2021-07-22,4367.47998046875,4369.8701171875,4350.06005859375,4361.27001953125,3358300000.0,0.0020166699583279435,0.0020146392092429753,0.11252017305323388,-0.003911368302938555
2021-07-23,4411.7900390625,4415.18017578125,4381.2001953125,4381.2001953125,4540070000.0,0.010145452020822843,0.010094332386254415,0.1157074010198712,0.0
2021-07-26,4422.2998046875,4422.72998046875,4405.4501953125,4409.580078125,4275630000.0,0.0023821998626283314,0.0023793669227295928,0.11557709252274599,0.0
2021-07-27,4401.4599609375,4416.3798828125,4372.509765625,4416.3798828125,4241950000.0,-0.0047124448070912095,-0.004723583382178003,0.11770275968744895,-0.004712444807091191
2021-07-28,4400.64013671875,4415.47021484375,4387.009765625,4402.9501953125,4215290000.0,-0.0001862618826539153,-0.000186279231552706,0.11776638194053783,-0.0048978289409034245
2021-07-29,4419.14990234375,4429.97021484375,4403.58984375,4403.58984375,4044600000.0,0.004206152980007483,0.004197331845272641,0.1182303937624942,-0.0007122769786913139
2021-07-30,4395.259765625,4412.25,4389.64990234375,4395.1201171875,3956740000.0,-0.0054060480514769305,-0.005420713608261166,0.11969542114913326,-0.006114474426595502
2021-08-02,4387.16015625,4422.18017578125,4384.81005859375,4406.85986328125,3724090000.0,-0.001842805614891363,-0.001844505670060361,0.11742075184993156,-0.00794601225368146
2021-08-03,4423.14990234375,4423.7900390625,4373.0,4392.740234375,3965190000.0,0.0082034265474622,0.008169961338918062,0.12017465909710782,0.0
2021-08-04,4402.66015625,4416.169921875,4400.22998046875,4415.9501953125,4260760000.0,-0.004632387901412294,-0.004643150661295458,0.1213629557875673,-0.004632387901412258
2021-08-05,4429.10009765625,4429.759765625,4408.85986328125,4408.85986328125,3769410000.0,0.006005446813494242,0.005987485990419113,0.11783996957005298,0.0
2021-08-06,4436.52001953125,4440.81982421875,4429.06982421875,4429.06982421875,3451870000.0,0.001675266241764728,0.0016738645485288822,0.11183972782049173,0.0
2021-08-09,4432.35009765625,4439.39013671875,4424.740234375,4437.77001953125,3449280000.0,-0.0009399082741974318,-0.0009403502649549345,0.11152642100462219,-0.0009399082741974378
2021-08-10,4436.75,4445.2099609375,4430.02978515625,4435.7900390625,3886610000.0,0.0009926793341701323,0.0009921869538634502,0.11049089407646687,0.0
2021-08-11,4442.41015625,4449.43994140625,4436.419921875,4442.18017578125,3532560000.0,0.0012757437876824707,0.0012749307180154837,0.11049686998661178,0.0
2021-08-12,4460.830078125,4461.77001953125,4435.9599609375,4446.080078125,3375310000.0,0.004146380281677686,0.00413780773547866,0.11003140653015123,0.0
2021-08-13,4468.0,4468.3701171875,4460.81982421875,4464.83984375,3016470000.0,0.001607306655808216,0.0016060163209228441,0.10510805587146026,0.0
2021-08-16,4479.7099609375,4480.259765625,4437.66015625,4461.64990234375,3370640000.0,0.002620850702215849,0.0026174222619943593,0.08200022441850846,0.0
2021-08-17,4448.080078125,4462.1201171875,4417.830078125,4462.1201171875,3836960000.0,-0.00706069881494753,-0.007085743507137991,0.07448588410192519,-0.007060698814947518
2021-08-18,4400.27001953125,4454.31982421875,4397.58984375,4440.93994140625,3755590000.0,-0.010748470745585936,-0.01080665284525433,0.08174788646887692,-0.01773327784587756
2021-08-19,4405.7998046875,4418.60986328125,4367.72998046875,4382.43994140625,4398410000.0,0.0012566922329095842,0.001255903256156918,0.08160255720932674,-0.01649887088550088
2021-08-20,4441.669921875,4444.35009765625,4406.7998046875,4410.56005859375,3652610000.0,0.008141567655737925,0.00810860389074176,0.07873981332606508,-0.008491629903320592
2021-08-23,4479.52978515625,4489.8798828125,4450.2900390625,4450.2900390625,3576530000.0,0.00852379036424833,0.008487667984412181,0.08367154278848501,-4.0220412218895836e-05
2021-08-24,4486.22998046875,4492.81005859375,4482.27978515625,4484.39990234375,3979220000.0,0.0014957363013194946,0.0014946188019620721,0.08125846132422422,0.0
2021-08-25,4496.18994140625,4501.7099609375,4485.66015625,4490.4501953125,3444700000.0,0.002220118224179668,0.00221765740325088,0.08125915597301028,0.0
2021-08-26,4470.0,4495.89990234375,4468.990234375,4493.75,3263980000.0,-0.005824918819612557,-0.0058419498276026565,0.08391194217552503,-0.005824918819612569
2021-08-27,4509.3701171875,4513.330078125,4474.10009765625,4474.10009765625,3331200000.0,0.008807632480425154,0.008769071540452218,0.08557178503382615,0.0
2021-08-30,4528.7900390625,4537.35986328125,4513.759765625,4513.759765625,3168660000.0,0.004306570844779589,0.0042973241068746,0.08537290211506715,0.0
2021-08-31,4522.68017578125,4531.39013671875,4515.7998046875,4529.75,4290710000.0,-0.0013491160395050494,-0.0013500269158932096,0.08227082458453201,-0.0013491160395050674
2021-09-01,4524.08984375,4537.10986328125,4522.02001953125,4528.7998046875,4057340000.0,0.0003116886257619189,0.00031164006095334113,0.07950673962945098,-0.0010378479178674803
2021-09-02,4536.9501953125,4545.85009765625,4524.66015625,4534.47998046875,3735990000.0,0.002842638410522902,0.002838605754404257,0.07784447296654302,0.0
2021-09-03,4535.43017578125,4541.4501953125,4521.2998046875,4532.419921875,3217530000.0,-0.0003350311257153127,-0.0003350872611813474,0.07800973017791428,-0.0003350311257153447
2021-09-07,4520.02978515625,4535.3798828125,4513.0,4535.3798828125,3822960000.0,-0.003395574405981705,-0.0034013524523203464,0.07934222779846188,-0.0037294679085813818
2021-09-08,4514.06982421875,4521.7900390625,4493.9501953125,4518.08984375,3750880000.0,-0.001318566739775151,-0.001319436813816666,0.07976049411177817,-0.005043117096015207
2021-09-09,4493.27978515625,4529.89990234375,4492.06982421875,4513.02001953125,3735390000.0,-0.004605608657393345,-0.004616247150002522,0.08206577721296011,-0.00962549912965091
2021-09-10,4458.580078125,4520.47021484375,4457.66015625,4506.919921875,3623180000.0,-0.007722578759925436,-0.0077525522862761,0.08596889978916218,-0.01727374421444403
2021-09-13,4468.72998046875,4492.990234375,4445.7001953125,4474.81005859375,3914220000.0,0.0022764876184568905,0.002273900346369644,0.08616943836402961,-0.015036580060815737
2021-09-14,4443.0498046875,4485.68017578125,4435.4599609375,4479.330078125,3670460000.0,-0.00574663850657553,-0.005763213966258604,0.08792085896271011,-0.020696808777406525
2021-09-15,4480.7001953125,4486.8701171875,4438.3701171875,4447.490234375,4032020000.0,0.008473996979569742,0.008438294222079725,0.08954294011620316,-0.012398196492903217
2021-09-16,4473.75,4485.8701171875,4443.7998046875,4477.08984375,3984560000.0,-0.0015511404489350067,-0.0015523447127638308,0.07971511469919045,-0.013930105597764192
2021-09-17,4432.990234375,4471.52001953125,4427.759765625,4469.740234375,7289530000.0,-0.009110872450405094,-0.0091526302757993,0.08718614363382644,-0.02291406263284743
2021-09-20,4357.72998046875,4402.9501953125,4305.91015625,4402.9501953125,4898070000.0,-0.01697731100841482,-0.017123077726381844,0.10198940093672743,-0.03950235447347809
2021-09-21,4354.18994140625,4394.8701171875,4347.9599609375,4374.4501953125,3920920000.0,-0.0008123585165593639,-0.0008126886585469564,0.09572046273124134,-0.0402826229159568
2021-09-22,4395.64013671875,4416.75,4367.43017578125,4367.43017578125,3939170000.0,0.009519611195260236,0.009474585224220084,0.10286651627077432,-0.031146486628781854
2021-09-23,4448.97998046875,4465.39990234375,4406.75,4406.75,3916350000.0,0.012134715784494876,0.012061680369935969,0.11246310412062835,-0.019389724607212867
2021-09-24,4455.47998046875,4463.1201171875,4430.27001953125,4438.0400390625,3384290000.0,0.001461009046688222,0.0014599428113642636,0.11086224455387393,-0.017957044123588495
2021-09-27,4443.10986328125,4457.2998046875,4436.18994140625,4442.1201171875,4058650000.0,-0.0027763826213396126,-0.002780243920187674,0.10599420206146884,-0.02068357111969275
2021-09-28,4352.6298828125,4419.5400390625,4346.330078125,4419.5400390625,4416550000.0,-0.020364110556098214,-0.020574317739894057,0.12532209054646215,-0.040626479146814665
2021-09-29,4359.4599609375,4385.56982421875,4355.080078125,4362.41015625,3712660000.0,0.0015691842194003325,0.0015679543362838073,0.12594427782087764,-0.03912104535738124
2021-09-30,4307.5400390625,4382.5498046875,4306.240234375,4370.669921875,4448140000.0,-0.011909714125195148,-0.011981202945014901,0.13063341878408158,-0.05056483901609118
2021-10-01,4357.0400390625,4375.18994140625,4288.52001953125,4317.16015625,4010370000.0,0.01149147763018199,0.011425952113334161,0.13856227424080594,-0.03965442610233635
2021-10-04,4300.4599609375,4355.509765625,4278.93994140625,4348.83984375,4307870000.0,-0.012985898136748442,-0.013070952048643704,0.14378101407288582,-0.05212537590104862
2021-10-05,4345.72021484375,4369.22998046875,4309.8701171875,4309.8701171875,3902890000.0,0.010524514660609219,0.010469517498601526,0.1510775292132637,-0.04214945552329968
2021-10-06,4363.5498046875,4365.56982421875,4290.490234375,4319.56982421875,4009630000.0,0.004102792854185466,0.004094399349624824,0.1525995553490738,-0.03821959315404307
2021-10-07,4399.759765625,4429.97021484375,4383.72998046875,4383.72998046875,3843740000.0,0.008298280656405366,0.008264039225065405,0.15613814568565318,-0.030238469408203517
2021-10-08,4391.33984375,4412.02001953125,4386.22021484375,4406.509765625,3280160000.0,-0.0019137230947889883,-0.0019155566024214522,0.1541780831079318,-0.03209432444573496
2021-10-11,4361.18994140625,4415.8798828125,4360.58984375,4385.43994140625,3281970000.0,-0.006865763848056816,-0.006889441644339833,0.1552142495238356,-0.0387397362412844
2021-10-12,4350.64990234375,4374.89013671875,4342.08984375,4368.31005859375,3558450000.0,-0.0024167805585421087,-0.0024197056865549256,0.1543670845729878,-0.04106289135843552
2021-10-13,4363.7998046875,4372.8701171875,4329.919921875,4358.009765625,3620070000.0,0.00302251448379387,0.0030179558702319183,0.15111263977844933,-0.03816449005851906
2021-10-14,4438.259765625,4439.72998046875,4386.75,4386.75,3598280000.0,0.01706310194558336,0.016919162285711567,0.16438110435466968,-0.021752592697505315
2021-10-15,4471.3701171875,4475.81982421875,4447.68994140625,4447.68994140625,3819380000.0,0.007460210377712606,0.007432520637190081,0.16320403949978682,-0.014454661237576782
2021-10-18,4486.4599609375,4488.75,4447.47021484375,4463.72021484375,3662010000.0,0.00337476955709759,0.0033690878018038262,0.14961474921039133,-0.01112867283118198
2021-10-19,4519.6298828125,4520.39990234375,4496.41015625,4497.33984375,3459130000.0,0.007393339551406308,0.007366142784235753,0.15078231391767616,-0.0038176113367731153
2021-10-20,4536.18994140625,4540.8701171875,4524.39990234375,4524.419921875,3670760000.0,0.0036640298040166996,0.003657333598560689,0.14828146540330633,-0.00016756937447439502
2021-10-21,4549.77978515625,4551.43994140625,4526.89013671875,4532.240234375,3822330000.0,0.002995871849622578,0.002991393168360022,0.1431802285707567,0.0
2021-10-22,4544.89990234375,4559.669921875,4524.0,4546.1201171875,3758220000.0,-0.0010725536274130976,-0.0010731292246643565,0.1433826933313186,-0.0010725536274130713
2021-10-25,4566.47998046875,4572.6201171875,4537.35986328125,4553.68994140625,3899400000.0,0.004748196569493546,0.004736959440853509,0.1432413847694937,0.0
2021-10-26,4574.7900390625,4598.52978515625,4569.169921875,4578.68994140625,3879740000.0,0.0018197952535197182,0.0018181414322441137,0.11748052759293601,0.0
2021-10-27,4551.68017578125,4584.56982421875,4551.66015625,4580.22021484375,4226050000.0,-0.005051568068462853,-0.0050643703711055294,0.12049052001687155,-0.0050515680684628415
2021-10-28,4596.419921875,4597.5498046875,4562.83984375,4562.83984375,4132950000.0,0.009829281576461124,0.009781288424184026,0.11101116921626766,0.0
2021-10-29,4605.3798828125,4608.080078125,4567.58984375,4572.8701171875,4510200000.0,0.001949334719149265,0.0019474372317175562,0.10676464549331816,0.0
2021-11-01,4613.669921875,4620.33984375,4595.06005859375,4610.6201171875,3971540000.0,0.0018000771431341267,0.0017984589459023885,0.0890828187361198,0.0
2021-11-02,4630.64990234375,4635.14990234375,4613.33984375,4613.33984375,3975250000.0,0.0036803630854131963,0.003673607120388547,0.08522905980347287,0.0
2021-11-03,4660.56982421875,4663.4599609375,4621.18994140625,4630.64990234375,4319660000.0,0.006461279195357994,0.00644049461289024,0.08596827612773977,0.0
2021-11-04,4680.06005859375,4683.0,4662.58984375,4662.93017578125,4462300000.0,0.004181942361150437,0.004173222342817036,0.08403528741937168,0.0
2021-11-05,4697.52978515625,4718.5,4681.31982421875,4699.259765625,4467180000.0,0.003732799652949259,0.003725850045284445,0.08193999048422046,0.0
2021-11-08,4701.7001953125,4714.919921875,4694.39013671875,4701.47998046875,4269710000.0,0.0008877879113036169,0.0008873940607025194,0.07321028862139606,0.0
2021-11-09,4685.25,4708.52978515625,4670.8701171875,4707.25,4117080000.0,-0.003498775895770745,-0.0035049109264001276,0.07451474492922722,-0.0034987758957707497
2021-11-10,4646.7099609375,4684.85009765625,4630.85986328125,4670.259765625,4503720000.0,-0.008225823395229703,-0.008259842163861058,0.08579318781575895,-0.011695818978382363
2021-11-11,4649.27001953125,4664.5498046875,4648.31005859375,4659.39013671875,3926870000.0,0.0005509400447352153,0.0005507883329889288,0.06894817459997012,-0.011151322628678415
2021-11-12,4682.85009765625,4688.47021484375,4650.77001953125,4655.240234375,3728600000.0,0.007222656026415475,0.007196697564130407,0.06872106670338737,-0.004009208769849504
2021-11-15,4682.7998046875,4697.419921875,4672.85986328125,4689.2998046875,3488410000.0,-1.0739820344718431e-05,-1.0739878017001878e-05,0.0690769129750944,-0.004019905532012293
2021-11-16,4700.89990234375,4714.9501953125,4679.419921875,4679.419921875,3972640000.0,0.003865229864862485,0.0038577790571266367,0.06663702284494305,-0.00017021352606614006
2021-11-17,4688.669921875,4701.5,4684.41015625,4701.5,3969070000.0,-0.002601625374463401,-0.0026050154828958787,0.06821803185055736,-0.0027713960687010455
2021-11-18,4704.5400390625,4708.7998046875,4672.77978515625,4700.72021484375,4226410000.0,0.0033847802152713324,0.0033790647401719144,0.06833268694475399,0.0
2021-11-19,4697.9599609375,4717.75,4694.22021484375,4708.43994140625,4253180000.0,-0.001398665559303236,-0.001399644604988097,0.0685162728423664,-0.0013986655593032744
2021-11-22,4682.93994140625,4743.830078125,4682.169921875,4712.0,4441100000.0,-0.0031971365563219223,-0.003202258316960725,0.06956907358163918,-0.004591330390835481
2021-11-23,4690.7001953125,4699.39013671875,4652.66015625,4678.47998046875,4277590000.0,0.001657132912945114,0.001655761383195201,0.06955415554314143,-0.0029418059225951327
2021-11-24,4701.4599609375,4702.8701171875,4659.89013671875,4675.77978515625,3418430000.0,0.0022938506357221833,0.0022912237766672798,0.06547713565018769,-0.000654703350258612
2021-11-26,4594.6201171875,4664.6298828125,4585.43017578125,4664.6298828125,3517700000.0,-0.022724822637582465,-0.022987011159321162,0.10354545631673395,-0.023364647970326204
2021-11-29,4655.27001953125,4672.9501953125,4625.259765625,4628.75,4336410000.0,0.013200199537034996,0.013113836082824229,0.11346970537757443,-0.010472866448612119
2021-11-30,4567.0,4646.02001953125,4560.0,4640.25,6625990000.0,-0.01896131033450521,-0.019143381187850562,0.1330467997415285,-0.02923559751229333
2021-12-01,4513.0400390625,4652.93994140625,4510.27001953125,4602.81982421875,5366730000.0,-0.011815187417889228,-0.011885541457955926,0.13793382667611,-0.04070536086630082
2021-12-02,4577.10009765625,4595.4599609375,4504.72998046875,4504.72998046875,5077180000.0,0.01419443613158311,0.014094638396057768,0.1460573337806064,-0.027088714379747456
2021-12-03,4538.43017578125,4608.02978515625,4495.1201171875,4589.490234375,5240070000.0,-0.008448563730297565,-0.00848445514173865,0.14712876395197122,-0.035308417380235886
2021-12-06,4591.669921875,4612.60009765625,4540.509765625,4548.3701171875,4770800000.0,0.011730872577451423,0.011662599309686139,0.15345509650255967,-0.023991743347983548
2021-12-07,4686.75,4694.0400390625,4631.97021484375,4631.97021484375,4492400000.0,0.020707080374404274,0.020495603186252546,0.17160207521777096,-0.003781461931408096
2021-12-08,4701.2099609375,4705.06005859375,4674.52001953125,4690.85986328125,4234600000.0,0.0030852853123166657,0.003080535586585806,0.17149129158155865,-0.0007078435080475165
2021-12-09,4667.4501953125,4695.259765625,4665.97998046875,4691.0,3903840000.0,-0.007181080169894716,-0.007206988232523656,0.17084436733996397,-0.007883840596963248
2021-12-10,4712.02001953125,4713.56982421875,4670.240234375,4687.64013671875,3870110000.0,0.009549073338481762,0.009503769118209724,0.17399909582622358,0.0
2021-12-13,4668.97021484375,4710.2998046875,4667.60009765625,4710.2998046875,4397230000.0,-0.009136167611567658,-0.009178158342793815,0.17555447009725816,-0.009136167611567698
2021-12-14,4634.08984375,4660.47021484375,4606.52001953125,4642.990234375,4485430000.0,-0.0074706775774360246,-0.0074987228546236715,0.17747818325191045,-0.016538591826484317
2021-12-15,4709.85009765625,4712.60009765625,4611.22021484375,4636.4599609375,4910130000.0,0.016348464630746795,0.016216267351890877,0.1867056552736763,-0.00046050777925511934
2021-12-16,4668.669921875,4731.990234375,4651.89013671875,4719.1298828125,4829500000.0,-0.008743415379980468,-0.008781863311112446,0.1891616965339752,-0.009199896748435812
2021-12-17,4620.64013671875,4666.7001953125,4600.22021484375,4652.5,7987090000.0,-0.010287680637092622,-0.01034096458405368,0.19195413731666666,-0.019392931785886264
2021-12-20,4568.02001953125,4587.89990234375,4531.10009765625,4587.89990234375,4635700000.0,-0.01138805785140995,-0.01145339832325659,0.19558449033454886,-0.030560141808210116
2021-12-21,4649.22998046875,4651.14013671875,4583.16015625,4594.9599609375,4072430000.0,0.017777934551572505,0.017621755385195486,0.2066953110429982,-0.013325503457590643
2021-12-22,4696.56005859375,4697.669921875,4645.52978515625,4650.35986328125,3319610000.0,0.010180197220578835,0.010128728029127596,0.20995440265505674,-0.003280962490273535
2021-12-23,4725.7900390625,4740.740234375,4703.9599609375,4703.9599609375,2913040000.0,0.006223699921661829,0.006204412685251626,0.21096243881354648,0.0
2021-12-27,4791.18994140625,4791.490234375,4733.990234375,4733.990234375,2770290000.0,0.01383893524747526,0.013744051573605864,0.19711946909991096,0.0
2021-12-28,4786.35009765625,4807.02001953125,4780.0400390625,4795.490234375,2707920000.0,-0.0010101548486260992,-0.0010106653988873737,0.1929798694751262,-0.0010101548486260742
2021-12-29,4793.06005859375,4804.06005859375,4778.080078125,4788.64013671875,2963310000.0,0.0014018951394270118,0.0014009134018576786,0.17711631919767173,0.0
2021-12-30,4778.72998046875,4808.93017578125,4775.330078125,4794.22998046875,3124950000.0,-0.0029897555945093135,-0.002994233841904309,0.1702742073341215,-0.0029897555945093547
2021-12-31,4766.18017578125,4786.830078125,4765.75,4775.2099609375,2677820000.0,-0.0026261799136575448,-0.0026296343734744394,0.16593241611250495,-0.005608083872077824
2022-01-03,4796.56005859375,4796.64013671875,4758.169921875,4778.14013671875,3831020000.0,0.006374052530970564,0.006353824170388397,0.16177637469524633,0.0
2022-01-04,4793.5400390625,4818.6201171875,4774.27001953125,4804.509765625,4683170000.0,-0.000629621957060511,-0.0006298202522032699,0.15866482860118156,-0.0006296219570604951
2022-01-05,4700.580078125,4797.7001953125,4699.43994140625,4787.990234375,4887960000.0,-0.019392757790687165,-0.019583264304501073,0.16097026030235087,-0.020010169641634656
2022-01-06,4696.0498046875,4725.009765625,4671.259765625,4693.39013671875,4295280000.0,-0.0009637690162076495,-0.0009642337401809882,0.1606326569443625,-0.02095465347633268
2022-01-07,4677.02978515625,4707.9501953125,4662.740234375,4697.66015625,4181510000.0,-0.004050216740091761,-0.004058441082336512,0.15915533863612483,-0.024919999328131784
2022-01-10,4670.2900390625,4673.02001953125,4582.240234375,4655.33984375,4511810000.0,-0.0014410312534549607,-0.0014420705375388979,0.15527512804160448,-0.026325120083718852
2022-01-11,4713.06982421875,4714.1298828125,4638.27001953125,4669.14013671875,4101590000.0,0.009159984668711818,0.009118286452399373,0.15520858231320558,-0.017406273111375898
2022-01-12,4726.35009765625,4748.830078125,4706.7099609375,4728.58984375,4048220000.0,0.002817754443029452,0.0028137920146670695,0.15247887537195212,-0.0146375652717427
2022-01-13,4659.02978515625,4744.1298828125,4650.2900390625,4733.56005859375,4251730000.0,-0.0142436152864307,-0.014346029234400533,0.15057013565370386,-0.02867268870971272
2022-01-14,4662.85009765625,4665.1298828125,4614.75,4637.990234375,4338490000.0,0.0008199802697488323,0.0008196442695905652,0.1474260047249507,-0.02787621947898656
2022-01-18,4577.10986328125,4632.240234375,4568.7001953125,4632.240234375,4748700000.0,-0.018387945694007368,-0.0185591053980085,0.15756302539327127,-0.045751578763060075
2022-01-19,4532.759765625,4611.5498046875,4530.2001953125,4588.02978515625,4465740000.0,-0.009689541868338813,-0.009736790941460195,0.15608732493596192,-0.05499780879343157
2022-01-20,4482.72998046875,4602.10986328125,4477.9501953125,4547.35009765625,4640870000.0,-0.01103737849414832,-0.011098742304330734,0.1450389141551782,-0.06542815565557795
2022-01-21,4397.93994140625,4494.52001953125,4395.33984375,4471.3798828125,5589100000.0,-0.018914821867908604,-0.019095995324635427,0.1501070216044061,-0.08310541561411554
2022-01-24,4410.1298828125,4417.35009765625,4222.6201171875,4356.31982421875,6928110000.0,0.002771738943381896,0.0027679047582695165,0.14770210130258374,-0.08056402318759731
2022-01-25,4356.4501953125,4411.009765625,4287.10986328125,4366.64013671875,5145050000.0,-0.012171906253646725,-0.012246590556866267,0.13589952311289363,-0.09175531170358803
2022-01-26,4349.93017578125,4453.22998046875,4304.7998046875,4408.43017578125,5570640000.0,-0.0014966358477518371,-0.0014977569258856588,0.13573237092814402,-0.0931146232626226
2022-01-27,4326.509765625,4428.740234375,4309.5,4380.580078125,5214200000.0,-0.00538408875771057,-0.005398635199970923,0.13375692609552958,-0.09799737462404647
2022-01-28,4431.85009765625,4432.72021484375,4292.4599609375,4336.18994140625,5031090000.0,0.024347646888076113,0.024055967914736694,0.16922208595865923,-0.07603573320927524
2022-01-31,4515.5498046875,4516.89013671875,4414.02001953125,4431.7900390625,5098610000.0,0.018885951732779516,0.018709826222984446,0.18713130054215343,-0.058585788663852625
2022-02-01,4546.5400390625,4550.490234375,4483.52978515625,4519.56982421875,4816830000.0,0.00686300355780145,0.006839560348317067,0.18745069981436252,-0.05212485958208779
2022-02-02,4589.3798828125,4595.31005859375,4544.31982421875,4566.39013671875,4481580000.0,0.00942251544733641,0.009378400448324454,0.19220620560788862,-0.043193491429353824
2022-02-03,4477.43994140625,4542.8798828125,4470.39013671875,4535.41015625,4401970000.0,-0.024391082077444004,-0.024693471720120656,0.19907756521253336,-0.06653103751213307
2022-02-04,4500.52978515625,4539.66015625,4451.5,4482.7900390625,4706290000.0,0.0051569298644233985,0.005143678439863626,0.2008474630011873,-0.06171720354196708
2022-02-07,4483.8701171875,4521.85986328125,4471.47021484375,4505.75,4228480000.0,-0.0037017126347429485,-0.003708580927828488,0.20080665996779595,-0.06519045682457775
2022-02-08,4521.5400390625,4531.31982421875,4465.39990234375,4480.02001953125,4459620000.0,0.008401207191663262,0.00836611346663433,0.20422760879602195,-0.05733692816761687
2022-02-09,4587.18017578125,4590.02978515625,4547.0,4547.0,4524350000.0,0.014517207887505545,0.014412842079264784,0.20873438052414478,-0.04365209238595164
2022-02-10,4504.080078125,4588.919921875,4484.31005859375,4553.240234375,5314860000.0,-0.01811572566845976,-0.01828182448505601,0.2164376938355227,-0.06097702872389321
2022-02-11,4418.64013671875,4526.330078125,4401.41015625,4506.27001953125,5251500000.0,-0.01896945434456343,-0.019151682638086528,0.22058562512611585,-0.07878978210601165
2022-02-14,4401.669921875,4426.22021484375,4364.83984375,4412.60986328125,4600390000.0,-0.0038405967262932217,-0.0038479907556283146,0.22023417226436762,-0.0823277790530832
2022-02-15,4471.06982421875,4472.77001953125,4429.27978515625,4429.27978515625,4430830000.0,0.01576672117072042,0.015643717646064172,0.22140387101838505,-0.06785909701929738
2022-02-16,4475.009765625,4489.5498046875,4429.68017578125,4455.75,4283640000.0,0.0008812077558950637,0.0008808197202838003,0.21915263852201886,-0.06703768722600374
2022-02-17,4380.259765625,4456.06005859375,4373.81005859375,4456.06005859375,4539420000.0,-0.021173138152195015,-0.021400504136936647,0.22852308653190273,-0.08679142716515895
2022-02-18,4348.8701171875,4394.60009765625,4327.22021484375,4384.56982421875,4708060000.0,-0.0071661613961429005,-0.007191961663866342,0.21987143541489354,-0.09333562718643477
2022-02-22,4304.759765625,4362.1201171875,4267.10986328125,4332.740234375,5121900000.0,-0.010142945264832837,-0.010194735435016016,0.22207200682900324,-0.10253187429345677
2022-02-23,4225.5,4341.509765625,4221.509765625,4324.93017578125,4797430000.0,-0.018412122845487655,-0.018583735748788438,0.22732662062494927,-0.11905616767387517
2022-02-24,4288.7001953125,4294.72998046875,4114.64990234375,4155.77001953125,6752130000.0,0.014956856067329216,0.014846105252724002,0.23463880982176663,-0.10588001757037184
2022-02-25,4384.64990234375,4385.33984375,4286.830078125,4298.3798828125,5177060000.0,0.022372677655603468,0.022126080551265786,0.24733999679447521,-0.08587615941803997
2022-02-28,4373.93994140625,4388.83984375,4315.1201171875,4354.169921875,6071370000.0,-0.002442603440647617,-0.0024455914631261143,0.23148345000602547,-0.08810900145622345
2022-03-01,4306.259765625,4378.4501953125,4279.5400390625,4363.14013671875,5846230000.0,-0.015473503680411893,-0.015594467786613053,0.22536264364183,-0.10221915017832502
2022-03-02,4386.5400390625,4401.47998046875,4322.56005859375,4322.56005859375,5337870000.0,0.018642691757321028,0.018471046780652183,0.2352347738232796,-0.08548209852947389
2022-03-03,4363.490234375,4416.77978515625,4345.56005859375,4401.31005859375,5039890000.0,-0.005254666430088317,-0.005268520744245652,0.23172992870719158,-0.09028758504604588
2022-03-04,4328.8701171875,4342.1201171875,4284.97998046875,4342.1201171875,5797380000.0,-0.007934042550334475,-0.007965684543001903,0.21768585447315017,-0.09750528205485803
2022-03-07,4201.08984375,4327.009765625,4199.85009765625,4327.009765625,6940470000.0,-0.029518158313449172,-0.029962586814416495,0.23781247288840077,-0.12414526401621442
2022-03-08,4170.7001953125,4276.93994140625,4157.8701171875,4202.66015625,7243120000.0,-0.00723375351819977,-0.007260043975698096,0.23819898413347076,-0.13048098129406907
2022-03-09,4277.8798828125,4299.39990234375,4223.10009765625,4223.10009765625,5662670000.0,0.02569824789143582,0.025373598122141117,0.2564973839665753,-0.10813586600504614
2022-03-10,4259.52001953125,4268.27978515625,4209.7998046875,4252.5498046875,4980830000.0,-0.004291813651667864,-0.004301049920247209,0.24834235825660372,-0.11196358067075862
2022-03-11,4204.31005859375,4291.009765625,4200.490234375,4279.5,4938640000.0,-0.012961545123475138,-0.013046278933238144,0.24493864900544587,-0.12347390479118386
2022-03-14,4173.10986328125,4247.56982421875,4161.72021484375,4202.75,5574920000.0,-0.007421002465963666,-0.007448675095533314,0.23842039502452164,-0.12997860710520998
2022-03-15,4262.4501953125,4271.0498046875,4187.89990234375,4188.81982421875,5392470000.0,0.021408574170870942,0.021182629724144964,0.2531434581365035,-0.11135268958517737
2022-03-16,4357.85986328125,4358.89990234375,4251.990234375,4288.14013671875,6309750000.0,0.02238376135718223,0.022136921648393443,0.25996946640715435,-0.09146142025815009
2022-03-17,4411.669921875,4412.669921875,4335.64990234375,4345.10986328125,4985090000.0,0.01234781757145198,0.012272205068700267,0.2643346142032293,-0.08024295161887156
2022-03-18,4463.1201171875,4465.39990234375,4390.56982421875,4407.33984375,8278430000.0,0.011662294827948783,0.011594814411888112,0.25589737926471906,-0.0695164737505669
2022-03-21,4461.18017578125,4481.75,4424.2998046875,4462.39990234375,4869820000.0,-0.00043466036210393355,-0.0004347548543014596,0.2541686765370458,-0.0699209180570182
2022-03-22,4511.60986328125,4522.0,4469.10009765625,4469.10009765625,4754840000.0,0.0113041136006502,0.011240699554074212,0.25272413308755404,-0.05940719845714626
2022-03-23,4456.240234375,4501.06982421875,4455.81005859375,4493.10009765625,4550670000.0,-0.012272698789159042,-0.012348630252495208,0.24677432225546655,-0.070950810593733
2022-03-24,4520.16015625,4520.580078125,4465.169921875,4469.97998046875,4131390000.0,0.01434391292056647,0.014242012281618024,0.2463876293300479,-0.05762460992196658
2022-03-25,4543.06005859375,4546.02978515625,4501.06982421875,4522.91015625,4305020000.0,0.005066170567449069,0.005053380704237665,0.23568909616491918,-0.052850375457264856
2022-03-28,4575.52001953125,4575.64990234375,4517.68994140625,4541.08984375,4312260000.0,0.007144955276586762,0.007119551020042568,0.23586305415535025,-0.046083033749671064
2022-03-29,4631.60009765625,4637.2998046875,4589.66015625,4602.85986328125,5085910000.0,0.012256547427530462,0.01218204410139109,0.22847908271059328,-0.03439130521089791
2022-03-30,4602.4501953125,4627.77001953125,4581.31982421875,4624.2001953125,4385570000.0,-0.0062937001746978805,-0.006313588999088777,0.22403810329295532,-0.0404685568219819
2022-03-31,4530.41015625,4603.06982421875,4530.41015625,4599.02001953125,4823020000.0,-0.015652540713177343,-0.015776335226881762,0.2317810048201571,-0.05548766180189966
2022-04-01,4545.85986328125,4548.7001953125,4507.56982421875,4540.31982421875,4562940000.0,0.0034102225843584133,0.0034044209614630277,0.22887273162014413,-0.05226666449497142
2022-04-04,4582.64013671875,4583.5,4539.2099609375,4547.97021484375,4547350000.0,0.008090938687879357,0.008058382532133647,0.19470957367244238,-0.04459861218494089
2022-04-05,4525.1201171875,4593.4501953125,4514.169921875,4572.4501953125,4800620000.0,-0.012551720801807331,-0.01263115907400537,0.19982236101073625,-0.05659054365845478
2022-04-06,4481.14990234375,4503.93994140625,4450.0400390625,4494.169921875,4986830000.0,-0.009716916613271898,-0.009764433912479721,0.1887768893991198,-0.06575757467789772
2022-04-07,4500.2099609375,4521.16015625,4450.2998046875,4474.64990234375,4821490000.0,0.004253385628492534,0.004244365552037262,0.18723172250038203,-0.06178388137250461
2022-04-08,4488.27978515625,4520.41015625,4474.60009765625,4494.14990234375,4083200000.0,-0.002651026482054286,-0.0026545466755523947,0.1790600502005739,-0.06427111714887633
2022-04-11,4412.52978515625,4464.35009765625,4408.3798828125,4462.64013671875,4266290000.0,-0.01687729010355421,-0.017021334584696127,0.18957415767342123,-0.08006368496302943
2022-04-12,4397.4501953125,4471.0,4381.33984375,4437.58984375,4152090000.0,-0.003417447717741773,-0.0034233005304522353,0.1776560234786671,-0.08320751922332034
2022-04-13,4446.58984375,4453.919921875,4392.7001953125,4394.2998046875,3828150000.0,0.011174577597236057,0.011112603268901934,0.1645458183875845,-0.07296275050631887
2022-04-14,4392.58984375,4460.4599609375,4390.77001953125,4449.1201171875,4083090000.0,-0.01214413784439794,-0.012218480383508163,0.16527203372192598,-0.08422081865106168
2022-04-18,4391.68994140625,4410.31005859375,4370.2998046875,4385.6298828125,3910490000.0,-0.0002048682840329885,-0.0002048892724065068,0.15928634899716165,-0.08440843276049781
2022-04-19,4462.2099609375,4471.02978515625,4390.6298828125,4390.6298828125,4108120000.0,0.016057604355527166,0.01593004474938665,0.1700234260908173,-0.0697062256225088
2022-04-20,4459.4501953125,4488.2900390625,4448.759765625,4472.259765625,4290450000.0,-0.0006184750715809706,-0.0006186664061825758,0.16476516198424415,-0.07028158913120823
2022-04-21,4393.66015625,4512.93994140625,4384.47021484375,4489.169921875,4636890000.0,-0.014752948498371943,-0.014862855551311067,0.16736785517606897,-0.08399767696474371
2022-04-22,4271.77978515625,4385.830078125,4267.6201171875,4385.830078125,4651940000.0,-0.027740054250753654,-0.028132076377366966,0.18393701612437463,-0.10940763109955814
2022-04-25,4296.1201171875,4299.02001953125,4200.81982421875,4255.33984375,5240040000.0,0.005697936985382235,0.0056817651441118085,0.18430718337251847,-0.10433309190190113
2022-04-26,4175.2001953125,4278.14013671875,4175.0400390625,4278.14013671875,4689970000.0,-0.028146308431003852,-0.028550008928597752,0.2015438243873306,-0.12954280894867384
2022-04-27,4183.9599609375,4240.7099609375,4162.89990234375,4186.52001953125,4769680000.0,0.0020980468517017847,0.0020958490249645954,0.19343632282641887,-0.12771654897944745
2022-04-28,4287.5,4308.4501953125,4188.6298828125,4222.580078125,4854180000.0,0.02474690007293945,0.024445655340832175,0.2198502819288262,-0.10613023758176306
2022-04-29,4131.93017578125,4269.68017578125,4124.27978515625,4253.75,5084030000.0,-0.036284507106413955,-0.03695915978469415,0.2467005373053689,-0.13856386132843615
2022-05-02,4155.3798828125,4169.81005859375,4062.510009765625,4130.60986328125,5163790000.0,0.005675242812353654,0.005659199293818601,0.24779864563417733,-0.13367500207413863
2022-05-03,4175.47998046875,4200.10009765625,4147.080078125,4159.77978515625,4582050000.0,0.004837126381486367,0.004825465075359521,0.2458855189428311,-0.12948447857173034
2022-05-04,4300.169921875,4307.66015625,4148.91015625,4181.18017578125,5136360000.0,0.02986242108440229,0.029425221557325833,0.2717435885135172,-0.10348877751033124
2022-05-05,4146.8701171875,4270.43017578125,4106.009765625,4270.43017578125,5077030000.0,-0.035649708609806985,-0.03630067756409906,0.29630359083754526,-0.13544914135750974
2022-05-06,4123.33984375,4157.68994140625,4067.909912109375,4128.169921875,5116940000.0,-0.0056742248424840325,-0.00569038441395277,0.2947869960963508,-0.14035479731720985
2022-05-09,3991.239990234375,4081.27001953125,3975.47998046875,4081.27001953125,5954520000.0,-0.03203710063235676,-0.03256151953960419,0.31113637558143264,-0.16789533718368113
2022-05-10,4001.050048828125,4068.820068359375,3958.169921875,4035.179931640625,5885820000.0,0.0024578974498534745,0.002454881760409255,0.309553447023934,-0.16585010925493376
2022-05-11,3935.179931640625,4049.090087890625,3928.820068359375,3990.080078125,5816140000.0,-0.01646320750393837,-0.016600232095697796,0.31224483040399303,-0.1795828919956573
2022-05-12,3930.080078125,3964.800048828125,3858.8701171875,3903.949951171875,6286450000.0,-0.0012959645058717717,-0.0012968049941124407,0.3065144375537077,-0.18064612344764086
2022-05-13,4023.889892578125,4038.8798828125,3963.89990234375,3963.89990234375,5183340000.0,0.02386969542307149,0.023589267956869442,0.3230562017702655,-0.16108839597062308
2022-05-16,4008.010009765625,4046.4599609375,3983.989990234375,4013.02001953125,4415030000.0,-0.003946400929555671,-0.003954208517722458,0.32268691746431744,-0.16439907750457966
2022-05-17,4088.85009765625,4090.719970703125,4033.929931640625,4052.0,4841410000.0,0.020169632234863677,0.01996891958146264,0.326387484179678,-0.1475453142027342
2022-05-18,3923.679931640625,4051.97998046875,3911.909912109375,4051.97998046875,5103220000.0,-0.04039526078745259,-0.041233809291248875,0.35110269794516324,-0.18198044354500068
2022-05-19,3900.7900390625,3945.9599609375,3876.580078125,3899.0,5113550000.0,-0.005833781800992588,-0.005850864777347809,0.34967597141430634,-0.18675259114630388
2022-05-20,3901.360107421875,3943.419921875,3810.320068359375,3927.760009765625,5130730000.0,0.00014614176965843662,0.0001461310919903067,0.34016055076472546,-0.18663374173080377
2022-05-23,3973.75,3981.8798828125,3909.0400390625,3919.419921875,4420030000.0,0.018555039930923556,0.018384995412060758,0.3481168195907845,-0.17154169833015298
2022-05-24,3941.47998046875,3955.679931640625,3875.1298828125,3942.93994140625,4923190000.0,-0.008120797617175213,-0.008153950903558081,0.3362893333469288,-0.1782694405322825
2022-05-25,3978.72998046875,3999.330078125,3925.030029296875,3929.590087890625,4802560000.0,0.009450764734207695,0.009406385648931585,0.3387165370707963,-0.17050345833984418
2022-05-26,4057.840087890625,4075.139892578125,3984.60009765625,3984.60009765625,4709970000.0,0.019883256167224195,0.019688166007720866,0.334083383203132,-0.15401036611218877
2022-05-27,4158.240234375,4158.490234375,4077.429931640625,4077.429931640625,4375620000.0,0.02474226295510973,0.024441130195822013,0.3215597987215618,-0.13307866813323962
2022-05-31,4132.14990234375,4168.33984375,4104.8798828125,4151.08984375,6822640000.0,-0.006274368617659065,-0.006294135193666945,0.32172541458225384,-0.13851805213188365
2022-06-01,4101.22998046875,4166.5400390625,4073.85009765625,4149.77978515625,4531800000.0,-0.007482768681131846,-0.007510905041155451,0.3221086514110807,-0.1449643222707517
2022-06-02,4176.81982421875,4177.509765625,4074.3701171875,4095.409912109375,4405790000.0,0.018431018038486124,0.018263225415545106,0.31039616515523505,-0.12920514427097463
2022-06-03,4108.5400390625,4142.669921875,4098.669921875,4137.56982421875,3711110000.0,-0.016347313992415624,-0.016482405609817057,0.28805580566678407,-0.14344030120055723
2022-06-06,4121.43017578125,4168.77978515625,4109.18017578125,4134.72021484375,4332700000.0,0.003137400778913113,0.003132489407036025,0.28763495534451317,-0.14075293013435838
2022-06-07,4160.68017578125,4164.85986328125,4080.18994140625,4096.47021484375,4248210000.0,0.009523393173235029,0.00947833153171984,0.2621391126080066,-0.13256998245507773
2022-06-08,4115.77001953125,4160.14013671875,4107.2001953125,4147.1201171875,4159470000.0,-0.010793945785935621,-0.010852623040155319,0.2661118159494984,-0.1419329750375508
2022-06-09,4017.820068359375,4119.10009765625,4017.169921875,4101.64990234375,4134170000.0,-0.02379869397635359,-0.02408645766515553,0.274041678131209,-0.1623538495758323
2022-06-10,3900.860107421875,3974.389892578125,3900.159912109375,3974.389892578125,4889640000.0,-0.029110303335524668,-0.029542414811409477,0.29479063417278567,-0.18673798310251435
2022-06-13,3749.6298828125,3838.14990234375,3734.300048828125,3838.14990234375,5636890000.0,-0.038768430665237275,-0.03953993199003993,0.3114308280134523,-0.21826687521727556
2022-06-14,3735.47998046875,3778.179931640625,3705.679931640625,3763.52001953125,5153890000.0,-0.0037736797459957394,-0.003780818039489633,0.31142830070880495,-0.22121688567704212
2022-06-15,3789.989990234375,3837.56005859375,3722.300048828125,3764.050048828125,5530480000.0,0.014592504858983224,0.014487058836534478,0.3065134321366826,-0.20985248929719022
2022-06-16,3666.77001953125,3728.179931640625,3639.77001953125,3728.179931640625,5644930000.0,-0.03251195148816344,-0.033052207113840666,0.29439540410717263,-0.23554172683365307
2022-06-17,3674.840087890625,3707.7099609375,3636.8701171875,3665.89990234375,8520740000.0,0.002200865698254617,0.0021984473410133873,0.2948876373348808,-0.23385925684249423
2022-06-21,3764.7900390625,3779.64990234375,3715.31005859375,3715.31005859375,5292260000.0,0.024477242280086964,0.024182474960671992,0.3102156329485013,-0.21510624425158206
2022-06-22,3759.889892578125,3801.7900390625,3717.68994140625,3733.889892578125,5058990000.0,-0.0013015723144006452,-0.0013024200953574458,0.3009745897608112,-0.21612784023381013
2022-06-23,3795.72998046875,3802.580078125,3743.52001953125,3774.7099609375,5098640000.0,0.009532217409177868,0.00948707248555652,0.3032912952066573,-0.20865580038591702
2022-06-24,3911.739990234375,3913.64990234375,3821.75,3821.75,8120260000.0,0.03056329358583576,0.030105539729901033,0.32184370083174596,-0.1844697152856636
2022-06-27,3900.110107421875,3927.719970703125,3889.659912109375,3920.760009765625,4325310000.0,-0.0029730715337762392,-0.0029774998903406716,0.31258389040448814,-0.18689434516008024
2022-06-28,3821.550048828125,3945.860107421875,3820.139892578125,3913.0,4270120000.0,-0.020143036075892073,-0.0203486731494949,0.3026416663116549,-0.20327276169903255
2022-06-29,3818.830078125,3836.5,3799.02001953125,3825.090087890625,4211240000.0,-0.0007117454091590814,-0.0007119988201726959,0.302783318970547,-0.20383982865324526
2022-06-30,3785.3798828125,3818.989990234375,3738.669921875,3785.989990234375,4840070000.0,-0.008759278267998716,-0.008797866246367652,0.30301884482334174,-0.210813617139969
2022-07-01,3825.330078125,3829.820068359375,3752.10009765625,3781.0,4046950000.0,0.010553814029047315,0.010498511296639174,0.29663630159368143,-0.2024846908210077
2022-07-05,3831.389892578125,3832.18994140625,3742.06005859375,3792.610107421875,5076590000.0,0.0015841285142366157,0.0015828751061934918,0.2937906402363845,-0.20122132407919696
2022-07-06,3845.080078125,3870.909912109375,3809.3701171875,3831.97998046875,4417720000.0,0.0035731642904301975,0.003566795705066178,0.29392453916894823,-0.1983671566384397
2022-07-07,3902.6201171875,3910.6298828125,3858.85009765625,3858.85009765625,4057770000.0,0.014964587965241805,0.014853723180930391,0.29766095650976615,-0.18637105143812882
2022-07-08,3899.3798828125,3918.5,3869.340087890625,3888.260009765625,3521620000.0,-0.000830271529819071,-0.00083061639612735,0.29636729719083515,-0.1870465843899564
2022-07-11,3854.429931640625,3880.93994140625,3847.219970703125,3880.93994140625,3423480000.0,-0.011527461422777274,-0.011594417660525545,0.28759898144285045,-0.1964178735269162
2022-07-12,3818.800048828125,3873.409912109375,3802.360107421875,3851.949951171875,3817210000.0,-0.009243878717321574,-0.00928686849749371,0.27041607229184383,-0.20384608924344075
2022-07-13,3801.780029296875,3829.43994140625,3759.070068359375,3779.669921875,4109390000.0,-0.0044569025122100925,-0.00446686411181668,0.22984132109230682,-0.20739446960839752
2022-07-14,3790.3798828125,3796.409912109375,3721.56005859375,3763.989990234375,4199690000.0,-0.00299863390215227,-0.003003138812764307,0.22965716228900182,-0.20977120342286318
2022-07-15,3863.159912109375,3863.6201171875,3817.179931640625,3818.0,4143800000.0,0.01920124935943668,0.01901923165863364,0.23378448024797316,-0.19459782324877803
2022-07-18,3830.85009765625,3902.43994140625,3818.6298828125,3883.7900390625,4046870000.0,-0.008363571580831342,-0.008398742485835936,0.20018269945834744,-0.2013338620053943
2022-07-19,3936.68994140625,3939.81005859375,3860.72998046875,3860.72998046875,4041070000.0,0.02762829164595959,0.02725351764373082,0.21906453824044356,-0.17926808101712705
2022-07-20,3959.89990234375,3974.1298828125,3922.030029296875,3935.320068359375,4185300000.0,0.005895806193263242,0.0058784939410571665,0.20528083915353287,-0.174429204686179
2022-07-21,3998.949951171875,3999.2900390625,3927.639892578125,3955.469970703125,4132790000.0,0.00986137270919718,0.00981306668950467,0.20632034554810197,-0.16628794337576114
2022-07-22,3961.6298828125,4012.43994140625,3938.860107421875,3998.429931640625,3979240000.0,-0.00933246697634671,-0.009376287293813849,0.20939582020675207,-0.17406853361198898
2022-07-25,3966.840087890625,3975.300048828125,3943.4599609375,3965.719970703125,3568340000.0,0.0013151670479691902,0.001314302973305868,0.1814728358185471,-0.1729822957635146
2022-07-26,3921.050048828125,3953.219970703125,3910.739990234375,3953.219970703125,3778950000.0,-0.01154320266205866,-0.011610342599263359,0.18631535931697418,-0.18252872872862683
2022-07-27,4023.610107421875,4039.56005859375,3951.429931640625,3951.429931640625,4112180000.0,0.026156273782937722,0.025820048778629066,0.19058416957247487,-0.16114672634756658
2022-07-28,4072.429931640625,4078.949951171875,3992.969970703125,4026.1298828125,4413000000.0,0.012133338697180918,0.012060319791912806,0.19303820872283495,-0.15096863546110265
2022-07-29,4130.2900390625,4140.14990234375,4079.219970703125,4087.330078125,4616360000.0,0.014207760082581844,0.014107775781753557,0.1912476315713183,-0.13890580153114696
2022-08-01,4118.6298828125,4144.9501953125,4096.02001953125,4112.3798828125,4202810000.0,-0.0028230841271976725,-0.002827076544916728,0.19142425660839626,-0.14133674289486636
2022-08-02,4091.18994140625,4140.47021484375,4079.81005859375,4104.2099609375,4727710000.0,-0.006662395550704803,-0.00668468837887098,0.19485232701201582,-0.14705749715855734
2022-08-03,4155.169921875,4167.66015625,4107.9599609375,4107.9599609375,4351760000.0,0.015638477163140152,0.015517456270090707,0.199643996937805,-0.1337187753063999
2022-08-04,4151.93994140625,4161.2900390625,4135.419921875,4154.85009765625,4283320000.0,-0.0007773401640558397,-0.0007776424495837734,0.19592187138324796,-0.13439217049572166
2022-08-05,4145.18994140625,4151.580078125,4107.31005859375,4115.8701171875,4085940000.0,-0.0016257460597355333,-0.0016270690189191196,0.19615386237689225,-0.13579942901381453
2022-08-08,4140.06005859375,4186.6201171875,4128.97021484375,4155.93017578125,4221090000.0,-0.0012375507238541195,-0.0012383171221209141,0.18921658566639699,-0.1368689210559936
2022-08-09,4122.47021484375,4137.2998046875,4112.08984375,4133.10986328125,3913090000.0,-0.004248692893594086,-0.004257744235926498,0.18548815511832178,-0.1405360999373432
2022-08-10,4210.240234375,4211.02978515625,4177.259765625,4181.02001953125,4546010000.0,0.021290637641290244,0.021067158460407496,0.1923643842816888,-0.12223756547533912
2022-08-11,4207.27001953125,4257.91015625,4201.41015625,4227.39990234375,4630200000.0,-0.0007054739583503,-0.0007057229222018175,0.1912500614149362,-0.12285680401451439
2022-08-12,4280.14990234375,4280.47021484375,4219.77978515625,4225.02001953125,3788010000.0,0.017322368774566943,0.017174046951492668,0.18958887325592713,-0.10766260610555152
2022-08-15,4297.14013671875,4301.7900390625,4256.89990234375,4269.3701171875,3696830000.0,0.0039695418998517695,0.003961684056233163,0.18285188104705005,-0.10412043543168296
2022-08-16,4305.2001953125,4325.27978515625,4277.77001953125,4290.4599609375,4329820000.0,0.0018756797165810912,0.0018739228259478625,0.16452782931235152,-0.10244005230392264
2022-08-17,4274.0400390625,4302.18017578125,4253.080078125,4280.39990234375,3885030000.0,-0.007237794954094601,-0.007264114867648021,0.16957652799451886,-0.10893640716435475
2022-08-18,4283.740234375,4292.52978515625,4261.97998046875,4273.1298828125,3340330000.0,0.002269561170191503,0.0022669896063847975,0.16814714250226417,-0.10691408383388364
2022-08-19,4228.47998046875,4266.31005859375,4218.7001953125,4266.31005859375,3761340000.0,-0.012900001139847905,-0.012983928713038868,0.17223214556122002,-0.11843489317040869
2022-08-22,4137.990234375,4195.080078125,4129.85986328125,4195.080078125,3907430000.0,-0.0214000649197158,-0.021632366466494565,0.19360364416627635,-0.13730044368751818
2022-08-23,4128.72998046875,4159.77001953125,4124.02978515625,4133.08984375,3823520000.0,-0.0022378626777133093,-0.002240370434437464,0.1875577265197583,-0.1392310468266697
2022-08-24,4140.77001953125,4156.56005859375,4119.97021484375,4126.5498046875,3583630000.0,0.0029161604463010526,0.002911916698724165,0.16633770856214497,-0.13672090645202173
2022-08-25,4199.1201171875,4200.5400390625,4147.58984375,4153.259765625,3566870000.0,0.014091605518061545,0.013993241836107048,0.1681074024358001,-0.12455591801375396
2022-08-26,4057.659912109375,4203.0400390625,4057.659912109375,4198.740234375,3832750000.0,-0.03368805871951874,-0.03426857631703952,0.20398379573152517,-0.1540479296533618
2022-08-29,4030.610107421875,4062.989990234375,4017.419921875,4034.580078125,3396510000.0,-0.006666355799502699,-0.0066886751973248065,0.20492926350253743,-0.15968734714361846
2022-08-30,3986.159912109375,4044.97998046875,3965.2099609375,4041.25,3835860000.0,-0.011028155571448206,-0.011089416492117008,0.20711181952240285,-0.16895444580797497
2022-08-31,3955.0,4015.3701171875,3954.530029296875,4000.669921875,4542490000.0,-0.007817025105971265,-0.007847738208153028,0.19836956906604278,-0.1754507497692998
2022-09-01,3966.85009765625,3970.22998046875,3903.64990234375,3936.72998046875,4152250000.0,0.0029962320243361873,0.0029917522671948716,0.1992450508954182,-0.1729802089001161
2022-09-02,3924.260009765625,4018.429931640625,3906.2099609375,3994.659912109375,3665850000.0,-0.010736500458081055,-0.010794552570724387,0.20149121342532958,-0.18185950726610206
2022-09-06,3908.18994140625,3942.550048828125,3886.75,3930.889892578125,4127340000.0,-0.004095056983834944,-0.004103464690895143,0.2014649440546279,-0.1852098392046302
2022-09-07,3979.8701171875,3987.889892578125,3906.030029296875,3909.429931640625,3890320000.0,0.018341016392734,0.018174848666169877,0.21473227212276347,-0.17026575950884398
2022-09-08,4006.179931640625,4010.5,3944.81005859375,3959.93994140625,3966850000.0,0.006610721877456038,0.006588966880442448,0.19996057286935462,-0.1647806172127547
2022-09-09,4067.360107421875,4076.81005859375,4022.93994140625,4022.93994140625,3901940000.0,0.015271449816332883,0.01515601498121106,0.20952940914777826,-0.1520256063228907
2022-09-12,4110.41015625,4119.27978515625,4083.669921875,4083.669921875,3814200000.0,0.0105842727693497,0.010528651483995635,0.20281399594174826,-0.14305041403878818
2022-09-13,3932.68994140625,4037.1201171875,3921.280029296875,4037.1201171875,4224550000.0,-0.0432366134006168,-0.04419916303197406,0.2504253541920705,-0.1801020119908117
2022-09-14,3946.010009765625,3961.93994140625,3912.179931640625,3940.72998046875,4293240000.0,0.0033870120853238816,0.003381289078844715,0.25098526014316774,-0.17732500759669176
2022-09-15,3901.35009765625,3959.139892578125,3888.280029296875,3932.409912109375,4441830000.0,-0.011317739184353415,-0.011382272168149512,0.25204161409194037,-0.18663582859420227
2022-09-16,3873.330078125,3880.949951171875,3837.080078125,3880.949951171875,7954650000.0,-0.007182134089448455,-0.007208049775663175,0.2508780844286048,-0.19247751913679187
2022-09-19,3899.889892578125,3900.449951171875,3838.5,3849.909912109375,3766850000.0,0.006857100716286535,0.006833697724705768,0.252408334421019,-0.1869402561548473
2022-09-20,3855.929931640625,3876.010009765625,3827.5400390625,3875.22998046875,4058050000.0,-0.011272103097361819,-0.011336114736600402,0.245442783857559,-0.19610514941178447
2022-09-21,3789.929931640625,3907.070068359375,3789.489990234375,3871.39990234375,4078330000.0,-0.017116493600784488,-0.01726467409850635,0.25014480951327994,-0.20986501047758124
2022-09-22,3757.989990234375,3790.89990234375,3749.449951171875,3782.360107421875,4284600000.0,-0.00842758097968943,-0.008463293830453985,0.24906297365067873,-0.21652393708666745
2022-09-23,3693.22998046875,3727.139892578125,3647.469970703125,3727.139892578125,5144270000.0,-0.017232619015461026,-0.017382828767330778,0.24239134675334947,-0.23002528158658625
2022-09-26,3655.0400390625,3715.669921875,3644.760009765625,3682.719970703125,4886140000.0,-0.010340526208282075,-0.010394360890280502,0.2197682650474748,-0.23798722534205471
2022-09-27,3647.2900390625,3717.530029296875,3623.2900390625,3686.43994140625,4577740000.0,-0.0021203598092424114,-0.0021226109548247284,0.21996250058514047,-0.23960296660356875
2022-09-28,3719.0400390625,3736.739990234375,3640.610107421875,3651.93994140625,4684850000.0,0.019672139926234733,0.019481144181152356,0.23498550505321067,-0.22464432976310028
2022-09-29,3640.469970703125,3687.010009765625,3610.39990234375,3687.010009765625,4681810000.0,-0.021126437880238824,-0.0213527948230975,0.24307448144726623,-0.24102483316545112
2022-09-30,3585.6201171875,3671.43994140625,3584.1298828125,3633.47998046875,5645360000.0,-0.015066695771983274,-0.0151813515462093,0.2445544821867753,-0.25246008110263757
2022-10-03,3678.429931640625,3698.35009765625,3604.929931640625,3609.780029296875,4806680000.0,0.025883894952576147,0.02555457753093017,0.26630393857576595,-0.23311083636904092
2022-10-04,3790.929931640625,3791.919921875,3726.4599609375,3726.4599609375,5146580000.0,0.030583700679551518,0.030125341416799834,0.29136091168702943,-0.20965652773416008
2022-10-05,3783.280029296875,3806.909912109375,3722.659912109375,3753.25,4293180000.0,-0.002017948757084831,-0.0020199875589381176,0.28191797657333356,-0.21125140036168905
2022-10-06,3744.52001953125,3797.929931640625,3739.219970703125,3771.969970703125,4252100000.0,-0.010245080846639998,-0.010297922911395202,0.2810422418776184,-0.21933219353265762
2022-10-07,3639.659912109375,3706.739990234375,3620.72998046875,3706.739990234375,4449660000.0,-0.028003617786773516,-0.028403196531478058,0.2854426631530191,-0.241193716403408
2022-10-10,3612.389892578125,3652.169921875,3588.10009765625,3647.510009765625,3834320000.0,-0.00749246363390188,-0.007520673133652772,0.2790728582602424,-0.2468790448884317
2022-10-11,3588.840087890625,3640.659912109375,3568.449951171875,3595.860107421875,4759030000.0,-0.006519175777754405,-0.006540518412323781,0.24093351623033624,-0.25178877277671424
2022-10-12,3577.030029296875,3608.340087890625,3573.860107421875,3590.830078125,4006830000.0,-0.0032907731480149582,-0.0032961996501662937,0.23916842544543676,-0.254250966192304
2022-10-13,3669.909912109375,3685.409912109375,3491.580078125,3520.3701171875,5021680000.0,0.02596564246086497,0.025634259307631132,0.2609785044508783,-0.2348871134149178
2022-10-14,3583.070068359375,3712.0,3579.679931640625,3690.409912109375,4243030000.0,-0.02366266361565439,-0.023947120744528417,0.2710776342503086,-0.25299172227818295
2022-10-17,3677.949951171875,3689.72998046875,3638.64990234375,3638.64990234375,4352780000.0,0.026480052302171098,0.026135524557561848,0.2892583105482304,-0.2332109040139545
2022-10-18,3719.97998046875,3762.7900390625,3686.530029296875,3746.260009765625,4483740000.0,0.011427569666488724,0.011362768207087462,0.29172023882354003,-0.22444836820007014
2022-10-19,3695.159912109375,3728.580078125,3666.510009765625,3703.110107421875,4223800000.0,-0.0066720972934503076,-0.006694455239684375,0.28665463302381616,-0.22962292414353344
2022-10-20,3665.780029296875,3736.0,3656.43994140625,3689.050048828125,4496620000.0,-0.007950909706564868,-0.007982686738766696,0.28649962475573565,-0.23574812271367573
2022-10-21,3752.75,3757.889892578125,3647.419921875,3657.10009765625,5078020000.0,0.02372481982226482,0.023447759860447268,0.2925854359297933,-0.21761638462623004
2022-10-24,3797.340087890625,3810.739990234375,3741.64990234375,3762.010009765625,4747930000.0,0.011881976654619875,0.011811940205111494,0.29193468743099305,-0.20832012077340176
2022-10-25,3859.110107421875,3862.85009765625,3799.43994140625,3799.43994140625,4843120000.0,0.016266654579669915,0.01613577001587496,0.2957589390534404,-0.19544213764034793
2022-10-26,3830.60009765625,3886.14990234375,3824.070068359375,3825.969970703125,4817310000.0,-0.007387716072364547,-0.007415140398989885,0.29103802163209014,-0.20138598269124958
2022-10-27,3807.300048828125,3859.949951171875,3803.7900390625,3834.68994140625,4687320000.0,-0.006082610618211248,-0.006101185053184453,0.2799955125577989,-0.20624364079278412
2022-10-28,3901.06005859375,3905.419921875,3808.260009765625,3808.260009765625,4459410000.0,0.024626377895927698,0.024328036770856338,0.2825019341102386,-0.1866962967336516
2022-10-31,3871.97998046875,3893.72998046875,3863.179931640625,3881.85009765625,4820620000.0,-0.00745440410765752,-0.007482327030336412,0.2736042898272376,-0.19275899120005335
2022-11-01,3856.10009765625,3911.7900390625,3843.800048828125,3901.7900390625,4481210000.0,-0.004101230608784645,-0.0041096637203590055,0.25416080316798084,-0.1960696727340099
2022-11-02,3759.68994140625,3894.43994140625,3758.679931640625,3852.89990234375,4899000000.0,-0.02500198485734284,-0.025319843737482882,0.27057948206913146,-0.2161695266026729
2022-11-03,3719.889892578125,3750.590087890625,3698.14990234375,3733.25,4625290000.0,-0.010585992315429671,-0.010642422531956597,0.27075080628657244,-0.22446714997065667
2022-11-04,3770.550048828125,3796.340087890625,3708.840087890625,3766.97998046875,5400180000.0,0.013618724670070526,0.013526823285563951,0.25344422600917205,-0.21390538161351189
2022-11-07,3806.800048828125,3813.949951171875,3764.699951171875,3780.7099609375,4341620000.0,0.009613981920559844,0.00956806167935914,0.2523956967945941,-0.2063478821644947
2022-11-08,3828.110107421875,3859.39990234375,3786.280029296875,3817.02001953125,4607640000.0,0.005597892802462701,0.005582282828760321,0.2502183517190077,-0.201905102686404
2022-11-09,3748.570068359375,3818.199951171875,3744.219970703125,3810.93994140625,4645010000.0,-0.02077788695478977,-0.020996784712303443,0.26385571094066734,-0.21848782824198046
2022-11-10,3956.3701171875,3958.330078125,3859.889892578125,3859.889892578125,5781260000.0,0.05543448436034493,0.05395251566479769,0.311802293816463,-0.17516510397924132
2022-11-11,3992.929931640625,4001.47998046875,3944.820068359375,3963.719970703125,5593310000.0,0.009240746788147902,0.009198312304769028,0.29445579771631974,-0.16754301356308512
2022-11-14,3957.25,4008.969970703125,3956.39990234375,3977.969970703125,4561930000.0,-0.008935777048800997,-0.008975940544918012,0.287991831381786,-0.17498166359660217
2022-11-15,3991.72998046875,4028.840087890625,3953.169921875,4006.409912109375,5015310000.0,0.008713116550319144,0.008675376414669186,0.2871953461980555,-0.16779318267536905
2022-11-16,3958.7900390625,3983.090087890625,3954.340087890625,3976.820068359375,4165320000.0,-0.008252046497990273,-0.008286283111873759,0.2880010896697667,-0.17466059202787643
2022-11-17,3946.56005859375,3954.330078125,3906.5400390625,3919.260009765625,4051780000.0,-0.0030893228355314273,-0.0030941046442292835,0.28594361892650577,-0.17721033190798866
2022-11-18,3965.340087890625,3979.889892578125,3935.97998046875,3966.389892578125,4037360000.0,0.00475858190881473,0.00474729564815821,0.2763498160540005,-0.17329501987864634
2022-11-21,3949.93994140625,3962.0,3933.340087890625,3956.22998046875,3850690000.0,-0.003883688698329779,-0.003891249800275618,0.2751429907936893,-0.17650568466679664
2022-11-22,4003.580078125,4005.8798828125,3956.8798828125,3965.510009765625,3887990000.0,0.013579987927526016,0.01348860626982839,0.2734908492403048,-0.16532264180618536
2022-11-23,4027.260009765625,4033.780029296875,3998.659912109375,4000.300048828125,3279720000.0,0.0059146891478476515,0.0058972660417383116,0.2715930786709988,-0.16038578469372225
2022-11-25,4026.1201171875,4034.02001953125,4020.760009765625,4023.340087890625,1706460000.0,-0.0002830441976333642,-0.0002830842622024787,0.2699284525733704,-0.16062343262561518
2022-11-28,3963.93994140625,4012.27001953125,3955.77001953125,4005.360107421875,3615430000.0,-0.015444192913123267,-0.015564696794064813,0.2648132702969965,-0.17358692625890035
2022-11-29,3957.6298828125,3976.77001953125,3937.64990234375,3964.18994140625,3546040000.0,-0.0015918653377758885,-0.0015931337016243704,0.263190600768318,-0.17490246458567363
2022-11-30,4080.110107421875,4080.110107421875,3938.580078125,3957.179931640625,6579360000.0,0.030947872397389053,0.030478643521294944,0.2820797443707219,-0.14936745134427087
2022-12-01,4076.570068359375,4100.509765625,4050.8701171875,4087.139892578125,4527130000.0,-0.0008676332180498347,-0.0008680098296065889,0.2623894950607227,-0.15010548839983895
2022-12-02,4071.699951171875,4080.47998046875,4026.6298828125,4040.169921875,4012620000.0,-0.001194660488065602,-0.001195374663761461,0.2574721568412029,-0.15112082379187153
2022-12-05,3998.840087890625,4052.449951171875,3984.489990234375,4052.02001953125,4280820000.0,-0.017894212283564803,-0.01805624963097222,0.2670451832192169,-0.1663108479740374
2022-12-06,3941.260009765625,4001.510009765625,3918.389892578125,3996.6298828125,4368380000.0,-0.014399194981406072,-0.014503869422986057,0.27272970210814995,-0.1783153006279423
2022-12-07,3933.919921875,3957.570068359375,3922.679931640625,3933.280029296875,4118050000.0,-0.0018623708845491027,-0.001864107253381664,0.27261753873489153,-0.17984558228833225
2022-12-08,3963.510009765625,3974.18994140625,3935.830078125,3947.7900390625,4006900000.0,0.00752178195750397,0.007493634413933237,0.2600947601089986,-0.1736765595868214
2022-12-09,3934.3798828125,3977.02001953125,3933.0400390625,3954.169921875,3888260000.0,-0.007349578247904498,-0.0073767194642132125,0.17833837502653946,-0.17974968837021568
2022-12-12,3990.56005859375,3990.7099609375,3935.300048828125,3939.2900390625,3904130000.0,0.014279296218109305,0.01417830729965003,0.18267178327426853,-0.1680370911974575
2022-12-13,4019.64990234375,4100.9599609375,3993.030029296875,4069.3798828125,5079360000.0,0.0072896644387934195,0.007263223255457212,0.18121257234758065,-0.16197236076676452
2022-12-14,3995.320068359375,4053.760009765625,3965.64990234375,4015.5400390625,4472340000.0,-0.006052724634100337,-0.006071116623835963,0.18025103161330708,-0.16704471130280846
2022-12-15,3895.75,3958.3701171875,3879.449951171875,3958.3701171875,4493900000.0,-0.024921675023714007,-0.02523747790182607,0.19964247442130528,-0.1878033523170037
2022-12-16,3852.360107421875,3890.909912109375,3827.909912109375,3890.909912109375,7493660000.0,-0.011137750774080746,-0.011200239946011676,0.20292310594377522,-0.19684939615844077
2022-12-19,3817.659912109375,3854.860107421875,3800.0400390625,3853.7900390625,3969610000.0,-0.009007516001852345,-0.0090483289411038,0.20346133926200244,-0.20408378807444097
2022-12-20,3821.6201171875,3838.239990234375,3795.6201171875,3810.469970703125,3985370000.0,0.0010373383615349674,0.001036800697890769,0.20357286940675542,-0.20325815365524305
2022-12-21,3878.43994140625,3889.820068359375,3839.489990234375,3839.489990234375,3775200000.0,0.014867993802734736,0.014758548669054294,0.20487130139754534,-0.1914122008214098
2022-12-22,3822.389892578125,3853.260009765625,3764.489990234375,3853.260009765625,3956950000.0,-0.01445169956861636,-0.014557142498145655,0.20780429811389883,-0.20309766876998744
2022-12-23,3844.820068359375,3845.800048828125,3797.010009765625,3815.110107421875,2819280000.0,0.005868102525282026,0.005850952271915072,0.20984619107937572,-0.19842136418769352
2022-12-27,3829.25,3846.64990234375,3813.219970703125,3843.340087890625,3030300000.0,-0.004049622110409712,-0.004057844034659477,0.20409822111871284,-0.20166745475451106
2022-12-28,3783.219970703125,3848.320068359375,3780.780029296875,3829.56005859375,3083520000.0,-0.012020638322615351,-0.012093470442948605,0.2073827996536222,-0.21126392154208007
2022-12-29,3849.280029296875,3858.18994140625,3805.449951171875,3805.449951171875,3003680000.0,0.01746133164481911,0.01731063431499432,0.1837365678522714,-0.19749153929589228
2022-12-30,3839.5,3839.85009765625,3800.340087890625,3829.06005859375,2979870000.0,-0.0025407424823445934,-0.002543975646110833,0.18358554606234356,-0.19953050663444413
2023-01-03,3824.139892578125,3878.4599609375,3794.330078125,3853.2900390625,3959140000.0,-0.004000548879248611,-0.004008572481273608,0.1834912089814862,-0.20273282396900041
2023-01-04,3852.969970703125,3873.159912109375,3815.77001953125,3840.360107421875,4414080000.0,0.007538970575044379,0.007510694562138916,0.1782880262878118,-0.19672225018845393
2023-01-05,3808.10009765625,3839.739990234375,3802.419921875,3839.739990234375,3893450000.0,-0.011645528874622113,-0.011713869136457158,0.1759227083942369,-0.20607684441822574
2023-01-06,3895.080078125,3906.18994140625,3809.56005859375,3823.3701171875,3923560000.0,0.02284078102943865,0.02258383558903089,0.1959219673692734,-0.18794301946738157
2023-01-09,3892.090087890625,3950.570068359375,3890.419921875,3910.820068359375,4311770000.0,-0.0007676325452631305,-0.0007679273259905782,0.19363488351164165,-0.18856638083424654
2023-01-10,3919.25,3919.830078125,3877.2900390625,3888.570068359375,3851030000.0,0.006978233159061986,0.006953997970593733,0.19396790251122856,-0.18290400784660638
2023-01-11,3969.610107421875,3970.070068359375,3928.5400390625,3932.35009765625,4303360000.0,0.012849424614881588,0.012767571192293676,0.1926417369476523,-0.1724047944923094
2023-01-12,3983.169921875,3997.760009765625,3937.56005859375,3977.570068359375,4440260000.0,0.0034159058663651987,0.0034100849120427303,0.19112466083037236,-0.16957780717483997
2023-01-13,3999.090087890625,4003.949951171875,3947.669921875,3960.60009765625,3939700000.0,0.003996858363534361,0.003988892144656051,0.19053960135976622,-0.16625872728818208
2023-01-17,3990.969970703125,4015.389892578125,3984.570068359375,3999.280029296875,4235560000.0,-0.0020304911890052235,-0.002032555430996314,0.16591054551483012,-0.16795163159633344
2023-01-18,3928.860107421875,4014.159912109375,3926.590087890625,4002.25,4298710000.0,-0.015562598500411085,-0.015684966977744675,0.17104322326435628,-0.1809004662867218
2023-01-19,3898.85009765625,3922.93994140625,3885.5400390625,3911.840087890625,3991500000.0,-0.007638350296294338,-0.007667671901812428,0.17003650060572523,-0.1871570354527552
2023-01-20,3972.610107421875,3972.9599609375,3897.860107421875,3909.0400390625,4013360000.0,0.018918401045981525,0.01874167355235196,0.18125894938787773,-0.1717793462620459
2023-01-23,4019.81005859375,4039.31005859375,3971.639892578125,3978.139892578125,3945210000.0,0.01188134498366522,0.011811315951328555,0.17877893782454873,-0.16193897095238846
2023-01-24,4016.949951171875,4023.919921875,3989.7900390625,4001.739990234375,3320430000.0,-0.0007115031258156934,-0.0007117563642918193,0.16844424672735633,-0.1625352539941802
2023-01-25,4016.219970703125,4019.550048828125,3949.06005859375,3982.7099609375,3724020000.0,-0.0001817250594663422,-0.00018174157346566321,0.16820511382784886,-0.16268744232494906
2023-01-26,4060.429931640625,4061.570068359375,4013.2900390625,4036.080078125,3809590000.0,0.011007853469181317,0.010947708029114303,0.16925380296919174,-0.1534704283821566
2023-01-27,4070.56005859375,4094.2099609375,4048.699951171875,4053.719970703125,3907760000.0,0.002494840970949097,0.002491734021703855,0.1597322241009702,-0.15135847172376443
2023-01-30,4017.77001953125,4063.85009765625,4015.550048828125,4049.27001953125,3802000000.0,-0.012968740984683369,-0.013053569315292663,0.1616684529433962,-0.1623642838928248
2023-01-31,4076.60009765625,4077.159912109375,4020.43994140625,4020.85009765625,4679320000.0,0.014642470285510134,0.014536304416419527,0.1664014245761547,-0.15009922780964344
2023-02-01,4119.2099609375,4148.9501953125,4037.199951171875,4070.070068359375,4856930000.0,0.010452303944590291,0.01039805629688473,0.1662158916495309,-0.14121580661596778
2023-02-02,4179.759765625,4195.43994140625,4141.8798828125,4158.68017578125,5624360000.0,0.014699373244309921,0.014592384626854379,0.1702127527881929,-0.12859221722110215
2023-02-03,4136.47998046875,4182.35986328125,4123.35986328125,4136.68994140625,4694510000.0,-0.010354610691310495,-0.010408592637285455,0.16866335849979272,-0.1376153055651557
2023-02-06,4111.080078125,4124.6298828125,4093.3798828125,4119.56982421875,4114240000.0,-0.006140463017754394,-0.006159393193939262,0.15745260638202435,-0.14291074688841032
2023-02-07,4164.0,4176.5400390625,4088.389892578125,4105.35009765625,4355860000.0,0.01287251059802652,0.012790364037397075,0.16081297552365895,-0.1318778563942767
2023-02-08,4117.85986328125,4156.85009765625,4111.669921875,4153.47021484375,4029820000.0,-0.011080724476164705,-0.011142573012411353,0.16813627164154074,-0.14149727867922923
2023-02-09,4081.5,4156.22998046875,4069.669921875,4144.25,4270200000.0,-0.00882979617773516,-0.008869009831037385,0.16810463926215816,-0.14907768272652266
2023-02-10,4090.4599609375,4094.360107421875,4060.7900390625,4068.919921875,3891520000.0,0.0021952617756952897,0.0021928557092171274,0.16796609008710525,-0.1472096854893262
2023-02-13,4137.2900390625,4138.89990234375,4092.669921875,4096.6201171875,3448620000.0,0.011448609342766147,0.011383569951155146,0.1715323407221425,-0.1374464223271988
2023-02-14,4136.1298828125,4159.77001953125,4095.010009765625,4126.7001953125,3929200000.0,-0.0002804145319874607,-0.0002804538554937624,0.17113914520247414,-0.137688294884996
2023-02-15,4147.60009765625,4148.10986328125,4103.97998046875,4119.5,4075980000.0,0.002773175690496066,0.002769337533076689,0.15819942283187183,-0.13529695302674086
2023-02-16,4090.409912109375,4136.5400390625,4089.489990234375,4114.75,4143660000.0,-0.013788741489130674,-0.013884689204881605,0.16500100791950614,-0.14722011980631872
2023-02-17,4079.090087890625,4081.510009765625,4047.949951171875,4077.389892578125,4045480000.0,-0.002767405825327751,-0.0027712421722827342,0.15404586493387304,-0.14958010781448905
2023-02-21,3997.340087890625,4052.35009765625,3995.18994140625,4052.35009765625,4121590000.0,-0.020041234255327334,-0.020244783973471698,0.16660995099773995,-0.16662357208916914
2023-02-22,3991.050048828125,4017.3701171875,3976.89990234375,4001.830078125,4079320000.0,-0.0015735561458868341,-0.0015747954856433837,0.16666774952744143,-0.16793493668914541
2023-02-23,4012.320068359375,4028.300048828125,3969.18994140625,4018.60009765625,3952940000.0,0.005329429416074394,0.005315278263237728,0.16786761354004284,-0.1635005046646487
2023-02-24,3970.0400390625,3978.25,3943.080078125,3973.239990234375,3877700000.0,-0.010537551485558128,-0.010593464619774184,0.16656185209466676,-0.17231516116438833
2023-02-27,3982.239990234375,4018.050048828125,3973.550048828125,3992.360107421875,3836950000.0,0.0030730045671669703,0.0030682925395522777,0.16674040600166776,-0.1697716818744716
2023-02-28,3970.14990234375,3997.5,3968.97998046875,3977.18994140625,5043400000.0,-0.0030360018281855305,-0.0030406198309477117,0.16090317728387474,-0.17229225656611208
2023-03-01,3951.389892578125,3971.72998046875,3939.050048828125,3963.340087890625,4249480000.0,-0.004725264845680033,-0.004736464203492832,0.15110830052065166,-0.1762033948686574
2023-03-02,3981.35009765625,3990.840087890625,3928.159912109375,3938.679931640625,4244900000.0,0.0075821940867943916,0.0075535937311959735,0.14843654339549622,-0.16995720912050924
2023-03-03,4045.639892578125,4048.2900390625,3995.169921875,3998.02001953125,4084730000.0,0.0161477371607488,0.01601874917648306,0.15058406496102,-0.15655389630121277
2023-03-06,4048.419921875,4078.489990234375,4044.610107421875,4055.14990234375,4000870000.0,0.0006871667698291617,0.0006869307788483012,0.1471163364488542,-0.15597430816660907
2023-03-07,3986.3701171875,4050.0,3980.31005859375,4048.260009765625,3922500000.0,-0.015326919115337678,-0.015445590479262547,0.15486110370499026,-0.16891062167660642
2023-03-08,3992.010009765625,4000.409912109375,3969.760009765625,3987.550048828125,3535570000.0,0.0014147940136839399,0.0014137941356032722,0.1459043064999505,-0.16773480139931826
2023-03-09,3918.320068359375,4017.81005859375,3908.699951171875,3998.659912109375,4445260000.0,-0.01845935787384867,-0.018631857945482354,0.15423818640699652,-0.18309788254623802
2023-03-10,3861.590087890625,3934.050048828125,3846.320068359375,3912.77001953125,5518190000.0,-0.01447813845705137,-0.01458396943606664,0.1586472894493074,-0.19492510450859202
2023-03-13,3855.760009765625,3905.050048828125,3808.860107421875,3835.1201171875,6558020000.0,-0.001509761003189447,-0.001510901840738768,0.1576524410563727,-0.19614057519045172
2023-03-14,3919.2900390625,3937.2900390625,3873.6298828125,3894.010009765625,5665870000.0,0.016476655480623936,0.016342388235363665,0.1644692613055628,-0.18289566039301236
2023-03-15,3891.929931640625,3894.260009765625,3838.239990234375,3876.739990234375,6594010000.0,-0.00698088356543769,-0.007005363929353597,0.16488537249217838,-0.1885997706486226
2023-03-16,3960.280029296875,3964.4599609375,3864.110107421875,3878.929931640625,5695790000.0,0.017562006217166637,0.017409576249031722,0.17929017795666544,-0.17434995477614318
2023-03-17,3916.639892578125,3958.909912109375,3901.27001953125,3958.68994140625,9354280000.0,-0.011019457310067593,-0.011080621273953702,0.17715290473762144,-0.1834481702025428
2023-03-20,3951.570068359375,3956.6201171875,3916.889892578125,3917.469970703125,5347140000.0,0.008918403718310097,0.008878869635940853,0.18140467045679942,-0.17616583132748434
2023-03-21,4002.8701171875,4009.080078125,3971.18994140625,3975.889892578125,4920240000.0,0.012982193897784988,0.012898647518559103,0.17420129263485012,-0.16547065641015724
2023-03-22,3936.969970703125,4039.489990234375,3936.169921875,4002.0400390625,4533010000.0,-0.01646322377571363,-0.016600248639842885,0.18397265146236366,-0.17920969974107623
2023-03-23,3948.719970703125,4007.659912109375,3919.050048828125,3959.2099609375,4991600000.0,0.0029845287333754023,0.0029800838691824228,0.18314786566166785,-0.17676002750587758
2023-03-24,3970.989990234375,3972.739990234375,3909.159912109375,3939.2099609375,4583970000.0,0.005639807253104534,0.005623963084303207,0.1806751141598295,-0.17211711273795968
2023-03-27,3977.530029296875,4003.830078125,3970.489990234375,3982.929931640625,4233540000.0,0.0016469543057482383,0.0016455995637670831,0.18042632218822352,-0.1707536274521281
2023-03-28,3971.27001953125,3979.199951171875,3951.530029296875,3974.1298828125,4014600000.0,-0.0015738434957162095,-0.0015750832883878866,0.18017995269635473,-0.1720587314619089
2023-03-29,4027.81005859375,4030.590087890625,3999.530029296875,3999.530029296875,4145250000.0,0.014237268879836451,0.014136870775046802,0.18594258589520554,-0.16027110900501917
2023-03-30,4050.830078125,4057.85009765625,4032.10009765625,4046.739990234375,3930860000.0,0.005715269388667954,0.005698999199482652,0.1851850373074014,-0.1554718321795354
2023-03-31,4109.31005859375,4110.75,4056.179931640625,4056.179931640625,4525120000.0,0.014436542471763847,0.014333327782036555,0.18344426378867565,-0.14327976541619436
2023-04-03,4124.509765625,4127.66015625,4098.7900390625,4102.2001953125,4234700000.0,0.0036988464765423945,0.003692022565802823,0.18373378248432157,-0.14011088879512143
2023-04-04,4100.60009765625,4133.1298828125,4086.8701171875,4128.02978515625,4227800000.0,-0.005796972083329965,-0.005813839745162529,0.17533645224801092,-0.14509564196753552
2023-04-05,4090.3798828125,4099.68994140625,4072.56005859375,4094.5,3968020000.0,-0.002492370531228194,-0.002495481657121423,0.17588435887155926,-0.14722638039651423
2023-04-06,4105.02001953125,4107.31982421875,4069.840087890625,4081.14990234375,3486690000.0,0.0035791630944272956,0.0035727731328032467,0.15955086214162997,-0.14417416452932832
2023-04-10,4109.10986328125,4109.5,4072.550048828125,4085.199951171875,3423650000.0,0.0009963029974375814,0.0009958070170100843,0.1467168907320984,-0.1433215026841644
2023-04-11,4108.93994140625,4124.259765625,4102.60986328125,4110.2900390625,3665830000.0,-4.1352477946232646e-05,-4.135333298352082e-05,0.14619530609708578,-0.14335692846283168
2023-04-12,4091.949951171875,4134.3701171875,4086.93994140625,4121.72021484375,3633120000.0,-0.004134884052006904,-0.0041434563234613855,0.1396717520293845,-0.14689904823759295
2023-04-13,4146.22021484375,4150.259765625,4099.39990234375,4100.0400390625,3596590000.0,0.01326268999363811,0.013175510497831548,0.140483840403411,-0.13558463478109056
2023-04-14,4137.64013671875,4163.18994140625,4113.2001953125,4140.10986328125,3575690000.0,-0.0020693734728036706,-0.0020715175845779886,0.13098211778181887,-0.1373734330073585
2023-04-17,4151.31982421875,4151.72021484375,4123.18017578125,4137.169921875,3611180000.0,0.00330615690296554,0.0033007035826147536,0.12124169018549216,-0.1345214542282143
2023-04-18,4154.8701171875,4169.47998046875,4140.35986328125,4164.259765625,3536640000.0,0.0008552202959737354,0.0008548548034659753,0.11933253443214678,-0.13378127941014042
2023-04-19,4154.52001953125,4162.56982421875,4134.490234375,4139.330078125,3572560000.0,-8.42619976980652e-05,-8.426554793962826e-05,0.11307421239094784,-0.13385426872998074
2023-04-20,4129.7900390625,4148.56982421875,4114.56982421875,4130.47998046875,3772080000.0,-0.00595254815297297,-0.005970335188311131,0.09489173604083663,-0.13901004290285754
2023-04-21,4133.52001953125,4138.02001953125,4113.85986328125,4132.14013671875,3611750000.0,0.0009031888869577287,0.0009027812573008861,0.09500704840021734,-0.13823240634182518
2023-04-24,4137.0400390625,4142.41015625,4117.77001953125,4132.06982421875,3290940000.0,0.0008515791660903549,0.0008512167782723126,0.09429141949548676,-0.1374985430130541
2023-04-25,4071.6298828125,4126.43017578125,4071.3798828125,4126.43017578125,3978640000.0,-0.015810858882773227,-0.01593718381857645,0.11390354476048849,-0.15113543183566103
2023-04-26,4055.989990234375,4089.669921875,4049.35009765625,4087.780029296875,3837030000.0,-0.003841187197329843,-0.0038485835033448754,0.11491144657404648,-0.15439607954716084
2023-04-27,4135.35009765625,4138.240234375,4075.2900390625,4075.2900390625,3750550000.0,0.01956614972249704,0.019377193402696356,0.12397198012229968,-0.13785086663365012
2023-04-28,4169.47998046875,4170.06005859375,4127.18017578125,4129.6298828125,4087800000.0,0.008253202753460531,0.008219331313243467,0.125467192643476,-0.13073537503225732
2023-05-01,4167.8701171875,4186.919921875,4164.1201171875,4166.7900390625,3321370000.0,-0.0003861064902076494,-0.0003861810485107871,0.11592705994816568,-0.1310710037456653
2023-05-02,4119.580078125,4164.10009765625,4089.719970703125,4164.10009765625,4486130000.0,-0.011586262936400304,-0.011653906680571788,0.12325355872016205,-0.14113864356933042
2023-05-03,4090.75,4148.2998046875,4088.860107421875,4122.25,4246510000.0,-0.006998305064656485,-0.007022908054892971,0.12407418508729615,-0.1471492173498769
2023-05-04,4061.219970703125,4082.610107421875,4048.280029296875,4082.550048828125,4920090000.0,-0.007218732334382416,-0.007244913455062742,0.12640358490928189,-0.15330571887099673
2023-05-05,4136.25,4147.02001953125,4084.72998046875,4084.72998046875,4186270000.0,0.018474751389515376,0.018306166381879797,0.14229937060275333,-0.137663252524214
2023-05-08,4138.1201171875,4142.2998046875,4123.81005859375,4136.97998046875,3641640000.0,0.0004521286642489297,0.0004520264848820656,0.1422811961595852,-0.13727336536244492
2023-05-09,4119.169921875,4130.35009765625,4116.64990234375,4124.25,3810140000.0,-0.004579421277258522,-0.004589938949059595,0.14335989666906662,-0.14122415406956176
2023-05-10,4137.64013671875,4154.27978515625,4098.919921875,4143.740234375,4057160000.0,0.004483965263404999,0.004473942241914432,0.14322069134798315,-0.1373734330073585
2023-05-11,4130.6201171875,4132.7998046875,4109.2900390625,4132.240234375,3752900000.0,-0.0016966239932159066,-0.0016980648897067581,0.13535267733328285,-0.13883698593810362
2023-05-12,4124.080078125,4143.740234375,4099.1201171875,4138.5400390625,3533740000.0,-0.0015833068345566526,-0.0015845615894390477,0.1352738391679329,-0.1402004712239352
2023-05-15,4136.27978515625,4141.25,4110.27001953125,4126.64990234375,3562170000.0,0.0029581644391338813,0.002953797680316935,0.13516154783655346,-0.13765704283312574
2023-05-16,4109.89990234375,4135.5400390625,4109.85986328125,4127.9501953125,3654200000.0,-0.006377683373153031,-0.006398107681917463,0.13686522032886012,-0.14315679317300453
2023-05-17,4158.77001953125,4164.669921875,4113.6201171875,4122.85009765625,4039080000.0,0.011890829058788244,0.011820688622071574,0.14374658792482595,-0.1329682170704408
2023-05-18,4198.0498046875,4202.2001953125,4153.5,4157.68017578125,3980500000.0,0.009445048649426635,0.009400723063727155,0.14555034116916504,-0.12477905970007191
2023-05-19,4191.97998046875,4212.91015625,4180.2001953125,4204.14990234375,4041900000.0,-0.0014458676054706077,-0.0014469138806754414,0.1457713531762739,-0.12604451330528113
2023-05-22,4192.6298828125,4209.22021484375,4179.68017578125,4190.77978515625,3728520000.0,0.0001550346964389604,0.00015502267980239146,0.1457828601969715,-0.1259090198817003
2023-05-23,4145.580078125,4185.68017578125,4142.5400390625,4176.7998046875,4155320000.0,-0.011222026747550129,-0.011285468768284297,0.13955788046861098,-0.1357180922403802
2023-05-24,4115.240234375,4132.9599609375,4103.97998046875,4132.9599609375,0.0,-0.007318600335353365,-0.007345512678305211,0.14167201526188095,-0.14204342610034962
2023-05-25,4151.27978515625,4165.740234375,4129.72998046875,4155.7099609375,4147760000.0,0.008757581265902425,0.008719456079011883,0.1273931858438011,-0.1345298016818083
2023-05-26,4205.4501953125,4212.8701171875,4156.16015625,4156.16015625,3715460000.0,0.01304908677799732,0.012964680931640788,0.13237514494732494,-0.12323620596018367
2023-05-30,4205.52001953125,4231.10009765625,4192.18017578125,4226.7099609375,4228510000.0,1.660326849850513e-05,1.660313066576836e-05,0.13234994560376526,-0.12322164881550142
2023-05-31,4179.830078125,4195.43994140625,4166.14990234375,4190.740234375,5980670000.0,-0.006108624209833935,-0.006127358186214099,0.1269920432207478,-0.12857755827820536
2023-06-01,4221.02001953125,4232.43017578125,4171.64013671875,4183.02978515625,4391860000.0,0.009854453563032717,0.009806215085853812,0.12742186486181376,-0.1199901662924734
2023-06-02,4282.3701171875,4290.669921875,4241.009765625,4241.009765625,4454200000.0,0.014534424705965554,0.014429812390107408,0.13072518427500668,-0.10719972962394213
2023-06-05,4273.7900390625,4299.27978515625,4266.81982421875,4282.990234375,3813290000.0,-0.0020035816359177394,-0.002005591490657713,0.1176969336158772,-0.10898852785021003
2023-06-06,4283.85009765625,4288.330078125,4263.08984375,4271.33984375,3996560000.0,0.0023538963079141606,0.002351130233850576,0.11763668092159867,-0.10689117923560738
2023-06-07,4267.52001953125,4299.18994140625,4263.9599609375,4285.47021484375,4537800000.0,-0.0038120096998572883,-0.003819293926420617,0.11711817289065421,-0.11029571872338931
2023-06-08,4293.93017578125,4298.009765625,4261.06982421875,4268.68994140625,3826740000.0,0.0061886426142414575,0.00616957160752325,0.11779030428486778,-0.10478965689420773
2023-06-09,4298.85986328125,4322.6201171875,4291.7001953125,4304.8798828125,3786510000.0,0.001148059539441082,0.0011474010230505239,0.11708320539025587,-0.10376190211999872
2023-06-12,4338.93017578125,4340.1298828125,4304.3701171875,4308.31982421875,3945670000.0,0.009321148810237156,0.00927797498175416,0.11901034884173449,-0.09540793344025539
2023-06-13,4369.009765625,4375.3701171875,4349.31005859375,4352.60986328125,4275400000.0,0.006932489951473775,0.006908570725908897,0.1200167457917414,-0.08913685802864704
2023-06-14,4372.58984375,4391.81982421875,4337.85009765625,4366.2900390625,4252110000.0,0.0008194255259321714,0.0008190899801265841,0.11537527626568739,-0.08839047351948494
2023-06-15,4425.83984375,4439.2001953125,4362.60009765625,4365.330078125,4176690000.0,0.01217813742034668,0.012104580493589997,0.11566398832785393,-0.077288767432308
2023-06-16,4409.58984375,4448.47021484375,4407.43994140625,4440.9501953125,6848600000.0,-0.0036716195284263176,-0.0036783764677510893,0.11554977476028111,-0.08067661201290191
2023-06-20,4388.7099609375,4400.14990234375,4367.18994140625,4396.10986328125,4055790000.0,-0.0047351076976228645,-0.004746353835236048,0.11760395687057992,-0.08502970726396429
2023-06-21,4365.68994140625,4386.22021484375,4360.14013671875,4380.009765625,3709330000.0,-0.005245281583003636,-0.005259086366925201,0.1204453948487454,-0.08982898408944806
2023-06-22,4381.89013671875,4382.25,4351.81982421875,4355.39990234375,3511000000.0,0.003710798414438443,0.0037039303873345254,0.10975744982766686,-0.08645152292673938
2023-06-23,4348.330078125,4366.5498046875,4341.33984375,4354.169921875,6053620000.0,-0.007658808766684566,-0.007688288056502158,0.11018244523725708,-0.09344821601173937
2023-06-26,4328.81982421875,4362.06005859375,4328.080078125,4344.83984375,3415030000.0,-0.004486838293256468,-0.004496934363132171,0.11067938142598309,-0.09751576727095783
2023-06-27,4378.41015625,4384.419921875,4335.0,4337.35986328125,3573500000.0,0.011455854954693034,0.01139073352418076,0.10875327079389532,-0.08717703880191645
2023-06-28,4376.85986328125,4390.35009765625,4360.22021484375,4367.47998046875,3739330000.0,-0.00035407668843834283,-0.0003541393883898215,0.10885155492017877,-0.087500248133148
2023-06-29,4396.43994140625,4398.39013671875,4371.97021484375,4374.93994140625,3696660000.0,0.004473544672805918,0.00446356811449,0.10478368826723228,-0.08341813972924729
2023-06-30,4450.3798828125,4458.47998046875,4422.43994140625,4422.43994140625,3923450000.0,0.012269004495714109,0.0121943502618858,0.10729705213196769,-0.0721725927648955
2023-07-03,4455.58984375,4456.4599609375,4442.2900390625,4450.47998046875,2034280000.0,0.0011706778016009611,0.0011699930926736418,0.09789344322943098,-0.0710864058155284
2023-07-05,4446.81982421875,4454.06005859375,4436.60986328125,4442.0400390625,3482620000.0,-0.0019683184132291975,-0.0019702580976127164,0.09787442938570712,-0.07291480354726058
2023-07-06,4411.58984375,4422.6201171875,4385.0498046875,4422.6201171875,3682020000.0,-0.007922511336500904,-0.007954061175894762,0.1040059568842585,-0.08025964652605957
2023-07-07,4398.9501953125,4440.39013671875,4397.39990234375,4404.5400390625,3630480000.0,-0.0028651005386203243,-0.002869212795733482,0.10341824005560973,-0.0828947951081886
2023-07-10,4409.52978515625,4412.60009765625,4389.919921875,4394.22998046875,3429600000.0,0.002405026057131332,0.002402138610626312,0.10202537170595233,-0.08068913319329292
2023-07-11,4439.259765625,4443.64013671875,4408.4599609375,4415.5498046875,3624220000.0,0.0067422110558885695,0.006719583998254874,0.10379624705083625,-0.07449094530331032
2023-07-12,4472.16015625,4488.33984375,4463.22998046875,4467.68994140625,3920290000.0,0.007411233485312474,0.007383905235389679,0.10214424825601355,-0.06763178160618241
2023-07-13,4510.0400390625,4517.3798828125,4489.35986328125,4491.5,3839530000.0,0.008470153458069118,0.008434482989627111,0.1033499584796551,-0.05973447971696024
2023-07-14,4505.419921875,4527.759765625,4499.56005859375,4514.60986328125,3647450000.0,-0.0010244071333035398,-0.001024932196907484,0.10373858537559462,-0.060697694423137515
2023-07-17,4522.7900390625,4532.85009765625,4504.89990234375,4508.85986328125,3538240000.0,0.0038553825145495324,0.0038479695744204137,0.09642226764989496,-0.057076324738340414
2023-07-18,4554.97998046875,4562.2998046875,4514.58984375,4521.77978515625,4090010000.0,0.007117275205842377,0.007092066941428338,0.09694549862859575,-0.05036527744339892
2023-07-19,4565.72021484375,4578.43017578125,4557.47998046875,4563.8701171875,4115670000.0,0.002357910335732072,0.002355134827233639,0.09399053183364846,-0.04812612391591264
2023-07-20,4534.8701171875,4564.740234375,4527.56005859375,4554.3798828125,3761770000.0,-0.006756896218903741,-0.006779827396257691,0.09568313671917632,-0.05455783691009843
2023-07-21,4536.33984375,4555.0,4535.7900390625,4550.16015625,3570190000.0,0.0003240945218980773,0.0003240420146130911,0.0955905748354564,-0.054251424284269475
2023-07-24,4554.64013671875,4563.41015625,4541.2900390625,4543.39013671875,3856250000.0,0.004034153877153557,0.004026038496874852,0.08910304681548732,-0.05043612900073346
2023-07-25,4567.4599609375,4580.6201171875,4552.419921875,4555.18994140625,3812470000.0,0.002814673351556163,0.0028107195758387046,0.08538867464821105,-0.04776341687743139
2023-07-26,4566.75,4582.47021484375,4547.580078125,4558.9599609375,3990290000.0,-0.00015543889679858758,-0.00015545097867591856,0.07939796694431311,-0.04791143148140325
2023-07-27,4537.41015625,4607.06982421875,4528.56005859375,4598.259765625,4553210000.0,-0.006424666064487883,-0.006445393055197076,0.08467002950519298,-0.05402828259795151
2023-07-28,4582.22998046875,4590.16015625,4564.009765625,4565.75,3981010000.0,0.009877842794752345,0.009829375810433848,0.08894230764336576,-0.044684122685172224
2023-07-31,4588.9599609375,4594.22021484375,4573.14013671875,4584.81982421875,4503600000.0,0.0014687129405193122,0.0014676354365687912,0.08049597982645104,-0.04328103789387638
2023-08-01,4576.72998046875,4584.6201171875,4567.52978515625,4578.830078125,4042370000.0,-0.002665087639215691,-0.0026686453076827116,0.08186726367651778,-0.04583077777398862
2023-08-02,4513.39013671875,4550.93017578125,4505.75,4550.93017578125,4270710000.0,-0.013839541336347905,-0.013936200638336184,0.0977623807817949,-0.059036042166856435
2023-08-03,4501.89013671875,4519.490234375,4485.5400390625,4494.27001953125,4149120000.0,-0.0025479738404268204,-0.0025512254502915274,0.09316034585903772,-0.06143359371619981
2023-08-04,4478.02978515625,4540.33984375,4474.5498046875,4513.9599609375,4143310000.0,-0.005300074155050516,-0.0053141693739379705,0.0948997430106844,-0.06640806526894324
2023-08-07,4518.43994140625,4519.83984375,4491.14990234375,4491.580078125,3493920000.0,0.00902409277936278,0.008983618964856572,0.09907362724442113,-0.05798324503186539
2023-08-08,4499.3798828125,4503.31005859375,4464.39013671875,4498.02978515625,3884910000.0,-0.004218283044793103,-0.004227205100058866,0.09863312154302534,-0.0619569383372585
2023-08-09,4467.7099609375,4502.43994140625,4461.330078125,4501.56982421875,3803100000.0,-0.007038730380597102,-0.007063619102045116,0.09892655723095249,-0.06855957053369241
2023-08-10,4468.830078125,4527.3701171875,4457.919921875,4487.16015625,4504370000.0,0.00025071394456976925,0.00025068252108086326,0.09374715130765351,-0.06832604542948921
2023-08-11,4464.0498046875,4476.22998046875,4443.97998046875,4450.68994140625,3753290000.0,-0.0010696923700230787,-0.0010702648992294865,0.09375091918417242,-0.06932264995004253
2023-08-14,4489.72021484375,4490.330078125,4453.43994140625,4458.1298828125,3896410000.0,0.005750475751703066,0.005734004879419051,0.09512960822994977,-0.06397081241592104
2023-08-15,4437.85986328125,4478.8701171875,4432.18994140625,4478.8701171875,3832250000.0,-0.011550909428841738,-0.011618139396096483,0.09878536991539526,-0.07478280078445704
2023-08-16,4404.330078125,4449.9501953125,4403.5498046875,4433.7900390625,3753910000.0,-0.007555395210577687,-0.007584081792624527,0.10019458449783654,-0.08177318238015424
2023-08-17,4370.35986328125,4421.169921875,4364.830078125,4416.31982421875,3943700000.0,-0.007712913029036983,-0.0077428113775290805,0.10088538647743746,-0.08885538596538556
2023-08-18,4369.7099609375,4381.81982421875,4335.31005859375,4344.8798828125,3940400000.0,-0.00014870682600087726,-0.00014871788395720285,0.10076430049091274,-0.0889908793889664
2023-08-21,4399.77001953125,4407.5498046875,4360.2998046875,4380.27978515625,3726850000.0,0.006879188518795987,0.006855634859799785,0.10342614026519421,-0.08272387590594049
2023-08-22,4387.5498046875,4418.58984375,4382.77001953125,4415.330078125,3522760000.0,-0.002777466728829614,-0.0027813310465456837,0.1020660063253707,-0.0852715798217615
2023-08-23,4436.009765625,4443.18017578125,4396.43994140625,4396.43994140625,3837270000.0,0.011044879965972587,0.010984330710791359,0.1119324586621463,-0.0751685142194291
2023-08-24,4376.31005859375,4458.2998046875,4375.5498046875,4455.16015625,3723470000.0,-0.013457974663146133,-0.01354935398400801,0.11876722306650657,-0.08761487292274381
2023-08-25,4405.7099609375,4418.4599609375,4356.2900390625,4389.3798828125,3296180000.0,0.006717966037625089,0.006695501060295156,0.11516085610292352,-0.08148550062580452
2023-08-28,4433.31005859375,4439.56005859375,4414.97998046875,4426.02978515625,2957230000.0,0.006264619755036449,0.006245078594196461,0.11825614782907069,-0.07573135654773751
2023-08-29,4497.6298828125,4500.14013671875,4431.68017578125,4432.75,3354820000.0,0.01450830719454621,0.014404068712056505,0.13126285024832457,-0.06232178313824554
2023-08-30,4514.8701171875,4521.64990234375,4493.58984375,4500.33984375,3064110000.0,0.003833182103508026,0.003825854181192944,0.1226769228223974,-0.0587274917785217
2023-08-31,4507.66015625,4532.259765625,4507.39013671875,4517.009765625,3946360000.0,-0.0015969365120942491,-0.0015982129743398576,0.12245881744228504,-0.060230644214731115
2023-09-01,4515.77001953125,4541.25,4501.35009765625,4530.60009765625,3246260000.0,0.0017991292600010311,0.001797512765518541,0.1209083852707153,-0.05853987766908556
2023-09-05,4496.830078125,4514.2900390625,4496.009765625,4510.06005859375,3526250000.0,-0.004194177587506065,-0.004202997821381205,0.1175337963877542,-0.062488528613696644
2023-09-06,4465.47998046875,4490.35009765625,4442.3798828125,4490.35009765625,3418850000.0,-0.006971599351452862,-0.006996014491432261,0.11917909229528899,-0.06902448297959302
2023-09-07,4451.14013671875,4457.81005859375,4430.4599609375,4434.5498046875,3763760000.0,-0.0032112659361860363,-0.003216433115732967,0.11708066751242087,-0.07201409294482385
2023-09-08,4457.490234375,4473.52978515625,4448.3798828125,4451.2998046875,3259290000.0,0.0014266227216406246,0.0014256060622570594,0.11721296609043605,-0.07069020716445654
2023-09-11,4487.4599609375,4490.77001953125,4467.89013671875,4480.97998046875,3369920000.0,0.006723453106275201,0.006700951498135517,0.11960509099159024,-0.06444203635112444
2023-09-12,4461.89990234375,4487.10986328125,4456.830078125,4473.27001953125,3435740000.0,-0.005695885604828921,-0.005712169023003997,0.11955995980348796,-0.06977086748875512
2023-09-13,4467.43994140625,4479.39013671875,4453.52001953125,4462.64990234375,3529430000.0,0.0012416323054647016,0.0012408621175346041,0.11189764668453057,-0.06861586494634471
2023-09-14,4505.10009765625,4511.990234375,4478.68994140625,4487.77978515625,3648720000.0,0.00842991886716793,0.00839458553366625,0.11127778775278771,-0.06076437225367504
2023-09-15,4450.31982421875,4497.97998046875,4447.2099609375,4497.97998046875,6932230000.0,-0.012159612938677844,-0.012234145842493929,0.1170219593958679,-0.07218511394528651
2023-09-18,4453.52978515625,4466.35986328125,4442.10986328125,4445.1298828125,3161230000.0,0.0007212876971294246,0.0007210276941755188,0.11695864463318928,-0.07151589248276174
2023-09-19,4443.9501953125,4449.85009765625,4416.60986328125,4445.41015625,3614880000.0,-0.002151010615372817,-0.0021533273615331264,0.11528515019063461,-0.07351307165423626
2023-09-20,4402.2001953125,4461.02978515625,4401.3798828125,4452.81005859375,3308450000.0,-0.0093947947580596,-0.009439204206291041,0.1201192141482703,-0.08221722619206982
2023-09-21,4330.0,4375.7001953125,4329.169921875,4374.35986328125,3662340000.0,-0.01640093410321941,-0.016536918318488084,0.12678649367757627,-0.09726972098636362
2023-09-22,4320.06005859375,4357.39990234375,4316.490234375,4341.740234375,3349570000.0,-0.002295598477193961,-0.0022982374027607495,0.11826642570291379,-0.09934202724018423
2023-09-25,4337.43994140625,4338.509765625,4302.7001953125,4310.6201171875,3195650000.0,0.0040230650909416354,0.0040149942038066174,0.11642770710450671,-0.09571862159109591
2023-09-26,4273.52978515625,4313.009765625,4265.97998046875,4312.8798828125,3472340000.0,-0.014734533990868215,-0.014844165482264943,0.12340539435488909,-0.10904278629857111
2023-09-27,4274.509765625,4292.06982421875,4238.6298828125,4282.6298828125,3875880000.0,0.00022931406074522265,0.00022928777229479233,0.10795579159847687,-0.10883847728194695
2023-09-28,4299.7001953125,4317.27001953125,4264.3798828125,4269.64990234375,3846230000.0,0.005893173970516585,0.005875877143000698,0.10978979270425822,-0.10358670739273904
2023-09-29,4288.0498046875,4333.14990234375,4274.85986328125,4328.18017578125,3865960000.0,-0.002709582086142026,-0.002713259648289315,0.10974752871488766,-0.10601561279216724
2023-10-02,4288.39013671875,4300.580078125,4260.2099609375,4284.52001953125,3938660000.0,7.936755559079245e-05,7.936440615299324e-05,0.10902281544981114,-0.10594465943661814
2023-10-03,4229.4501953125,4281.14990234375,4216.4501953125,4269.75,3953830000.0,-0.013744071674259506,-0.013839395863449198,0.11606057924872497,-0.11823262011807575
2023-10-04,4263.75,4268.5,4220.47998046875,4233.830078125,3777600000.0,0.008109754957160709,0.008077047607828946,0.12149489091335496,-0.11108170273801568
2023-10-05,4258.18994140625,4267.1298828125,4225.91015625,4259.31005859375,3581470000.0,-0.001304030159777203,-0.0013048811469951228,0.12149550373015996,-0.1122408790072231
2023-10-06,4308.5,4324.10009765625,4219.5498046875,4234.7900390625,3902030000.0,0.011814893014644445,0.011745642093961117,0.13076674863676999,-0.10175209996991863
2023-10-09,4335.66015625,4341.72998046875,4283.7900390625,4289.02001953125,3174630000.0,0.00630385429964031,0.006284068119387409,0.13041945248297981,-0.09608967608317118
2023-10-10,4358.240234375,4385.4599609375,4339.64013671875,4339.75,3520240000.0,0.005207990781392224,0.005194476099985354,0.13173179522686504,-0.09138211944900698
2023-10-11,4376.9501953125,4378.64013671875,4345.33984375,4366.58984375,3601660000.0,0.00429300817103373,0.004283819500095073,0.13290961884382188,-0.08748141546345418
2023-10-12,4349.60986328125,4385.85009765625,4325.43017578125,4380.93994140625,3713140000.0,-0.00624643434611849,-0.006266024940654918,0.12926964189739892,-0.09318140289137469
2023-10-13,4327.77978515625,4377.10009765625,4311.97021484375,4360.490234375,3566560000.0,-0.005018858888767519,-0.005031495660219892,0.12394511233839525,-0.09773259746797301
2023-10-16,4373.6298828125,4383.330078125,4342.3701171875,4342.3701171875,3409960000.0,0.01059436938392988,0.010538642302589985,0.13087472303171338,-0.08817364332246977
2023-10-17,4373.2001953125,4393.56982421875,4337.5400390625,4345.22998046875,3794850000.0,-9.824505308242415e-05,-9.824987944376507e-05,0.1308180662403395,-0.08826322575128355
2023-10-18,4314.60009765625,4364.2001953125,4303.83984375,4357.35009765625,3686030000.0,-0.013399820506516447,-0.013490408251151898,0.13508626475450275,-0.10048033487540663
2023-10-19,4278.0,4339.5400390625,4269.68994140625,4321.35986328125,3969730000.0,-0.008482848196321058,-0.008519032328057976,0.12551852914443268,-0.10811082364426411
2023-10-20,4224.16015625,4276.56005859375,4223.02978515625,4273.85009765625,4004030000.0,-0.012585283719027562,-0.012665149196155915,0.13257051372251072,-0.11933550197463087
2023-10-23,4217.0400390625,4255.83984375,4189.22021484375,4210.39990234375,3776100000.0,-0.0016855698941634634,-0.0016869920654349177,0.13117754916499597,-0.12081992353936104
2023-10-24,4247.68017578125,4259.3798828125,4219.43017578125,4235.7900390625,3821820000.0,0.007265792222727274,0.0072395235196288195,0.12442377248532646,-0.11443198377743653
2023-10-25,4186.77001953125,4232.419921875,4181.419921875,4232.419921875,3869370000.0,-0.014339628627712542,-0.014443434657238052,0.13411413575970813,-0.12713070025464823
2023-10-26,4137.22998046875,4183.60009765625,4127.89990234375,4175.990234375,4277640000.0,-0.011832519778109618,-0.011903081205584871,0.13678147524022086,-0.13745894350758983
2023-10-27,4117.3701171875,4156.7001953125,4103.77978515625,4152.93017578125,4019500000.0,-0.004800280229768528,-0.00481183857862075,0.13714405164621374,-0.14159938228843405
2023-10-30,4166.81982421875,4177.47021484375,4132.93994140625,4139.39013671875,3911140000.0,0.012010022325859904,0.011938474300285915,0.145754486063682,-0.13128997170518628
2023-10-31,4193.7998046875,4195.5498046875,4153.1201171875,4171.330078125,4249470000.0,0.006474957307233353,0.006454084821688244,0.14056141880938872,-0.12566511135961186
2023-11-01,4237.85986328125,4245.64013671875,4197.740234375,4201.27001953125,4224900000.0,0.010505999486313922,0.010451194990191868,0.1427019944244095,-0.11647934946868967
2023-11-02,4317.77978515625,4319.72021484375,4268.259765625,4268.259765625,4669780000.0,0.01885855702012762,0.018682938934086474,0.15769380027134386,-0.09981742490218463
2023-11-03,4358.33984375,4373.6201171875,4334.22998046875,4334.22998046875,4570960000.0,0.009393730253031363,0.00934988354455146,0.15568355678385068,-0.09136135261323651
2023-11-06,4365.97998046875,4372.2099609375,4347.52978515625,4364.27001953125,3656340000.0,0.0017529924220356374,0.0017514577241005862,0.1543043055150387,-0.08976851594999875
2023-11-07,4378.3798828125,4386.259765625,4355.41015625,4366.2099609375,3791230000.0,0.0028401189192852616,0.0028360934017119537,0.1535471761798567,-0.08718335029121924
2023-11-08,4382.77978515625,4391.2001953125,4359.759765625,4384.3701171875,3729510000.0,0.0010049156221052513,0.0010044110324198868,0.15283861827283815,-0.08626604657980903
2023-11-09,4347.35009765625,4393.39990234375,4343.93994140625,4391.41015625,3900780000.0,-0.008083839306732843,-0.008116690699068705,0.1539924426402511,-0.09365252502836353
2023-11-10,4415.240234375,4418.02978515625,4353.33984375,4364.14990234375,3665080000.0,0.015616441094852496,0.015495759270772258,0.16216457047923694,-0.07949860307400068
2023-11-13,4411.5498046875,4421.759765625,4393.81982421875,4406.66015625,3326240000.0,-0.0008358389332403515,-0.0008361884413700847,0.15827071352078556,-0.08026799397965359
2023-11-14,4495.7001953125,4508.669921875,4458.97021484375,4458.97021484375,4700350000.0,0.019075017703661823,0.01889537047457725,0.1712547545978905,-0.06272408968219106
2023-11-15,4502.8798828125,4521.169921875,4495.31005859375,4505.2998046875,4347170000.0,0.0015970120755575135,0.0015957382078471765,0.1620014870548589,-0.06122724873528443
2023-11-16,4508.240234375,4511.990234375,4487.830078125,4497.080078125,3964520000.0,0.0011904273935798848,0.0011897193967137305,0.15712473659699236,-0.060109707935832514
2023-11-17,4514.02001953125,4520.1201171875,4499.66015625,4509.5498046875,3777240000.0,0.0012820490603360213,0.0012812279371779871,0.14657362498957116,-0.0589047224700726
2023-11-20,4547.3798828125,4557.10986328125,4510.35986328125,4511.7001953125,3644790000.0,0.007390278097329839,0.007363103793795633,0.14599384277837205,-0.05194976665304267
2023-11-21,4538.18994140625,4542.14013671875,4525.509765625,4538.77001953125,3511080000.0,-0.0020209310950652926,-0.002022975931757968,0.1467752069421891,-0.053865710849297414
2023-11-22,4556.6201171875,4568.43017578125,4545.0498046875,4553.0400390625,3042810000.0,0.00406112922094648,0.004052905094313324,0.13093571802223428,-0.05002333724068814
2023-11-24,4559.33984375,4560.31005859375,4552.7998046875,4555.83984375,1639500000.0,0.0005968736678840791,0.0005966956096450322,0.11731450088998813,-0.04945632118558273
2023-11-27,4550.43017578125,4560.52001953125,4546.31982421875,4554.85986328125,3403990000.0,-0.001954157460090089,-0.0019560693168983586,0.11459914245541143,-0.051313833206679385
2023-11-28,4554.89013671875,4568.14013671875,4540.509765625,4545.5498046875,3586240000.0,0.0009801185306033133,0.0009796385280502918,0.11238007106651311,-0.050384008314878166
2023-11-29,4550.580078125,4587.64013671875,4547.14990234375,4571.83984375,4418760000.0,-0.0009462486392383118,-0.0009466966151019382,0.1136945176522696,-0.051282581154809125
2023-11-30,4567.7998046875,4569.89013671875,4537.240234375,4554.8701171875,5399300000.0,0.0037840728581564065,0.003776931264994605,0.11117626336077616,-0.04769256532009685
2023-12-01,4594.6298828125,4599.39013671875,4554.7099609375,4559.43017578125,4397120000.0,0.005873742123607695,0.005856558953846637,0.09670509790286758,-0.042098957026392714
2023-12-04,4569.77978515625,4572.3701171875,4546.72021484375,4564.3701171875,4369910000.0,-0.005408509126972105,-0.005423188063826943,0.09826214709695216,-0.04727977356005153
2023-12-05,4567.18017578125,4578.56005859375,4551.68017578125,4557.25,3909950000.0,-0.0005688697261614362,-0.0005690315939348026,0.09879923857567341,-0.04782174725437491
2023-12-06,4549.33984375,4590.740234375,4546.5,4586.22998046875,4245680000.0,-0.003906202808869552,-0.003913851944943747,0.10114793281105675,-0.05154114861979436
2023-12-07,4585.58984375,4590.919921875,4565.22021484375,4568.83984375,3818880000.0,0.007968189065892917,0.007936610684821922,0.10329049805941345,-0.04398364917077719
2023-12-08,4604.3701171875,4609.22998046875,4574.06005859375,4576.2001953125,3707010000.0,0.00409549786994079,0.0040871341465037936,0.09584228201811701,-0.0400682862423276
2023-12-11,4622.43994140625,4623.7099609375,4593.39013671875,4593.39013671875,3823210000.0,0.003924494286698943,0.003916813547781492,0.08365221922389748,-0.03630103971606442
2023-12-12,4643.7001953125,4643.93017578125,4608.08984375,4618.2998046875,3808380000.0,0.00459935752021523,0.0045888127956924,0.08317577669749143,-0.03186864365585892
2023-12-13,4707.08984375,4709.68994140625,4643.22998046875,4646.2001953125,5063650000.0,0.013650676351045998,0.01355834517501981,0.0704633678452198,-0.018652995845105873
2023-12-14,4719.5498046875,4738.56982421875,4694.33984375,4721.0400390625,6314040000.0,0.0026470624846992585,0.002643565185154432,0.0704231283130231,-0.016055309005935346
2023-12-15,4719.18994140625,4725.52978515625,4704.68994140625,4714.22998046875,8218980000.0,-7.62494933082003e-05,-7.625240044859478e-05,0.07084185605998754,-0.016130334290066887
2023-12-18,4740.56005859375,4749.52001953125,4725.580078125,4725.580078125,4060340000.0,0.004528344366900416,0.004518122263400515,0.07116367145789329,-0.011675033631585136
2023-12-19,4768.3701171875,4768.68994140625,4743.72021484375,4743.72021484375,4026970000.0,0.005866407818910568,0.005849267450818904,0.06996988344952866,-0.005877116321256841
2023-12-20,4698.35009765625,4778.009765625,4697.81982421875,4764.72998046875,4201320000.0,-0.014684266911006771,-0.014793147965305628,0.09186709517955303,-0.020475082087535266
2023-12-21,4746.75,4748.7099609375,4708.35009765625,4724.2900390625,3431180000.0,0.010301467821202559,0.010248769307271876,0.09645908604237387,-0.010384537665593883
2023-12-22,4754.6298828125,4772.93994140625,4736.77001953125,4753.919921875,3046770000.0,0.0016600585268868873,0.0016586821527610754,0.09632131490849084,-0.008741718079006613
2023-12-26,4774.75,4784.72021484375,4758.4501953125,4758.85986328125,2513910000.0,0.0042316894655107795,0.004222761046978559,0.09536521868223416,-0.004547020849801315
2023-12-27,4781.580078125,4785.39013671875,4768.89990234375,4773.4501953125,2748450000.0,0.0014304577464787638,0.0014294356164229985,0.09528932601627844,-0.003123067424520441
2023-12-28,4783.35009765625,4793.2998046875,4780.97998046875,4786.43994140625,2698860000.0,0.0003701746080437829,0.0003701061103271183,0.09478401199515653,-0.0027540488967364002
2023-12-29,4769.830078125,4788.43017578125,4751.990234375,4782.8798828125,3126060000.0,-0.0028264750133749628,-0.0028304770367338357,0.0964846859432179,-0.0055727396597191085
2024-01-02,4742.830078125,4754.330078125,4722.669921875,4745.2001953125,3743050000.0,-0.005660579005492328,-0.005676660799723162,0.09927533508231108,-0.011201773732090513
2024-01-03,4704.81005859375,4729.2900390625,4699.7099609375,4725.06982421875,3950760000.0,-0.008016314922730805,-0.008048618327197648,0.10213066737771158,-0.01912829170889172
2024-01-04,4688.68017578125,4726.77978515625,4687.52978515625,4697.419921875,3715480000.0,-0.0034283812973570083,-0.003434271663317429,0.10338291292840593,-0.022491093928703583
2024-01-05,4697.240234375,4721.490234375,4682.10986328125,4690.56982421875,3844370000.0,0.0018256861788026324,0.0018240216394339805,0.1015250940033934,-0.020706469429232682
2024-01-08,4763.5400390625,4764.5400390625,4699.81982421875,4703.7001953125,3742320000.0,0.014114629309846638,0.014015945436353141,0.10860447721953048,-0.00688410425969539
2024-01-09,4756.5,4765.47021484375,4730.35009765625,4741.93017578125,3529960000.0,-0.0014779006799081618,-0.0014789938523175842,0.10891698295164452,-0.008351830917237542
2024-01-10,4783.4501953125,4790.7998046875,4756.2001953125,4759.93994140625,3498680000.0,0.00566597189372442,0.005649980650495912,0.10957239010039085,-0.0027331802627513714
2024-01-11,4780.240234375,4798.5,4739.580078125,4792.1298828125,3759890000.0,-0.0006710555783868699,-0.0006712808369611647,0.10933125955134962,-0.0034024017252761406
2024-01-12,4783.830078125,4802.39990234375,4768.97998046875,4791.18017578125,3486340000.0,0.0007509755941104146,0.0007506937530339595,0.09952958659549578,-0.0026539812518228244
2024-01-16,4765.97998046875,4782.33984375,4747.1201171875,4772.35009765625,4260550000.0,-0.0037313402367431525,-0.0037383190523568345,0.10054191509598054,-0.006375418581533498
2024-01-17,4739.2099609375,4744.22998046875,4714.81982421875,4739.1298828125,3928600000.0,-0.005616897183990499,-0.005632731271107821,0.10286438162158716,-0.011956505694846619
2024-01-18,4780.93994140625,4785.7900390625,4740.56982421875,4760.10009765625,4019000000.0,0.008805260963896,0.008766720726243148,0.10627254961598852,-0.0032565248838100627
2024-01-19,4839.81005859375,4842.06982421875,4785.8701171875,4796.27978515625,4287200000.0,0.012313502764936146,0.012238308232548512,0.11281680183998699,0.0
2024-01-22,4850.43017578125,4868.41015625,4844.0498046875,4853.419921875,4297610000.0,0.0021943252026270788,0.0021919211872316853,0.09676031901237715,0.0
2024-01-23,4864.60009765625,4866.47998046875,4844.3701171875,4856.7998046875,3912800000.0,0.002921374261968035,0.002917115340764486,0.09141346037738282,0.0
2024-01-24,4868.5498046875,4903.68017578125,4865.93994140625,4888.56005859375,4330030000.0,0.0008119284117831249,0.0008115989762168653,0.09140976083416885,0.0
2024-01-25,4894.16015625,4898.14990234375,4869.33984375,4886.66015625,4020430000.0,0.005260365527706368,0.00524657813497798,0.09193194440674286,0.0
2024-01-26,4890.97021484375,4906.68994140625,4881.47021484375,4888.91015625,3353400000.0,-0.0006517852510764532,-0.0006519977554263648,0.09217015696613756,-0.0006517852510764982
2024-01-29,4927.93017578125,4929.31005859375,4887.39990234375,4892.9501953125,3525160000.0,0.007556774896180896,0.007528365505246204,0.09484984739601351,0.0
2024-01-30,4924.97021484375,4931.08984375,4916.27001953125,4925.89013671875,3836130000.0,-0.0006006499345398986,-0.0006008303969786162,0.09382785277144486,-0.0006006499345398582
2024-01-31,4845.64990234375,4906.75,4845.14990234375,4899.18994140625,4696120000.0,-0.016105744611597972,-0.016236851740733683,0.11066731031774378,-0.01669672063169111
2024-02-01,4906.18994140625,4906.97021484375,4853.52001953125,4861.10986328125,4386090000.0,0.012493688211609788,0.012416286114049784,0.11212887118131708,-0.004411636041810071
2024-02-02,4958.60986328125,4975.2900390625,4907.990234375,4916.06005859375,3974350000.0,0.01068444607751462,0.01062777072263312,0.114024977292822,0.0
2024-02-05,4942.81005859375,4957.18994140625,4918.08984375,4957.18994140625,4023640000.0,-0.0031863375266721894,-0.0031914247092839714,0.1159668883258508,-0.0031863375266722093
2024-02-06,4954.22998046875,4957.77001953125,4934.8798828125,4950.16015625,4440880000.0,0.0023104108269635937,0.0023077459317481074,0.10776767645294325,-0.0008832884484285097
2024-02-07,4995.06005859375,4999.89013671875,4969.0498046875,4973.0498046875,4895590000.0,0.008241457963390042,0.008207682594008628,0.10914139874306072,0.0
2024-02-08,4997.91015625,5000.39990234375,4987.08984375,4995.16015625,4341860000.0,0.0005705832608251526,0.000570420540090595,0.10865245145235775,0.0
2024-02-09,5026.60986328125,5030.06005859375,5000.33984375,5004.169921875,3912990000.0,0.0057423415255595245,0.0057259171287955156,0.1087886334021885,0.0
2024-02-12,5021.83984375,5048.39013671875,5016.830078125,5026.830078125,3805740000.0,-0.0009489536011326738,-0.0009494041426524416,0.10931993835637624,-0.0009489536011327217
2024-02-13,4953.169921875,4971.2998046875,4920.31005859375,4967.93994140625,4302190000.0,-0.013674255653625456,-0.013768609419845444,0.12189781494496528,-0.014610233020612857
2024-02-14,5000.6201171875,5002.52001953125,4956.4501953125,4976.43994140625,3845600000.0,0.009579763275017639,0.009534168304216807,0.12131108977606894,-0.005170432319325558
2024-02-15,5029.72998046875,5032.72021484375,4999.43994140625,5003.14013671875,4137970000.0,0.005821250684729495,0.00580437267404004,0.11978737704385568,0.0
2024-02-16,5005.56982421875,5038.7001953125,4999.52001953125,5031.1298828125,3833270000.0,-0.0048034698371121065,-0.0048150435759610425,0.11672425935580269,-0.004803469837112086
2024-02-20,4975.509765625,4993.7099609375,4955.02001953125,4989.31982421875,4034880000.0,-0.006005322001165325,-0.0060234264658172495,0.11985081352065433,-0.010779945455182646
2024-02-21,4981.7998046875,4983.2099609375,4946.0,4963.02978515625,3788390000.0,0.001264199922982101,0.0012634014951035982,0.1196935848176908,-0.009529373538414702
2024-02-22,5087.02978515625,5094.39013671875,5038.830078125,5038.830078125,4051710000.0,0.02112288421741404,0.02090288866640342,0.1386031102070152,0.0
2024-02-23,5088.7998046875,5111.06005859375,5081.4599609375,5100.919921875,3672790000.0,0.0003479475462115911,0.000347887026502183,0.13826293308008697,0.0
2024-02-26,5069.52978515625,5097.66015625,5068.91015625,5093.0,3683930000.0,-0.003786751350190576,-0.003793939244668484,0.13949151121964795,-0.0037867513501905897
2024-02-27,5078.18017578125,5080.68994140625,5057.2900390625,5074.60009765625,3925950000.0,0.0017063496993998672,0.001704895538720964,0.1378375529429563,-0.0020868631728188304
2024-02-28,5069.759765625,5077.3701171875,5058.35009765625,5067.2001953125,3789370000.0,-0.001658155060430544,-0.001659531321112244,0.13810271477036115,-0.003741557890518988
2024-02-29,5096.27001953125,5104.990234375,5061.89013671875,5085.35986328125,5219740000.0,0.005229094697149161,0.0052154704557999644,0.12168356554279199,0.0
2024-03-01,5137.080078125,5140.330078125,5094.16015625,5098.509765625,4748110000.0,0.00800782894888763,0.007975936433387976,0.11785515521187688,0.0
2024-03-04,5130.9501953125,5149.669921875,5127.18017578125,5130.990234375,4758440000.0,-0.0011932620709189656,-0.0011939745749630112,0.11418865607070554,-0.0011932620709189659
2024-03-05,5078.64990234375,5114.5400390625,5056.81982421875,5110.52001953125,4418410000.0,-0.010193100883444606,-0.010245406275917994,0.12075934964194589,-0.011374199913694283
2024-03-06,5104.759765625,5127.97021484375,5092.22021484375,5108.02978515625,4559050000.0,0.005141103203274655,0.005127932853001643,0.12146713689794245,-0.006291572646030603
2024-03-07,5157.35986328125,5165.6201171875,5128.2099609375,5132.3798828125,4137980000.0,0.010304127925951478,0.010251402284983627,0.12316946645358026,0.0
2024-03-08,5123.68994140625,5189.259765625,5117.5,5164.4599609375,4208870000.0,-0.0065285190034379825,-0.006549922992050337,0.12650596499808764,-0.006528519003437991
2024-03-11,5117.93994140625,5124.66015625,5091.14013671875,5111.9599609375,3896430000.0,-0.001122238087346461,-0.0011228682680281005,0.12561967421055706,-0.007643430538104819
2024-03-12,5175.27001953125,5179.8701171875,5114.47998046875,5134.2998046875,4080510000.0,0.011201787981366396,0.011139512586668012,0.13049342549932294,0.0
2024-03-13,5165.31005859375,5179.14013671875,5151.8798828125,5173.490234375,4282890000.0,-0.0019245297153407392,-0.0019263840021219723,0.11831189581181323,-0.0019245297153407512
2024-03-14,5150.47998046875,5176.85009765625,5123.2998046875,5175.14013671875,4687970000.0,-0.0028710915621273925,-0.002875221051495188,0.11614576969640673,-0.004790095776441314
2024-03-15,5117.08984375,5136.85986328125,5104.35009765625,5123.31005859375,7753670000.0,-0.006482917484461503,-0.0065040228597376655,0.11826085259307006,-0.01124195946524152
2024-03-18,5149.419921875,5175.60009765625,5145.47021484375,5154.77001953125,4036220000.0,0.006318059504952345,0.006298184238480456,0.11776470514160682,-0.0049949273291427934
2024-03-19,5178.509765625,5180.31005859375,5131.58984375,5139.08984375,4031760000.0,0.0056491496501236416,0.00563325304434312,0.11523912897156804,0.0
2024-03-20,5224.6201171875,5226.18994140625,5171.5498046875,5181.68994140625,4064850000.0,0.008904173912846591,0.008864765516360184,0.11772712141022831,0.0
2024-03-21,5241.52978515625,5261.10009765625,5240.66015625,5253.43017578125,4207730000.0,0.0032365354015160275,0.003231309094528888,0.09545377879582619,0.0
2024-03-22,5234.18017578125,5246.08984375,5229.8701171875,5242.47998046875,3374700000.0,-0.0014021878490156903,-0.0014031718343267125,0.09593427584130108,-0.0014021878490157063
2024-03-25,5218.18994140625,5229.08984375,5216.08984375,5219.52001953125,3331360000.0,-0.0030549644525015296,-0.0030596403820319297,0.095440277091904,-0.004452868667482778
2024-03-26,5203.580078125,5235.16015625,5203.419921875,5228.85009765625,3871790000.0,-0.002799795225030266,-0.002803721982805726,0.09661214718800398,-0.007240196772080104
2024-03-27,5248.490234375,5249.259765625,5213.919921875,5226.31005859375,3850500000.0,0.008630626525532925,0.008593595582706042,0.09937513256662318,0.0
2024-03-28,5254.35009765625,5264.85009765625,5245.81982421875,5248.02978515625,3998270000.0,0.0011164855071790214,0.0011158627007616052,0.09853122344047636,0.0
2024-04-01,5243.77001953125,5263.9501953125,5229.2001953125,5257.97021484375,3325930000.0,-0.0020135845401164643,-0.0020156145269577246,0.09621409548282996,-0.002013584540116453
2024-04-02,5205.81005859375,5208.33984375,5184.0498046875,5204.2900390625,3886590000.0,-0.0072390590731691296,-0.007265388203672426,0.10039638876375806,-0.009238067155850868
2024-04-03,5211.490234375,5228.75,5194.3701171875,5194.3701171875,3703250000.0,0.001091122364688113,0.001090527523337898,0.09165153604343484,-0.008157024652842989
2024-04-04,5147.2099609375,5256.58984375,5146.06005859375,5244.0498046875,4075680000.0,-0.012334336350379616,-0.01241103561926225,0.10242488236385879,-0.02039074951753611
2024-04-05,5204.33984375,5222.18017578125,5157.2099609375,5158.9501953125,3386780000.0,0.011099194174331695,0.011038050135699558,0.10345978880500824,-0.009517876231459629
2024-04-08,5202.39013671875,5219.56982421875,5197.35009765625,5211.3701171875,3278180000.0,-0.00037463099831791524,-0.0003747011900415767,0.10018593821665321,-0.00988894153830313
2024-04-09,5209.91015625,5224.81005859375,5160.77978515625,5217.02978515625,3400680000.0,0.0014454931932483817,0.0014444494736345207,0.09995947582894957,-0.008457742742736696
2024-04-10,5160.64013671875,5178.43017578125,5138.7001953125,5167.8798828125,3845930000.0,-0.009456980649108493,-0.009501981832212592,0.09873519481539916,-0.01783473868239198
2024-04-11,5199.06005859375,5211.77978515625,5138.77001953125,5172.9501953125,3509380000.0,0.007444797710585593,0.007417221983342437,0.10201118104974304,-0.010522716993517927
2024-04-12,5123.41015625,5175.02978515625,5107.93994140625,5171.509765625,3963220000.0,-0.01455068829580164,-0.014657587802248536,0.11469904234984811,-0.024920292514321978
2024-04-15,5061.81982421875,5168.43017578125,5052.47021484375,5149.669921875,3950210000.0,-0.01202135494776202,-0.012094195787459195,0.12031213508097723,-0.036642071780367255
2024-04-16,5051.41015625,5079.83984375,5039.830078125,5064.58984375,4006200000.0,-0.0020565070133361507,-0.0020586245275039964,0.11763684257057458,-0.038623224116103944
2024-04-17,5022.2099609375,5077.9599609375,5007.25,5068.97021484375,3596130000.0,-0.005780602724641426,-0.005797375076004185,0.11612633154831835,-0.044180561326185364
2024-04-18,5011.1201171875,5056.66015625,5001.89013671875,5031.52001953125,3619760000.0,-0.002208160119998248,-0.0022106017004853043,0.10943641780099701,-0.046291163692583966
2024-04-19,4967.22998046875,5019.02001953125,4953.56005859375,5005.43994140625,3878750000.0,-0.00875854812743615,-0.008797129654056974,0.1100122859457147,-0.054644268434943556
2024-04-22,5010.60009765625,5038.83984375,4969.39990234375,4987.330078125,3820250000.0,0.008731248071466746,0.00869335115683908,0.11717991215264825,-0.04639013302686604
2024-04-23,5070.5498046875,5076.1201171875,5027.9599609375,5028.85009765625,3751400000.0,0.011964576270872662,0.01189356656772209,0.12728173816176047,-0.03498059504080928
2024-04-24,5071.6298828125,5089.47998046875,5047.02001953125,5084.85986328125,3656740000.0,0.0002130100613548791,0.00021298737793290078,0.1273019435192334,-0.03477503619815017
2024-04-25,5048.419921875,5057.75,4990.580078125,5019.8798828125,3958050000.0,-0.004576430353515626,-0.0045869342701194095,0.12223397081322648,-0.03919232102046398
2024-04-26,5099.9599609375,5114.6201171875,5073.14013671875,5084.64990234375,3604140000.0,0.01020914263474304,0.010157381332325343,0.12924734280456418,-0.029383298381205528
2024-04-29,5116.169921875,5123.490234375,5088.64990234375,5114.1298828125,3447450000.0,0.0031784486665891176,0.0031734080766393944,0.13027646283286407,-0.026298243020176082
2024-04-30,5035.68994140625,5110.830078125,5035.31005859375,5103.77978515625,4082470000.0,-0.01573051358686217,-0.015855551118928123,0.13884013735805747,-0.041615071737898725
2024-05-01,5018.39013671875,5096.1201171875,5013.4501953125,5029.02978515625,4544170000.0,-0.0034354388154940185,-0.0034413534856316866,0.13858052074648727,-0.04490754452063483
2024-05-02,5064.2001953125,5073.2099609375,5011.0498046875,5049.31982421875,4381660000.0,0.009128437077573048,0.009087024725084856,0.1379378576987003,-0.036189043137526765
2024-05-03,5127.7900390625,5139.1201171875,5101.22021484375,5122.77978515625,3924990000.0,0.012556739721478527,0.012478557659508005,0.13966331084711486,-0.024086719811495478
2024-05-06,5180.740234375,5181.0,5142.419921875,5142.419921875,3683250000.0,0.01032612390701182,0.010273173691247842,0.14504422534649458,-0.014009318357770705
2024-05-07,5187.7001953125,5200.22998046875,5178.9599609375,5187.2001953125,3987890000.0,0.0013434298232750663,0.0013425282288256131,0.14502927035412277,-0.012684709070581305
2024-05-08,5187.669921875,5191.9501953125,5165.85986328125,5168.97998046875,3842100000.0,-5.835618166138978e-06,-5.835635193424912e-06,0.1408190180447877,-0.012690470665628712
2024-05-09,5214.080078125,5215.2998046875,5180.41015625,5189.02978515625,3727370000.0,0.005090947698625836,0.005078032639106711,0.13948085511136482,-0.0076641294894325375
2024-05-10,5222.68017578125,5239.66015625,5209.68017578125,5225.490234375,3617900000.0,0.001649398844549843,0.001648040080166728,0.12807304994319432,-0.006027371851206994
2024-05-13,5221.419921875,5237.259765625,5211.16015625,5233.080078125,4255710000.0,-0.00024130405535727206,-0.00024133317386520824,0.11861125048361375,-0.006267221477293415
2024-05-14,5246.68017578125,5250.3701171875,5217.97998046875,5221.10009765625,4763580000.0,0.004837813139759728,0.004826148527454041,0.1183488057669941,-0.0014597279839463377
2024-05-15,5308.14990234375,5311.759765625,5263.259765625,5263.259765625,4360810000.0,0.011715927882596233,0.01164782778729962,0.11950193374386424,0.0
2024-05-16,5297.10009765625,5325.490234375,5296.18994140625,5310.06982421875,3817470000.0,-0.0020816677921287052,-0.0020838374740880464,0.11943270665933821,-0.002081667792128683
2024-05-17,5303.27001953125,5305.4501953125,5283.58984375,5303.10009765625,3578120000.0,0.0011647735102702228,0.0011640956878937513,0.11160941400230726,-0.000919318953359879
2024-05-20,5308.1298828125,5325.31982421875,5302.39990234375,5305.35009765625,3420100000.0,0.0009163899374069473,0.0009159703084911664,0.11000259974175135,-3.7714705911301817e-06
2024-05-21,5321.41015625,5324.31982421875,5297.8701171875,5298.68994140625,3662240000.0,0.002501874243978186,0.0024987497668926086,0.10472562283914681,0.0
2024-05-22,5307.009765625,5323.18017578125,5286.009765625,5319.27978515625,3847130000.0,-0.002706123039226127,-0.0027097912093521476,0.10604609465640379,-0.0027061230392261214
2024-05-23,5267.83984375,5341.8798828125,5256.93017578125,5340.259765625,3869520000.0,-0.0073807894850155265,-0.007408162283471933,0.10889943316442677,-0.010066939199768624
2024-05-24,5304.72021484375,5311.64990234375,5278.39013671875,5281.4501953125,3005510000.0,0.0070010425881694704,0.0069766490766732595,0.10634394502205298,-0.0031363756816692005
2024-05-28,5306.0400390625,5315.91015625,5280.89013671875,5315.91015625,3751540000.0,0.0002488018529340774,0.00024877090688591537,0.1064110437908721,-0.0028883541648162163
2024-05-29,5266.9501953125,5282.27001953125,5262.7001953125,5278.72998046875,3552750000.0,-0.007367046509680453,-0.007394317215742535,0.09087207724756868,-0.010234122035028015
2024-05-30,5235.47998046875,5260.2099609375,5222.10009765625,5259.77001953125,3818750000.0,-0.005975035585443322,-0.005992957535754186,0.09340584072316493,-0.016148008377126304
2024-05-31,5277.509765625,5280.330078125,5191.68017578125,5243.2099609375,5437160000.0,0.00802787620486467,0.007995824231928897,0.09240084735693749,-0.008249766384468402
2024-06-03,5283.39990234375,5302.10986328125,5234.31982421875,5297.14990234375,4046920000.0,0.0011160825806737495,0.0011154602235352391,0.0838172494181704,-0.007142891224350923
2024-06-04,5291.33984375,5298.7998046875,5257.6298828125,5278.240234375,3707900000.0,0.0015028090913065117,0.0015016810037827531,0.07715076844931665,-0.0056508165349146025
2024-06-05,5354.02978515625,5354.16015625,5297.64013671875,5314.47998046875,3591460000.0,0.011847649793331305,0.011778015849957281,0.08604440602658842,0.0
2024-06-06,5352.9599609375,5362.35009765625,5335.35986328125,5357.7998046875,3609990000.0,-0.00019981663563317653,-0.00019983660163685183,0.08609450855373779,-0.00019981663563322494
2024-06-07,5346.990234375,5375.080078125,5331.330078125,5343.81005859375,3692760000.0,-0.0011152197300303701,-0.0011158420502790662,0.08555111015384763,-0.00131481352620913
2024-06-10,5360.7900390625,5365.7900390625,5331.52001953125,5341.22021484375,3622280000.0,0.0025808546645145203,0.002577529978240972,0.08567077267031185,0.0
2024-06-11,5375.31982421875,5375.9501953125,5327.25,5353.0,3568030000.0,0.0027103813151374556,0.0027067148552095224,0.08560409236773267,0.0
2024-06-12,5421.02978515625,5447.25,5409.1298828125,5409.1298828125,3962840000.0,0.008503672791998707,0.008467720241887338,0.08843665558183751,0.0
2024-06-13,5433.740234375,5441.93017578125,5402.509765625,5441.93017578125,3530380000.0,0.0023446558536817097,0.00234191143711672,0.0802521001603007,0.0
2024-06-14,5431.60009765625,5432.39013671875,5403.75,5424.080078125,3438650000.0,-0.000393860697500914,-0.00039393828099749413,0.0795648044384648,-0.000393860697500966
2024-06-17,5473.22998046875,5488.5,5420.39990234375,5431.10986328125,3447840000.0,0.007664386564552705,0.007635164372320518,0.08272119841171642,0.0
2024-06-18,5487.02978515625,5490.3798828125,5471.31982421875,5476.14990234375,3544330000.0,0.0025213273947457537,0.0025181541815171163,0.08274681683581575,0.0
2024-06-20,5473.169921875,5505.52978515625,5455.56005859375,5499.990234375,3847060000.0,-0.0025259318472709014,-0.0025291273954115403,0.08398418288498126,-0.002525931847270868
2024-06-21,5464.6201171875,5478.31005859375,5452.02978515625,5466.77001953125,6773800000.0,-0.001562130321101196,-0.0015633517188252497,0.08333510337235063,-0.004084116333644407
2024-06-24,5447.8701171875,5490.66015625,5447.58984375,5459.580078125,3696750000.0,-0.003065171894990004,-0.0030698791558664423,0.078491807543344,-0.0071367697100326345
2024-06-25,5469.2998046875,5472.8798828125,5446.56005859375,5460.72998046875,3591960000.0,0.003933590015736899,0.003925873679181344,0.0764827876823474,-0.0032312528203717627
2024-06-26,5477.89990234375,5483.14013671875,5451.8701171875,5460.7099609375,3563920000.0,0.0015724312002203256,0.0015711962247204525,0.07633340624372828,-0.001663902542901909
2024-06-27,5482.8701171875,5490.81005859375,5467.5400390625,5473.58984375,3589530000.0,0.0009073212238914774,0.0009069098567990731,0.06867217403307953,-0.000758091013102009
2024-06-28,5460.47998046875,5523.64013671875,5451.1201171875,5488.47998046875,7199220000.0,-0.004083652583445674,-0.0040920134623695995,0.06601444273243898,-0.004838647816223575
2024-07-01,5475.08984375,5479.5498046875,5446.52978515625,5471.080078125,3488760000.0,0.0026755639309195,0.0026719909814295235,0.062313439220679265,-0.002176029996875622
2024-07-02,5509.009765625,5509.68994140625,5458.43017578125,5461.83984375,3329950000.0,0.006195317856513505,0.0061762057711850496,0.06409919898426338,0.0
2024-07-03,5537.02001953125,5539.27001953125,5507.419921875,5507.43994140625,2179470000.0,0.005084444409779065,0.0050715622695336636,0.06491147535344866,0.0
2024-07-05,5567.18994140625,5570.330078125,5531.6298828125,5537.91015625,3253080000.0,0.005448765178485582,0.00543397436096954,0.05586086432528901,0.0
2024-07-08,5572.85009765625,5583.10986328125,5562.509765625,5572.75,3185670000.0,0.0010166989647510949,0.0010161824764044329,0.05540447274288875,0.0
2024-07-09,5576.97998046875,5590.75,5574.56982421875,5584.240234375,3232920000.0,0.0007410719362856977,0.0007407974780654752,0.054396708204131644,0.0
2024-07-10,5633.91015625,5635.39013671875,5586.43994140625,5591.259765625,3336100000.0,0.010208065293514812,0.010156314878105886,0.06146202125017198,0.0
2024-07-11,5584.5400390625,5642.4501953125,5576.52978515625,5635.2099609375,4020950000.0,-0.008763028841120457,-0.008801649969266724,0.07333862965529174,-0.008763028841120419
2024-07-12,5615.35009765625,5655.56005859375,5590.43994140625,5590.759765625,3700280000.0,0.0055170270744306915,0.00550186402496512,0.07052239349287912,-0.0032943476340602145
2024-07-15,5631.22021484375,5666.93994140625,5614.75,5638.16015625,3620470000.0,0.0028262026252154904,0.0028222164233526843,0.0705954469412364,-0.00047745550277650473
2024-07-16,5667.2001953125,5669.669921875,5639.02001953125,5644.08984375,4041760000.0,0.006389375498743188,0.0063690499714532745,0.07189669423853556,0.0
2024-07-17,5588.27001953125,5622.490234375,5584.81005859375,5610.06982421875,4246450000.0,-0.013927543241993745,-0.014025441523645543,0.08895903216158789,-0.013927543241993702
2024-07-18,5544.58984375,5614.0498046875,5522.81005859375,5608.56005859375,4007510000.0,-0.007816403936922511,-0.007847112145350072,0.09413302859031422,-0.021635083875087818
2024-07-19,5505.0,5557.5,5497.0400390625,5543.3701171875,3760570000.0,-0.007140265531926926,-0.007165879226406085,0.09750471459509014,-0.028620869163341067
2024-07-22,5564.41015625,5570.35986328125,5529.0400390625,5544.5400390625,3375180000.0,0.01079203564940956,0.010734217246220293,0.10396205524925438,-0.018137710954259305
2024-07-23,5555.740234375,5585.33984375,5550.89990234375,5565.2998046875,3500210000.0,-0.001558102589770738,-0.0015593176939461904,0.10333244831203363,-0.019667553129619746
2024-07-24,5427.1298828125,5508.0400390625,5419.97998046875,5505.83984375,3945550000.0,-0.02314909375473495,-0.02342124222289286,0.134029668368062,-0.0423613608530309
2024-07-25,5399.22021484375,5491.58984375,5390.9501953125,5428.7001953125,4592120000.0,-0.005142620237842288,-0.005155889019717259,0.13485072063124542,-0.047286132699247814
2024-07-26,5459.10009765625,5488.31982421875,5430.7001953125,5433.669921875,3638770000.0,0.011090468702846357,0.011029420409570924,0.1411153001284541,-0.036720089371181104
2024-07-29,5463.5400390625,5487.740234375,5444.43994140625,5476.5498046875,3379970000.0,0.0008133101292933098,0.0008129795718284517,0.14040127590261547,-0.035936644062521915
2024-07-30,5436.43994140625,5489.4599609375,5401.7001953125,5478.72998046875,3777740000.0,-0.004960171878030217,-0.0049725143613676215,0.14111235024204707,-0.04071856400928244
2024-07-31,5522.2998046875,5551.509765625,5493.75,5505.58984375,4546910000.0,0.0157933986591674,0.015669980701917767,0.15064176973202656,-0.02556824986434239
2024-08-01,5446.68017578125,5566.16015625,5410.419921875,5537.83984375,4703620000.0,-0.013693502993456064,-0.013788123791990166,0.1571549837138719,-0.03891163395174363
2024-08-02,5346.56005859375,5383.89013671875,5302.02978515625,5376.6298828125,5156450000.0,-0.018381860868696753,-0.01855290660855327,0.16723175326197778,-0.05657822657896582
2024-08-05,5186.330078125,5250.89013671875,5119.259765625,5151.14013671875,5333250000.0,-0.02996879838863975,-0.0304270413923931,0.19465312296930526,-0.08485144350207377
2024-08-06,5240.02978515625,5312.33984375,5193.56005859375,5206.419921875,4690190000.0,0.010354085880061037,0.010300849493599515,0.20035141079185234,-0.07537591675508033
2024-08-07,5199.5,5330.64013671875,5195.5400390625,5293.1298828125,4558260000.0,-0.007734647858502863,-0.007764715388769489,0.1946226138016173,-0.08252755844047083
2024-08-08,5319.31005859375,5328.02978515625,5233.85009765625,5252.56982421875,4016830000.0,0.023042611519136447,0.02278113959089888,0.21548438428220387,-0.061386597390100966
2024-08-09,5344.16015625,5358.669921875,5300.83984375,5314.66015625,3516400000.0,0.004671676849538509,0.004660798434381699,0.21509394446993263,-0.05700169888646169
2024-08-12,5344.39013671875,5371.2001953125,5324.3701171875,5351.8798828125,3360160000.0,4.303397765514916e-05,4.30330517200971e-05,0.21441130705975678,-0.056961117918642654
2024-08-13,5434.43017578125,5436.5,5376.97998046875,5376.97998046875,3648980000.0,0.016847579753558328,0.016707233419049988,0.22311949990308633,-0.04107319514207044
2024-08-14,5455.2099609375,5463.22021484375,5415.91015625,5442.35986328125,3380050000.0,0.0038237284285767004,0.00381643656119841,0.2194261387834783,-0.03740651945741092
2024-08-15,5543.22021484375,5546.22998046875,5501.1298828125,5501.1298828125,3723310000.0,0.016133247764330783,0.01600448993130413,0.22608291000092867,-0.021876760339487798
2024-08-16,5554.25,5561.97998046875,5525.169921875,5530.5,3357690000.0,0.001989779357261412,0.0019878023683961516,0.22457128553953593,-0.0199305109083537
2024-08-19,5608.25,5608.2998046875,5550.740234375,5557.22998046875,3222050000.0,0.009722284736913167,0.009675327436177775,0.22395845865478742,-0.010401996273443693
2024-08-20,5597.1201171875,5620.509765625,5585.5,5602.8798828125,2994420000.0,-0.0019845553982971165,-0.001986527237609709,0.22401296412906962,-0.012365908333883315
2024-08-21,5620.85009765625,5632.68017578125,5591.56982421875,5603.08984375,3119670000.0,0.004239676828782013,0.004230714721006796,0.20582618394146604,-0.008178658960131225
2024-08-22,5570.64013671875,5643.22021484375,5560.9501953125,5637.77001953125,2981530000.0,-0.008932805548120926,-0.00897294225665722,0.20796058091532982,-0.017038406138116937
2024-08-23,5634.60986328125,5641.81982421875,5585.16015625,5602.490234375,3291940000.0,0.01148337085011919,0.01141793740166443,0.20819958619829973,-0.005750693624376703
2024-08-26,5616.83984375,5651.6201171875,5602.33984375,5639.66015625,2938570000.0,-0.0031537266931381813,-0.0031587101696058145,0.20887044917796277,-0.00888628420152767
2024-08-27,5625.7998046875,5631.18017578125,5593.47998046875,5602.89013671875,2798990000.0,0.0015951960865450143,0.0015939251127232035,0.20751631442857152,-0.0073052634807648795
2024-08-28,5592.18017578125,5627.02978515625,5560.9501953125,5624.509765625,3053450000.0,-0.00597597320797616,-0.005993900794735212,0.20237422836036023,-0.01323758062990278
2024-08-29,5591.9599609375,5646.9501953125,5583.7099609375,5607.2998046875,3065640000.0,-3.937906806072977e-05,-3.937984343658622e-05,0.19513892285878637,-0.013276438414374933
2024-08-30,5648.39990234375,5651.3701171875,5581.7900390625,5612.740234375,4185850000.0,0.010093051774424433,0.010042457079144168,0.1825126409782616,-0.003317386420246853
2024-09-03,5528.93017578125,5623.89013671875,5504.330078125,5623.89013671875,3866350000.0,-0.02115107439771169,-0.021377963372397696,0.1624186703037752,-0.024398294530977926
2024-09-04,5520.06982421875,5552.990234375,5503.66015625,5506.68017578125,3478140000.0,-0.0016025435809103872,-0.0016038290273809634,0.16100512645117784,-0.025961738781602538
2024-09-05,5503.41015625,5546.2998046875,5480.5400390625,5520.080078125,3521650000.0,-0.003018017615584734,-0.003022581014674196,0.15780306595986052,-0.0289014034122132
2024-09-06,5408.419921875,5522.47021484375,5402.6201171875,5507.330078125,3822800000.0,-0.01726024985928465,-0.017410944507424406,0.15490635889216928,-0.04566280782731911
2024-09-09,5471.0498046875,5484.2001953125,5434.490234375,5442.06982421875,3825940000.0,0.0115800702824842,0.011513534435818254,0.15900914623110632,-0.034611516068770866
2024-09-10,5495.52001953125,5497.91015625,5441.72021484375,5490.509765625,3848180000.0,0.004472672652839682,0.004462699977793541,0.15936599327942438,-0.03029364939732524
2024-09-11,5554.1298828125,5560.41015625,5406.9599609375,5496.419921875,3839450000.0,0.010665025888896507,0.01060855564984334,0.15293431293662793,-0.019951706063520327
2024-09-12,5595.759765625,5600.7099609375,5535.5,5557.47998046875,3655070000.0,0.007495302358939249,0.00746735215680267,0.15434039305899233,-0.01260594777410376
2024-09-13,5626.02001953125,5636.27001953125,5601.64990234375,5603.33984375,3500790000.0,0.005407711405364557,0.0053931422343560355,0.14523359521446927,-0.007266405696292726
2024-09-16,5633.08984375,5636.0498046875,5604.52978515625,5615.2099609375,3437070000.0,0.0012566297656613212,0.0012558408673102855,0.1451735034722703,-0.006018907112318642
2024-09-17,5634.580078125,5670.81005859375,5614.0498046875,5655.509765625,3443600000.0,0.00026455008109871336,0.00026451509389645083,0.14125111834730678,-0.005755949333584688
2024-09-18,5618.259765625,5689.75,5615.080078125,5641.68017578125,3691390000.0,-0.002896455862498093,-0.0029006587083132912,0.14147882074797363,-0.008635733342891257
2024-09-19,5713.64013671875,5733.56982421875,5686.419921875,5702.6298828125,4024530000.0,0.01697685316676334,0.016834356892725128,0.15286994347564548,0.0
2024-09-20,5702.5498046875,5715.14013671875,5674.490234375,5709.64013671875,7867260000.0,-0.0019410273951238066,-0.0019429136300157343,0.1488824391036852,-0.001941027395123802
2024-09-23,5718.56982421875,5725.35986328125,5704.22021484375,5711.89990234375,3529550000.0,0.0028092730585327352,0.0028053344257131223,0.1440812237670403,0.0
2024-09-24,5732.93017578125,5735.31982421875,5698.990234375,5727.66015625,3872710000.0,0.0025111788443470395,0.002508031103345345,0.14345045549782562,0.0
2024-09-25,5722.259765625,5741.02978515625,5712.06005859375,5733.64990234375,3624910000.0,-0.0018612489301417234,-0.001862983206212128,0.14379235544663024,-0.0018612489301417141
2024-09-26,5745.3701171875,5767.3701171875,5721.009765625,5762.22021484375,4391180000.0,0.00403867571712313,0.004030542158199222,0.14185389521944608,0.0
2024-09-27,5738.169921875,5763.77978515625,5727.33984375,5755.35986328125,3898530000.0,-0.0012532169669905446,-0.0012540029000721238,0.14207716925260863,-0.0012532169669905743
2024-09-30,5762.47998046875,5765.14013671875,5703.52978515625,5726.52001953125,4425730000.0,0.004236552581176722,0.004227603658441509,0.1387876203711902,0.0
2024-10-01,5708.75,5757.72998046875,5681.27978515625,5757.72998046875,4025180000.0,-0.009324107094664358,-0.009367848694454447,0.1181112607240888,-0.009324107094664358
2024-10-02,5709.5400390625,5719.6298828125,5674.0,5698.14013671875,3829050000.0,0.00013839090212397487,0.00013838132698647728,0.11764539202445572,-0.009187006564132755
2024-10-03,5699.93994140625,5718.77978515625,5677.3701171875,5698.18994140625,3597450000.0,-0.001681413492255035,-0.0016828286544586894,0.11702849210339246,-0.010852972899597418
2024-10-04,5751.06982421875,5753.2099609375,5702.830078125,5737.47998046875,3479400000.0,0.008970249395274354,0.008930255699186382,0.09511468049686284,-0.0019800773779125283
2024-10-07,5695.93994140625,5739.33984375,5686.85009765625,5737.7998046875,3637790000.0,-0.009586022165882668,-0.009632263829388773,0.09972707338263916,-0.011547118478160385
2024-10-08,5751.1298828125,5757.60009765625,5714.56005859375,5719.14013671875,3393400000.0,0.009689347495581924,0.009642706804694385,0.10305350166120067,-0.0019696550260859605
2024-10-09,5792.0400390625,5796.7998046875,5745.02001953125,5751.7998046875,3650340000.0,0.007113411987488272,0.007088231016994585,0.09998900967428472,0.0
2024-10-10,5780.0498046875,5795.02978515625,5764.759765625,5778.35986328125,3208790000.0,-0.002070122839989974,-0.0020722685059824846,0.09892178445407045,-0.002070122839990025
2024-10-11,5815.02978515625,5822.1298828125,5775.08984375,5775.08984375,3208720000.0,0.006051847587953629,0.00603360870729872,0.09927128466086767,0.0
2024-10-14,5859.85009765625,5871.41015625,5829.56982421875,5829.81005859375,3005250000.0,0.0077076668832223305,0.007678114574594323,0.10152320982787323,0.0
2024-10-15,5815.259765625,5870.35986328125,5804.47998046875,5866.740234375,3882120000.0,-0.007609466332438197,-0.0076385660375134215,0.10701481096027271,-0.007609466332438211
2024-10-16,5842.47021484375,5846.52001953125,5808.33984375,5816.580078125,3467230000.0,0.004679145956573816,0.004668232782779766,0.10618271889671815,-0.0029659261794856132
2024-10-17,5841.47021484375,5878.4599609375,5840.25,5875.6201171875,3480010000.0,-0.00017116047891174713,-0.00017117512853816633,0.09059395852547908,-0.003136579009052016
2024-10-18,5864.669921875,5872.169921875,5846.10986328125,5859.43017578125,3374490000.0,0.00397155273894878,0.003963686942774387,0.09038307295554333,0.0
2024-10-21,5853.97998046875,5866.919921875,5824.7900390625,5857.81982421875,3407010000.0,-0.0018227694906369774,-0.001824432756419033,0.09092188382330452,-0.001822769490636961
2024-10-22,5851.2001953125,5863.0400390625,5821.169921875,5832.7001953125,3342080000.0,-0.0004748538883844189,-0.0004749666671957937,0.09095627275850014,-0.0022967578298411003
2024-10-23,5797.419921875,5834.85009765625,5762.41015625,5834.5,3532650000.0,-0.009191323428069387,-0.009233824267679564,0.0975780354311413,-0.011466971013860475
2024-10-24,5809.85986328125,5817.7998046875,5784.919921875,5817.7998046875,3543030000.0,0.002145772011323821,0.0021434731305568283,0.09693938990309046,-0.009345804507992944
2024-10-25,5808.1201171875,5862.81982421875,5799.97998046875,5826.75,3501280000.0,-0.00029944716993013376,-0.00029949201318627087,0.09676178527272997,-0.009642453103212397
2024-10-28,5823.52001953125,5842.919921875,5823.080078125,5833.93017578125,3691280000.0,0.0026514435020339455,0.002647934626732945,0.0961380369876442,-0.007016576020802535
2024-10-29,5832.919921875,5847.18994140625,5802.169921875,5819.68017578125,3879100000.0,0.001614127248163344,0.0016128259449012198,0.08876752710906921,-0.005413774419183198
2024-10-30,5813.669921875,5850.93994140625,5811.27978515625,5832.64990234375,3851120000.0,-0.003300233889343751,-0.0033056916724881185,0.09008206929486436,-0.008696141586719467
2024-10-31,5705.4501953125,5775.33984375,5702.85986328125,5775.33984375,4425660000.0,-0.018614700871699585,-0.018790134928745348,0.1139124006512769,-0.027148966384044286
2024-11-01,5728.7998046875,5772.52001953125,5723.22021484375,5723.22021484375,3796450000.0,0.004092509543626166,0.004084158004525459,0.11013707749944865,-0.02316756424444444
2024-11-04,5712.68994140625,5741.43017578125,5696.509765625,5725.14990234375,3602060000.0,-0.002812083478299976,-0.0028160448131902913,0.10492405016264689,-0.025914498598100185
2024-11-05,5782.759765625,5783.43994140625,5722.10009765625,5722.43017578125,3768310000.0,0.012265644545291332,0.012191031029563081,0.10831795740736651,-0.013966712081182638
2024-11-06,5929.0400390625,5936.14013671875,5864.89013671875,5864.89013671875,6329530000.0,0.025295927786425976,0.024981280957186654,0.13784405685379042,0.0
2024-11-07,5973.10009765625,5983.83984375,5947.2099609375,5947.2099609375,4925740000.0,0.007431229727488331,0.007403754173995657,0.13898809748803964,0.0
2024-11-08,5995.5400390625,6012.4501953125,5976.759765625,5976.759765625,4666740000.0,0.0037568333092317108,0.0037497940357180464,0.1382656981414631,0.0
2024-11-11,6001.35009765625,6017.31005859375,5986.68994140625,6008.85986328125,4333000000.0,0.0009690634297987444,0.0009685941909569238,0.13634560536305554,0.0
2024-11-12,5983.990234375,6009.919921875,5960.080078125,6003.60009765625,4243400000.0,-0.00289265965137242,-0.0028968514769364996,0.133276335664522,-0.0028926596513723923
2024-11-13,5985.3798828125,6008.18994140625,5965.91015625,5985.75,4220180000.0,0.00023222772482434095,0.00023220076414018386,0.13277610444318425,-0.0026611036823175776
2024-11-14,5949.169921875,5993.8798828125,5942.27978515625,5989.68017578125,4184570000.0,-0.006049734794859041,-0.006068108582244,0.1352162266164053,-0.008694739505636956
2024-11-15,5870.6201171875,5915.31982421875,5853.009765625,5912.7900390625,4590960000.0,-0.013203489851361216,-0.013291430866793769,0.14366212602431302,-0.02178342845217527
2024-11-18,5893.6201171875,5908.1201171875,5865.9501953125,5874.169921875,3983860000.0,0.003917814394541086,0.003910159746206537,0.14411080167275922,-0.017950957487186517
2024-11-19,5916.97998046875,5923.509765625,5855.2900390625,5870.0498046875,4036940000.0,0.003963584828470035,0.003955750520596487,0.14463676966278316,-0.014058522801469233
2024-11-20,5917.10986328125,5920.669921875,5860.56005859375,5914.33984375,3772620000.0,2.195086225209586e-05,2.19506213354446e-05,0.13998173758702112,-0.014036880535914566
2024-11-21,5948.7099609375,5963.31982421875,5887.259765625,5940.580078125,4230120000.0,0.0053404615405816536,0.005326251844288491,0.140773681426979,-0.008771382415984684
2024-11-22,5969.33984375,5972.89990234375,5944.35986328125,5944.35986328125,4141420000.0,0.003467959094991535,0.0034619595915364653,0.14088218945473965,-0.005333842116418303
2024-11-25,5987.3701171875,6020.75,5963.91015625,5992.27978515625,5633150000.0,0.003020480305938378,0.0030159278201245415,0.14093254489531581,-0.0023294725755475757
2024-11-26,6021.6298828125,6025.419921875,5992.27001953125,6000.02978515625,3835170000.0,0.005722005647630368,0.005705697155263866,0.1417657571838479,0.0
2024-11-27,5998.740234375,6020.16015625,5984.8701171875,6014.10986328125,3363340000.0,-0.003801238017440034,-0.003808481083577712,0.14200717084666756,-0.0038012380174400587
2024-11-29,6032.3798828125,6044.169921875,6003.97998046875,6003.97998046875,2444420000.0,0.005607785488815242,0.005592120396801623,0.12037580790091867,0.0
2024-12-02,6047.14990234375,6053.580078125,6035.330078125,6040.10986328125,4412470000.0,0.0024484564662998753,0.0024454638805813736,0.12028192097800586,0.0
2024-12-03,6049.8798828125,6052.06982421875,6033.39013671875,6042.97021484375,4095000000.0,0.0004514491145146682,0.0004513472420221813,0.11884367542848212,0.0
2024-12-04,6086.490234375,6089.83984375,6061.06005859375,6069.39013671875,4003390000.0,0.006051417924264779,0.00603318162813612,0.11436185675743492,0.0
2024-12-05,6075.10986328125,6094.5498046875,6072.89990234375,6089.02978515625,4212020000.0,-0.0018697756269248078,-0.0018715258393823342,0.07869566192671185,-0.001869775626924769
2024-12-06,6090.27001953125,6099.97021484375,6079.97998046875,6081.3798828125,3924830000.0,0.0024954538421815275,0.0024923453675383123,0.07543811285765287,0.0
2024-12-09,6052.85009765625,6088.509765625,6048.6298828125,6083.009765625,4556460000.0,-0.006144213927296471,-0.006163167285227462,0.07873028685491401,-0.006144213927296462
2024-12-10,6034.91015625,6065.39990234375,6029.89013671875,6057.58984375,4048410000.0,-0.002963883313944371,-0.002968284314279252,0.07963836412687962,-0.009089886508104428
2024-12-11,6084.18994140625,6092.58984375,6060.14990234375,6060.14990234375,4269950000.0,0.008165786048233592,0.008132626411368235,0.08334230018613005,-0.0009983265282986526
2024-12-12,6051.25,6079.68017578125,6051.25,6074.2900390625,3678010000.0,-0.005414022527810203,-0.005428731461463251,0.08625272867440273,-0.00640694409379459
2024-12-13,6051.08984375,6078.580078125,6035.77001953125,6068.169921875,3584960000.0,-2.6466639124200775e-05,-2.646698937187397e-05,0.08269980037005915,-0.0064332411626415184
2024-12-16,6074.080078125,6085.18994140625,6059.14013671875,6063.7900390625,4391100000.0,0.0037993543260221863,0.0037921550087844295,0.0640972613247038,-0.0026583289992610365
2024-12-17,6050.60986328125,6057.68017578125,6035.18994140625,6052.5498046875,4544500000.0,-0.003863994965801476,-0.0038714794806554956,0.0664525867078346,-0.006512052195191917
2024-12-18,5872.16015625,6070.669921875,5867.7900390625,6047.64990234375,5246960000.0,-0.02949284635160343,-0.02993650530451818,0.12850966949146875,-0.03581283959196891
2024-12-19,5867.080078125,5935.52001953125,5866.06982421875,5912.7099609375,4896880000.0,-0.0008651123249070469,-0.0008654867505367934,0.128511446455788,-0.03664696978795503
2024-12-20,5930.85009765625,5982.06005859375,5832.2998046875,5842.0,8223220000.0,0.010869123768910471,0.010810479402397299,0.13315691869897797,-0.026176166469425288
2024-12-23,5974.06982421875,5978.25,5902.56982421875,5940.25,3593280000.0,0.007287273468533639,0.007260849585616372,0.13519103624014478,-0.0190796458843123
2024-12-24,6040.0400390625,6040.10009765625,5981.43994140625,5984.6298828125,1757720000.0,0.01104275925539211,0.010982233165126825,0.1403751577651595,-0.008247578565098834
2024-12-26,6037.58984375,6049.75,6007.3701171875,6024.97021484375,2904530000.0,-0.00040565878647391695,-0.0004057410882578191,0.13900291544390436,-0.00864989164886069
2024-12-27,5970.83984375,6006.169921875,5932.9501953125,6006.169921875,3159610000.0,-0.011055736101235558,-0.01111730496491221,0.14407956589374402,-0.01960999683072216
2024-12-30,5906.93994140625,5940.7900390625,5869.16015625,5920.669921875,3433250000.0,-0.010701995701766776,-0.010759673941729728,0.14697353672779423,-0.030102126430694837
2024-12-31,5881.6298828125,5929.740234375,5868.85986328125,5919.740234375,3128350000.0,-0.004284800394927402,-0.0042940064589823065,0.14679407443873801,-0.03425794522240385
2025-01-02,5868.5498046875,5935.08984375,5829.52978515625,5903.259765625,3621680000.0,-0.0022238866412221947,-0.002226363149448992,0.14665680966306432,-0.03640564607689022
2025-01-03,5942.47021484375,5949.33984375,5888.66015625,5891.06982421875,3667340000.0,0.01259602672149196,0.01251735670782609,0.1527658442973852,-0.02426818584619598
2025-01-06,5975.3798828125,6021.0400390625,5960.009765625,5982.81005859375,4940120000.0,0.005538045085450305,0.005522766496818171,0.15457709114225598,-0.018864539068104036
2025-01-07,5909.02978515625,6000.68017578125,5890.68017578125,5993.259765625,4517330000.0,-0.01110391288210788,-0.011166021516637011,0.15824593411944304,-0.02975898175183857
2025-01-08,5918.25,5927.89013671875,5874.77978515625,5910.66015625,4441740000.0,0.001560360190925314,0.0015591440938312422,0.1576074234197748,-0.02824505629136126
2025-01-10,5827.0400390625,5890.35009765625,5807.77978515625,5890.35009765625,4751930000.0,-0.01541164380306681,-0.015531637650233373,0.1656603185426118,-0.043221397347668014
2025-01-13,5836.22021484375,5838.60986328125,5773.31005859375,5782.02001953125,4421200000.0,0.0015754440882007614,0.0015742043780551176,0.16206654453027314,-0.04171404615440244
2025-01-14,5842.91015625,5871.919921875,5805.419921875,5859.27001953125,4142280000.0,0.0011462798112440442,0.001145623334164268,0.16194522632771954,-0.04061558231211045
2025-01-15,5949.91015625,5960.60986328125,5905.2099609375,5905.2099609375,4544570000.0,0.018312792279639112,0.018147132504516373,0.17669047502384624,-0.023046574754669594
2025-01-16,5937.33984375,5964.68994140625,5930.72021484375,5963.60986328125,4285810000.0,-0.0021126894641922966,-0.0021149243408667613,0.1758774253243554,-0.02511057396319196
2025-01-17,5996.66015625,6014.9599609375,5978.43994140625,5995.39990234375,4366830000.0,0.009991058969353706,0.009941478308394033,0.17982081846269343,-0.015370396219058752
2025-01-21,6049.240234375,6051.509765625,6006.8798828125,6014.1201171875,4702920000.0,0.008768227105582893,0.00873000944059605,0.1446645032735217,-0.006736940238227391
2025-01-22,6086.3701171875,6100.81005859375,6076.1298828125,6081.39013671875,4323040000.0,0.006137941522227575,0.006119181086994129,0.1452822453984588,-0.0006403496612207949
2025-01-23,6118.7099609375,6118.72998046875,6074.669921875,6076.31982421875,4432250000.0,0.00531348622041139,0.005299419459529372,0.14204741720371783,0.0
2025-01-24,6101.240234375,6128.18017578125,6088.740234375,6121.43017578125,4214250000.0,-0.002855132319398823,-0.002859215984467759,0.14119952715531267,-0.002855132319398796
2025-01-27,6012.27978515625,6017.169921875,5962.919921875,5969.0400390625,5198750000.0,-0.014580715690809543,-0.014688059032112328,0.14655777464744676,-0.017394218137599535
2025-01-28,6067.7001953125,6074.5400390625,5994.6298828125,6026.97021484375,4473640000.0,0.009217869449967608,0.009175644177716802,0.15030408021458347,-0.008336686319608514
2025-01-29,6039.31005859375,6062.830078125,6012.9599609375,6057.7001953125,4115310000.0,-0.004678895760321544,-0.004689876056919602,0.14551282019213416,-0.012976575593654133
2025-01-30,6071.169921875,6086.64013671875,6027.4599609375,6050.75,4634620000.0,0.005275414405311762,0.005261548152180238,0.13997559354644773,-0.007769618002160701
2025-01-31,6040.52978515625,6120.91015625,6030.93017578125,6096.7900390625,4843770000.0,-0.005046825754019935,-0.005059603990267195,0.14041226187508524,-0.012777231847948442
2025-02-03,5994.56982421875,6022.1298828125,5923.93017578125,5969.64990234375,4797210000.0,-0.007608597684666707,-0.007637690729495203,0.14351120792397348,-0.02028861271596038
2025-02-04,6037.8798828125,6042.47998046875,5990.8701171875,5998.14013671875,4410160000.0,0.007224881828679752,0.007198907403029114,0.13905324932463375,-0.013210313716621295
2025-02-05,6061.47998046875,6062.85986328125,6007.06005859375,6020.4501953125,4756250000.0,0.003908672930614365,0.003901053915613614,0.13843996707910122,-0.009353275581636051
2025-02-06,6083.56982421875,6084.02978515625,6046.830078125,6072.22021484375,4847120000.0,0.003644298722618622,0.003637674355266266,0.13138209263778533,-0.0057430629892719865
2025-02-07,6025.990234375,6101.27978515625,6019.9599609375,6083.1298828125,4766900000.0,-0.009464770111542897,-0.0095098456936602,0.13702046002395973,-0.01515347632988533
2025-02-10,6066.43994140625,6073.3798828125,6044.83984375,6046.39990234375,4458760000.0,0.006712541085862833,0.006690112295455172,0.12373173808380261,-0.008542653576480565
2025-02-11,6068.5,6076.27978515625,6042.33984375,6049.31982421875,4324880000.0,0.00033958278885926063,0.00033952514367385523,0.12386737510182642,-0.008205971725747056
2025-02-12,6051.97021484375,6063.0,6003.0,6025.080078125,4627960000.0,-0.0027238667143857365,-0.0027275831896475754,0.12495973713124336,-0.010907486466889866
2025-02-13,6115.06982421875,6116.91015625,6050.9501953125,6060.58984375,4763800000.0,0.010426292122230674,0.010372313214235747,0.11400208340988637,-0.0005949189848822746
2025-02-14,6114.6298828125,6127.47021484375,6107.6201171875,6115.52001953125,4335190000.0,-7.194380749464546e-05,-7.19463955744955e-05,0.11340309082754041,-0.0006668199916400117
2025-02-18,6129.580078125,6129.6298828125,6099.509765625,6121.60009765625,4684980000.0,0.0024449877750611915,0.002442003655551809,0.10901321337486534,0.0
2025-02-19,6144.14990234375,6147.43017578125,6111.14990234375,6117.759765625,4562330000.0,0.0023769693899173827,0.0023741488668242434,0.10538423571186412,0.0
2025-02-20,6117.52001953125,6134.5,6084.58984375,6134.5,4813690000.0,-0.0043341850761716705,-0.004343604884290259,0.10489460337441556,-0.004334185076171685
2025-02-21,6013.1298828125,6114.81982421875,6008.56005859375,6114.10009765625,5434560000.0,-0.01706412670256352,-0.017211396672539132,0.11989887337397985,-0.021324352695443034
2025-02-24,5983.25,6043.64990234375,5977.830078125,6026.68994140625,4990120000.0,-0.00496910650440241,-0.004981493566252351,0.12060041354584808,-0.026187496220164332
2025-02-25,5955.25,5992.64990234375,5908.490234375,5982.72998046875,5374690000.0,-0.004679730915472358,-0.004690715138395557,0.11030666726193639,-0.030744676699976374
2025-02-26,5956.06005859375,6009.81982421875,5932.68994140625,5970.8701171875,4869580000.0,0.00013602428004699796,0.00013601502958346571,0.10432013097236337,-0.030612834442442748
2025-02-27,5861.56982421875,5993.68994140625,5858.77978515625,5981.8798828125,5057680000.0,-0.015864553655509872,-0.015991742678524653,0.11670371595284765,-0.04599172914339328
2025-02-28,5954.5,5959.39990234375,5837.66015625,5856.740234375,6441140000.0,0.01585414463498891,0.015729780420663385,0.12990886359297593,-0.030866744034257054
2025-03-03,5849.72021484375,5986.08984375,5810.91015625,5968.330078125,5613850000.0,-0.0175967394669998,-0.017753402648308866,0.14242037806328794,-0.04792032944829141
2025-03-04,5778.14990234375,5865.080078125,5732.58984375,5811.97998046875,6138110000.0,-0.012234826602200433,-0.012310288231505477,0.14596714624479826,-0.05956885912897169
2025-03-05,5842.6298828125,5860.58984375,5742.35009765625,5781.35986328125,5285970000.0,0.011159277893187936,0.011097472528735688,0.14977488071585407,-0.04907432668858422
2025-03-06,5738.52001953125,5812.080078125,5711.64013671875,5785.8701171875,5165080000.0,-0.017819007085749905,-0.017979677107455568,0.1588923296917644,-0.06601887799934182
2025-03-07,5770.2001953125,5783.009765625,5666.2900390625,5726.009765625,5705140000.0,0.00552061780274804,0.005505435045454467,0.16002059642641078,-0.06086272518979444
2025-03-10,5614.56005859375,5705.3701171875,5564.02001953125,5705.3701171875,6409370000.0,-0.0269730913054258,-0.027343541788428148,0.1812781318443848,-0.0861941606515789
2025-03-11,5572.06982421875,5636.2998046875,5528.41015625,5603.64990234375,6221240000.0,-0.007567865323653167,-0.007596646918536578,0.17764613940096666,-0.09310972017573564
2025-03-12,5599.2998046875,5642.18994140625,5546.08984375,5624.83984375,5219830000.0,0.004886869929446425,0.004874967940490777,0.17991533377856508,-0.08867786533795526
2025-03-13,5521.52001953125,5597.77978515625,5504.64990234375,5594.4501953125,5018980000.0,-0.013890984206835322,-0.013988366806464148,0.18324894365308636,-0.10133702671788515
2025-03-14,5638.93994140625,5645.27001953125,5563.85009765625,5563.85009765625,4863180000.0,0.021265869083087807,0.02104290595319694,0.1981134909358819,-0.08222617757824925
2025-03-17,5675.1201171875,5703.52001953125,5631.1201171875,5635.60009765625,5031770000.0,0.006416130719105961,0.0063956349746060355,0.2011442346210419,-0.0763376207630178
2025-03-18,5614.66015625,5654.52978515625,5597.759765625,5654.52978515625,4666270000.0,-0.010653512117636543,-0.010710667074319702,0.20121004024911154,-0.08617786911282399
2025-03-19,5675.2900390625,5715.330078125,5622.2001953125,5632.3701171875,4660090000.0,0.010798495567894584,0.010740608172953766,0.20704593434120147,-0.07630996488259482
2025-03-20,5662.89013671875,5711.14990234375,5632.330078125,5646.919921875,4678420000.0,-0.0021848931523151816,-0.002187283513782985,0.20713564311556856,-0.07832812891518458
2025-03-21,5667.56005859375,5670.83984375,5603.10009765625,5630.72998046875,9367460000.0,0.0008246534476661349,0.0008243136078323211,0.20153594455941629,-0.07756806902907754
2025-03-24,5767.56982421875,5775.14013671875,5718.080078125,5718.080078125,4517990000.0,0.017646000146633645,0.01749211712863917,0.21395101986445939,-0.06129083503990513
2025-03-25,5776.64990234375,5786.9501953125,5760.419921875,5775.9599609375,4467340000.0,0.0015743334544251475,0.0015730954906538206,0.21399770785309194,-0.05981299379753305
2025-03-26,5712.2001953125,5783.6201171875,5694.41015625,5771.66015625,4183140000.0,-0.011156934922627149,-0.011219640357598032,0.2166107739141566,-0.07030259904083366
2025-03-27,5693.31005859375,5732.27978515625,5670.93994140625,5695.64013671875,4403460000.0,-0.003306980860763864,-0.0033124610071321114,0.2104050889419554,-0.07337709055210753
2025-03-28,5580.93994140625,5685.89013671875,5572.419921875,5679.2001953125,4513330000.0,-0.01973722070834405,-0.019934601126853548,0.20985248412349633,-0.09166605142928848
2025-03-31,5611.85009765625,5627.56005859375,5488.72998046875,5527.91015625,5257250000.0,0.005538521570653376,0.005523240357645722,0.20470284906596364,-0.08663522426177277
2025-04-01,5633.06982421875,5650.56982421875,5558.52001953125,5597.52978515625,4434500000.0,0.0037812354559083605,0.0037741045552120668,0.20198087531841077,-0.08318157698757368
2025-04-02,5670.97021484375,5695.31005859375,5571.47998046875,5580.759765625,4243830000.0,0.006728194715792668,0.006705661429484109,0.1989933193576099,-0.07701304411852007
2025-04-03,5396.52001953125,5499.52978515625,5390.830078125,5492.740234375,7210470000.0,-0.04839563335990149,-0.04960591182899663,0.25697055851555173,-0.12168158243133176
2025-04-04,5074.080078125,5292.14013671875,5069.89990234375,5292.14013671875,8853500000.0,-0.05974960534553109,-0.061609061898230934,0.3278989370941017,-0.17416076124877108
2025-04-07,5062.25,5246.56982421875,4835.0400390625,4953.7900390625,8691980000.0,-0.0023314724921273955,-0.0023341946059635883,0.31862699355594165,-0.17608618271683898
2025-04-08,4982.77001953125,5267.47021484375,4910.419921875,5193.56982421875,7408140000.0,-0.015700524562941354,-0.015825083277054855,0.3207869618477689,-0.18902206184284007
2025-04-09,5456.89990234375,5481.33984375,4948.43017578125,4965.27978515625,9489600000.0,0.09515387644904849,0.09089487983303646,0.4690561750939524,-0.11185436731252948
2025-04-10,5268.0498046875,5353.14990234375,5115.27001953125,5353.14990234375,6677140000.0,-0.03460757958472693,-0.03522060702411168,0.4825420909975081,-0.1425909379785888
2025-04-11,5363.35986328125,5381.4599609375,5220.77001953125,5255.56005859375,5602550000.0,0.018092095201708958,0.01793038083577807,0.480663663440545,-0.1270786116016895
2025-04-14,5405.97021484375,5459.4599609375,5358.02001953125,5441.9599609375,5031440000.0,0.007944712390868913,0.007913319326342991,0.48106643788325565,-0.12014350223102689
2025-04-15,5396.6298828125,5450.41015625,5386.43994140625,5411.990234375,4317110000.0,-0.0017277808903947145,-0.001729275225300909,0.48007118569293983,-0.12166370147416174
2025-04-16,5275.7001953125,5367.240234375,5220.7900390625,5335.75,4607750000.0,-0.0224083715440897,-0.022663253964902527,0.482965705256466,-0.14134578759218924
2025-04-17,5282.7001953125,5328.31005859375,5255.580078125,5305.4501953125,4714880000.0,0.0013268380955802073,0.0013259586237727749,0.48326778902926604,-0.14020649247223624
2025-04-21,5158.2001953125,5232.93994140625,5101.6298828125,5232.93994140625,4226340000.0,-0.023567493023827546,-0.02384964833401801,0.48826718926270835,-0.16046966996282908
2025-04-22,5287.759765625,5309.60986328125,5207.669921875,5207.669921875,4666950000.0,0.025117204723895226,0.02480695212545062,0.4933424307970893,-0.1393830147913662
2025-04-23,5375.85986328125,5469.68994140625,5356.169921875,5395.919921875,5371390000.0,0.01666113847096007,0.016523864366879457,0.49854724559104047,-0.12504415603034486
2025-04-24,5484.77001953125,5489.39990234375,5371.9599609375,5381.3798828125,4697710000.0,0.020259113708281262,0.020056628082583162,0.5045287140379469,-0.10731832609763844
2025-04-25,5525.2099609375,5528.10986328125,5455.85986328125,5489.72998046875,4236580000.0,0.007373133469998461,0.0073460847957005125,0.5055872427451356,-0.1007364649697347
2025-04-28,5528.75,5553.66015625,5468.64013671875,5529.22021484375,4257880000.0,0.0006407067039131409,0.0006405015390019333,0.5008896170025653,-0.10016030079425622
2025-04-29,5560.830078125,5571.9501953125,5505.7001953125,5508.8701171875,4747150000.0,0.005802410694099036,0.005785641545556399,0.5009321217252602,-0.09493906130060996
2025-04-30,5569.06005859375,5581.83984375,5433.240234375,5499.43994140625,5449490000.0,0.00147999135976562,0.0014788972519335208,0.5007412347766302,-0.09359957893127346
2025-05-01,5604.14013671875,5658.91015625,5597.35009765625,5625.14013671875,4935270000.0,0.006299102138585644,0.006279345716451974,0.5006613433986012,-0.0878900701005045
2025-05-02,5686.669921875,5700.7001953125,5642.27978515625,5645.8798828125,4854380000.0,0.01472657412963474,0.014619191109112719,0.4681169658202683,-0.07445781560346362
2025-05-05,5650.3798828125,5683.3798828125,5634.47998046875,5655.31982421875,4358260000.0,-0.006381597588933863,-0.006402047029318447,0.4043248572997632,-0.08036425337586511
2025-05-06,5606.91015625,5649.580078125,5586.0400390625,5605.8701171875,4717260000.0,-0.007693239651855532,-0.007722985278391797,0.4061367080319717,-0.08743923156705768
2025-05-07,5631.27978515625,5654.72998046875,5578.64013671875,5614.18017578125,4987440000.0,0.00434635623313584,0.004336938106710132,0.39858841940415873,-0.08347291738306391
2025-05-08,5663.93994140625,5720.10009765625,5635.3798828125,5663.60009765625,5627400000.0,0.005799775094835535,0.005783021147465641,0.2423743809296062,-0.07815726643555992
2025-05-09,5659.91015625,5691.68994140625,5644.14990234375,5679.64990234375,4645090000.0,-0.0007114809122162891,-0.0007117341348763632,0.19951212264093177,-0.07881313994455631
2025-05-12,5844.18994140625,5845.3701171875,5786.080078125,5807.2001953125,6014580000.0,0.032558782749008364,0.03203997667702081,0.21836147926436614,-0.04882041709676991
2025-05-13,5886.5498046875,5906.64013671875,5845.02001953125,5854.14990234375,5516290000.0,0.0072482009835321826,0.007222059020245977,0.21822321074355963,-0.041926076308454935
2025-05-14,5892.580078125,5906.5498046875,5872.10986328125,5896.740234375,5233450000.0,0.001024415597859818,0.001023891242276054,0.21743871680329044,-0.04094461043712265
2025-05-15,5916.93017578125,5924.2099609375,5865.16015625,5869.81982421875,4991290000.0,0.004132332074135769,0.004123817438757677,0.1925965460721372,-0.036981475089959095
2025-05-16,5958.3798828125,5958.6201171875,5907.35986328125,5929.08984375,4850850000.0,0.007005272294898557,0.006980849368100189,0.19192428395946773,-0.03023526809793265
2025-05-19,5963.60009765625,5968.60986328125,5895.68994140625,5902.8798828125,4144010000.0,0.0008761131291423752,0.0008757295660482738,0.1579507478007687,-0.02938564448413399
2025-05-20,5940.4599609375,5953.06005859375,5909.259765625,5944.66015625,4416850000.0,-0.0038802294486252054,-0.0038877770695725784,0.1481980850090203,-0.03315185088966504
2025-05-21,5844.60986328125,5938.3701171875,5830.91015625,5910.18017578125,5254250000.0,-0.01613513066101424,-0.016266719267758897,0.1618633910499903,-0.04875207210492005
2025-05-22,5842.009765625,5878.080078125,5825.81982421875,5841.259765625,5157050000.0,-0.00044487103794299543,-0.0004449700224211693,0.15120037143921844,-0.0491752547579439
2025-05-23,5802.81982421875,5829.509765625,5767.41015625,5781.89013671875,4662820000.0,-0.006708297825321674,-0.006730899591473139,0.15425105023835714,-0.05555367032871319
2025-05-27,5921.5400390625,5924.330078125,5854.06982421875,5854.06982421875,5366380000.0,0.0204590558452733,0.02025258080218437,0.16642659862900056,-0.036231190127105
2025-05-28,5888.5498046875,5939.919921875,5881.8798828125,5925.5400390625,4665050000.0,-0.005571225417268844,-0.005586802576444734,0.16916649466285744,-0.04160056341703979
2025-05-29,5912.169921875,5943.1298828125,5873.7998046875,5939.9599609375,4569750000.0,0.004011194261904327,0.0040031708706317415,0.16912983945204138,-0.03775623709640594
2025-05-30,5911.68994140625,5922.14013671875,5843.66015625,5903.669921875,6378540000.0,-8.118516130162234e-05,-8.118845699520562e-05,0.16899573060359846,-0.03783435701150874
2025-06-02,5935.93994140625,5937.39990234375,5861.43017578125,5896.68017578125,4832240000.0,0.0041020419271569075,0.004093651490626028,0.16315507326829348,-0.0338875132031001
2025-06-03,5970.3701171875,5981.35009765625,5929.0,5938.56005859375,5026680000.0,0.005800290454605506,0.005783533535368979,0.1603988378879343,-0.02828378016785689
2025-06-04,5970.81005859375,5990.47998046875,5966.10986328125,5978.93994140625,4767050000.0,7.36874595066439e-05,7.368474471916267e-05,0.15597062329150696,-0.02821217686825605
2025-06-05,5939.2998046875,5999.7001953125,5921.2001953125,5985.669921875,5091850000.0,-0.005277383403094138,-0.005291357978698112,0.15871440543234772,-0.03334067379738046
2025-06-06,6000.35986328125,6016.8701171875,5978.6298828125,5987.06005859375,4355710000.0,0.010280683010067904,0.010228196215376713,0.16064607086685617,-0.02340275568596557
2025-06-09,6005.8798828125,6021.31005859375,5994.18017578125,6004.6298828125,4642360000.0,0.0009199480792858594,0.0009195251863913659,0.1602655735898936,-0.022504336926822938
2025-06-10,6038.81005859375,6043.009765625,6000.27978515625,6009.91015625,4882880000.0,0.00548298940767844,0.005468012541646841,0.11869682793571283,-0.01714473856014109
2025-06-11,6022.240234375,6059.39990234375,6002.31982421875,6049.3798828125,5111550000.0,-0.002743888954607865,-0.002747660318287345,0.11774780071414973,-0.0198415842559841
2025-06-12,6045.259765625,6045.43017578125,6003.8798828125,6009.89990234375,4669500000.0,0.0038224199557175265,0.0038151330716763875,0.1181277039649666,-0.016095007167879698
2025-06-13,5976.97021484375,6026.16015625,5963.2099609375,6000.56005859375,5258910000.0,-0.011296379879250695,-0.01136066859010289,0.12572493690084538,-0.027209571732002755
2025-06-16,6033.10986328125,6050.830078125,6004.0,6004.0,5111710000.0,0.009392659896159117,0.0093488231481891,0.12760954419043746,-0.01807248208904256
2025-06-17,5982.72021484375,6023.25,5974.7998046875,6012.14990234375,4955700000.0,-0.008352184790166306,-0.008387259723643134,0.13154186927621447,-0.02627372216918421
2025-06-18,5980.8701171875,6018.25,5971.89013671875,5987.93017578125,5106470000.0,-0.0003092402101070313,-0.00030928803472058796,0.13069191721932102,-0.026574837487927373
2025-06-20,5967.83984375,6018.2001953125,5952.56005859375,5999.669921875,7451500000.0,-0.002178658486505891,-0.002181035215587759,0.11565347324370841,-0.028695598479212672
2025-06-23,6025.169921875,6028.77001953125,5943.22998046875,5969.669921875,5597000000.0,0.009606504133156335,0.009560655071259439,0.11934047673675897,-0.019364758731450195
2025-06-24,6092.18017578125,6101.759765625,6059.25,6061.2099609375,5443690000.0,0.01112172017970181,0.011060328616958607,0.11968874543303183,-0.008458407979706942
2025-06-25,6092.16015625,6108.509765625,6080.08984375,6104.22998046875,5171110000.0,-3.2861029504172024e-06,-3.286108349665331e-06,0.09960186007819066,-0.008461666287457923
2025-06-26,6141.02001953125,6146.52001953125,6107.27001953125,6112.08984375,5308140000.0,0.008020121275230219,0.007988131032516797,0.09858616668056042,-0.0005094086020437219
2025-06-27,6173.06982421875,6187.68017578125,6132.35009765625,6150.7001953125,7889350000.0,0.005218970885222163,0.005205399256150098,0.09898569228198853,0.0
2025-06-30,6204.9501953125,6215.080078125,6174.97021484375,6193.35986328125,5782900000.0,0.005164427424532603,0.005151137506128882,0.09915730872653461,0.0
2025-07-01,6198.009765625,6210.77978515625,6177.97021484375,6187.25,6275310000.0,-0.001118531087121899,-0.0011191571098791433,0.09971578495703454,-0.001118531087121878
2025-07-02,6227.419921875,6227.60009765625,6188.2900390625,6193.8798828125,5645710000.0,0.004745096791088033,0.0047338743064907745,0.09927855774326322,0.0
2025-07-03,6279.35009765625,6284.64990234375,6246.4599609375,6246.4599609375,3378110000.0,0.008338955206607324,0.00830437821066394,0.10131995245843095,0.0
2025-07-07,6229.97998046875,6262.06982421875,6201.0,6259.0400390625,5236740000.0,-0.007862297279128794,-0.007893368104244017,0.10435582604712348,-0.007862297279128816
2025-07-08,6225.52001953125,6242.7001953125,6217.75,6234.02978515625,5739030000.0,-0.0007158868810946961,-0.0007161432504695748,0.10061587804992218,-0.00857255564474609
2025-07-09,6263.259765625,6269.16015625,6231.43017578125,6243.330078125,4813340000.0,0.0060621034026635545,0.00604380277677969,0.10163185981292903,-0.0025624199608261485
2025-07-10,6280.4599609375,6290.22021484375,6251.43994140625,6266.7998046875,5367350000.0,0.0027462050044453346,0.0027424410729257912,0.10089099964201079,0.0
2025-07-11,6259.75,6269.43994140625,6237.60009765625,6255.68017578125,4656210000.0,-0.0032975229626984737,-0.0033029717732258423,0.10125340258447907,-0.003297522962698511
2025-07-14,6268.56005859375,6273.31005859375,6239.22021484375,6255.14990234375,4722250000.0,0.001407413809457303,0.0014064243309367943,0.10102061532263275,-0.0018947501325959687
2025-07-15,6243.759765625,6302.0400390625,6241.68017578125,6295.2900390625,5133670000.0,-0.003956298214731202,-0.003964145065672561,0.09115736814029264,-0.005843552150760256
2025-07-16,6263.7001953125,6268.1201171875,6201.58984375,6254.5,5177460000.0,0.003193657417327689,0.0031885685253844154,0.08727503813961583,-0.002668557037102459
2025-07-17,6297.35986328125,6304.68994140625,6262.27001953125,6263.39990234375,5512290000.0,0.00537376740890938,0.005359380240011013,0.0790929289538415,0.0
2025-07-18,6296.7900390625,6315.60986328125,6285.27001953125,6312.9501953125,5184700000.0,-9.048620868445933e-05,-9.049030280841674e-05,0.07899130048085383,-9.048620868445847e-05
2025-07-21,6305.60009765625,6336.080078125,6303.7900390625,6304.740234375,5010840000.0,0.001399134882868358,0.001398157005673256,0.07713372732853413,0.0
2025-07-22,6309.6201171875,6316.1201171875,6281.7099609375,6306.60009765625,5662040000.0,0.0006375316336257875,0.0006373284966667569,0.07308503765267473,0.0
2025-07-23,6358.91015625,6360.64013671875,6317.490234375,6326.89990234375,5642510000.0,0.007811886951519131,0.007781532145702873,0.06866963873463178,0.0
2025-07-24,6363.35009765625,6381.31005859375,6360.56982421875,6368.60009765625,5282720000.0,0.0006982236416543941,0.0006979799969332514,0.06842367125538056,0.0
2025-07-25,6388.64013671875,6395.81982421875,6368.52978515625,6370.009765625,4470720000.0,0.00397432777929585,0.003966451001680552,0.06531249444149224,0.0
2025-07-28,6389.77001953125,6401.06982421875,6375.7900390625,6397.68994140625,4565620000.0,0.00017685810881817865,0.00017684247126657597,0.06444869514204428,0.0
2025-07-29,6370.85986328125,6409.259765625,6363.919921875,6405.6201171875,5076120000.0,-0.002959442388724254,-0.002963830197466829,0.06516048705400716,-0.0029594423887242247
2025-07-30,6362.89990234375,6396.5400390625,6336.3798828125,6381.22998046875,5375070000.0,-0.0012494327466496813,-0.0012502139385094711,0.06522716350327118,-0.004205177511141657
2025-07-31,6339.39013671875,6427.02001953125,6327.64013671875,6427.02001953125,6077080000.0,-0.0036948193411530106,-0.003701662046374567,0.06622435227215387,-0.007884459481093474
2025-08-01,6238.009765625,6287.27978515625,6212.68994140625,6287.27978515625,5827150000.0,-0.015992133140148468,-0.0161213871855698,0.08426001129794702,-0.023750503295482152
2025-08-04,6329.93994140625,6330.68994140625,6271.7099609375,6271.7099609375,4842580000.0,0.01473710033091602,0.014629564491414495,0.0947255503032848,-0.009363416514541333
2025-08-05,6299.18994140625,6346.0,6289.3701171875,6336.6298828125,5517410000.0,-0.004857865996303334,-0.004869703780462017,0.09673106404801715,-0.014175796288149491
2025-08-06,6345.06005859375,6352.830078125,6301.10986328125,6309.2998046875,5408560000.0,0.007281907295092482,0.007255522219852605,0.09772796540546448,-0.006997115827461329
2025-08-07,6340.0,6389.7099609375,6310.31982421875,6374.31982421875,5306090000.0,-0.0007974800154801898,-0.0007977981718278668,0.09752979510727189,-0.007789015782903107
2025-08-08,6389.4501953125,6395.16015625,6355.22021484375,6355.22021484375,4769910000.0,0.007799715348974834,0.0077694548163894745,0.09974026022411253,-5.0052539883659555e-05
2025-08-11,6373.4501953125,6407.25,6364.06005859375,6389.669921875,4652400000.0,-0.0025041278217863283,-0.0025072683938851073,0.10050650276975327,-0.002554055023712295
2025-08-12,6445.759765625,6446.5498046875,6385.759765625,6395.169921875,5135300000.0,0.01134543584661274,0.011281559075170764,0.10531618116730976,0.0
2025-08-13,6466.580078125,6480.27978515625,6445.02001953125,6462.669921875,5195950000.0,0.0032300788824048965,0.0032248733840464015,0.10532355944261293,0.0
2025-08-14,6468.5400390625,6473.919921875,6441.06982421875,6453.4599609375,4462050000.0,0.00030309080129242716,0.00030304487855445177,0.10445156939815677,0.0
2025-08-15,6449.7998046875,6481.33984375,6441.85009765625,6477.3798828125,4575060000.0,-0.0028971350972291088,-0.0029013399163647113,0.10543441212200391,-0.002897135097229152
2025-08-18,6449.14990234375,6455.35009765625,6437.7001953125,6445.02001953125,4162290000.0,-0.00010076318078544588,-0.00010076825773579619,0.10553134055411381,-0.002997606353467089
2025-08-19,6411.3701171875,6456.47998046875,6400.22021484375,6446.240234375,4377440000.0,-0.005858103118756786,-0.005875329112207127,0.10842336321667682,-0.008838149185095833
2025-08-20,6395.77978515625,6408.39990234375,6343.85986328125,6406.6201171875,4470390000.0,-0.0024316693228262354,-0.002434630632264957,0.10572926994344917,-0.011248327051678157
2025-08-21,6370.169921875,6393.64990234375,6352.7099609375,6380.830078125,4013560000.0,-0.004004181529308926,-0.004012219728951123,0.10680416982803607,-0.015207468237571117
2025-08-22,6466.91015625,6478.89013671875,6384.58984375,6384.58984375,5046860000.0,0.015186444876893468,0.015072285158779139,0.11880208350385324,-0.0002519707387845469
2025-08-25,6439.31982421875,6466.89013671875,6438.06005859375,6457.669921875,4059070000.0,-0.004266385548063467,-0.004275512539646319,0.1200613707339475,-0.004517281282529551
2025-08-26,6465.93994140625,6468.3701171875,6429.2099609375,6435.490234375,4867680000.0,0.004133995191134998,0.00412547371011636,0.1200749632899926,-0.0004019605104936226
2025-08-27,6481.39990234375,6487.06005859375,6457.83984375,6462.259765625,4143680000.0,0.0023909843081744153,0.0023881304533030262,0.11996934348540168,0.0
2025-08-28,6501.85986328125,6508.22998046875,6466.9599609375,6483.83984375,4283760000.0,0.0031567194195349924,0.003151747441466755,0.11892763333747176,0.0
2025-08-29,6460.259765625,6491.759765625,6444.56982421875,6489.27978515625,4234840000.0,-0.00639818429357164,-0.006418740402792551,0.10418761968727204,-0.006398184293571648
2025-09-02,6415.5400390625,6416.5400390625,6360.580078125,6401.509765625,4784000000.0,-0.006922279936861564,-0.006946350061030363,0.09669279709619343,-0.01327617420766549
2025-09-03,6448.259765625,6453.669921875,6416.169921875,6445.81982421875,4465360000.0,0.0051000736279842585,0.005087112302941308,0.09557759340152354,-0.008243810045638233
2025-09-04,6502.080078125,6502.5400390625,6445.97998046875,6456.60009765625,4670770000.0,0.008346486409699372,0.008311847102873571,0.09653843586430773,0.0
2025-09-05,6481.5,6532.64990234375,6443.97998046875,6529.080078125,5066120000.0,-0.003165152978388819,-0.00317017266993674,0.09755874420306931,-0.003165152978388827
2025-09-08,6495.14990234375,6508.669921875,6483.2900390625,6498.08984375,5211500000.0,0.0021059789159529885,0.0021037644508885675,0.09444769748109165,-0.0010658398078739826
2025-09-09,6512.60986328125,6518.22998046875,6483.080078125,6503.330078125,4798350000.0,0.0026881536531127015,0.0026845470300734414,0.09381747004574341,0.0
2025-09-10,6532.0400390625,6555.97021484375,6516.33984375,6550.2900390625,5253010000.0,0.002983469943562689,0.0029790282293981275,0.08615977961366214,0.0
2025-09-11,6587.47021484375,6592.89013671875,6545.7998046875,6554.41015625,5426460000.0,0.008485890387959882,0.008450087623093565,0.09012413076832688,0.0
2025-09-12,6584.2900390625,6600.2099609375,6579.490234375,6590.66015625,4641640000.0,-0.00048276131466740146,-0.00048287788142832935,0.09023929785710202,-0.00048276131466735316
2025-09-15,6615.27978515625,6619.6201171875,6602.06982421875,6603.490234375,5045020000.0,0.004706619226962694,0.004695577726559718,0.09003852819712908,0.0
2025-09-16,6606.759765625,6626.990234375,6600.10986328125,6624.1298828125,5359510000.0,-0.0012879303382402618,-0.0012887604333313247,0.09037594142007459,-0.0012879303382402232
2025-09-17,6600.35009765625,6624.39013671875,6551.14990234375,6604.8701171875,5805340000.0,-0.0009701681605103207,-0.0009706390782443865,0.08688756426013163,-0.0022568489897434275
2025-09-18,6631.9599609375,6656.7998046875,6611.89013671875,6626.85009765625,5292400000.0,0.004789119185128365,0.004777687836708263,0.08637824658114433,0.0
2025-09-19,6664.35986328125,6671.81982421875,6630.31005859375,6647.10986328125,9125960000.0,0.004885418870829605,0.004873523937481177,0.0841604977487699,0.0
2025-09-22,6693.75,6698.8798828125,6648.06982421875,6654.27978515625,5642620000.0,0.004410046474333074,0.004400350714762291,0.0699304911667881,0.0
2025-09-23,6656.919921875,6699.52001953125,6645.580078125,6692.43994140625,5633620000.0,-0.005502159197012135,-0.005517351828739721,0.07146558937745486,-0.005502159197012138
2025-09-24,6637.97021484375,6672.66015625,6621.759765625,6669.7900390625,5459180000.0,-0.002846617843333288,-0.0028506771652953692,0.0725575998632148,-0.00833311449579832
2025-09-25,6604.72021484375,6619.0,6569.22021484375,6608.18994140625,5874670000.0,-0.0050090613431266195,-0.005021648742526333,0.07579619719242707,-0.013300434757236228
2025-09-26,6643.7001953125,6648.97021484375,6604.43017578125,6615.3798828125,5103110000.0,0.005901836747171263,0.005884489130413512,0.0774552335297993,-0.007477095004668534
2025-09-29,6661.2099609375,6677.31005859375,6644.490234375,6661.580078125,5358760000.0,0.00263554421636214,0.002632077259912619,0.07232819469256885,-0.00486125700280112
2025-09-30,6688.4599609375,6691.25,6641.0,6656.18994140625,6057210000.0,0.0040908483833717035,0.004082503613507919,0.06545010807237217,-0.0007902952847805789
2025-10-01,6711.2001953125,6718.47998046875,6656.2001953125,6664.919921875,6037950000.0,0.003399920834961989,0.0033941541712235066,0.06469097425592832,0.0
2025-10-02,6715.35009765625,6731.93994140625,6693.22998046875,6731.31005859375,5416130000.0,0.0006183547238911569,0.0006181636213842448,0.060351186103052706,0.0
2025-10-03,6715.7900390625,6750.8701171875,6705.669921875,6722.14013671875,5713110000.0,6.551280273581206e-05,6.55106568658717e-05,0.05799638381042155,0.0
2025-10-06,6740.27978515625,6749.52001953125,6717.77978515625,6733.85986328125,5604460000.0,0.0036465919796933033,0.003639959282762629,0.05836688140270853,0.0
2025-10-07,6714.58984375,6754.490234375,6699.9599609375,6746.14013671875,5546150000.0,-0.0038114057910215715,-0.003818687706853079,0.061611703170364296,-0.0038114057910215472
2025-10-08,6753.72021484375,6755.64013671875,6718.08984375,6723.8701171875,5383130000.0,0.0058276636405680815,0.005810748494187323,0.06329373429668,0.0
2025-10-09,6735.10986328125,6764.580078125,6716.169921875,6760.5,5385020000.0,-0.002755570407195318,-0.0027593739802789824,0.05977372868774604,-0.002755570407195282
2025-10-10,6552.509765625,6762.39990234375,6550.77978515625,6740.490234375,6596610000.0,-0.02711167321141361,-0.027485975439899807,0.1178987274442862,-0.029792535494217995
2025-10-13,6654.72021484375,6668.68017578125,6620.7099609375,6622.52978515625,5303960000.0,0.015598671787557583,0.015478263036934031,0.12952726452908173,-0.014658587689553913
2025-10-14,6644.31005859375,6680.7001953125,6555.06982421875,6602.490234375,5666920000.0,-0.0015643266604626893,-0.00156555149694257,0.12957593223234337,-0.01619998353048909
2025-10-15,6671.06005859375,6724.1201171875,6612.10986328125,6688.27001953125,5633060000.0,0.004026001159503689,0.004017918503427979,0.13014430722243087,-0.01223920352346316
2025-10-16,6629.06982421875,6709.33984375,6593.990234375,6689.02001953125,6048180000.0,-0.006294387099829435,-0.006314280275141975,0.13129650703294446,-0.018456552338522336
2025-10-17,6664.009765625,6678.8798828125,6603.759765625,6613.27001953125,5358120000.0,0.0052707155502571545,0.0052568739445263,0.13149298171918167,-0.013283116025680003
2025-10-20,6735.1298828125,6744.35009765625,6690.0498046875,6690.0498046875,4672170000.0,0.010672270853256949,0.010615724136144117,0.13602601320828017,-0.0027526061844242527
2025-10-21,6735.35009765625,6752.16015625,6722.02978515625,6736.75,5245020000.0,3.2696450934288634e-05,3.269591641698797e-05,0.13428906039289903,-0.002719999733942932
2025-10-22,6699.39990234375,6741.75,6655.68994140625,6741.33984375,5710010000.0,-0.005337539220865439,-0.005351834774743029,0.13542659480709623,-0.008043020849547692
2025-10-23,6738.43994140625,6749.52978515625,6700.14013671875,6703.64990234375,5565750000.0,0.0058273934429324825,0.0058104798620133855,0.1350686404317793,-0.0022624972535753044
2025-10-24,6791.68994140625,6807.10986328125,6772.06982421875,6772.06982421875,5058220000.0,0.00790242258787388,0.007871361975244856,0.13620057549410264,0.0
2025-10-27,6875.16015625,6877.27978515625,6843.93994140625,6845.4599609375,5290650000.0,0.012290050865671143,0.012215141327379352,0.14176314001880475,0.0
2025-10-28,6890.89013671875,6911.2998046875,6870.72998046875,6897.740234375,5695930000.0,0.0022879438603986557,0.0022853305022299255,0.14148574598102293,0.0
2025-10-29,6890.58984375,6920.33984375,6851.91015625,6910.9501953125,6280130000.0,-4.3578255173426506e-05,-4.3579204733175357e-05,0.14139858010595607,-4.3578255173429765e-05
2025-10-30,6822.33984375,6880.75,6820.68994140625,6860.5,6052700000.0,-0.00990481243951924,-0.009954191424534511,0.14696411288684003,-0.009947959060248745
2025-10-31,6840.2001953125,6879.169921875,6814.259765625,6879.169921875,6398280000.0,0.0026179217059763005,0.0026145009178832708,0.14707585946288151,-0.007356080332226445
2025-11-03,6851.97021484375,6882.31982421875,6820.6201171875,6882.31982421875,6065720000.0,0.0017207127269924793,0.0017192339969181521,0.14676204408811552,-0.005648025306282504
2025-11-04,6771.5498046875,6820.2099609375,6766.7099609375,6788.52001953125,5739510000.0,-0.011736830084583816,-0.011806250392326715,0.1527292008998396,-0.017318565477533
2025-11-05,6796.2900390625,6829.77978515625,6763.10986328125,6769.77001953125,5939600000.0,0.0036535556982648654,0.0036468976756877185,0.15190759430104356,-0.0137282841228544
2025-11-06,6720.31982421875,6796.68017578125,6707.509765625,6787.58984375,6051900000.0,-0.011178189042419073,-0.011241134514722728,0.1570792174620824,-0.024753015810120117
2025-11-07,6728.7998046875,6730.10986328125,6631.43994140625,6696.18017578125,5926070000.0,0.0012618418007710464,0.0012610463474931072,0.11920875756544333,-0.023522408399393364
2025-11-10,6832.43017578125,6841.31982421875,6770.56005859375,6785.35986328125,5366050000.0,0.01540101862170995,0.015283626703501816,0.11890393048711925,-0.008483658827470004
2025-11-11,6846.60986328125,6855.1298828125,6806.8701171875,6815.64013671875,4983490000.0,0.002075350517340535,0.0020731999523923177,0.11843426851252804,-0.0064259148758661
2025-11-12,6850.919921875,6869.91015625,6829.6201171875,6867.77001953125,5293610000.0,0.0006295171887717999,0.0006293191259445972,0.11808893247096333,-0.0058004429109622556
2025-11-13,6737.490234375,6828.0498046875,6724.72021484375,6826.47021484375,5473720000.0,-0.01655685496159698,-0.01669545163092778,0.131939292565002,-0.022261260780569454
2025-11-14,6734.10986328125,6774.31005859375,6646.8701171875,6672.14013671875,5042660000.0,-0.0005017255648851471,-0.0005018514712717733,0.1309454495221303,-0.02275181730181442
2025-11-17,6672.41015625,6754.5,6638.89990234375,6713.60986328125,5204220000.0,-0.00916226617680782,-0.009204497894305158,0.12957737809040912,-0.03170562527249696
2025-11-18,6617.31982421875,6666.6298828125,6574.31982421875,6641.18994140625,5159390000.0,-0.008256436690967983,-0.008290709844169318,0.13248663970797994,-0.039700286475655024
2025-11-19,6642.16015625,6689.75,6603.5,6625.83984375,5021610000.0,0.0037538357962292324,0.00374680773726533,0.13235357695738312,-0.036095479035918615
2025-11-20,6538.759765625,6770.35009765625,6534.0498046875,6737.93017578125,5596080000.0,-0.015567283563270418,-0.01568972611631523,0.14065348349493026,-0.05110085404168476
2025-11-21,6602.990234375,6660.0498046875,6521.919921875,6555.77001953125,5929930000.0,0.009823035415319481,0.009775103041592069,0.14248690704820252,-0.041779784125369895
2025-11-24,6705.1201171875,6715.75,6630.7001953125,6636.5400390625,6039740000.0,0.015467217001293498,0.015348818899081837,0.14682896115225408,-0.02695878411141068
2025-11-25,6765.8798828125,6776.39990234375,6659.97998046875,6697.02978515625,5003330000.0,0.009061696817220577,0.009020886000832944,0.15087220175035884,-0.018141379622368555
2025-11-26,6812.60986328125,6831.43994140625,6783.8701171875,6793.5498046875,4485000000.0,0.006906711511012631,0.006882969436149685,0.15338551654303323,-0.011359965386819371
2025-11-28,6849.08984375,6850.85986328125,6819.75,6822.52001953125,2558540000.0,0.005354773163420257,0.005340487341137372,0.15055546474536782,-0.006066022261189922
2025-12-01,6812.6298828125,6843.64990234375,6799.93994140625,6812.2998046875,4549370000.0,-0.005323329342915684,-0.005337548746055966,0.15150407278945732,-0.011357060169807809
2025-12-02,6829.3701171875,6851.5498046875,6806.7099609375,6830.9599609375,4582290000.0,0.002457235261999813,0.002454221195936617,0.1516500801793673,-0.008927731876529978
2025-12-03,6849.72021484375,6862.419921875,6810.43017578125,6815.2900390625,4736780000.0,0.0029797912994984355,0.0029753605210852863,0.145555202960346,-0.00597454335480147
2025-12-04,6857.1201171875,6866.47021484375,6827.1201171875,6866.47021484375,4872440000.0,0.0010803218396737702,0.001079738711974404,0.14512095507933717,-0.004900675944796058
2025-12-05,6870.39990234375,6895.77978515625,6858.2900390625,6866.31982421875,4944560000.0,0.001936641757662061,0.0019347688846794776,0.13843020448778395,-0.0029735250408094416
2025-12-08,6846.509765625,6878.27001953125,6827.18994140625,6875.2001953125,4757130000.0,-0.003477255626794018,-0.0034833153316476935,0.13938009717057434,-0.00644044096092391
2025-12-09,6840.509765625,6864.919921875,6837.43017578125,6840.60986328125,4508050000.0,-0.0008763589340257116,-0.0008767431610132386,0.12859780495917175,-0.007311155756974487
2025-12-10,6886.68017578125,6900.669921875,6824.68994140625,6833.490234375,5526570000.0,0.00674955693920154,0.006726880659139976,0.13060973164797823,-0.0006109458798460348
2025-12-11,6901.0,6903.4599609375,6833.4501953125,6861.2998046875,5021060000.0,0.002079350841514227,0.00207719198371703,0.13076039066192158,0.0
2025-12-12,6827.41015625,6899.85009765625,6801.7900390625,6886.85009765625,4910160000.0,-0.010663649289958,-0.010720913458554537,0.12183754320083624,-0.010663649289957977
2025-12-15,6816.509765625,6861.58984375,6801.490234375,6860.18994140625,4975600000.0,-0.0015965630269072495,-0.0015978388918367072,0.12203845316228537,-0.012243187128677004
2025-12-16,6800.259765625,6819.27001953125,6759.740234375,6800.1201171875,4983180000.0,-0.0023839179519623555,-0.00238676400843967,0.11706600427239021,-0.01459791832705405
2025-12-17,6721.43017578125,6812.259765625,6720.43017578125,6802.8798828125,5122120000.0,-0.011592143912241393,-0.01165985661137129,0.1211331291312373,-0.026020841069229098
2025-12-18,6774.759765625,6816.1298828125,6758.5,6778.06005859375,5101190000.0,0.007934262269941872,0.007902951520479156,0.1233608755842371,-0.018293034976814955
2025-12-19,6834.5,6840.02001953125,6792.6201171875,6792.6201171875,8554470000.0,0.008818059450332205,0.008779407421828872,0.10925512804103148,-0.009636284596435299
2025-12-22,6878.490234375,6882.02978515625,6855.740234375,6865.2099609375,4465030000.0,0.006436496360377575,0.006415870575561936,0.10679379590936072,-0.00326181214679032
2025-12-23,6909.7900390625,6910.8798828125,6868.81005859375,6872.41015625,3820560000.0,0.004550388765703239,0.004540067046788208,0.09519560532692016,0.0
2025-12-24,6932.0498046875,6937.31982421875,6904.91015625,6904.91015625,1798270000.0,0.0032214822012188726,0.003216304344700708,0.09126465459240932,0.0
2025-12-26,6929.93994140625,6945.77001953125,6921.60009765625,6936.02001953125,2586550000.0,-0.00030436354912266594,-0.00030440987710828846,0.08887720677352658,-0.000304363549122699
2025-12-29,6905.740234375,6920.2099609375,6888.759765625,6903.60009765625,3541750000.0,-0.00349205148036813,-0.003498162923937312,0.08849607712594627,-0.0037953521763085555
2025-12-30,6896.240234375,6913.25,6893.47021484375,6900.43994140625,3309930000.0,-0.0013756671519022934,-0.0013766142506534472,0.08616932411168945,-0.005165798186892039
2025-12-31,6845.5,6901.419921875,6844.5498046875,6898.81982421875,3261830000.0,-0.007357666300846111,-0.007384867434248815,0.09035249133998995,-0.012485456268501479
2026-01-02,6858.47021484375,6894.8701171875,6824.31005859375,6878.10986328125,4184120000.0,0.0018947067188299638,0.0018929140261155547,0.08997938838921613,-0.010614405827551177
2026-01-05,6902.0498046875,6920.3798828125,6891.56005859375,6892.18994140625,5771930000.0,0.006354126864826393,0.006334024511051582,0.09265926377693973,-0.004327724243947843
2026-01-06,6944.81982421875,6948.68994140625,6904.02001953125,6908.02978515625,5509680000.0,0.006196712678341321,0.0061775920038938375,0.09483437462934075,0.0
2026-01-07,6920.93017578125,6965.68994140625,6919.18994140625,6945.06982421875,5214480000.0,-0.003439923431013958,-0.0034458535710101927,0.09481339325682654,-0.0034399234310139126
2026-01-08,6921.4599609375,6931.27978515625,6899.330078125,6914.10986328125,5333200000.0,7.65482590914246e-05,7.654532942294603e-05,0.09468468860281211,-0.003363638492072448
2026-01-09,6966.27978515625,6978.35986328125,6917.64013671875,6927.830078125,5163900000.0,0.006475487031883276,0.006454611138321038,0.0944552223733828,0.0
2026-01-12,6977.27001953125,6986.330078125,6934.06982421875,6944.1201171875,5019040000.0,0.001577633215136931,0.0015763900591805138,0.09436624502453445,0.0
2026-01-13,6963.740234375,6985.830078125,6938.77001953125,6977.41015625,5091730000.0,-0.0019391230550597216,-0.0019410055882070072,0.08515516293059602,-0.0019391230550597157
2026-01-14,6926.60009765625,6941.2998046875,6885.740234375,6937.41015625,5530830000.0,-0.005333360445499591,-0.005347633584135448,0.08766889377047492,-0.007262141458358541
2026-01-15,6944.47021484375,6979.33984375,6937.93017578125,6969.4599609375,5114050000.0,0.0025799262171273263,0.002576603920444464,0.08704324029851943,-0.00470095103037213
2026-01-16,6940.009765625,6967.2998046875,6925.08984375,6960.5400390625,5356550000.0,-0.0006423023039563436,-0.0006425086684515026,0.07342825163027522,-0.00534023390265083
2026-01-20,6796.85986328125,6871.169921875,6789.0498046875,6865.240234375,5769500000.0,-0.02062675805627745,-0.020842460953261224,0.1048670312556804,-0.025856840246254422
2026-01-21,6875.6201171875,6910.39013671875,6804.9599609375,6810.7099609375,5835520000.0,0.011587741323274559,0.01152111763356032,0.10825187866729558,-0.014568721299190752
2026-01-22,6913.35009765625,6934.75,6893.6201171875,6914.43994140625,5307580000.0,0.005487502192628835,0.0054725007079021405,0.1075947786572666,-0.00916116499663493
2026-01-23,6915.60986328125,6932.9599609375,6895.5,6907.85009765625,4871930000.0,0.0003268698377891788,0.0003268164274822459,0.106400877410744,-0.00883728966736226
2026-01-26,6950.22998046875,6964.66015625,6921.60009765625,6923.22998046875,4968050000.0,0.005006083031276365,0.00499359426016032,0.10728744114390111,-0.0038754468419321137
2026-01-27,6978.60009765625,6988.81982421875,6958.830078125,6965.9599609375,5331720000.0,0.004081896177137168,0.004073587840441241,0.10817364334072802,0.0
2026-01-28,6978.02978515625,7002.27978515625,6963.4599609375,7002.0,5507670000.0,-8.172305219089626e-05,-8.172639170147053e-05,0.10723747450540216,-8.172305219087398e-05
2026-01-29,6969.009765625,6992.83984375,6870.7998046875,6977.740234375,6877780000.0,-0.001292631274007694,-0.0012934674424623016,0.1072183678882431,-0.001374248688425476
2026-01-30,6939.02978515625,6964.08984375,6893.47998046875,6947.27001953125,6697340000.0,-0.004301899620894223,-0.0043111794144580756,0.10473734136537835,-0.0056702364294079
2026-02-02,6976.43994140625,6991.919921875,6914.33984375,6916.64013671875,5772050000.0,0.00539126612916796,0.005376785277364613,0.10599560579067914,-0.00030954005384625555
2026-02-03,6917.81005859375,6993.080078125,6862.0498046875,6985.4501953125,7017660000.0,-0.008403983020698336,-0.008439495590663714,0.10879821564992419,-0.008710921705187868
2026-02-04,6882.72021484375,6936.08984375,6838.7998046875,6924.5,7475750000.0,-0.005072391906223106,-0.005085300155013826,0.10781387320650139,-0.013739128402657874
2026-02-05,6798.39990234375,6857.85009765625,6780.1298828125,6837.39013671875,6989120000.0,-0.012251015567674717,-0.01232667785383289,0.1154276487684088,-0.025821825694385313
2026-02-06,6932.2998046875,6944.89013671875,6816.740234375,6816.740234375,6283680000.0,0.0196957966973359,0.019504344282200718,0.13630482813145534,-0.006634610426280174
2026-02-09,6964.81982421875,6980.10009765625,6905.8701171875,6917.259765625,5650260000.0,0.004691086716887227,0.004680117860123293,0.13534600443645764,-0.001974647242235313
2026-02-10,6941.81005859375,6986.830078125,6937.52978515625,6974.490234375,5595950000.0,-0.003303712975458173,-0.0033091822845107053,0.13569685200816617,-0.005271836549977389
2026-02-11,6941.47021484375,6993.47998046875,6911.97021484375,6976.47998046875,6175510000.0,-4.895607156218951e-05,-4.89572699497733e-05,0.13555113625214352,-0.005320534533132226
2026-02-12,6832.759765625,6973.22021484375,6824.0400390625,6957.5400390625,7118700000.0,-0.01566101212770199,-0.01578494138611745,0.1455436153420568,-0.02089822170498496
2026-02-13,6836.169921875,6881.9599609375,6794.5498046875,6834.27001953125,5718360000.0,0.0004990891480125548,0.0004989646444475858,0.14511286365758072,-0.020409562632638156
2026-02-17,6843.22021484375,6866.990234375,6775.5,6819.85986328125,5418480000.0,0.0010313220779065713,0.0010307906306565179,0.14525628079412875,-0.01939928938727512
2026-02-18,6881.31005859375,6909.1201171875,6849.66015625,6855.47998046875,5098160000.0,0.005566070147410729,0.005550636821134019,0.12560289595334256,-0.013941197045403803
2026-02-19,6861.89013671875,6879.1201171875,6833.06005859375,6861.33984375,5151690000.0,-0.0028221256867719813,-0.0028261153915347848,0.11924759210888511,-0.016723978921889624
2026-02-20,6909.509765625,6915.85986328125,6836.330078125,6843.259765625,5432480000.0,0.006939724763506794,0.006915755702175204,0.12024795498994204,-0.009900313969051453
2026-02-23,6837.75,6916.9599609375,6819.81982421875,6901.25,5638350000.0,-0.010385652247284827,-0.01043995947145646,0.12577333518375572,-0.020183144998314813
2026-02-24,6890.06982421875,6899.169921875,6815.43017578125,6837.3701171875,5266090000.0,0.0076516140863223114,0.007622488962383376,0.1276468475930587,-0.012685964548567947
2026-02-25,6946.1298828125,6952.509765625,6915.14990234375,6915.14990234375,5328060000.0,0.008136355657339944,0.0081034339701294,0.13030831600557372,-0.00465282641065148
2026-02-26,6908.85986328125,6947.25,6859.72998046875,6944.740234375,5889550000.0,-0.005365580569328343,-0.005380026995566101,0.13157764907345534,-0.009993441864998415
2026-02-27,6878.8798828125,6882.9599609375,6831.740234375,6856.5400390625,6665660000.0,-0.00433935281103115,-0.004348795128037643,0.1322677623469012,-0.01428942960598084
2026-03-02,6881.6201171875,6901.009765625,6796.85009765625,6824.35986328125,6079080000.0,0.0003983547353176853,0.0003982754131349892,0.13159389459863968,-0.013896767132611674
2026-03-03,6816.6298828125,6840.0498046875,6710.419921875,6800.259765625,6442080000.0,-0.009444031095625416,-0.009488908731312503,0.13348172520578963,-0.023209556727308015
2026-03-04,6869.5,6885.93994140625,6811.64013671875,6831.68994140625,5252170000.0,0.007756049264286302,0.00772612574014956,0.13411925917343862,-0.01563352192840095
2026-03-05,6830.7099609375,6870.43017578125,6770.77978515625,6851.080078125,5989300000.0,-0.005646704863891072,-0.005662707772703004,0.13440498001141216,-0.021191948907979215
2026-03-06,6740.02001953125,6773.419921875,6711.56005859375,6769.02978515625,5793120000.0,-0.013276795812569242,-0.013365720432496335,0.135674595749877,-0.034187383542026814
2026-03-09,6795.990234375,6810.43994140625,6636.0400390625,6699.7998046875,6709410000.0,0.008304161513105202,0.008269871665388671,0.1185618142978103,-0.026167119583565074
2026-03-10,6781.47998046875,6845.080078125,6759.740234375,6796.56005859375,5944950000.0,-0.0021351198877325173,-0.002137402505887721,0.11669017405409123,-0.028246369533870042
2026-03-11,6775.7998046875,6811.14990234375,6745.58984375,6790.08984375,5511090000.0,-0.0008376012017449197,-0.0008379521856348736,0.11646482029939552,-0.029060311542548498
2026-03-12,6672.6201171875,6740.8798828125,6670.39990234375,6740.8798828125,6292170000.0,-0.015227676506708532,-0.015344808189494536,0.1266522800831936,-0.04384546702590292
2026-03-13,6632.18994140625,6733.2998046875,6623.919921875,6673.490234375,5337120000.0,-0.006059115470564369,-0.006077546398501344,0.11692765109659038,-0.04963891774889655
2026-03-16,6699.3798828125,6729.7900390625,6674.3701171875,6674.3701171875,5176290000.0,0.010130883162251969,0.010079909746818997,0.12383091221420048,-0.040010920662659204
2026-03-17,6716.08984375,6754.2998046875,6710.7998046875,6722.35009765625,5063390000.0,0.0024942548757938,0.002491149384952951,0.12425798449651196,-0.03761646322081324
2026-03-18,6624.7001953125,6705.18017578125,6621.66015625,6697.16015625,5275480000.0,-0.013607567880073446,-0.013700999383730839,0.12960146680066406,-0.05071216252420118
2026-03-19,6606.490234375,6636.740234375,6557.81982421875,6583.1201171875,5973390000.0,-0.002748797741878972,-0.002752582623899739,0.1295947617455216,-0.0533215627882478
2026-03-20,6506.47998046875,6594.66015625,6473.52001953125,6594.66015625,10025820000.0,-0.015138182356779217,-0.015253934307770224,0.13343656323503778,-0.0676525536039901
2026-03-23,6581.0,6651.6201171875,6565.5498046875,6574.9599609375,6020650000.0,0.011453200463990454,0.0113881090950741,0.1396559899164403,-0.0569741913983269
2026-03-24,6556.3701171875,6595.75,6525.10986328125,6552.08984375,5278580000.0,-0.0037425745042546366,-0.0037495954593205535,0.1351170958337598,-0.060503535746453674
2026-03-25,6591.89990234375,6633.93994140625,6568.41015625,6598.35009765625,4936720000.0,0.005419124381509377,0.005404493759949214,0.1326293876009229,-0.05541228755067546
2026-03-26,6477.16015625,6573.22021484375,6473.7900390625,6555.85986328125,4845560000.0,-0.017406172392416708,-0.017559440961209507,0.14266124395075006,-0.07185394411332692
2026-03-27,6368.85009765625,6453.89013671875,6356.080078125,6453.89013671875,5303490000.0,-0.01672184352107431,-0.01686323194605131,0.15065926834227814,-0.0873742572245662
2026-03-30,6343.72021484375,6427.31005859375,6316.91015625,6403.3701171875,5458640000.0,-0.003945748828622642,-0.003953553833355896,0.14982060551627718,-0.09097524918009318
2026-03-31,6528.52001953125,6539.0498046875,6395.8798828125,6395.8798828125,6396100000.0,0.02913114047102594,0.028714893309798716,0.1880004560322419,-0.06449432147231915
2026-04-01,6575.31982421875,6609.669921875,6554.2900390625,6556.56005859375,5637260000.0,0.007168516684867399,0.0071429450037592815,0.18760472706368145,-0.05778813340700536
2026-04-02,6582.68994140625,6601.91015625,6474.93994140625,6512.60986328125,4740740000.0,0.0011208758485563575,0.0011202481362370179,0.18748365355936145,-0.05673203088151816
2026-04-06,6611.830078125,6618.1298828125,6579.72021484375,6587.66015625,3906440000.0,0.0044267825126402816,0.004417013131605809,0.1835813923706089,-0.05255638873109079
2026-04-07,6616.85009765625,6618.259765625,6534.5498046875,6601.93017578125,4555680000.0,0.0007592481161695641,0.0007589600331270599,0.18048265054386448,-0.05183704395405793
2026-04-08,6782.81005859375,6793.5,6740.27978515625,6754.35986328125,5904880000.0,0.025081414644149813,0.024772038357183543,0.20279444782952374,-0.028055775703246806
2026-04-09,6824.66015625,6835.31005859375,6761.5498046875,6783.68994140625,4912410000.0,0.006170023529293189,0.006151066869514015,0.20392126968399188,-0.022058856970175213
2026-04-10,6816.89013671875,6845.77001953125,6808.4599609375,6839.240234375,4393220000.0,-0.0011385210916523558,-0.0011391696991393636,0.19547099401754883,-0.023172263587909272
2026-04-13,6886.240234375,6887.0,6790.02001953125,6806.47021484375,4785840000.0,0.010173274948748201,0.010121875493741075,0.19607201888869646,-0.013234726447825673
2026-04-14,6967.3798828125,6969.419921875,6905.169921875,6910.2001953125,5032380000.0,0.011782866364792755,0.011713988916143619,0.19706175848581797,-0.0016078030961422032
2026-04-15,7022.9501953125,7026.240234375,6967.1298828125,6978.169921875,5278610000.0,0.007975783355387733,0.00794414491156507,0.19820356645508488,0.0
2026-04-16,7041.27978515625,7051.22998046875,7008.52001953125,7037.77978515625,5173650000.0,0.0026099558353673835,0.002606555815286028,0.18905649711860112,0.0
2026-04-17,7126.06005859375,7147.52001953125,7074.5498046875,7074.5498046875,6145300000.0,0.012040463669150903,0.011968553928737802,0.19028223973668434,0.0
2026-04-20,7109.14013671875,7122.64990234375,7084.41015625,7117.0498046875,4661130000.0,-0.002374372617670484,-0.0023771959102520377,0.17830665960325914,-0.0023743726176704383
2026-04-21,7064.009765625,7137.27001953125,7050.2001953125,7122.64013671875,5160270000.0,-0.006348217959672997,-0.00636845358085314,0.18024483045305753,-0.008707517542448967
2026-04-22,7137.89990234375,7138.64013671875,7102.91015625,7102.91015625,4919460000.0,0.010460084168953943,0.010405756011537825,0.17965315202666252,0.0
2026-04-23,7108.39990234375,7147.77978515625,7046.5498046875,7118.7998046875,5307260000.0,-0.004132868267081369,-0.004141432170939999,0.1820188259772932,-0.004132868267081413
2026-04-24,7165.080078125,7168.58984375,7112.81982421875,7136.47998046875,4608830000.0,0.007973689797975636,0.007942067917632457,0.16399766223127,0.0
2026-04-27,7173.91015625,7178.740234375,7146.72021484375,7152.72021484375,4783750000.0,0.0012323767534654362,0.0012316180005498539,0.143192720024322,0.0
2026-04-28,7138.7998046875,7152.52001953125,7115.169921875,7133.740234375,4900650000.0,-0.004894172187521972,-0.0049061878687959495,0.1441037528174164,-0.004894172187521951
2026-04-29,7135.9501953125,7145.6298828125,7107.85986328125,7131.60986328125,5123100000.0,-0.0003991720531409948,-0.00039925174351248426,0.11759845945761342,-0.0052913906239024765
2026-04-30,7209.009765625,7219.830078125,7126.14990234375,7161.75,5723790000.0,0.010238239941821936,0.010186184168105012,0.11901101325171076,0.0
2026-05-01,7230.1201171875,7272.52001953125,7229.31982421875,7234.5400390625,4847390000.0,0.002928328889657106,0.00292404968652147,0.11848247950290443,0.0
2026-05-04,7200.75,7244.5400390625,7174.1201171875,7228.3798828125,5215480000.0,-0.004062189384334225,-0.004070462487840939,0.12250455094267836,-0.004062189384334172
2026-05-05,7259.22021484375,7273.259765625,7233.6201171875,7233.6201171875,5279760000.0,0.008120017337603702,0.008087227380575185,0.12248364422598806,0.0
2026-05-06,7365.1201171875,7369.22021484375,7294.14013671875,7294.14013671875,6579640000.0,0.014588330317794274,0.014482944327746904,0.10411276979986103,0.0
2026-05-07,7337.10986328125,7385.02001953125,7321.25,7376.77978515625,6237040000.0,-0.003803095327784889,-0.0038103454826786936,0.1074830128753611,-0.0038030953277848516
2026-05-08,7398.93017578125,7401.5,7362.97021484375,7362.97021484375,5302740000.0,0.008425703533400997,0.008390405429031966,0.10720897234210598,0.0
2026-05-11,7412.83984375,7428.97021484375,7384.2001953125,7385.31005859375,5821910000.0,0.0018799566475542484,0.0018781917406753333,0.10503553976856206,0.0
2026-05-12,7400.9599609375,7409.56982421875,7338.5400390625,7390.6298828125,5624790000.0,-0.0016026088601545085,-0.0016038944114079717,0.10213047892254005,-0.0016026088601544934
2026-05-13,7444.25,7460.0400390625,7375.1298828125,7409.1201171875,5716600000.0,0.005849246488426552,0.005832206062995343,0.10104895541553853,0.0
2026-05-14,7501.240234375,7517.1201171875,7454.39990234375,7454.39990234375,5267050000.0,0.007655604577358366,0.007626449143738461,0.10240901714456582,0.0
2026-05-15,7408.5,7454.85009765625,7397.5,7445.10986328125,5582070000.0,-0.012363320128051747,-0.012440381787730354,0.11087751075323013,-0.012363320128051742
2026-05-18,7403.0498046875,7434.06005859375,7353.169921875,7415.06982421875,5489500000.0,-0.0007356678561787344,-0.0007359385925655567,0.11018010897367217,-0.0130898926870166
2026-05-19,7353.60986328125,7395.31982421875,7333.68017578125,7375.75,5441140000.0,-0.006678320788135905,-0.006700720556670582,0.11052162949814441,-0.019680794972706337
2026-05-20,7432.97021484375,7435.68994140625,7357.4599609375,7369.18994140625,5384150000.0,0.010792026370445518,0.010734208066325955,0.11085823520796895,-0.009101164260597532
2026-05-21,7445.72021484375,7465.9599609375,7389.47998046875,7410.77978515625,5440620000.0,0.0017153304306989359,0.0017138609316666425,0.1084606488269278,-0.007401445333909627
2026-05-22,7473.47021484375,7506.31982421875,7463.2900390625,7468.81982421875,4952440000.0,0.0037269732409066503,0.003720045284340991,0.10657607605117572,-0.0037020570817065408
2026-05-26,7519.1201171875,7539.08984375,7501.10009765625,7511.7900390625,5496060000.0,0.006108260424063872,0.006089680623147164,0.10743845199159964,0.0
2026-05-27,7520.35986328125,7530.72021484375,7499.72021484375,7526.009765625,5524250000.0,0.00016487914469087706,0.00016486555361860245,0.10435982432924988,0.0
2026-05-28,7563.6298828125,7568.72021484375,7508.0400390625,7519.81982421875,5494860000.0,0.005753716619668614,0.0057372272122164095,0.10429125703417928,0.0
2026-05-29,7580.06005859375,7599.3798828125,7563.5498046875,7579.330078125,7858290000.0,0.002172260678511728,0.0021699047314878454,0.1006935364673691,0.0
2026-06-01,7599.9599609375,7617.66015625,7562.60986328125,7582.2900390625,6583960000.0,0.0026252961308912415,0.0026218560604907887,0.10068274765114128,0.0
2026-06-02,7609.77978515625,7620.89990234375,7582.990234375,7595.39990234375,5904410000.0,0.0012920889411551784,0.0012912549125880068,0.09780361590832194,0.0
2026-06-03,7553.68017578125,7605.35009765625,7551.22021484375,7605.31005859375,5753860000.0,-0.007372041104846239,-0.007399348892067432,0.10198053247994233,-0.007372041104846258
2026-06-04,7584.31005859375,7598.18994140625,7516.5400390625,7516.5400390625,5398910000.0,0.004054961568363158,0.0040467623691873905,0.0911776267097578,-0.0033469728798435966
2026-06-05,7383.740234375,7541.81005859375,7368.6298828125,7537.35986328125,5591290000.0,-0.026445361894386843,-0.026801330315360895,0.1348762083091827,-0.02970382286517228
2026-06-08,7405.72998046875,7466.81005859375,7395.1298828125,7440.56982421875,4898180000.0,0.0029781310549599205,0.0029737052076611974,0.13191369086028942,-0.026814153687538055
2026-06-09,7386.64990234375,7483.14990234375,7237.85009765625,7438.66015625,6006390000.0,-0.0025763939780845124,-0.0025797185926219454,0.13204148101620153,-0.029321463841534612
2026-06-10,7266.990234375,7396.56005859375,7265.93017578125,7350.5400390625,5247300000.0,-0.016199450298948426,-0.016332095868206012,0.14396396545023837,-0.045045922544289706
2026-06-11,7394.2998046875,7412.68017578125,7257.330078125,7287.669921875,5658920000.0,0.017518885564244746,0.01736719891346488,0.1564165865536422,-0.02831619134223417
2026-06-12,7431.4599609375,7456.39990234375,7363.009765625,7410.85009765625,4950530000.0,0.0050255138730570525,0.005012928127161434,0.15491983729339615,-0.023432980881599664
2026-06-15,7554.2900390625,7577.919921875,7516.75,7516.75,5674670000.0,0.016528391294663436,0.01639328413858115,0.159116078186549,-0.007291899064147575
2026-06-16,7511.35009765625,7564.9599609375,7508.68017578125,7548.77978515625,5286210000.0,-0.005684179609759754,-0.005700396039273383,0.1607908387653282,-0.01293463020993044
2026-06-17,7420.10009765625,7532.169921875,7402.60986328125,7524.5,5883740000.0,-0.012148282108228825,-0.012222675603360274,0.16530505366489723,-0.024925778781403375
2026-06-18,7500.580078125,7511.06982421875,7468.31982421875,7487.35986328125,9061110000.0,0.010846212235623431,0.010787813962926182,0.1653493897533052,-0.014349916832581223
2026-06-22,7472.7900390625,7530.009765625,7460.009765625,7500.43994140625,5976740000.0,-0.003705051979052687,-0.003711932684976348,0.1659212064361381,-0.01800180162387409
2026-06-23,7365.4599609375,7424.169921875,7347.60009765625,7366.509765625,5640530000.0,-0.014362785193208105,-0.014466928386098657,0.17317725777650905,-0.03210603080726776
2026-06-24,7358.22021484375,7428.06005859375,7336.81982421875,7370.8798828125,5994860000.0,-0.0009829319733113406,-0.000983415367731934,0.17129386575132266,-0.033057404736362525
2026-06-25,7357.490234375,7419.080078125,7323.5,7404.91015625,5565760000.0,-9.92061187945481e-05,-9.921104004703284e-05,0.17127094322779632,-0.03315333135833572
2026-06-26,7354.02001953125,7392.9501953125,7294.18017578125,7312.740234375,9105600000.0,-0.00047165741757115853,-0.0004717686829183932,0.1693937623407451,-0.033609351761254486
2026-06-29,7440.43017578125,7444.31982421875,7348.8798828125,7391.8798828125,5794570000.0,0.011750057250389023,0.01168156135934559,0.17531748998894003,-0.02225420631820856
2026-06-30,7499.35986328125,7508.2900390625,7438.0400390625,7441.27001953125,6037540000.0,0.007920198981480553,0.007888998838148293,0.17771321457160652,-0.014510265078943119
2026-07-01,7483.22998046875,7521.81005859375,7449.6298828125,7478.83984375,5782730000.0,-0.0021508346187620875,-0.0021531509855513085,0.1776305677863141,-0.01662989051724597
2026-07-02,7483.240234375,7540.75,7427.5498046875,7495.14013671875,5463520000.0,1.3702513856905796e-06,1.370250446897007e-06,0.17593959391963176,-0.01662854305299083
2026-07-06,7537.43017578125,7551.31005859375,7500.97021484375,7506.9599609375,4971110000.0,0.00724150765029874,0.0072154138304445295,0.17737182614004998,-0.00950745112442363
2026-07-07,7503.85009765625,7536.06005859375,7478.6298828125,7516.6298828125,5049590000.0,-0.0044551096782159405,-0.004465063253185491,0.14849559886824523,-0.013920204065119996
2026-07-08,7482.7099609375,7488.509765625,7421.81982421875,7476.5400390625,5102020000.0,-0.002817238676629863,-0.0028212145626126694,0.1487984273970911,-0.016698226204471027
2026-07-09,7543.64013671875,7546.89013671875,7481.72998046875,7491.60009765625,4442950000.0,0.008142795337428232,0.008109821657156896,0.150673904630401,-0.00869140110552384
2026-07-10,7575.39013671875,7579.93017578125,7508.16015625,7547.64013671875,4006370000.0,0.004208843399813977,0.004200010992571727,0.1361856769646404,-0.004519138451888051
2026-07-13,7515.33984375,7565.3701171875,7506.41015625,7547.52978515625,4729990000.0,-0.007927023147980106,-0.007958609028043705,0.1278942311014871,-0.012410338284751151
2026-07-14,7543.58984375,7557.43994140625,7513.22998046875,7536.7001953125,4836950000.0,0.0037589783811964317,0.003751931076883282,0.1274223100566942,-0.008698010096870488
2026-07-15,7572.39990234375,7581.5,7526.9501953125,7571.72021484375,5236550000.0,0.003819144358387927,0.003811869942054222,0.11406030739571642,-0.004912084694673262
2026-07-16,7533.77001953125,7570.740234375,7504.02001953125,7558.7998046875,5365300000.0,-0.005101405539945647,-0.005114462132765812,0.11368209791370111,-0.009988431698544784
2026-07-17,7457.68994140625,7498.47021484375,7431.259765625,7447.52001953125,5303290000.0,-0.010098540030789804,-0.010149876192112738,0.11089415390540792,-0.01998610315198197
2026-07-20,7443.27978515625,7513.22998046875,7440.52978515625,7489.18017578125,5152910000.0,-0.0019322546744660052,-0.0019341238867804414,0.10383417544738859,-0.021879739585208155
2026-07-21,7509.2001953125,7515.31005859375,7467.85986328125,7489.9501953125,5149030000.0,0.008856366018608064,0.008817378432212827,0.1079503747081671,-0.01321714854875854
2026-07-22,7498.9599609375,7525.93994140625,7485.85009765625,7497.47021484375,4890390000.0,-0.0013636917526039793,-0.0013646224263997142,0.0932941529285225,-0.014562816184893655
2026-07-23,7408.2998046875,7450.1201171875,7376.0,7418.2900390625,5515210000.0,-0.012089697334330851,-0.012163372131276511,0.10409943049451986,-0.026476453479213662
2026-07-24,7411.97998046875,7460.97998046875,7396.52978515625,7406.2998046875,4860620000.0,0.0004967638835191579,0.0004966405371888175,0.10408763803372656,-0.025992842141546756
2026-07-27,7413.18017578125,7480.56982421875,7382.740234375,7464.2001953125,5038290000.0,0.0001619264104413265,0.00016191330177520104,0.10404404996015544,-0.025835124658730616
2026-07-28,7428.77978515625,7452.08984375,7382.9501953125,7395.5498046875,5590890000.0,0.002104307328987254,0.0021020963754603476,0.09547167927885482,-0.02378518237190796
2026-07-29,7316.14990234375,7450.83984375,7313.919921875,7418.16015625,5836350000.0,-0.015161289750108109,-0.015277397157074194,0.10478999803068399,-0.03858585808031644
2026-07-30,7437.6298828125,7448.75,7370.97998046875,7390.4501953125,5594430000.0,0.016604359135647728,0.016468013977056842,0.12205437429041789,-0.02262219238979138
2026-07-31,7489.72021484375,7512.0400390625,7399.830078125,7462.1298828125,5391020000.0,0.00700361981598796,0.006979208383378553,0.12477014379550441,-0.015777009808705632
2026-08-03,7600.5,7610.0400390625,7504.77978515625,7504.77978515625,5201470000.0,0.01479091100582064,0.014682592263996739,0.13300670034920334,-0.0012194551509034843
2026-08-04,7736.52001953125,7758.2099609375,7629.10009765625,7630.6201171875,5906940000.0,0.01789619360979544,0.01773794201518698,0.14500724971293885,0.0
2026-08-05,7723.5498046875,7793.68017578125,7720.169921875,7771.6201171875,5615640000.0,-0.0016764921193257454,-0.0016778990048803989,0.144608806243016,-0.0016764921193257452
2026-08-06,7709.9599609375,7742.85009765625,7698.14990234375,7713.7900390625,5330830000.0,-0.0017595333873230423,-0.0017610831844068816,0.14293585830731484,-0.0034330756627912475
2026-08-07,7757.64013671875,7763.080078125,7719.18994140625,7735.18017578125,5019970000.0,0.006184231308959065,0.006165187424711444,0.1436712216720252,0.0
2026-08-10,7753.10986328125,7773.759765625,7743.10986328125,7751.740234375,4879540000.0,-0.0005839757139619595,-0.0005841462941922488,0.13977580759135444,-0.0005839757139619227
2026-08-11,7728.2001953125,7767.509765625,7717.25,7767.509765625,4739500000.0,-0.003212861472107087,-0.003218033793131793,0.1405120859129337,-0.0037949609529970047
2026-08-12,7748.5,7766.009765625,7737.9501953125,7765.4599609375,4574170000.0,0.0026267182752088836,0.0026232744800285084,0.14028320493850513,-0.001178210971077089
2026-08-13,7798.990234375,7816.7001953125,7763.18017578125,7763.18017578125,4833230000.0,0.0065161301380911585,0.006494991938585417,0.13945818429119866,0.0
2026-08-14,7785.759765625,7810.009765625,7776.31005859375,7806.60009765625,4159900000.0,-0.0016964335577297485,-0.001697874130592273,0.13298580330933024,-0.001696433557729704
2026-08-17,7745.06005859375,7790.68017578125,7744.8798828125,7790.68017578125,4452630000.0,-0.005227454770816764,-0.005241165715609593,0.13483886911708903,-0.00691502029885179
2026-08-18,7691.759765625,7713.9501953125,7688.6298828125,7700.0400390625,4602700000.0,-0.006881843725615733,-0.006905632816841959,0.13582235171552404,-0.01374927593541131
2026-08-19,7707.97998046875,7743.93017578125,7700.06982421875,7716.740234375,5184100000.0,0.002108778138942835,0.002106557787261324,0.13551121892061369,-0.011669491968987372
2026-08-20,7641.16015625,7699.9599609375,7639.009765625,7690.490234375,4759610000.0,-0.008668915122777232,-0.008706708745809217,0.13142492749268167,-0.02023724525635956
2026-08-21,7674.3701171875,7697.10986328125,7660.06005859375,7665.68017578125,4497270000.0,0.004346193543703691,0.004336776121311056,0.13172426340693583,-0.01597900669733136
2026-08-24,7652.85986328125,7670.2998046875,7638.169921875,7663.3798828125,4400800000.0,-0.0028028689752760405,-0.002806804367835632,0.13261431708250107,-0.018737088610479673
2026-08-25,7677.27978515625,7686.10986328125,7650.919921875,7676.66015625,4260240000.0,0.003190953749482306,0.003185873461008087,0.1327254691998465,-0.015605924044153353
2026-08-26,7675.7001953125,7690.72998046875,7657.41015625,7666.8798828125,4100600000.0,-0.00020574863596922732,-0.0002057698051235618,0.11710094388586259,-0.015808461782537454
2026-08-27,7730.990234375,7741.27001953125,7689.89013671875,7710.33984375,4362240000.0,0.0072032567265023495,0.007177437188466142,0.10645611712236833,-0.008719077464705842
2026-08-28,7711.759765625,7771.47998046875,7700.91015625,7735.169921875,4297560000.0,-0.0024874522107780628,-0.0024905510599212474,0.10580898229376393,-0.011184841386968415
