Date,Close,High,Low,Open,Volume,Daily return,Daily log-return,Volatility_20,Drawdown
2019-01-02,26.857444763183594,27.004637006798095,26.17404962524551,26.289699814366653,17319600.0,,,,0.0
2019-01-03,25.758764266967773,26.778600334388955,25.443351629101944,26.705004185909903,30120000.0,-0.04090785649578621,-0.04176812581111841,,-0.040907856495786245
2019-01-04,27.435707092285156,27.57238734981896,26.18982477354252,26.18982477354252,43360100.0,0.06510183516325907,0.06307041446170468,,0.0
2019-01-07,27.28851890563965,28.203218748410947,27.188638706598343,27.7931799197609,20998900.0,-0.005364840284612038,-0.005379282717642118,,-0.005364840284612046
2019-01-08,27.55136489868164,27.756383321229823,27.136070039735724,27.44097067197795,19925600.0,0.009632109164696034,0.009586016146837578,,0.0
2019-01-09,28.22424697875977,28.41875338906829,27.772156038503827,27.945632398243184,27695500.0,0.024422821974613873,0.024129353477164512,,0.0
2019-01-10,27.914093017578125,28.013975239336865,27.47777206656533,27.98243316846385,18113600.0,-0.010988918904197953,-0.011049743078611684,,-0.010988918904197916
2019-01-11,27.53559684753418,28.103340058075215,27.53559684753418,27.998201832317285,12360400.0,-0.013559321802273816,-0.01365208893351898,,-0.024399238418790586
2019-01-14,27.651243209838867,27.703813318011353,27.036187984305165,27.32531656054779,14626300.0,0.0041998858040022125,0.0041910909000810155,,-0.020301826629851895
2019-01-15,27.51981735229492,27.96665418933662,27.267486882064652,27.78266184278616,14480300.0,-0.00475298186582751,-0.0047643132034884145,,-0.0249583142818645
2019-01-16,27.677528381347656,27.76689455436568,27.44096791549918,27.54610612313678,15375100.0,0.005730816706877029,0.005714458046047676,,-0.0193705290994494
2019-01-17,28.50811767578125,28.76044818564483,27.47776759250213,27.567133770740533,25525500.0,0.03000951829908849,0.02956804326592221,,0.0
2019-01-18,28.786731719970703,29.22831060562552,28.51863118473313,28.886613923669575,25815900.0,0.009773147682287986,0.00972569937024513,,0.0
2019-01-21,29.060089111328125,29.096887183221707,28.5922261926716,28.834042666642127,10676600.0,0.00949595091296107,0.009451147780007874,,0.0
2019-01-22,28.95495223999023,28.95495223999023,28.571197489947227,28.63953762417544,17154300.0,-0.003617912902301068,-0.0036244733774504043,,-0.0036179129023011154
2019-01-23,29.254594802856445,29.38601705802589,29.08637447666711,29.154712605507203,13470400.0,0.010348577348104682,0.01029539739809174,,0.0
2019-01-24,29.517438888549805,29.54372293813667,29.17574022788722,29.33344653075286,14118200.0,0.00898471120398825,0.008944588832478761,,0.0
2019-01-28,22.268186569213867,23.65600522134429,22.268186569213864,23.65600522134429,183534500.0,-0.24559218524029924,-0.28182218880919785,,-0.2455921852402993
2019-01-29,22.467945098876953,23.49303687836925,22.394346966322576,22.746559581985725,68335900.0,0.00897057912830923,0.00893058250067651,,-0.23882471024298255
2019-01-30,24.497106552124023,24.602244752996597,23.645490935210493,24.313116204605304,67892500.0,0.0903136198845571,0.08646537952098036,,-0.17008021445834967
2019-01-31,23.918848037719727,24.938683913448017,23.91884803771973,24.702125482185544,39814600.0,-0.023605176112284965,-0.023888241698486565,1.122162005287091,-0.18967061715513006
2019-02-01,24.31311798095703,24.355174066516497,23.96090728844692,24.03450343283145,21286700.0,0.016483650994209453,0.016349270330959204,1.116398796964645,-0.17631343041796207
2019-02-04,23.48778533935547,24.23426277773189,23.15660069856796,24.181694678394894,35888900.0,-0.03394598102341273,-0.03453552606748053,1.093439965882373,-0.20427427907823387
2019-02-05,23.40367126464844,23.766395902261056,23.030432607857236,23.366873200195453,21992300.0,-0.003581183729829518,-0.0035876115189339454,1.0935103770728078,-0.20712391908340574
2019-02-06,22.320755004882812,23.340592973257586,22.320755004882812,23.13031656597459,29257400.0,-0.04627121307251436,-0.04737593838444101,1.1002549481206705,-0.24381125716359758
2019-02-07,21.863405227661133,22.49423241826924,21.663642849477288,22.15779178470341,31403200.0,-0.02048988831791898,-0.020702718340891924,1.0930104306520625,-0.259305480051583
2019-02-08,22.688737869262695,22.914784306758715,21.295661173563452,21.364001307196876,48169600.0,0.03774950118737075,0.037054427283461935,1.1072584803794996,-0.2313446313913112
2019-02-11,22.089452743530273,23.15660080674305,22.021112609797378,23.056720615398397,30697300.0,-0.0264133302251377,-0.026768429088190174,1.1087530564674868,-0.2516473794716974
2019-02-12,23.28802490234375,23.30379693774112,22.10522452011624,22.341784997630665,36421200.0,0.05425992996429141,0.05283903258456218,1.1308318224304275,-0.2110418186932378
2019-02-13,23.91359519958496,24.17643971834989,23.288023961503924,23.29328197487216,38153200.0,0.026862316571048206,0.026507858250265085,1.1376614006738948,-0.18984857426565713
2019-02-14,24.00296401977539,24.150156324801756,23.682293350672456,23.86102772335222,24055400.0,0.003737155348016552,0.003730189532464763,1.1373885151876517,-0.18682091253227087
2019-02-15,24.11861228942871,24.192208429818383,23.75588558987329,23.866281805802224,27877700.0,0.0048180828650179475,0.004806513051767244,1.1301675977587562,-0.18290294830475173
2019-02-18,23.787431716918945,24.26055270790165,23.603441334506098,24.07130431150857,18777400.0,-0.013731327844882846,-0.013826474524598743,1.1282592074123199,-0.19412277580266638
2019-02-19,23.91359519958496,24.15015366219777,23.77691492683426,23.918851207608665,20523500.0,0.005303787486073297,0.005289771940366972,1.1274266777972106,-0.18984857426565713
2019-02-20,24.07655906677246,24.2237533703849,23.624466144556106,24.129129177114283,25493000.0,0.006814695399306903,0.00679158031801844,1.1287822180845504,-0.18432763907196337
2019-02-21,23.85576629638672,24.22900498812683,23.724344052364625,24.097582744104734,21401300.0,-0.009170445401828764,-0.009212752786605981,1.1264293069077458,-0.19180771792363469
2019-02-22,24.702123641967773,24.73892170654925,23.955644320434732,24.023984442662098,17580700.0,0.035478103493546076,0.03486325580041915,1.1359886274216995,-0.16313458849744428
2019-02-25,24.77046585083008,25.10165049211782,24.391971123274256,24.891374083763345,16801500.0,0.002766653177389111,0.0027628330368676462,0.5006737741316132,-0.1608192721476637
2019-02-26,24.812524795532227,24.859836892599866,24.497110146633087,24.59699235452292,10362900.0,0.0016979472633025239,0.0016965073805143241,0.5006412436389411,-0.15939438752739063
2019-02-27,24.618017196655273,24.838805617355337,24.36042870049412,24.838805617355337,15004800.0,-0.007839089350229145,-0.007869976535309455,0.39852461003626555,-0.16598397003186752
2019-02-28,24.759950637817383,24.759950637817383,24.234261647584788,24.486594127599464,17877800.0,0.005765429442522008,0.005748872960532009,0.38847854941527477,-0.16117550945715392
2019-03-01,24.570709228515625,24.970232059109687,23.41944882489603,24.85983783023637,29872100.0,-0.007643044692210221,-0.00767240244235761,0.3858361707132655,-0.1675866825272934
2019-03-06,25.259355545043945,25.259355545043945,24.80726269320743,24.933428933042137,15244200.0,0.028027124090057143,0.027641551986499424,0.373833465081451,-0.14425653118426968
2019-03-07,25.68516540527344,25.737733504249903,25.085880253426197,25.143706365506972,21112500.0,0.0168575108525697,0.016716999927534747,0.3755736596546284,-0.12983082637169283
2019-03-08,25.679912567138672,25.700940613104564,25.049087230920534,25.36975590784866,25446000.0,-0.00020450863570031785,-0.00020452955044290144,0.32247768519642245,-0.13000878348222003
2019-03-11,26.22136688232422,26.258164950494464,25.55374163712293,25.706191922596425,20201600.0,0.02108474138180738,0.020865534153441105,0.30855563328836194,-0.11166524367749855
2019-03-12,26.268688201904297,26.457936622052472,26.047897709949755,26.17932000112543,15591300.0,0.0018046854610000995,0.0018030589727659617,0.29105498159182586,-0.11006207885826233
2019-03-13,26.652435302734375,26.810141617059926,26.126746251419473,26.25291050074208,21999200.0,0.014608536896877133,0.014502860166776621,0.26239224628777613,-0.09706138790133319
2019-03-14,26.657690048217773,26.773342275739292,26.389589527097744,26.705002140808897,17257400.0,0.00019715817424237336,0.00019713874112376156,0.20758855948393878,-0.09688336617311892
2019-03-15,26.573579788208008,26.936306498544425,26.49472763773732,26.705002044336975,26054400.0,-0.0031551968628050764,-0.003160184991542137,0.19657000968333474,-0.09973287694291653
2019-03-18,26.52626609802246,26.636660305238703,26.19508347637373,26.415871890806216,23021400.0,-0.0017804786017781016,-0.0017820655377539132,0.19811179739400744,-0.101335783291404
2019-03-19,27.28325843811035,27.540844911295327,26.5946051631397,26.65243127089184,32034400.0,0.02853746310508143,0.028137854440287866,0.21444967211175114,-0.07569018636322546
2019-03-20,26.578840255737305,27.167611456065774,26.49473008426181,27.04670320990379,25667000.0,-0.025818696984854506,-0.026157849935987517,0.23333197596525984,-0.0995546613616407
2019-03-21,26.7523136138916,27.057214204716967,26.55255122698341,26.56306524790957,19660000.0,0.006526746708477971,0.006505539722250653,0.23335404491025594,-0.09367768271151841
2019-03-22,26.31073760986328,26.983620984566446,26.12674723709952,26.53152806252445,25714700.0,-0.016506086553913057,-0.016643829839090362,0.2462496979721917,-0.1086375173264251
2019-03-25,26.047887802124023,26.447412538324205,25.84286942672794,26.0741718492925,15897500.0,-0.009990210523049825,-0.010040447541835223,0.24687493549743733,-0.11754241618068242
2019-03-26,26.43164825439453,26.652438727093585,26.17931771798479,26.184575732166472,13413800.0,0.014732881805457287,0.014625407223264811,0.22305081663393586,-0.10454127289994293
2019-03-27,26.07417678833008,26.673464006148876,25.921728483738057,26.31073726834478,20805100.0,-0.013524372851209443,-0.013616660212114714,0.23108835447737053,-0.11665179059811347
2019-03-28,25.916465759277344,26.599861017609097,25.558997100086405,26.552548930206058,28490000.0,-0.006048552571114141,-0.006066919163534427,0.23310946890817863,-0.1219947686812803
2019-03-29,26.773344039916992,27.125554748257873,26.25816900072525,26.25816900072525,25118100.0,0.0330630838555952,0.03252825686494824,0.25325377896302026,-0.09296520809253822
2019-04-01,27.651243209838867,27.88780368325359,27.388398685010195,27.51982094742453,25392200.0,0.03279004552486953,0.03226392216619124,0.27219074058896164,-0.0632234959732519
2019-04-02,27.14132499694824,28.019224708549153,27.14132499694824,27.887802451937436,21442400.0,-0.018441059196542375,-0.01861321530761931,0.2818250449943899,-0.08049864693793916
2019-04-03,27.22017478942871,27.77214982365194,27.130808625240533,27.74586377033135,21477200.0,0.0029051563433006855,0.0029009445319530093,0.2688165274814851,-0.07782735174941727
2019-04-04,27.41993522644043,27.57764150850036,27.136062715526055,27.335825075652192,14145700.0,0.007338690458714492,0.007311893294088972,0.2648374151424698,-0.07105981213441331
2019-04-05,27.325315475463867,27.52507786789761,27.17812318911506,27.44096770350622,8359200.0,-0.0034507649341681823,-0.003456732556012213,0.26565331124265856,-0.07426536636063945
2019-04-08,28.06654167175293,28.066541671752933,27.52508252225919,27.598678677878357,14400900.0,0.027125988607693552,0.02676459976863586,0.27164184227551,-0.04915389923479089
2019-04-09,27.51981735229492,28.01922228529714,27.493533304314663,27.956140169075653,14745400.0,-0.019479575569093077,-0.01967180293453464,0.28374253493734125,-0.06767597770922427
2019-04-10,27.20966148376465,27.7248384632821,27.083497248027435,27.7248384632821,15608000.0,-0.011270273510896156,-0.011334264293441448,0.28385870527958473,-0.07818352444122016
2019-04-11,27.22543716430664,27.262235238438087,26.773344247440672,27.072986854136555,10274300.0,0.0005797823156088455,0.0005796143067779953,0.28384698588051493,-0.07764907155045424
2019-04-12,27.06247329711914,27.71432863142929,26.973107117077372,27.383143953211935,16905900.0,-0.005985720861119925,-0.006003707097878127,0.28458537562577574,-0.08317000674414801
2019-04-15,26.98361587524414,27.18863425331648,26.69448533658388,27.120294125510934,15787300.0,-0.0029139029906550817,-0.0029181566711924886,0.2847565167315352,-0.08584156040341856
2019-04-16,27.914093017578125,27.94563508845114,26.72603642285724,26.952082917418135,18935600.0,0.03448304136243063,0.03390182499266028,0.2927053031939839,-0.05431859711899457
2019-04-17,27.46725082397461,28.28206838993272,27.17812226900166,27.945627743757328,26483700.0,-0.01600776329440934,-0.016137271487844867,0.28228495224444367,-0.06945684116823868
2019-04-18,27.64072608947754,27.845744460130565,27.341081541587492,27.440963725998913,10706000.0,0.0063157127232955634,0.0062958521881202115,0.28223803243408796,-0.06357979790042918
2019-04-22,26.967845916748047,27.33582862624718,26.70500141072644,27.30954457671391,16324700.0,-0.024343795114182942,-0.024645003715729474,0.2904206383811718,-0.08637581944112292
2019-04-23,27.29376983642578,27.29376983642578,26.957329222932746,27.12029352243154,9890800.0,0.012085648986718711,0.012013200670156522,0.28961543178268695,-0.07533407828910975
2019-04-24,26.47369956970215,27.199150984324277,26.368561363832427,27.099268786343025,19992800.0,-0.03004606075446503,-0.030506693926053232,0.30794397581921196,-0.10311664675041851
2019-04-25,26.457931518554688,26.510499622747034,25.95852650734887,26.40536140901771,15916200.0,-0.0005956119244288072,-0.0005957893716743634,0.30370239584519776,-0.10365084117043567
2019-04-26,26.5052433013916,26.62615355837405,26.03212431741953,26.53678536912764,10632700.0,0.0017881890276922885,0.0017865921211233657,0.3026486532279695,-0.10204799943963541
2019-04-29,26.415870666503903,26.84167945290283,26.347530539104117,26.77859533283644,8729200.0,-0.003371885097278371,-0.0033775827132425914,0.2791572399592089,-0.10507579040839618
2019-04-30,26.33702087402344,26.647177496930535,26.158286514969436,26.40010500452104,11371400.0,-0.0029849401322381564,-0.0029894039510690753,0.250575731445414,-0.10774708559691772
2019-05-02,25.727224349975582,25.905958727787375,25.611574109281943,25.905958727787375,15906200.0,-0.02315358775636267,-0.02342584273248582,0.2552359564521313,-0.1284059417514199
2019-05-03,26.49472999572754,26.6156382414855,25.96378291072013,25.995324976922294,10614000.0,0.029832431019815253,0.029396100676086053,0.2791230190138547,-0.10240417213143832
2019-05-06,26.1057186126709,26.153030708236265,25.806076009205107,26.07417654717911,10437300.0,-0.014682594731834309,-0.014791450866906222,0.28104532721157655,-0.11558320790501769
2019-05-07,26.12674903869629,26.126749038696293,25.611573954088676,25.942756647900488,15190600.0,0.0008055869419807404,0.0008052626309823115,0.2812511138088962,-0.11487073328603749
2019-05-08,25.758764266967773,26.358049482119636,25.727222201043332,26.189829141211906,18474900.0,-0.01408459855389943,-0.014184727810915876,0.2621483025519519,-0.12733742367601106
2019-05-09,25.51695442199707,25.764026984034704,25.25936582990169,25.758770974351,12456600.0,-0.009387478470028632,-0.009431818558633908,0.25664144976642944,-0.13552952482285222
2019-05-10,26.000579833984375,26.179314190526316,25.264616369957515,25.39078061849031,25272300.0,0.01895310090652491,0.018775728555833284,0.26693262942207124,-0.1191451286761083
2019-05-13,24.933427810668945,25.627337085162733,24.933427810668945,25.511684870965684,18657700.0,-0.04104339326773765,-0.041909453576807705,0.3013060419321314,-0.15529840157165722
2019-05-14,25.01753807067871,25.41706080406065,24.89137183599037,25.327694642053952,14183900.0,0.003373393367668953,0.0033677162401359872,0.30247731617229723,-0.1524488908018596
2019-05-15,25.206790924072266,25.46963545507334,24.71789993598269,24.786240075539467,18447400.0,0.007564807250772798,0.007536337584611645,0.3052046238343261,-0.14603733002559702
2019-05-16,24.39197540283203,25.721968203788848,24.087074757757847,25.522205781338343,49247900.0,-0.032325238214361174,-0.032859238053678796,0.28851259215154806,-0.17364187675869153
2019-05-17,25.085880279541016,25.085880279541016,24.339400840162583,24.391970944538215,34079700.0,0.028448080372712292,0.028050947915632108,0.3111780569897988,-0.15013357445207917
2019-05-20,24.57596206665039,25.096395086883977,24.512879944767217,25.0333109596563,23909600.0,-0.020326901316932933,-0.020536335737672627,0.31336046834328457,-0.16740872541676632
2019-05-21,24.922916412353516,25.212044972915333,24.229007064867368,24.759952093874016,32381300.0,0.014117630258468905,0.014018904612855843,0.312699332630391,-0.15565450964577296
2019-05-22,24.949199676513672,25.59579691151687,24.90188758588688,25.117419997554613,21087400.0,0.0010545822056013954,0.0010540265244272148,0.3076615687582557,-0.15476407791626567
2019-05-23,25.13844871520996,25.180504799273653,24.402483286851087,24.74418195116295,15786300.0,0.00758537512826285,0.00755675082990782,0.2943519628015005,-0.14835264637537746
2019-05-24,25.39603614807129,25.984807262776165,25.39603614807129,25.569512474172953,24936500.0,0.010246751332172455,0.010194609264443096,0.2977923157501335,-0.13962602772008315
2019-05-27,26.38433074951172,26.415872812106887,25.70619344914328,25.758761548124127,17281600.0,0.0389153092899297,0.03817719704307499,0.33025421485196793,-0.10614430848380477
2019-05-28,26.415870666503903,26.783853345514107,26.20559427697114,26.258164377026468,37041000.0,0.0011954033358518856,0.0011946894101803145,0.3300747392621285,-0.10507579040839618
2019-05-29,26.12674903869629,26.205601201598952,25.83762043069694,26.03212483893726,17842500.0,-0.010944997098817133,-0.011005334243392905,0.332256820046749,-0.11487073328603749
2019-05-30,26.289709091186523,26.352793222433668,25.99006648646879,26.13200277375792,12877800.0,0.006237287779236267,0.006217916407964946,0.3214986269110096,-0.1093499273277181
2019-05-31,25.758764266967773,26.810142400313396,25.606313956349943,26.026864808619266,28857900.0,-0.02019591857700498,-0.020402644218880907,0.31177750041030994,-0.12733742367601106
2019-06-03,25.66939926147461,26.074178096610687,25.464378831611807,25.942755823935546,22451600.0,-0.003469304838033871,-0.0034753368313200322,0.30789849727222224,-0.13036495617402294
2019-06-04,25.81658363342285,25.942747853435975,25.390774878854295,25.853381698038692,19537300.0,0.005733845597592158,0.005717469673119127,0.30873979193188017,-0.12537860310646948
2019-06-05,25.43809509277344,25.984812235146773,25.15948051296644,25.905958068428493,14392200.0,-0.014660674937616802,-0.01476920468482789,0.30908773158337166,-0.13820114309980985
2019-06-06,25.653621673583984,25.72721780950044,25.396035197876387,25.70093376172232,10869100.0,0.008472591207184133,0.008436900261135152,0.30884394155546685,-0.13089947368247606
2019-06-07,25.58002662658691,25.811329064362734,25.422320327860472,25.785045015465727,11626500.0,-0.0028687975496596296,-0.002872920436389627,0.3010996377813952,-0.13339274714278368
2019-06-10,25.411808013916016,25.879670933875847,25.40655200592137,25.732478645891504,11670100.0,-0.006576170350661603,-0.006597888626653668,0.26053743541663477,-0.13909170406469162
2019-06-11,27.03618812561035,27.062472177161673,26.105718262212367,26.158286365315018,44669000.0,0.06392225656689954,0.06196232111354678,0.33896487109534523,-0.08406050309134247
2019-06-12,27.06772804260254,27.3831406468767,26.773341474694067,27.099268099823295,24531300.0,0.0011665815034891391,0.0011659015760294882,0.3388076924537509,-0.08299198501593376
2019-06-13,27.256977081298828,27.467253508381223,27.12029880743651,27.2832631386926,18058600.0,0.00699168539001227,0.006967356890035961,0.3103216300681831,-0.07658055347504553
2019-06-14,27.020418167114254,27.241206607142043,26.88899590366593,27.178124482183332,20375200.0,-0.008678838943841582,-0.008716719398040125,0.3023082016439826,-0.08459476212904694
2019-06-17,26.389585494995117,26.983614565577874,26.389585494995114,26.8101362508016,20551200.0,-0.023346517741420603,-0.023623365124197403,0.30577140932676333,-0.10596628675559051
2019-06-18,27.335832595825195,27.55662105037985,26.81014350744394,26.81014350744394,27229300.0,0.0358568383353175,0.03522894735357541,0.3241124516917289,-0.07390906443346217
2019-06-19,27.4935359954834,27.914086820365583,27.246463513871408,27.861518719259504,23746400.0,0.005769109066108724,0.005752531484426358,0.3238557242904348,-0.06856634482104422
2019-06-21,27.5671329498291,27.824721465650565,27.388398593330113,27.73009727660142,20492800.0,0.002676882099043043,0.0026733056312569416,0.32377938566001363,-0.06607300674304951
2019-06-24,27.546098709106445,27.588152777635926,27.388390437424956,27.588152777635926,9338300.0,-0.0007630188007196059,-0.0007633100477254498,0.3236095266046446,-0.0667856105974041
2019-06-25,27.009906768798828,27.58290797330144,26.988878723321996,27.435713660308387,12449700.0,-0.01946525880016392,-0.019657201847140135,0.3074616960097196,-0.08495087020316253
2019-06-26,27.11504364013672,27.35686013504017,27.00464740955498,27.072987551278025,13277900.0,0.003892529960871416,0.0038849736685054345,0.30761263194816635,-0.08138901404975911
2019-06-27,27.178117752075195,27.41467816877173,27.08349358539658,27.41467816877173,14941500.0,0.002326166713046085,0.0023234653756207223,0.3041563725171914,-0.07925217175200326
2019-06-28,27.241207122802734,27.44096952852207,27.17286698301948,27.372629388738815,11106100.0,0.0023213296558302066,0.002318639532449143,0.3037491872186713,-0.07711481251274988
2019-07-01,28.203216552734375,28.276812694229378,27.914085989226223,27.914085989226223,22807300.0,0.03531449342883097,0.03470523894706677,0.3132169680794158,-0.04452358962366594
2019-07-02,27.015155792236328,28.471314476801812,26.29496246630452,28.439772416742333,48452700.0,-0.04212500933276919,-0.04303799943477027,0.35528983018828353,-0.08477304232800985
2019-07-03,26.962587356567383,27.320056011344573,26.888991222703417,27.21491781781994,19929700.0,-0.0019458868226868153,-0.001947782520057717,0.35542671050158514,-0.08655397040471156
2019-07-04,27.162355422973633,27.388401901299066,26.888998849754092,27.167613437080632,16192600.0,0.007409083696768848,0.0073817712599425446,0.3500805018091873,-0.07978617231895885
2019-07-05,26.47369956970215,26.58935179669329,26.15828495209299,26.494727611944988,27847600.0,-0.02535331868491153,-0.02568025179748482,0.3640807372044682,-0.10311664675041851
2019-07-08,26.783855438232425,27.12555209124081,26.52626694119569,26.62614913643283,12777600.0,0.011715622431752504,0.01164752587360881,0.3653749057741753,-0.09260910001842239
2019-07-10,27.4041690826416,27.630215520914785,27.02041633996362,27.130810552512536,28106700.0,0.023159983290669706,0.022895861145802294,0.3708078472885659,-0.07159394193674329
2019-07-11,27.362110137939453,27.59867057248676,27.18863382283426,27.267485964120528,18567500.0,-0.001534764457747806,-0.0015359434151538778,0.30048490821055857,-0.07301882655701648
2019-07-12,27.235942840576172,27.7458597138674,27.193886765687317,27.577639425000022,22248600.0,-0.004611022202865134,-0.004621685758296845,0.3010418936558789,-0.07729315732940009
2019-07-15,27.698558807373047,27.824725077597833,27.467256318196583,27.57765055130275,20144200.0,0.01698549484792089,0.016842854278299683,0.30593964788313416,-0.06162052500707725
2019-07-16,27.887807846069336,28.108598322662026,27.75112955510806,27.966662017426344,17393700.0,0.006832450742740859,0.006809215327675851,0.30449216129305956,-0.05520909346618902
2019-07-17,27.698558807373047,27.924605287739865,27.57765055130275,27.856267146490236,13876700.0,-0.006786085150216059,-0.0068092153276759475,0.29161039810402556,-0.06162052500707725
2019-07-18,27.6459903717041,27.76689862634781,27.45674197127227,27.65650439454418,12217200.0,-0.0018978762048424969,-0.0018996794538103648,0.26475203623996324,-0.06340145308377897
2019-07-19,27.71432876586914,27.982429312639656,27.624960580049184,27.76164086298684,11523100.0,0.0024719097867800244,0.0024688596432021603,0.2641544432752142,-0.061086265969372895
2019-07-22,27.5723934173584,27.682787645959753,27.23595271761441,27.43045712115176,11348100.0,-0.005121370598935027,-0.0051345297652129335,0.26471654526184396,-0.06589479116177367
2019-07-23,27.20966148376465,27.65124031953363,27.209661483764645,27.54610412486741,11146800.0,-0.0131556201198475,-0.01324292180745582,0.2688736231021874,-0.07818352444122016
2019-07-24,26.626148223876953,26.94681682422996,26.57357812151587,26.857450658232658,25121800.0,-0.02144507605270518,-0.021678362962673392,0.2708605825518551,-0.09795194886621483
2019-07-25,26.542041778564453,26.87322444572075,26.337021358691256,26.81014231940688,12761900.0,-0.0031587912981374533,-0.0031637908104233813,0.2704279964735168,-0.10080133040063806
2019-07-26,26.405357360839844,26.83642216623381,26.37907331277325,26.810138118167217,12604500.0,-0.0051497325964950935,-0.005163038169154331,0.2704884589160259,-0.10543196310019896
2019-07-29,26.42112922668457,26.599863573453707,26.17931275909823,26.442157268738463,8462200.0,0.0005972979509119014,0.000597119639490651,0.2702399015949375,-0.10489763944480741
2019-07-30,26.289709091186523,26.58935370124889,26.289709091186527,26.37381926083809,10182500.0,-0.004974054453558918,-0.004986466237443893,0.23394577234862188,-0.1093499273277181
2019-07-31,26.1845703125,26.573579056943903,25.874413716356894,26.48421288780078,23244900.0,-0.003999237052104587,-0.00400725538588902,0.18166861624660227,-0.11291184809880872
2019-08-01,25.44335174560547,25.937498748616505,25.364497583105617,25.884930643846378,45701400.0,-0.02830745580501992,-0.028715837115671477,0.2056844971362256,-0.13802305675390852
2019-08-02,25.148963928222656,25.385524398932123,24.922917479027458,25.33821230479023,19834300.0,-0.011570323765761614,-0.011637780799754102,0.20414906341828498,-0.14799640906588735
2019-08-05,24.18169593811035,24.497108561252233,24.05552968564687,24.497108561252233,36490300.0,-0.03846154429554127,-0.03922071922064424,0.227656900504598,-0.18076578291855994
2019-08-06,24.50762367248535,24.691616048619927,24.334147323646935,24.42351350221786,21913400.0,0.013478282714709744,0.0133882586731415,0.22937467846545037,-0.1697239125311724
2019-08-07,24.434022903442383,24.43402290344238,23.89256391007496,24.1028382933063,20828200.0,-0.0030031785221836804,-0.0030076971118236898,0.20562970202771172,-0.17221737984454147
2019-08-08,24.80200958251953,24.96497391022672,24.66532930628909,24.865091707132652,24237600.0,0.015060421303988658,0.014948139100321004,0.21804541693483168,-0.15975062483688074
2019-08-09,23.91359519958496,24.607504568696815,23.91359519958496,24.549678453713405,24707500.0,-0.03582025803105593,-0.03647754742740784,0.24512270906471345,-0.18984857426565713
2019-08-12,23.740114212036133,24.17643702718261,23.67177408326797,23.734858204597497,16409000.0,-0.007254492103798693,-0.007280933890405424,0.22907959883896503,-0.1957258113865282
2019-08-13,24.44453811645508,24.602244412911723,23.839994973802856,23.94513317322207,19989100.0,0.029672304780311798,0.02924060092214749,0.25972493588679946,-0.17186114253505125
2019-08-14,23.592927932739254,24.1711851544063,23.514073763718834,24.1711851544063,24950100.0,-0.03483846492245879,-0.03545979778920346,0.2792258628102597,-0.20071222907176897
2019-08-15,23.072490692138672,23.9188503324497,22.693993957255618,23.66126183113329,24570500.0,-0.022059035745130462,-0.02230597451686121,0.28266601981577655,-0.2183437465813205
2019-08-16,22.967350006103516,23.49829698021343,22.856955805470687,23.3668747398379,19541100.0,-0.004556971652435404,-0.004567386299300624,0.2799561392115214,-0.2219057319700983
2019-08-19,22.946325302124023,23.35636207415929,22.71502086223184,23.282765936136997,27533700.0,-0.0009154170582982291,-0.0009158363083721814,0.2812051314169396,-0.22261801273601692
2019-08-20,23.046207427978516,23.387906103657546,22.55206045585832,22.872729083461444,16865100.0,0.00435285931578977,0.0043434130260047825,0.28474413531501025,-0.21923417831082775
2019-08-21,23.209169387817383,23.303793565128785,22.641424323948957,22.920038843063463,16171800.0,0.007071096636968921,0.0070462136642204095,0.2851042967216149,-0.21371330773482117
2019-08-22,23.072490692138672,23.330079193455077,22.89375634570439,23.330079193455077,12254400.0,-0.005888995568727906,-0.005906404082552412,0.28479782227557043,-0.2183437465813205
2019-08-23,22.751821517944336,23.440474897658305,22.55206112212819,23.040952100681423,26087800.0,-0.013898333668137308,-0.013995819824915606,0.28576455812698115,-0.2292074660051194
2019-08-26,22.499488830566406,22.946325684401312,22.362810572725763,22.862215524496825,13270500.0,-0.011090658705234402,-0.011152618603809217,0.284418720312817,-0.23775606293219945
2019-08-27,22.772846221923828,23.083002797188097,22.310239362725,22.683480058796576,27809400.0,0.012149493413648349,0.0120762807201107,0.2931577990520656,-0.2284951852392008
2019-08-28,22.856958389282227,23.219683091798128,22.62565594199818,22.767592218289916,13467000.0,0.0036935289747586086,0.0036867246461247103,0.295524965239091,-0.22564560985171597
2019-08-29,23.708576202392575,23.787430364855933,23.10929098477401,23.188145147237357,23487000.0,0.037258580017789145,0.03658125208651905,0.32107652523973096,-0.19679426484424986
2019-08-30,23.95564842224121,24.35517319945461,23.797942117696746,24.176438852879027,27305700.0,0.010421217104707559,0.010367290551714252,0.32320154810189633,-0.18842388349844552
2019-09-02,24.18695068359375,24.533905353076207,24.102840521456923,24.4708232328097,12757600.0,0.009655437301283376,0.009609121461015547,0.29470116902469645,-0.18058776119034567
2019-09-03,23.92936134338379,24.20797584632332,23.834737171565795,24.181691799783703,13227000.0,-0.010649930352100379,-0.010707046746056091,0.2925984327553382,-0.18931444446332718
2019-09-04,24.45505142211914,24.45505142211914,24.16592288617569,24.207976961507537,12439100.0,0.021968412411503824,0.02173058368302459,0.3035367885362727,-0.17150496984324848
2019-09-05,24.45505142211914,24.807262073732513,24.45505142211914,24.68109784239267,20284900.0,0.0,0.0,0.2983954520219414,-0.17150496984324848
2019-09-06,24.418256759643555,24.54442100857864,24.229008380896342,24.418256759643555,10419000.0,-0.0015045833206592807,-0.0015057163427704063,0.26695354013031974,-0.17275150964687144
2019-09-09,25.175243377685547,25.17524337768555,24.334141863730828,24.549674252015738,24430000.0,0.031000846026530304,0.030530025622779407,0.2844785267900242,-0.1471061065717545
2019-09-10,25.35923957824707,25.495917843095594,24.81252250816399,25.169991207422584,21440800.0,0.007308616556398917,0.007282038041297984,0.2677328001541894,-0.1408726321413933
2019-09-11,25.206790924072266,25.54848761116689,25.012286532627964,25.54848761116689,16872500.0,-0.006011562519625979,-0.006029704706725921,0.23125240367850003,-0.14603733002559702
2019-09-12,26.121484756469727,26.16354083753513,25.548483686691675,25.558997706958024,39340500.0,0.03628759547983296,0.03564470712754762,0.23752318138759573,-0.11504907810268772
2019-09-13,26.17405891418457,26.44215945382088,26.10571877453428,26.263425092281796,22067600.0,0.0020126787663485857,0.00201065604204844,0.2346969013657175,-0.11326795617292443
2019-09-16,25.543228149414062,25.99006298956527,25.41706190923978,25.969036953989857,26369500.0,-0.02410137330395634,-0.024396564053619643,0.25820579673178407,-0.13463941618178094
2019-09-17,25.70619201660156,25.837614262074283,25.35397935595563,25.36449337623477,14473900.0,0.006379924504226642,0.006359658935414915,0.2581996248724584,-0.12911848098808726
2019-09-18,25.44335174560547,25.75876438491555,25.222561293812685,25.75876438491555,15335300.0,-0.010224784395383879,-0.010277416579210153,0.2640458255067963,-0.13802305675390852
2019-09-19,25.40129280090332,25.537973066486146,25.106906233400988,25.44334888426555,15680000.0,-0.0016530426149303779,-0.0016544103974167484,0.26222797103356704,-0.1394479413741817
2019-09-20,25.4538631439209,25.622085486856847,25.23307470283649,25.58002939978671,23870900.0,0.002069593206520226,0.0020674545487593577,0.25298694407239536,-0.1376669486797928
2019-09-23,25.2856388092041,25.537971281047287,25.21204267380996,25.332950897006665,11946300.0,-0.0066089903039717735,-0.006630926384036203,0.24949810238174489,-0.14336609945476242
2019-09-24,24.670581817626953,25.169986705683623,24.591727675438587,25.08061854418053,15322500.0,-0.02432436040940622,-0.02462508429009987,0.27045759451666224,-0.16420317119054018
2019-09-25,25.15947723388672,25.2435873982631,24.618018176047805,24.723154377509903,14554600.0,0.019816939052100135,0.019623139671690833,0.2760688144511119,-0.14764023637408447
2019-09-26,25.15947723388672,25.38026566337053,24.985998891854152,25.28564147777904,12257300.0,0.0,0.0,0.2494688388923194,-0.14764023637408447
2019-09-27,25.05434226989746,25.41706702471646,24.849323843028255,25.311930809646437,13450600.0,-0.004178741991016199,-0.004187497332718531,0.2490941275148721,-0.1512020279098007
2019-09-30,25.10165023803711,25.25410053228377,24.817777691235285,25.049082139152816,12116600.0,0.0018882143314729039,0.001886433895669409,0.24756855707131736,-0.14959931541437482
2019-10-01,25.080625534057617,25.695682800646292,25.054341481117604,25.15422168442753,16083800.0,-0.000837582540594628,-0.0008379335088410511,0.24336910906902096,-0.15031159618029344
2019-10-02,23.708576202392575,24.654818130574174,23.70857620239258,24.654818130574174,24637800.0,-0.05470554670982597,-0.05625880923946782,0.30946888191638194,-0.19679426484424986
2019-10-03,23.887310028076172,24.08181642301364,23.24597074217265,23.824227902732872,24569900.0,0.007538783609686295,0.0075105089957430825,0.3111117588013731,-0.19073907061285159
2019-10-04,24.491851806640625,24.59699001293136,24.01347487309505,24.023988894258572,21339100.0,0.025308072690223282,0.02499312615381616,0.3246617722038412,-0.17025823618656394
2019-10-07,24.20271873474121,24.69686560530758,24.20271873474121,24.339396973716887,12531500.0,-0.011805276064140613,-0.01187551164984917,0.30641496566763,-0.18005356677032852
2019-10-08,23.8242244720459,24.376197501341046,23.824224472045895,24.33939943307766,14671300.0,-0.015638501890781864,-0.01576207326871575,0.30810014239467426,-0.19287630061673058
2019-10-09,24.00821304321289,24.202719395800305,23.829480727879876,24.008213043212898,9509400.0,0.00772275174719228,0.0076930839467252475,0.3102257599191818,-0.1866430846571182
2019-10-10,24.833553314208984,24.943947541027224,24.21324003207117,24.21324003207117,15441700.0,0.03437741365884017,0.033799713027181044,0.30727709782492646,-0.15868197752609764
2019-10-11,25.569520950317383,25.71671327645089,25.233080201815056,25.248850235230776,24527700.0,0.029636018124208574,0.029205359326021856,0.3271264760726499,-0.1337486613638377
2019-10-14,25.227813720703125,25.364491966044344,25.00176731063001,25.33820791947998,11520400.0,-0.01336384949402103,-0.01345394935167541,0.31902678038983445,-0.14532511387736557
2019-10-15,25.18575859069824,25.385520961732247,24.98599621966424,25.16998856323439,14669700.0,-0.0016670144496260253,-0.0016684054643229995,0.31796781854189615,-0.14674986926226452
2019-10-16,24.602249145507812,24.980745934088542,24.51813897086151,24.912405790518193,24417100.0,-0.023168229898222426,-0.02344083204033841,0.32637149447086305,-0.16651816445188466
2019-10-17,24.554931640625,24.733665973064177,24.502363545049366,24.702125917856517,14158400.0,-0.0019232999634690717,-0.0019251518797517926,0.3263726187208469,-0.16812120003574652
2019-10-18,24.197465896606445,24.802009095421734,24.192209888552153,24.649558792368207,16452100.0,-0.014557798378356912,-0.014664802895019731,0.32920665549870287,-0.1802315238808556
2019-10-21,24.817781448364254,24.81778144836426,24.31837641198151,24.40248658613636,13486800.0,0.025635558467500763,0.025312477475895986,0.34316143701428214,-0.1592163011814893
2019-10-22,24.865087509155273,24.991253742425428,24.759949315654183,24.85457348927074,15194800.0,0.0019061357635630216,0.001904321392048212,0.3315954937433732,-0.1576136533037505
2019-10-23,24.765209197998047,25.143705921040095,24.723153115284756,25.022795685911575,12362800.0,-0.004016809155425349,-0.004024898202024926,0.3239423955542284,-0.16099735849356528
2019-10-24,24.57596206665039,25.00702690931702,24.45505383081409,24.949200795363897,14646600.0,-0.007641652845918778,-0.007670999877173861,0.32483751889859347,-0.16740872541676632
2019-10-25,25.527456283569336,25.527456283569336,24.9965093179641,25.101647509649275,21754000.0,0.03871645855972905,0.037985776470974626,0.35292717200764373,-0.13517373983717249
2019-10-28,25.601057052612305,25.653625155303107,25.4118086743741,25.574773001266905,10932200.0,0.002883200277590481,0.0028790518276319305,0.3529802336403159,-0.13268027252380338
2019-10-29,25.574769973754883,25.653622118456656,25.27512741213059,25.44860373474997,10091200.0,-0.0010267966202879286,-0.0010273241370701938,0.35299384614880974,-0.13357083348868504
2019-10-30,25.543228149414062,25.558998177431715,25.070107255440956,25.443347963061676,15325200.0,-0.0012333180072856553,-0.0012340791698405569,0.28145070682078244,-0.13463941618178094
2019-10-31,24.812524795532227,25.485406171298894,24.63379042942612,25.285643760863913,21765000.0,-0.02860653906419408,-0.029023680680749266,0.3039168057461731,-0.15939438752739063
2019-11-01,25.464374542236328,25.60105480578827,25.106905860346576,25.12793390171524,20151300.0,0.02627099628416185,0.0259318408046041,0.3048795826275204,-0.13731084060567708
2019-11-04,26.189828872680664,26.189828872680664,25.800820090324393,25.800820090324393,20980000.0,0.028488990736492026,0.028090725859604957,0.3137252191816248,-0.11273369713522007
2019-11-05,26.216110229492188,26.43164264224623,25.98480778823119,26.321248432008787,15951200.0,0.0010034947894959068,0.001002991625186675,0.30528803857914083,-0.11184333002340001
2019-11-06,26.121484756469727,26.268679034854323,25.70619198534262,26.231880966594257,14879300.0,-0.0036094398518362603,-0.003615969597075288,0.3064954143227374,-0.11504907810268772
2019-11-07,26.342273712158203,26.56306210948816,26.042631169870855,26.200337454441428,26788900.0,0.008452389201719868,0.00841686778034269,0.28660039831692163,-0.10756912848639077
2019-11-08,25.853384017944336,26.04788837770213,25.658879658186542,25.932238166536457,19854000.0,-0.01855913045153057,-0.018733512064152785,0.27876077752576833,-0.12413186944978492
2019-11-11,25.30141830444336,25.464380650781905,25.212050109860552,25.464380650781905,20385800.0,-0.02134984391667516,-0.02158104854521471,0.28558577209527974,-0.1428315173286221
2019-11-12,25.18050193786621,25.49065850388541,25.180501937866214,25.39077631825657,13130500.0,-0.004779035116616925,-0.004790491218923163,0.28606343277065704,-0.14692795560816585
2019-11-13,24.77046585083008,25.26461480885976,24.69161370170549,25.049082392701425,16882100.0,-0.01628387265861131,-0.016417912024886926,0.27944380034372135,-0.1608192721476637
2019-11-14,24.707387924194336,25.01228856752649,24.686359878720783,24.89137830872595,14155900.0,-0.002546497389899982,-0.0025497452292930433,0.27951975631766585,-0.16295624368079406
2019-11-18,25.02805519104004,25.259357643719696,24.95971505522885,25.08588130554608,16777800.0,0.012978598459276736,0.012895098152231957,0.27704595724988595,-0.15209258887468233
2019-11-19,25.32243537902832,25.490657685421183,25.08587695935271,25.290895325921795,13108100.0,0.011762008104156285,0.011693373350953662,0.2656249834121312,-0.14211949503345225
2019-11-21,25.4538631439209,25.4538631439209,25.075368387012684,25.10690844697068,15624200.0,0.005190170808034633,0.005176748294918153,0.2660253681649631,-0.1376669486797928
2019-11-22,26.300222396850582,26.300222396850582,25.522202847424573,25.522202847424573,27680500.0,0.03325071908119459,0.03270987035061383,0.2875938758535099,-0.10899375463591532
2019-11-25,26.73653984069824,26.904760141268547,26.51049343580487,26.568319540127945,24507100.0,0.01658987658978517,0.016453767875421955,0.28846191835542984,-0.09421207098459727
2019-11-26,26.925792694091797,27.072984980430498,26.526267909251747,26.599864052421097,32446500.0,0.007078434775822373,0.007053500252171342,0.25991327570951744,-0.08780051020833453
2019-11-27,26.589353561401367,26.915280216418875,26.352793083830345,26.773343929876265,13507600.0,-0.012495050248390704,-0.01257376981272923,0.2654741724051864,-0.0991984886698378
2019-11-28,26.478960037231445,26.74706260762084,26.12149128027547,26.578842252035063,10145300.0,-0.0041517942102275995,-0.0041604368377116474,0.2661634881769339,-0.10293843116914268
2019-11-29,26.273937225341797,26.53152572990889,26.18982706156683,26.478955624209235,10290800.0,-0.007742857408348791,-0.007772988965781351,0.26813639063929795,-0.10988425098310965
2019-12-02,26.98887062072754,27.17286095005032,26.342273456522097,26.363301495685896,23952200.0,0.027210744596594783,0.02684711398120813,0.25714604236337296,-0.0856635386752043
2019-12-03,26.5052433013916,26.946822222972383,26.415877117489952,26.941566214355426,13479700.0,-0.017919509346364104,-0.018082007944304587,0.2552743820297735,-0.10204799943963541
2019-12-04,26.768081665039062,26.82590777318866,26.56306328548634,26.72077158238317,9105800.0,0.009916466740513163,0.00986762123531022,0.2381988594382063,-0.09314348829150124
2019-12-05,26.783855438232425,26.852195570971872,26.57357903227001,26.652433185842025,9503500.0,0.0005892754434460024,0.0005891018888495056,0.23820544029715057,-0.09260910001842239
2019-12-06,26.9941349029541,27.17286927994942,26.82591454876378,26.94156679427393,13892600.0,0.007850978183727486,0.00782031961645447,0.23867936565141076,-0.08548519385855408
2019-12-09,27.041444778442383,27.593419900902088,26.98362066578879,27.467253642965535,19388300.0,0.001752598320278187,0.001751064311914195,0.23733933016386383,-0.08388241674544102
2019-12-10,26.915281295776367,27.036189543529197,26.75757497285288,26.925795318017222,13878600.0,-0.004665559983932255,-0.0046764776802612484,0.2265964466886458,-0.08815661828245025
2019-12-11,27.246461868286133,27.362112084803567,26.92579125701062,27.009901416907116,15572100.0,0.01230455550028875,0.012229469760905992,0.2111616036130445,-0.07693679078453562
2019-12-12,27.835235595703125,27.893061712052305,27.193894313058887,27.38839870004238,25140900.0,0.021609181047551163,0.021379012625676326,0.21753647018255703,-0.056990150778265115
2019-12-13,28.26104164123535,28.387207891995818,27.777408691566723,28.019225166401036,28172500.0,0.015297375302185667,0.015181550176604084,0.20479483709833798,-0.04256457520106278
2019-12-16,28.040252685546875,28.739418046312792,28.040252685546875,28.65005187459043,21806800.0,-0.007812484709209255,-0.00784316204983534,0.2087523951592646,-0.05004452481735972
2019-12-17,28.08230209350586,28.234752366743912,27.887797748024564,27.992935936648884,13570300.0,0.0014996087385710233,0.0014984854482437253,0.20791455983672597,-0.04861996328552249
2019-12-18,28.10859107971191,28.145389148771184,27.651240212242104,28.00870888768445,22924500.0,0.0009361407094943264,0.0009357028030537279,0.20734668923307126,-0.047729337702953775
2019-12-19,28.38721466064453,28.513380941488087,27.977177757256737,28.12437008045338,17683200.0,0.009912399385030968,0.009863593809471908,0.20800035308783663,-0.03829005057561759
2019-12-20,28.802499771118164,28.90763796846312,28.46605914388976,28.791985750849236,42124200.0,0.014629301093403102,0.014523325186832877,0.18515550369853018,-0.024220906160966924
2019-12-23,28.69210433959961,28.902378719955067,28.597480166569177,28.86032464602167,10225700.0,-0.003832842023984817,-0.0038402061861111773,0.18182580390836978,-0.02796091327795899
2019-12-26,28.802499771118164,28.912893975925424,28.655305492697497,28.813013791387093,20410000.0,0.0038475892256599753,0.0038402061861111947,0.18135696841958515,-0.024220906160966924
2019-12-27,28.923572540283203,29.1394209260918,28.82644097251761,29.13402564276383,13920400.0,0.004203550737857942,0.004194740499348824,0.17129465199887037,-0.02011916923107343
2019-12-30,28.76168632507324,29.063873643473936,28.70772525965437,28.950554171004686,11928100.0,-0.005597033872095092,-0.005612755958321549,0.17231018110626556,-0.025603595431503787
2020-01-02,29.317495346069336,29.37685169497404,29.004515401111224,29.128627499065495,17509700.0,0.019324632593310964,0.01914028308615514,0.1741156980659112,-0.0067737429129743855
2020-01-03,29.101642608642575,29.409225165882383,28.91277684840143,28.966737906046784,17284800.0,-0.007362591342773173,-0.007389828993894032,0.1602520785864569,-0.014086461954818271
2020-01-06,28.928972244262695,29.031499103728,28.68074802125222,29.031499103728,32787800.0,-0.00593335457733235,-0.005951026864239012,0.143191036178854,-0.01993623655863257
2020-01-07,29.139427185058594,29.241954058174287,28.815656595284555,28.869617674085827,16326400.0,0.007274884811631521,0.007248550479479234,0.14215664063144076,-0.012806385571542475
2020-01-08,29.14481735229492,29.339080495443877,28.9343663000445,29.247346265891785,15298500.0,0.0001849784898684259,0.00018496138345708182,0.14230162082989625,-0.012623775987537694
2020-01-09,28.76168632507324,29.069268926622744,28.62678160304337,29.00451523642356,14638000.0,-0.013145768683004322,-0.01323293909095861,0.15435702215194644,-0.025603595431503787
2020-01-10,28.7940673828125,29.06927214044699,28.659162645867895,29.00451844308881,9129200.0,0.0011258400280595993,0.0011252067454472505,0.1544493534929932,-0.024506580956043238
2020-01-13,29.840925216674805,30.02439572783231,28.87500687680196,28.94515791125469,27497400.0,0.036356719595898035,0.035711408505674024,0.1898247572460265,0.0
2020-01-14,30.024396896362305,30.407525842122624,29.679041110973685,29.840926378064243,27817000.0,0.006148324100386127,0.006129500273022497,0.18803792776497225,0.0
2020-01-15,29.927265167236328,30.26183038374695,29.738399366369727,29.84092622134262,21425300.0,-0.0032350934295617417,-0.003240337657743945,0.17945377884784236,-0.0032350934295617725
2020-01-16,29.77077293395996,30.191677064545388,29.732999776642163,30.0028092194737,13149100.0,-0.005229085664923749,-0.005242805181286149,0.17662891776734743,-0.008447262513808305
2020-01-17,30.758277893066406,30.80684367734214,30.272620050309087,30.3535637102629,36524100.0,0.03317028285751977,0.03263201958967017,0.20155624742051317,0.0
2020-01-20,30.952545166015625,30.95254516601563,30.504660422462127,30.75828200295546,16746300.0,0.0063159346444754405,0.006296072716481839,0.20128817787720285,0.0
2020-01-21,30.234848022460938,30.763674327425,30.07836009703568,30.650354846036173,25436800.0,-0.023187015468527084,-0.023460063346603978,0.22485358755208734,-0.023187015468527084
2020-01-22,30.380537033081055,30.67732695166217,30.25102967807365,30.542422256081455,17269400.0,0.004818579227250819,0.004807007033831002,0.22371259094170906,-0.018480164712354807
2020-01-23,29.948843002319336,30.072955077653408,29.522543661944255,29.911069851499494,23028900.0,-0.014209558912393505,-0.014311481362044784,0.22805765589214058,-0.0324271286355574
2020-01-24,29.031496047973633,30.07296067672592,28.972137640353132,30.01360226910542,19744800.0,-0.03063046389720836,-0.031109381582714403,0.2560647096449935,-0.06206433453980417
2020-01-27,27.256153106689453,27.963054694234575,27.23996519640039,27.876715741887946,38779700.0,-0.06115230638994562,-0.06310201355808877,0.3409661580060493,-0.11942126372808362
2020-01-28,27.62849235534668,28.10875292110362,27.563738653729008,27.62849235534668,23046400.0,0.013660741015057098,0.013568274250469166,0.3451000539817211,-0.10739190566850677
2020-01-29,27.385658264160156,28.000823460342687,27.229168294329117,27.89829661380649,23323000.0,-0.008789263202033881,-0.008828116605243713,0.3456988233315935,-0.11523727314585216
2020-01-30,27.790372848510746,27.790372848510746,26.873020323368216,26.964756605123824,23083200.0,0.014778340562302317,0.014670204962101255,0.3423437405130749,-0.10216194825157025
2020-01-31,27.126651763916016,27.55295133689275,26.87303013418595,27.49898819307601,29988200.0,-0.023883129895837185,-0.024172955778596964,0.3504960097603708,-0.12360513106690342
2020-02-03,27.472000122070312,27.569131695839378,26.87302276998874,27.25075643925921,18858200.0,0.012730961460333257,0.01265060406968747,0.3549714820523286,-0.11244778176648233
2020-02-04,28.205883026123047,28.37316564323435,28.043997751312432,28.16810986395,21559200.0,0.026713850494749725,0.026363265535431158,0.36823073720284377,-0.0887378445023086
2020-02-05,28.59440803527832,28.93436647941361,28.59440803527832,28.772481211946875,26797700.0,0.013774608963507351,0.01368060133263352,0.3722066525339482,-0.07618556464708509
2020-02-06,28.750898361206055,29.096254176232204,28.502674126466395,28.95595414830897,22155800.0,0.005472759769485913,0.0054578386348397906,0.36993421790793507,-0.07112975017081537
2020-02-07,28.114145278930664,28.57821788560075,28.017013707372605,28.535049441843196,14450900.0,-0.022147241254018346,-0.022396173711091517,0.37829695058532176,-0.09170166368746259
2020-02-10,27.083471298217773,28.006221162866947,26.937773951167905,28.006221162866947,28244800.0,-0.03666033487723708,-0.037349213773574176,0.37261265526377985,-0.1250001848651175
2020-02-11,28.0871639251709,28.168107585269684,27.531357105173125,27.601508140026553,27560600.0,0.03705923128912847,0.03638904554209489,0.3989843336418248,-0.09257336433808921
2020-02-12,28.637571334838867,28.804853914310694,28.508063967523405,28.653759241132676,28539800.0,0.01959640393506268,0.019406866576631012,0.40707220810099654,-0.07479106544422348
2020-02-13,28.13572883605957,28.276030901410746,27.82275094759176,28.17889933570077,20105600.0,-0.01752391964079658,-0.017679281225460083,0.4106818048535928,-0.09100435246432596
2020-02-14,27.520565032958984,28.21127659467953,27.49358449854481,28.173503434803113,19896200.0,-0.021864150265486382,-0.022106712934805598,0.3936115456050874,-0.11087876989271908
2020-02-17,28.821046829223633,28.821046829223633,27.855128455170945,27.90369424097479,28134200.0,0.04725490900013041,0.046172368349065386,0.4330218408826436,-0.06886342707391548
2020-02-18,28.49187660217285,28.62678132288246,28.124935597164104,28.356971881463245,18054400.0,-0.01142117526130293,-0.011486897781630263,0.42778059922903894,-0.07949810106551324
2020-02-19,28.497276306152344,28.664556856270764,28.27603262818697,28.562030001085834,14439700.0,0.00018951731593142007,0.00018949935979353135,0.426980639073642,-0.07932365001631743
2020-02-20,28.16810607910156,28.86421493158477,28.09255976490636,28.7454981187165,18818800.0,-0.011550936430360537,-0.01161816671315249,0.4261572452515031,-0.0899583240079153
2020-02-21,27.05109977722168,27.596114035918728,26.873024527504516,27.520567708820423,32249900.0,-0.03965500196367855,-0.04046268612474713,0.43551159684863877,-0.12604602845641077
2020-02-26,24.47171401977539,25.2757470118654,24.31522611774983,25.178615454203985,46923300.0,-0.0953523434791459,-0.1002097409019498,0.5154185667190779,-0.2093795877359988
2020-02-27,23.99685287475586,24.574244926653904,23.505799763558,24.09398444035391,42419000.0,-0.019404490614584602,-0.01959522923152153,0.5126772910129802,-0.22472117410547468
2020-02-28,23.9105167388916,23.9105167388916,23.311539366934465,23.737838837235145,33228600.0,-0.003597810776057253,-0.0036042984629015983,0.5127718062841624,-0.22751048061972703
2020-03-02,25.0167293548584,25.4106508547908,24.18032057782481,24.21809373134692,48372500.0,0.04626468879978196,0.04522638219710015,0.5404532338743486,-0.19177149340450558
2020-03-03,25.011335372924805,26.489892075375906,24.86024273854395,25.221788474575977,52401800.0,-0.00021561499335431833,-0.00021563824160883947,0.5360042759525429,-0.19194575958858393
2020-03-04,26.20928955078125,26.489891623041903,25.362088050784717,25.901706945482267,31476600.0,0.047896450149289116,0.04678477390764946,0.5631265257023571,-0.15324282994479682
2020-03-05,25.281147003173828,25.874729083711262,24.795491182897305,25.718239094057335,29092300.0,-0.03541273203186679,-0.03605497072098979,0.5644960795475628,-0.18322881470402355
2020-03-06,24.07240295410156,24.725341423884075,23.554369228909643,23.851159255312325,39718600.0,-0.047812073119962606,-0.0489928614871061,0.5799175828955445,-0.22228033833767327
2020-03-09,20.41378593444824,22.415771751569,20.402993308394404,21.82758701177395,59037000.0,-0.15198387242973388,-0.16485562500991785,0.7989026215023795,-0.34048118418185613
2020-03-10,24.18032455444336,24.466321923425724,22.016451531760108,22.61003357905084,63269800.0,0.18450955800604785,0.169328813816775,1.0366212819042742,-0.21879365897857833
2020-03-11,21.984073638916016,23.899720213051644,21.04513590069128,23.209006660645382,50025000.0,-0.09082801641402127,-0.09522100183622147,1.0782155964122608,-0.28974908134360955
2020-03-12,19.07552719116211,19.42628029770827,17.510633624491916,19.42628029770827,62222000.0,-0.13230243382214757,-0.14191205109863275,1.1583087044874234,-0.38371700650626617
2020-03-13,23.149646759033203,23.759414505533716,19.96589509600677,22.663989027899575,67635900.0,0.2135783471168584,0.19357330703149678,1.3794642781872102,-0.25209230339964483
2020-03-16,21.066722869873047,22.34022383465488,19.43167616275878,19.43167616275878,59078300.0,-0.08997648693483329,-0.09428484127190025,1.4110896651805414,-0.319386410491268
2020-03-17,22.399578094482425,23.511193693171485,21.104494058540535,21.8545639486557,52743800.0,0.06326827541437208,0.06134744326099934,1.4359722493097236,-0.27632516245946515
2020-03-18,20.856271743774418,22.05422432701379,19.264395543846945,20.937213345374452,59689100.0,-0.06889890265782117,-0.07138741754449733,1.435292317507749,-0.326185564647085
2020-03-19,19.642127990722656,21.045136250710275,19.026960740422613,20.235707933375267,52645400.0,-0.058214803104211676,-0.059978059181336106,1.4434903725108525,-0.3654115393299305
2020-03-20,18.98918914794922,21.266381660360594,18.730172312082207,20.451557992850795,50479900.0,-0.03324175685454411,-0.033806821874288025,1.4426659992245932,-0.38650637464222437
2020-03-23,18.4010009765625,19.350731254471658,18.007079484167857,19.18344867887293,41958300.0,-0.030974896653248707,-0.031464760980341254,1.4428025391843002,-0.40550927628510836
2020-03-24,20.31125259399414,20.856268769395367,19.890350561948335,19.890350561948335,37044800.0,0.1038123751998461,0.09876998341162646,1.5017075861110796,-0.34379378222199
2020-03-25,22.043428421020508,22.313237836496807,20.55408135332364,20.608042413025903,38064400.0,0.08528158561420063,0.08183947923310464,1.5026579684736572,-0.2878314754799838
2020-03-26,22.663991928100582,22.88523557648798,21.579358934416675,22.129768355491596,36253000.0,0.02815185982994861,0.027762879692910157,1.5060504447011371,-0.267782607002395
2020-03-27,21.63871383666992,22.36180313707616,21.15305813425174,21.207019192804054,32331200.0,-0.045238195225415945,-0.046293388695724844,1.5139338122701593,-0.3009068003742657
2020-03-30,22.539886474609375,22.83667652078143,21.98407954858808,22.08120907735876,31298300.0,0.041646312472245484,0.04080245430270198,1.5120678108460288,-0.2717921465354305
2020-03-31,23.322328567504883,24.00764478963071,22.78270968946716,22.825878129299195,39238000.0,0.034713666094854156,0.03412473732627007,1.518472882826879,-0.246513382262611
2020-04-01,23.403270721435547,23.807984889601514,22.23229871628038,22.561466569079265,37092100.0,0.0034705862965775935,0.0034645777101550874,1.5071916821607512,-0.24389834193243698
2020-04-02,23.08489990234375,24.050818395545065,22.62082723819192,23.71625519567311,34372600.0,-0.013603689111718609,-0.013697067114380065,1.5032963454702124,-0.2541841138256431
2020-04-03,21.85456657409668,23.133462856501957,21.455247661825176,23.0956896962377,31650000.0,-0.053296021791377046,-0.05476882367103252,1.5056993360906015,-0.2939331335475468
2020-04-06,23.273765563964844,23.41406558326769,22.64780767306966,22.9877661247014,32019300.0,0.06493832696505097,0.06291688853159651,1.3978448212108372,-0.24808233251466844
2020-04-07,23.624513626098633,24.55265874735027,23.505798873681837,24.3853761554904,34191900.0,0.01507053343687792,0.014958101150173729,1.26003778729334,-0.2367505321650515
2020-04-08,23.47882080078125,23.878139749787064,23.23059656521487,23.473425516739823,29464500.0,-0.006167019038920363,-0.0061861136458480175,1.2105512326939138,-0.24145750616463546
2020-04-09,23.354705810546875,23.99685363209834,23.117274230748663,23.71625155134621,29827800.0,-0.005286253142246622,-0.005300274814959354,1.0836994916140252,-0.24546735380620022
2020-04-13,24.05081558227539,24.05081558227539,23.19282139992134,23.311538223417767,22066800.0,0.0298059747519559,0.029370410469701604,0.84561479121726,-0.22297777280422143
2020-04-14,24.02923011779785,24.82247059778955,24.013042208731196,24.61741482951957,24713600.0,-0.0008974940747309423,-0.0008978970636762002,0.7659352744885157,-0.2236751456490639
2020-04-15,23.306137084960938,23.689268027885785,22.993159226474223,23.473419667322,28808700.0,-0.030092226396439492,-0.030554290764196267,0.7480372976048388,-0.24703648892337512
2020-04-16,23.07410430908203,23.737837397773816,22.68558008315657,23.63530848467561,24442900.0,-0.009955865917764317,-0.010005756966108663,0.6982606030785736,-0.25453289268062307
2020-04-17,23.74323272705078,23.867344832924243,23.322330623785756,23.68927165788244,23604600.0,0.028999106921146156,0.028586588942056967,0.658499677056606,-0.2329150123292709
2020-04-20,22.91221809387207,23.343912803944864,22.788105993381315,23.343912803944864,29050700.0,-0.03500006265919853,-0.035627242574965176,0.6601165884832118,-0.25976303496267694
2020-04-22,23.149646759033203,23.333117228741205,22.69096955552204,22.98775947633379,22693600.0,0.010362535141223761,0.010309212131957488,0.6422383883327086,-0.25209230339964483
2020-04-23,23.47882080078125,24.115571358787548,23.10108916339026,23.360106025522526,27171100.0,0.014219398039825304,0.014119250640189549,0.5538487759931671,-0.24145750616463546
2020-04-24,23.613723754882812,23.851157404365576,22.572261101269618,23.403272699010643,55165900.0,0.005745729534128552,0.005729285787668293,0.47868480792248336,-0.23709912615491402
2020-04-27,24.040021896362305,24.30983134987587,23.66768559156738,23.99145611239055,25580600.0,0.01805298249037679,0.017891962442348745,0.4732846114421517,-0.22332649003749558
2020-04-28,24.07240295410156,24.439344024066603,23.462632932176863,24.39077823367467,25680000.0,0.0013469645692858467,0.0013460582262937004,0.4363130076378491,-0.22228033833767327
2020-04-29,25.21639060974121,25.567143713401652,24.196511231859528,24.471715961413825,33207500.0,0.04752278606422777,0.04642812538351226,0.4427882524666202,-0.18532093323855092
2020-04-30,24.207305908203125,24.91420540014296,24.15334277926844,24.665981182492068,25720300.0,-0.04001701580353345,-0.04083971947268852,0.4584404100872007,-0.2179219583279517
2020-05-04,23.70545959472656,23.921307988618658,23.41946222252995,23.5813474887076,16994300.0,-0.020731192284660915,-0.020949100375712727,0.4654458369806507,-0.23413536859146594
2020-05-05,23.581348419189453,24.299040549006374,23.581348419189453,23.98606262984437,19070600.0,-0.005235552385776776,-0.005249305916057421,0.4629534814094955,-0.23814509298961897
2020-05-06,23.921306610107425,24.153340841218167,23.53278034688436,23.84575823566082,26602700.0,0.014416401677918023,0.014313473416638054,0.41490284110107084,-0.22716188662986442
2020-05-07,24.849451065063477,25.351296829598493,24.52568053371055,24.622812104812994,42194300.0,0.03879990629625074,0.038066110602612,0.3760706102542496,-0.19717584024893198
2020-05-08,26.36038589477539,26.419744310908488,25.345903711987415,25.63190110773814,33922800.0,0.06080354957362322,0.05902668657284389,0.42373998020419057,-0.14836128165260543
2020-05-11,25.756010055541992,26.576231037106144,25.756010055541996,26.01502688259129,24783100.0,-0.022927427604661377,-0.023194348843036703,0.4341236493731078,-0.16788716671284187
2020-05-12,25.610313415527344,26.225478654162128,25.61031341552734,26.133744425954365,21806900.0,-0.005656801643595388,-0.005672861941262603,0.4342386687104701,-0.17259426395583746
2020-05-13,26.19310760498047,26.538463446842865,25.718242293178083,25.99344708638618,34159500.0,0.022756230273221822,0.022501169496151593,0.42970455655012807,-0.1537656284970318
2020-05-14,25.95026969909668,26.149928090452928,25.32970721924141,25.874723392014992,35513400.0,-0.00927106128627575,-0.009314305059600245,0.4320781106367845,-0.16161111921778887
2020-05-15,25.928688049316406,26.603211682537346,25.928688049316403,26.27404382016828,35196100.0,-0.0008316541612292117,-0.0008320001774083216,0.41315965001008625,-0.16230836881921967
2020-05-18,27.660865783691406,27.84433630447013,26.95396629419214,27.164417350103612,41936200.0,0.06680545236536428,0.06466862426632108,0.4588909387907601,-0.10634600045550766
2020-05-19,28.222070693969727,28.44331438129242,27.5691322580275,27.68245174357458,27704400.0,0.020288768785003075,0.02008569388101732,0.4550708228032887,-0.08821486108495612
2020-05-20,28.32999038696289,28.961343470372128,28.32999038696289,28.799458222714573,27014500.0,0.0038239466608742667,0.003816653962189903,0.42470645446194827,-0.08472824334756712
2020-05-21,27.590709686279297,28.4163257875523,27.18059824752239,28.216667408897735,41802300.0,-0.026095338917721644,-0.026441864029641642,0.44462271137080667,-0.10861257003923085
2020-05-22,27.126651763916016,27.574534535935992,26.926993278002698,27.396461307549373,23933600.0,-0.01681935432759296,-0.016962405960265995,0.45327207621543936,-0.12360513106690342
2020-05-25,27.0349063873291,27.887505247515424,26.937774819498184,27.74180789576905,21162000.0,-0.0033821120787547176,-0.0033878443482459448,0.4548226577424816,-0.12656919673888073
2020-05-26,26.54924774169922,27.261544456606053,26.35498462700053,27.18599814721935,28917800.0,-0.017964132690968193,-0.018127446540068898,0.46106345407687765,-0.14225962358504238
2020-05-27,27.32630157470703,27.428830486167865,26.3226100616697,26.894606853637967,31932100.0,0.029268393612047472,0.028848252396751765,0.46847659984040946,-0.11715494063118374
2020-05-28,27.029516220092773,27.871322614468635,27.007930965715225,27.52056943552457,23530900.0,-0.010860794820802266,-0.01092020379692635,0.44712938799352536,-0.1267433396795474
2020-05-29,28.59979820251465,28.59979820251465,27.552938405589508,27.736408891492108,92646300.0,0.05809508278415221,0.05647019970439564,0.45261109643044517,-0.07601142170641842
2020-06-01,28.826438903808594,29.058475181431955,28.32999053395195,28.50266840681362,27152300.0,0.007924555959769597,0.007893321570122937,0.4392403194251189,-0.06868922251154298
2020-06-02,28.826438903808594,29.03149464976281,28.599799967608636,29.03149464976281,25602700.0,0.0,0.0,0.4372488860288165,-0.06868922251154298
2020-06-03,28.955949783325195,29.32289079609647,28.804857151648573,29.08545922367853,31584300.0,0.0044927810871391305,0.004482718673747407,0.43736754696981395,-0.06450504706419405
2020-06-04,30.03518867492676,30.05677392552553,28.880404528169215,28.98832872268024,37638600.0,0.03727174897309249,0.03659394792915822,0.436123957777289,-0.02963751401277579
2020-06-05,29.468589782714844,30.59639341673915,29.322892426149085,30.42911080916746,39799100.0,-0.01886450251217875,-0.019044707152651417,0.40544732396672434,-0.04794291956740577
2020-06-08,29.560325622558594,30.029795594346997,29.128630871330422,29.668249824986376,27456500.0,0.003113004067047731,0.003108168702294826,0.39119454200975534,-0.044979162003957594
2020-06-09,29.673643112182617,29.673643112182617,29.204173204550244,29.22575845378263,19860000.0,0.003833431710831503,0.003826102835348728,0.3885936376226437,-0.041318154839078615
2020-06-10,29.24734687805176,29.786965816545393,29.009913227685505,29.630475830346345,24321300.0,-0.014366157620728348,-0.014470349962759008,0.3916398750216329,-0.0550907293347911
2020-06-12,28.815650939941406,29.166402000277873,28.049391008753226,28.982931486484883,31223700.0,-0.014760174312915764,-0.01487018959106287,0.3949128669552336,-0.06903775487969964
2020-06-15,29.074670791625977,29.37146081456909,28.13033759049961,28.329996033791083,27425600.0,0.008988859985305409,0.008948700661668595,0.394445155445329,-0.0606694656067076
2020-06-16,29.889490127563477,29.94884853509838,29.258137011381752,29.943453251905535,29329400.0,0.02802505802308808,0.02763954224473602,0.3390682426173111,-0.03434467287747731
2020-06-17,30.32658576965332,30.45609316647421,29.759986276975276,29.943456804540663,27840000.0,0.01462372359730435,0.014517828094029859,0.3361005251881801,-0.020223196283373084
2020-06-18,30.31039047241211,30.51005093334064,30.008205227300987,30.38054150080545,25770000.0,-0.0005340296914471132,-0.0005341723360893637,0.336417320589992,-0.020746426187548867
2020-06-19,29.77077293395996,30.54242810513677,29.522548740590796,30.396732817472508,38079900.0,-0.0178030546634923,-0.01796343540371076,0.3276823301869377,-0.038180131091552105
2020-06-22,29.679039001464844,29.867904789899267,29.371456398310094,29.679039001464844,14891400.0,-0.0030813419825749255,-0.0030860990914813938,0.3196225923342873,-0.04114382703329445
2020-06-23,29.997411727905273,30.52084266717732,29.878694923085003,29.965033856095413,18272700.0,0.01072719121480703,0.010670063085564244,0.31891797022719753,-0.030857993518382493
2020-06-24,29.889490127563477,30.35895798768445,29.581907523503244,30.353562704491605,18156600.0,-0.0035976970720245083,-0.0036041843483126433,0.3088362083425065,-0.03434467287747731
2020-06-25,30.21865463256836,30.29959828087002,29.60888477521465,29.94884521620614,17051900.0,0.01101271729962816,0.010952518890603218,0.29754550478728775,-0.023710183750997038
2020-06-26,30.013607025146484,30.731301255038268,29.7923633261729,30.164701738982306,21655500.0,-0.006785464472693126,-0.006808590409599673,0.294968909411949,-0.03033476361420671
2020-06-29,30.019006729125977,30.17009939636444,29.5927072082938,29.91647779765713,15453400.0,0.00017990853198579515,0.0001798923503866306,0.22456514772761124,-0.0301603125650109
2020-06-30,30.17548942565918,30.510054642683013,29.684436284169895,29.916472587580717,27462900.0,0.005212787283243925,0.005199247739737633,0.22389712636368037,-0.02510474457556448
2020-07-01,29.430816650390625,30.261830288555338,29.166402471526276,30.261830288555338,28999400.0,-0.024678067843875162,-0.024987675657169077,0.24395277388084544,-0.0491632758296007
2020-07-02,29.943458557128903,30.078363304161687,29.544139600179317,29.5981006755992,24148500.0,0.017418541688053235,0.017268577820817,0.25048209295213664,-0.03260108671110671
2020-07-03,29.819337844848633,30.056771465032774,29.641264688193157,29.786962030083615,7831800.0,-0.004145169538230187,-0.004153784568897613,0.21429067882816016,-0.036611119217788854
2020-07-06,30.52623748779297,30.61797376062424,29.99741127379934,30.267220692682773,23609900.0,0.02370608115520101,0.023429455294412448,0.2181754922784664,-0.013772944225947568
2020-07-07,30.418315887451172,30.747483735753477,30.272618541883787,30.61797635645981,13598400.0,-0.0035353718382409305,-0.00354163603378989,0.21890739976823992,-0.01725962358504239
2020-07-08,30.93095016479492,31.146798513166768,30.10533404046508,30.704311251638657,32634600.0,0.016852815890284978,0.016712382787892985,0.2254586551486396,-0.0006976809533717095
2020-07-09,30.44529151916504,31.125212355699592,30.251030481494656,31.038873430574196,19741600.0,-0.0157013814009066,-0.015825953782789715,0.22682529273162297,-0.01638810779953325
2020-07-10,30.74208641052246,30.920159559842915,30.30499440285536,30.499257517374073,14728100.0,0.009748466069723571,0.009701256341363863,0.21921809936874925,-0.006799400642640446
2020-07-13,31.109031677246097,31.956233220122527,31.109031677246097,31.15220012059579,28780200.0,0.011936251229781147,0.011865576025193045,0.22046726662883784,0.0
2020-07-14,33.29448318481445,33.4401805201426,31.24393198325572,31.25472254870296,52234500.0,0.07025135112665204,0.06789352848234771,0.3080991676953863,0.0
2020-07-15,33.34305191040039,33.958217119393304,32.587584636401864,33.6182566402457,29833100.0,0.0014587619611434732,0.0014576990015249718,0.30645308192276705,0.0
2020-07-16,32.441890716552734,33.289092303868394,32.29619335294978,33.07864124260288,22788400.0,-0.0270269559088131,-0.027398901094397243,0.3267513657471881,-0.027026955908813054
2020-07-17,32.938331604003906,33.0516510564474,32.54980541450357,32.64693696187865,18896400.0,0.015302464698762952,0.015186562879232183,0.31910618734100604,-0.012138070248759793
2020-07-20,32.8088264465332,33.18116477929395,32.56599754657676,32.98150431795054,16491500.0,-0.003931746119617108,-0.003939495753122119,0.3194092051400922,-0.016022092557776677
2020-07-21,32.21524429321289,32.63614631837761,31.983208033575295,32.61456107132238,29043600.0,-0.018092148290876575,-0.0182578123940901,0.32897586135214096,-0.03382436677416782
2020-07-22,31.96703338623047,32.51204772029023,31.7295996871094,32.33936978919308,19644700.0,-0.007704765629690247,-0.007734600683259391,0.3304931533092244,-0.041268523585290436
2020-07-23,31.75657844543457,32.46348010139361,31.643258945478117,32.32318006218322,17291900.0,-0.006583499264794179,-0.0066052660832318635,0.33101932517566784,-0.04758033155540169
2020-07-24,31.621665954589844,31.756570676338917,31.200763881447195,31.605478046694415,22544100.0,-0.004248332076345673,-0.0042573818792010125,0.3301924716332564,-0.051626526582997365
2020-07-27,33.11640930175781,33.256711359971895,31.826720538582236,31.891474226267327,35124800.0,0.04726959513500928,0.04618639170840076,0.36432272679310607,-0.006797296457793163
2020-07-28,32.56060791015625,33.00309528970714,32.48506158562068,32.75487106380941,21707500.0,-0.016783262537223842,-0.016925697418358126,0.372463561042261,-0.023466478184022505
2020-07-29,33.96901321411133,33.96901321411133,32.835812187360396,33.030075338145295,29486600.0,0.04325488356486651,0.04234552158555781,0.38003975968256687,0.0
2020-07-30,33.062442779541016,33.65602261202823,32.727879713510895,33.618249462241714,32210700.0,-0.026688159260207955,-0.027050754063438216,0.3966199436018951,-0.02668815926020798
2020-07-31,32.7602653503418,33.56969376026712,32.64694586698815,32.970716407565114,26318800.0,-0.009139597797238608,-0.009181620162164117,0.3985481762691678,-0.035583838015859584
2020-08-03,32.517433166503906,33.81791459949964,32.517433166503906,33.38082461924334,35910500.0,-0.0074123997849534495,-0.007440008134261625,0.3943516719869923,-0.04273247616755643
2020-08-04,32.75487518310547,32.83042151714184,32.031785608283634,32.51744149501031,182535800.0,0.0073019913775405065,0.007275460910380136,0.3937826255965378,-0.03574251696253234
2020-08-05,33.55889892578125,33.94202991237725,33.37542841593392,33.40241100794189,36999600.0,0.024546689254077325,0.024250260380791467,0.39797294862960997,-0.012073188165492821
2020-08-06,33.3646354675293,33.93123486504239,33.06784344449055,33.790932807154505,22468400.0,-0.005788731587457185,-0.005805551235179433,0.3928832641511143,-0.01779203130725511
2020-08-07,32.619956970214844,33.127197902693155,32.258411302712084,33.127197902693155,28427400.0,-0.022319395577966916,-0.02257224263186351,0.4038506754263714,-0.03971431950033987
2020-08-10,33.564292907714844,33.564292907714844,32.59837467143027,32.75486463208739,29341400.0,0.028949637743614032,0.028538512742229443,0.41295842168297436,-0.011914396919494747
2020-08-11,32.528228759765625,33.89886134940436,32.46347506390762,33.88267344006058,23822800.0,-0.030868046313321185,-0.03135450124710857,0.35482969818266774,-0.042414669076909654
2020-08-12,33.18656539916992,33.61286486337402,32.69011695362813,32.85200222680554,29627900.0,0.020238932905519924,0.02003684781100144,0.3626921501749659,-0.023034163813047227
2020-08-13,32.56599426269531,33.54270504692743,32.43648690143284,33.132595658286405,24906200.0,-0.018699468565377075,-0.01887651420800665,0.35541513725693435,-0.041302905756272504
2020-08-14,33.10561752319336,33.14878802174144,32.539018109887195,32.565998642238405,17848800.0,0.01657014541442048,0.016434358507588863,0.3561402609735592,-0.025417155496271493
2020-08-17,33.58048629760742,33.78014472848774,32.9976989144078,33.337657363573044,42786400.0,0.01434405427058949,0.014242151632790117,0.35913638963318417,-0.011437686283524578
2020-08-18,34.02837371826172,34.37372953710318,33.91505216768689,34.15788112108574,32205700.0,0.013337728843021868,0.013249564414647695,0.3539155980977421,0.0
2020-08-19,33.66682434082031,34.47085744335617,33.63444852280758,34.21723589034797,23537900.0,-0.010624938483245083,-0.010681786169472709,0.355224435853751,-0.010624938483245134
2020-08-20,33.96901321411133,34.26580322404029,33.27829956037803,33.35924322603272,25866600.0,0.008975865089972723,0.008935821452065583,0.3541704844330266,-0.0017444414076872008
2020-08-21,33.564292907714844,33.88266811180094,33.19195458349738,33.67761237226687,27242700.0,-0.011914396919494696,-0.011985942193505614,0.35742482428011546,-0.01363805435984796
2020-08-24,33.97440719604492,34.06614348417064,33.58588296784537,33.963614570472316,17944700.0,0.012218767410286047,0.01214472083350839,0.3214644137658126,-0.001585927163713825
2020-08-25,33.251319885253906,33.90965567806757,32.94373724137804,33.888070425536604,23543000.0,-0.02128329441095278,-0.021513049533837595,0.32529949480929776,-0.022835467819926923
2020-08-26,33.32146453857422,33.64523503053575,33.046259826255174,33.27289875893173,23924400.0,0.0021095298942228613,0.0021073079603108496,0.28660506513451756,-0.020774110027718694
2020-08-27,32.803436279296875,33.553506286204005,32.55521205773449,33.28909209646465,18201900.0,-0.015546383283293386,-0.015668495556047848,0.27549593505915804,-0.03599753103415186
2020-08-28,32.9707145690918,33.294487150097844,32.71709508122559,33.01388506995238,15040300.0,0.00509941362150812,0.0050864556452510385,0.27411105317143486,-0.031081683712739904
2020-08-31,32.2044563293457,32.99769677629846,32.2044563293457,32.970714184334085,31080000.0,-0.023240571208742233,-0.02351489186472118,0.28583514539802,-0.05359989883786863
2020-09-01,33.32685852050781,33.343048485411714,32.48505445087485,32.53362022862156,24197700.0,0.03485238749828978,0.03425879577142337,0.31053094615894844,-0.020615595783745316
2020-09-02,33.08943557739258,33.63984718215537,32.54981659921138,33.40241557280954,21797200.0,-0.0071240721044599775,-0.007149569475038642,0.29895623262335674,-0.027592800897365502
2020-09-03,32.01020431518555,32.6739355501337,31.756582683687014,32.377145461764215,36117400.0,-0.03261558389785246,-0.03315932777598601,0.320162278695821,-0.059308429482573186
2020-09-04,32.641544342041016,32.64693962467643,31.67562613018421,32.220640249591135,26636700.0,0.01972308644577958,0.01953110656107425,0.3192871350407446,-0.040755088318441886
2020-09-08,31.983213424682617,32.24762554099004,31.788950285405353,32.155891313266224,14663800.0,-0.020168497864560098,-0.020374658696800444,0.30838992351013805,-0.06010161727128155
2020-09-09,32.377132415771484,32.5552076321299,32.03717194903074,32.32317135180492,16481700.0,0.012316429429972908,0.012241199294258334,0.29254455309359667,-0.04852542516905757
2020-09-10,31.583894729614254,32.48505939644612,31.47057525044752,32.37713520074706,19431400.0,-0.024499936435718128,-0.024805053758253773,0.29463163467522996,-0.07183649177261758
2020-09-11,33.42938995361328,33.61825573780167,32.29079378997931,32.404113260492345,46057000.0,0.05843152783398242,0.05678812157788041,0.35499966550333223,-0.01760247990714249
2020-09-14,33.40781021118164,34.18486078369052,33.121812816987685,33.888070763123565,35710200.0,-0.0006455320441558499,-0.0006457404896762017,0.35049590787985746,-0.01823664898646172
2020-09-15,33.7801399230957,34.346741374735025,33.53731308208753,33.839498327247064,32570600.0,0.011144990035576896,0.011083342253842969,0.34902407145936465,-0.007294906222121279
2020-09-16,32.90057373046875,33.726190208047086,32.72789580128221,33.62905861556925,28843500.0,-0.02603796771207534,-0.026382957323286257,0.35775879853249415,-0.03314292940152241
2020-09-17,33.49954605102539,33.68301452142497,32.4364960402809,32.59298603283899,31397500.0,0.018205528130408988,0.01804179178820235,0.36267362624733096,-0.01554078580465709
2020-09-18,33.27289581298828,34.049946159986376,33.27289581298828,33.715383073450276,33143800.0,-0.006765770428407647,-0.0067887620157018385,0.3616856596508511,-0.022201410844033417
2020-09-21,32.377132415771484,33.12720232071297,32.074945105503865,32.94373182135096,53120800.0,-0.02692171436629598,-0.027290742033007437,0.3717709651130079,-0.04852542516905757
2020-09-22,32.499412536621094,32.763633938213786,32.12837626598259,32.684929599674156,23996200.0,0.003776743390345505,0.0037696294012088487,0.36878091386293294,-0.04493194985748292
2020-09-23,33.22461700439453,33.511328105666394,32.077779032904004,32.42070475934707,37365600.0,0.022314386974110922,0.02206906382482712,0.37098086209336656,-0.02362019179999314
2020-09-24,32.97726058959961,33.60689742446002,32.85358112140955,33.55630147333976,31607500.0,-0.007444974151611827,-0.007472826296779143,0.3718030204491574,-0.030889314234197957
2020-09-25,33.30895233154297,33.42138804258132,32.71866752925763,32.802992704136784,27582200.0,0.010058195738913867,0.010007948736705026,0.3690883194384756,-0.02114180926409258
2020-09-28,33.04472732543945,33.865506479902685,32.99975432965847,33.69685184825903,30265400.0,-0.007932552290253247,-0.007964182365701372,0.36996764965657136,-0.028906653046847797
2020-09-29,32.80298614501953,33.70809032832569,32.80298614501953,33.01661373882324,26201600.0,-0.007315574979304462,-0.0073424650222900945,0.36060462240477675,-0.036010759238387265
2020-09-30,33.23024368286133,33.88236814917094,33.027859858052736,33.286460458849255,25947500.0,0.013024958641049356,0.012940863305622963,0.341920464421024,-0.023454839247050614
2020-10-01,33.08970260620117,33.646256030482775,32.617474353566585,33.46635975752986,22852700.0,-0.004229312249450667,-0.004238281087446009,0.3412850360203433,-0.02758495365756484
2020-10-02,32.7861213684082,33.41575821863816,32.6680648610899,32.9491530087234,23668800.0,-0.00917449278423177,-0.00921683763717458,0.3203722669566572,-0.03650636848351194
2020-10-05,33.500083923339844,33.64062799045496,33.02785577205177,33.112183070133746,17887200.0,0.021776365276912513,0.021542647168394043,0.3219745794363342,-0.015524979221630042
2020-10-06,32.954776763916016,33.88798941141481,32.72428454810404,33.73620154082655,21951600.0,-0.01627778487575393,-0.016411723487512214,0.3187275092909186,-0.03155005182541371
2020-10-07,33.82615661621094,34.157840813856915,33.14592361334593,33.24711554785033,27276500.0,0.026441685784655222,0.02609814708056548,0.32856685026956994,-0.00594260259761574
2020-10-08,34.45579528808594,34.56823100749146,33.76431850886146,33.92734805023985,22207400.0,0.018613958393761232,0.01844283888297805,0.3171042063448132,0.0
2020-10-09,34.630062103271484,34.821202146954874,34.20842984319334,34.68065806026216,21120900.0,0.005057692435437744,0.005044945271807437,0.24963486856069947,0.0
2020-10-13,34.93363571166992,35.214723867888104,34.30961966174038,34.44454292031938,18602200.0,0.008766187236197931,0.008727987299738909,0.25065000009977095,0.0
2020-10-14,35.4171142578125,35.58014593336968,34.877425412381335,34.89991298374085,22210600.0,0.013839914921339513,0.013745017874422361,0.25207054466033757,0.0
2020-10-15,35.11915588378906,35.33840430850507,34.84368853957376,35.08542453208949,16309700.0,-0.00841283600505971,-0.008448423645768623,0.2321967317479622,-0.008412836005059678
2020-10-16,34.98986053466797,35.473330443548384,34.98986053466797,35.24846116734343,15871000.0,-0.00368161893039054,-0.003688412769374938,0.22659687372281134,-0.012063482079155708
2020-10-19,34.82682418823242,35.51830081908821,34.82682418823242,35.265321040840355,29156200.0,-0.00465953118829987,-0.0046704206434184485,0.2256078897738604,-0.01666680309646822
2020-10-20,34.76498794555664,35.01796774925133,34.478278931057815,34.73125659021977,25276800.0,-0.0017755349250786479,-0.0017771130555075197,0.19770268607054087,-0.0184127455305597
2020-10-21,35.332786560058594,35.535170411066645,34.63006604657666,34.65817658274219,21480900.0,0.01633248414730204,0.016200543798762984,0.20273926755844948,-0.0023809872577437554
2020-10-22,35.47332763671875,35.69257821962961,35.10229132303269,35.47895060128532,32097700.0,0.003977639194159277,0.003969749302554174,0.19142059054618743,0.0
2020-10-23,35.67008972167969,35.917446542852375,34.97861307074762,35.20348232330481,24263400.0,0.005546761413983248,0.005531434782217999,0.1872572914263097,0.0
2020-10-26,35.136024475097656,35.670092476025694,34.86055709961848,35.36089588955138,18250900.0,-0.01497235501085481,-0.015085572225062781,0.19735775848427922,-0.014972355010854803
2020-10-27,35.15288543701172,35.36089222440805,34.8886640186277,35.13602083326216,18155500.0,0.0004798767693827699,0.0004797616653482359,0.1935627630211188,-0.014499663126824729
2020-10-28,33.87674331665039,34.89428320436482,33.87112249717458,34.82682264799305,23686100.0,-0.0363026279207711,-0.03697796303612719,0.23819232920016448,-0.05027591517212615
2020-10-29,34.866180419921875,34.98985991358557,33.612527311213746,34.27589563162903,37998800.0,0.029206972288424726,0.028788575876295464,0.2542895337381467,-0.022537350144908937
2020-10-30,34.03977966308594,35.08542808170425,33.73620390067429,34.74250014392806,27476200.0,-0.023702073094411746,-0.023987486172218492,0.2702899736440252,-0.045705241318831746
2020-11-03,35.60824966430664,35.60824966430664,34.41643641718382,34.79871650212497,32900800.0,0.04607756033513977,0.04504751235377649,0.30798458230449366,-0.0017336669981926486
2020-11-04,34.61882019042969,35.57451825677493,34.545736665456886,35.57451825677493,27932100.0,-0.027786523718652423,-0.028179872832058632,0.32099455149954637,-0.029472018137679534
2020-11-05,35.164127349853516,35.450838465534545,34.54573427390731,35.02358327399916,25563600.0,0.01575175457812339,0.01562898325622134,0.31721930741250665,-0.014184499556182959
2020-11-06,35.52392578125,35.95680186461113,35.046076701251906,35.06856427183677,26452500.0,0.010231973847005804,0.01017998155766969,0.30687265051169416,-0.004097661137668838
2020-11-09,35.52392578125,36.13107517531189,35.34402950563664,36.06361675262284,37728900.0,0.0,0.0,0.3010512536186164,-0.004097661137668838
2020-11-10,35.50706100463867,35.748797025930244,35.2428374128705,35.55203614559188,53960600.0,-0.00047474416862536284,-0.0004748568953171563,0.30083314373368103,-0.0045704599655640755
2020-11-11,35.75441360473633,35.93430985814253,35.417108665732826,35.51830057634038,25908500.0,0.006966293269537127,0.006942140752712789,0.3003107399558047,0.0
2020-11-12,35.23158645629883,35.84998165133547,35.11352995212602,35.73754596637132,23726500.0,-0.014622730335262513,-0.014730696253467944,0.3014932509261023,-0.014622730335262495
2020-11-13,35.55765151977539,35.72630398345282,35.197859025388226,35.26531958195272,25079300.0,0.009254907208933405,0.009212342972368132,0.3016509620554553,-0.005503155138723147
2020-11-16,36.49648666381836,36.73259969530445,35.40024452544364,35.698197296947285,91477900.0,0.02640318198520042,0.026060634455949916,0.3142357816302912,0.0
2020-11-17,37.648948669433594,38.28420636414873,36.42902708982743,36.42902708982743,62475900.0,0.03157734102547893,0.03108902989964011,0.3292818800557007,0.0
2020-11-18,37.35661315917969,37.88506024999971,37.14298771073094,37.660188873753015,22854400.0,-0.007764772207072168,-0.0077950750156461045,0.3313434431354611,-0.007764772207072211
2020-11-19,38.07058334350586,38.07058334350586,37.36786290166343,37.50278402555893,25928500.0,0.01911228358105932,0.018931938141717713,0.33286003473711684,0.0
2020-11-23,40.07754898071289,40.094413583478946,38.50907658749783,38.6833498681668,38662400.0,0.052716965723861975,0.05137440853537797,0.3733766202732838,0.0
2020-11-24,42.0507926940918,42.10138650683867,39.4535364131231,39.94263138166872,49842200.0,0.04923563849497192,0.04806193573733893,0.40194290577504355,0.0
2020-11-25,42.444313049316406,42.669184439841025,41.38180012537925,41.488615000918074,36269100.0,0.009358214911366014,0.009314698100639854,0.39239001487647,0.0
2020-11-26,43.04584884643555,43.06271345299605,42.38810345618147,42.39934509753323,20359000.0,0.014172353229517709,0.014072864324245806,0.3912342348600525,0.0
2020-11-27,44.09711456298828,44.28825246452212,43.15827679248647,43.287579241044504,48966700.0,0.024421999907658476,0.02412855100843031,0.3517915221582219,0.0
2020-11-30,43.84975814819336,44.6143183769794,43.35504447212345,44.327607218918274,48594200.0,-0.005609356014475653,-0.00562514753311147,0.3527519170644022,-0.005609356014475691
2020-12-01,45.67683410644531,45.81737821138822,44.55248126690204,44.878544619745355,61441200.0,0.04166672828792395,0.04082205367666037,0.3411936363729784,0.0
2020-12-02,44.884159088134766,45.67682982445511,43.46185356569757,45.4800689537936,53703300.0,-0.01735398334445193,-0.01750632882008394,0.33965490811684795,-0.017353983344451953
2020-12-03,44.38943862915039,45.5643892866502,44.192677788630704,45.53627875697682,35158600.0,-0.011022161694350552,-0.01108335579487077,0.31783488249552294,-0.028184866628338884
2020-12-04,46.087215423583984,46.480737121906294,45.030321223978646,45.030321223978646,48656900.0,0.03824731393018044,0.03753401641262266,0.3300356920502617,0.0
2020-12-07,46.63252639770508,46.65501396633543,45.912941357794395,46.33457361921692,27398500.0,0.01183215278053118,0.011762700173257125,0.32987068011262594,0.0
2020-12-08,46.60441970825195,46.82929110334092,45.907322243634766,46.64377188071264,28598800.0,-0.0006027271439985604,-0.0006029088570228667,0.33020724290542786,-0.0006027271439985334
2020-12-09,46.49198532104492,47.12724738105815,46.22214305813798,46.71685673284432,26938500.0,-0.0024125262777839884,-0.002415441108318383,0.3313721214812003,-0.003013799326709279
2020-12-10,47.78498458862305,47.90866405851454,46.77306555229691,47.0260474559108,41230700.0,0.02781122936887881,0.0274315211525005,0.33398379334035594,0.0
2020-12-11,47.70628356933594,47.94239659787936,47.44768297296957,47.571362451463266,25136800.0,-0.0016469822050722005,-0.001648339971280093,0.32180297118390605,-0.001646982205072156
2020-12-14,46.96983337402344,47.90866680149433,46.6325241498925,47.89742087318866,20931700.0,-0.015437173894339296,-0.015557567697152434,0.3394011972257402,-0.017058731348710863
2020-12-15,47.50389862060547,47.998612233774445,46.96983283694651,46.96983283694651,18762800.0,0.011370388358188155,0.011306231361092581,0.3364275869818178,-0.005882307390855597
2020-12-16,48.470848083496094,48.47647104822438,47.42519967543376,47.728775434780765,23038300.0,0.02035516012303029,0.020150762889000667,0.3308997676777047,0.0
2020-12-17,49.02177429199219,49.44340653976413,48.44273335796912,48.628252576364375,21367800.0,0.011366135115834286,0.01130202592721178,0.32208937092105505,0.0
2020-12-18,49.35907745361328,49.685136425450835,49.15107069288656,49.25788555502521,23843100.0,0.006880680401569972,0.00685711654865158,0.32228389197603585,0.0
2020-12-21,48.83063888549805,49.13421463404359,47.66131102941118,48.431494185298874,31877300.0,-0.010706005771924154,-0.010763727400108586,0.2987283121072127,-0.010706005771924139
2020-12-22,48.875606536865234,48.90371277707058,48.02671916387527,48.83063140565917,23157000.0,0.0009208900885493421,0.0009204663294088546,0.263609664901511,-0.009794974737978107
2020-12-23,49.11172866821289,49.207297622986296,48.572039860647024,48.64512124563868,17710200.0,0.004831083398822988,0.004819451164571672,0.26368667742812085,-0.00501121167900361
2020-12-28,49.083614349365234,49.7975806954264,48.9543161944208,49.35346087687565,26001300.0,-0.0005724563074859246,-0.0005726202231572733,0.26381849640390614,-0.005580799286755751
2020-12-29,48.94869613647461,49.58395388755388,48.633878743241034,49.454655724932366,19727500.0,-0.002748742420032646,-0.0027525271495672274,0.25725400397412684,-0.008314201527051238
2020-12-30,49.162315368652344,49.24101970696569,48.71257690529963,49.0161526198217,30102700.0,0.004364145504144545,0.004354650236948697,0.25409410978742336,-0.0039863404081215
2021-01-04,51.41664123535156,51.42788716264868,49.94936082479143,50.23044896031536,37865500.0,0.045854753784372315,0.044834497286218036,0.26173076757612035,0.0
2021-01-05,52.28240966796875,52.28240966796875,50.88821018963392,51.41665742329512,34300300.0,0.01683829226911704,0.01669809977204076,0.24897889654168792,0.0
2021-01-06,53.99703598022461,54.16568629881464,53.06944421625247,53.395507503550654,53722500.0,0.03279547218930756,0.03226917652568544,0.25328413899701785,0.0
2021-01-07,57.52188491821289,57.63994143899078,54.31185842095175,54.31185842095175,74541400.0,0.06527856342483673,0.06323632686129321,0.30230399054013896,0.0
2021-01-08,57.341983795166016,58.100920958171415,55.20571209501427,57.909783070938666,58562700.0,-0.003127524824728334,-0.0031324257516744444,0.30645398653489786,-0.003127524824728296
2021-01-11,57.33073806762695,57.33073806762695,56.04897256550501,56.35817123052524,29267000.0,-0.00019611682043008116,-0.00019613605384841463,0.30626473826750006,-0.0033230282849339584
2021-01-12,55.76227569580078,57.69054082279155,55.75665273114404,57.62307811410663,28598500.0,-0.027358140234929884,-0.027739342903985643,0.33235283456972536,-0.030590256646039992
2021-01-13,54.09261322021485,55.61048776567473,53.822766664388496,55.58238151946429,31658800.0,-0.029942509604421796,-0.030399940791963984,0.3527935212550471,-0.059616817197035994
2021-01-14,54.9808464050293,55.57675193816007,54.36244901510304,54.65478310653454,20809900.0,0.01642060037288995,0.016287240236529204,0.3532461812020631,-0.04417516075484231
2021-01-15,52.59159851074219,54.64353872782975,52.394833359786304,54.294992140784686,31712400.0,-0.043456004236205326,-0.04442849454302388,0.39068453771991496,-0.08571148901815019
2021-01-18,53.018856048583984,53.7665517059954,52.59160506354801,52.788365949954795,22667600.0,0.008124064488257199,0.008091241924935148,0.3902338870528172,-0.07828375019406106
2021-01-19,52.87830352783203,53.16501465327766,51.66400490140842,53.1256624822608,27155400.0,-0.0026509911987380175,-0.002654511298451118,0.3872566395367063,-0.0807272118600304
2021-01-20,51.90011215209961,53.48544903375115,51.062470725630206,53.40674470047561,20480000.0,-0.0184989175232817,-0.0186721623862312,0.3946667274206655,-0.09773276334922894
2021-01-21,52.48479080200195,54.025152988567,51.798934884819246,51.88888517057828,25983400.0,0.011265460240025504,0.011202477520944342,0.3955518954773312,-0.08756830766886196
2021-01-22,52.377967834472656,52.73776034390582,51.15242325888312,51.714599591005566,25814300.0,-0.0020353128191419323,-0.002037386883001496,0.39270671068290014,-0.0894253915888549
2021-01-26,51.57968521118164,52.934532407360344,51.360436756134014,52.276782753151885,24921600.0,-0.015240809376449782,-0.01535814422361972,0.39833919244575905,-0.10330328561868456
2021-01-27,50.146121978759766,51.259232889657646,49.583945704159035,50.81511311803531,32419700.0,-0.027793175288923666,-0.02818671453214567,0.4129629561196701,-0.1282253345824864
2021-01-28,51.214263916015625,51.354808001564,49.5277348894351,49.583951665841425,35900800.0,0.021300589060671227,0.02107690237710602,0.4189471373102547,-0.1096560206809237
2021-01-29,49.44340515136719,51.07371732145168,49.35345917134871,50.5902453477908,31481600.0,-0.03457745224167241,-0.03518940015700782,0.43928381340095607,-0.14044184710448965
2021-02-01,51.309837341308594,51.30983734130859,49.79758576543686,50.60149817647303,27135500.0,0.03774886022165069,0.037053809633521104,0.45802148597575243,-0.10799450653845671
2021-02-02,49.28036880493164,50.92192231467156,49.196041515314946,50.69705097204842,34426700.0,-0.03955320541901364,-0.040356691768511865,0.45248449079154013,-0.14327618305622972
2021-02-03,50.837608337402344,51.39416173210912,49.80882457062221,49.94936866043157,34346400.0,0.031599591688016515,0.03111059922041492,0.4632003185967974,-0.11620406025140763
2021-02-04,50.196720123291016,52.20931221772195,50.08428229482123,51.69210678489012,29939700.0,-0.012606576805459402,-0.012686713910223095,0.44706505602842256,-0.1273457016462015
2021-02-05,52.108123779296875,52.15309462460857,50.34289050113239,50.70830167301369,27114800.0,0.038078257928230164,0.03737117489622932,0.40299647105346387,-0.09411654619130677
2021-02-08,52.850196838378906,53.35615638222206,51.97319886602912,52.26553295316736,28164400.0,0.014241024340562847,0.014140573511959444,0.4086498262930796,-0.08121583787590397
2021-02-09,52.98512268066406,53.53043444384018,51.900122118929765,53.18188355163861,32303400.0,0.0025529865611999547,0.0025497332269783985,0.409111807111015,-0.07887019425735775
2021-02-10,53.23809051513672,53.783402177773944,53.05819428211805,53.215607238940834,40318300.0,0.004774318179789239,0.004762957268800635,0.4002064764653098,-0.07447242747985496
2021-02-11,52.338623046875,53.67098268604187,52.33862304687501,53.67098268604187,19775900.0,-0.016895186501964865,-0.017039538376676676,0.3904630296073336,-0.09010938843029356
2021-02-12,52.78274154663086,52.923285645815426,51.83266206364221,52.34986760833122,14760700.0,0.008485483069703648,0.008449683732129523,0.3866607897814954,-0.08238852705053652
2021-02-17,54.16569519042969,54.37370200214092,53.513572797848475,53.97455727350494,29262900.0,0.02620086799729915,0.025863505361755492,0.3643154068415249,-0.05834630997498046
2021-02-18,54.7559814453125,55.31815783738128,53.98017527925566,54.733493874941885,33088500.0,0.010897787849072138,0.01083883487700604,0.3651069470357666,-0.048084367833791816
2021-02-19,54.963985443115234,55.57113699224886,54.154454333336,54.64916802759362,24966600.0,0.003798744763811479,0.003791547753566382,0.3648247674533222,-0.044468283310510226
2021-02-22,53.603519439697266,55.38561761685647,52.8670697205387,54.25002316423442,50160600.0,-0.02475195334635949,-0.025063433515971713,0.37027739237253904,-0.06811955978297524
2021-02-23,54.50300598144531,54.72787742284622,52.46230697945058,54.30062211309109,35756200.0,0.016780363512510554,0.016641128661496057,0.3726409087963462,-0.052482267245935195
2021-02-24,55.05392837524414,55.21133706198496,53.89022353933589,54.60418559392891,21856100.0,0.010108110257008196,0.010057364983235164,0.37342399031258233,-0.042904653532786656
2021-02-25,53.80589294433594,55.62734294815422,53.41798992637783,55.48679887371314,24471000.0,-0.0226693256546866,-0.022930225303633388,0.37914793429077587,-0.06460135962443705
2021-02-26,53.13690948486328,54.924630542620626,52.85582129521003,54.27813113767045,42856000.0,-0.012433274923338677,-0.012511214791704443,0.36640186040863715,-0.07623142808314362
2021-03-01,55.41372299194336,55.84097822153399,53.609137411928394,53.968929935036755,32798000.0,0.042848060400062504,0.04195548985568728,0.3870552023744491,-0.036649736517970634
2021-03-02,57.11711502075195,57.44317832581229,53.37302284406537,54.81219289527642,47565800.0,0.03073953412327568,0.03027653890139612,0.3685931721862294,-0.007036798220998093
2021-03-03,56.41439437866211,58.46633885992439,56.02087265965403,57.34198618954123,41473300.0,-0.012303153649033782,-0.012379463995126877,0.35710244268514396,-0.01925337706032164
2021-03-04,55.576759338378906,57.055281728742955,54.82344073082792,55.88033510956523,48492500.0,-0.014847895639202746,-0.014959229060832526,0.3244479084065421,-0.033815400566230544
2021-03-05,58.87360000610352,59.10272552529877,55.184086588789945,55.64821390472781,46503300.0,0.05932049128038952,0.05762765660426376,0.36301592889658324,0.0
2021-03-08,58.556358337402344,59.8841149077204,58.1039834986513,58.28023151484679,39677300.0,-0.005388521657725853,-0.0054030921062436805,0.3585806968903653,-0.005388521657725874
2021-03-09,57.968849182128906,58.344850284628784,56.32971727484658,57.28147258683568,40537000.0,-0.01003322563005371,-0.010083897659171035,0.34584289951536906,-0.01536768303417524
2021-03-10,57.07584381103515,57.48121731080104,56.235715424148786,57.28146869965356,31311800.0,-0.015404918049831795,-0.015524806642918615,0.35179823630634516,-0.030535863186249818
2021-03-11,58.573974609375,58.80897641416648,57.6985974808705,58.156848534956254,26203200.0,0.0262480709580013,0.025909502082857357,0.3603253201227938,-0.005089299731925007
2021-03-12,57.22273254394531,58.42123793357417,56.81735446857877,58.16273545278537,21115500.0,-0.023068983698664947,-0.023339237107387972,0.3741284401339701,-0.028040878458036576
2021-03-15,56.881980895996094,57.193356443753686,56.2592298004809,56.69398031156014,20059000.0,-0.0059548300614189476,-0.00597263076390049,0.36804029920904613,-0.03382872985346496
2021-03-16,56.69984436035156,57.48121895951335,56.41196502574226,57.011219840945685,19174300.0,-0.0032020076090097938,-0.0032071450049591024,0.36856481999858837,-0.03692241761208086
2021-03-17,57.516483306884766,57.64573454632137,56.435476608013744,56.6352297459487,21424300.0,0.014402842825160356,0.014300107166495657,0.3615100095233035,-0.02305136256451215
2021-03-18,56.49422073364258,57.7338464061985,56.12409143292057,57.39897028981794,19156100.0,-0.017773384505930356,-0.017933227908590248,0.36761167349249224,-0.040415046340197824
2021-03-19,55.683475494384766,56.494231656696584,54.896224447703,56.458978465539005,38643000.0,-0.014350941188839283,-0.014454911862139175,0.37182584556501497,-0.05418599357586476
2021-03-22,54.761085510253906,55.13121032309058,53.962082072329125,54.943209777831015,21120800.0,-0.016564878106860914,-0.016703609883930895,0.36528465893759227,-0.0698532873040423
2021-03-23,53.49796295166016,55.095970072624695,53.49796295166016,54.83746760238418,20518500.0,-0.023066061361351697,-0.023336245767269132,0.3702104665800459,-0.09130810845414682
2021-03-24,54.72584915161133,55.60122646769458,53.938593609207125,54.05022049891735,24726000.0,0.022952017837775562,0.022692582485107686,0.37782291864889633,-0.0704517959503443
2021-03-25,54.308712005615234,54.8080880453932,53.23358176126573,54.66121247591222,23644400.0,-0.0076223055916494475,-0.007651503829473016,0.3694851356885009,-0.07753709642377975
2021-03-26,56.12408828735352,56.2415914247616,54.86683385194845,55.07245873955463,26712800.0,0.03342698095198027,0.03288044544435992,0.3832178551361242,-0.046701946517028914
2021-03-29,57.56346893310547,57.83959120872424,56.32383890226805,56.40021257650905,25960500.0,0.02564639693356563,0.025323044980803275,0.36474297425856805,-0.02225328624140923
2021-03-30,57.02885055541992,57.868979060153215,56.74097567097323,57.52235483961555,18118600.0,-0.00928745934868569,-0.009330856709074716,0.3507040832377253,-0.03133406909875314
2021-03-31,57.5576057434082,57.90422997718627,56.81147525146223,57.087602072153075,18792000.0,0.009271713927925695,0.009228995434432976,0.34903455183273363,-0.022352875695708915
2021-04-01,57.21684646606445,58.08047553144093,56.476592341129376,57.86897435288805,17193400.0,-0.005920317096976824,-0.005937911652174422,0.3450083148543232,-0.028140856680537816
2021-04-05,60.74186706542969,60.994493252964965,58.63273579926426,58.6503601524409,35908700.0,0.061608089524052057,0.05978482413121736,0.349719477587645,0.0
2021-04-06,59.954612731933594,61.42924030779272,59.9546127319336,60.98274177792363,22227800.0,-0.01296065418351533,-0.013045376294082287,0.3527769678232404,-0.012960654183515337
2021-04-07,61.42923355102539,61.87573651406933,60.01335546564457,60.142606677232536,32822700.0,0.024595619117498968,0.024298016813549744,0.3592678302142533,0.0
2021-04-08,61.39399719238281,61.86400087767962,61.170747907124856,61.65249966752479,25936300.0,-0.0005736089579126968,-0.0005737735344690629,0.35296329646892666,-0.0005736089579126769
2021-04-09,60.51272964477539,61.48798549734395,60.47748094533335,61.10023187433632,18854800.0,-0.014354295011056228,-0.014458314521425382,0.348247293829918,-0.014919670216766061
2021-04-12,60.74773406982422,60.882857078407945,60.04860495196927,60.45398294229343,14787500.0,0.003883553533750028,0.003876032006937454,0.3355356079623099,-0.011094058021008732
2021-04-13,60.85348892211914,61.27061501458768,60.424610273644845,61.04148947763013,17605600.0,0.0017408855476546137,0.0017393719628069804,0.33391653750245376,-0.009372485958627748
2021-04-14,62.86274719238281,63.320998277180074,60.96511275820091,61.082615909614894,38030200.0,0.033017963404450734,0.032484579535628104,0.34831028475545006,0.0
2021-04-15,63.5736083984375,64.55473593301735,63.18585930238971,63.83798706065196,19378200.0,0.01130814731782559,0.011244688175376806,0.3474144705589824,0.0
2021-04-16,63.843875885009766,64.10237833951952,63.15649924801283,63.8262515326181,17401500.0,0.004251252892212953,0.00424224184643193,0.33674776712680293,0.0
2021-04-19,63.29163360595703,64.55476014184399,63.2387560607701,64.03775965913682,23297500.0,-0.00864988648319831,-0.008687513890282349,0.3326728231111737,-0.008649886483198277
2021-04-20,62.3692512512207,63.6558783420031,61.69949445255714,63.42087650696344,20895800.0,-0.01457352737138884,-0.014680764377626629,0.3308819576917128,-0.023097354497164813
2021-04-22,62.410362243652344,63.00373625329004,61.29997893409728,63.00373625329004,19799100.0,0.0006591548175887141,0.0006589376704690792,0.3126399321025659,-0.0224534244120665
2021-04-23,63.44437789916992,63.50900351663764,62.545500015484485,62.950878073729776,12795400.0,0.01656801239961947,0.01643226025883699,0.30943263049836484,-0.006257420626520013
2021-04-26,63.78512954711914,65.0306361346763,63.538379637466086,64.5958811712451,16807500.0,0.00537087223852617,0.005356500540295668,0.3044502671552879,-0.0009201561947215419
2021-04-27,64.69575500488281,64.97775359930458,63.75574773737866,63.967248924338406,24113300.0,0.014276453841658876,0.014175504935011692,0.2911599290412909,0.0
2021-04-28,65.75325775146484,66.05288518593584,64.23162891330493,64.95425424773347,20570600.0,0.01634578260199948,0.016213628461412423,0.28533812266366493,0.0
2021-04-29,65.77088165283203,66.35838396141395,65.148130640067,65.91188543413826,19724300.0,0.00026803084698556745,0.0002679949331353027,0.2801953493275749,0.0
2021-04-30,64.04950714111328,65.54176371593358,64.04950714111328,65.2068875404774,36888200.0,-0.026172288837557733,-0.026520878909686418,0.30434084379219256,-0.026172288837557785
2021-05-03,63.72050476074219,64.8308838509365,63.603006082887,64.44900642447628,19641000.0,-0.0051366887124710825,-0.005149926850858178,0.30396605881541217,-0.03117453864937747
2021-05-04,64.68400573730469,65.25388371545834,63.83800542874202,64.00837716029481,20775600.0,0.015120736726431439,0.01500755785930411,0.2303065722499646,-0.016525183914431286
2021-05-05,65.0423812866211,66.28201153997132,64.85438072357819,65.79438353879267,25990600.0,0.0055404043894844435,0.0055251128041288134,0.2222867031751105,-0.0110763357264433
2021-05-06,67.5921401977539,67.68026195534671,65.49475720359665,65.7650077188837,38194400.0,0.039201500017301605,0.038452629807873805,0.2439874441958326,0.0
2021-05-07,67.8271484375,68.47340464570726,67.08689866093302,68.46752836682697,21678700.0,0.0034768575023447212,0.0034708272069085026,0.24323150432938273,0.0
2021-05-10,67.3806381225586,70.76464803790688,67.3806381225586,70.38277514063094,38889400.0,-0.006583061874595009,-0.006604825794488362,0.23640791650279408,-0.006583061874595062
2021-05-11,69.74827575683594,69.74827575683594,66.57576235015097,66.96351603067652,28693600.0,0.03513824891314998,0.03453499162627323,0.25790138077686175,0.0
2021-05-12,67.16913604736328,69.59551882482526,66.951758592408,69.32526831671923,31737900.0,-0.0369778275016337,-0.03767884304785784,0.30248226592663296,-0.03697782750163366
2021-05-13,66.088134765625,67.1045157521059,65.04825763074108,65.80025988367429,34338500.0,-0.016093720201731165,-0.016224630573342023,0.2929110099964989,-0.05247643689388568
2021-05-14,64.95426177978516,65.6768916802963,64.40201258984925,65.33026294487287,25644200.0,-0.01715698271499133,-0.017305869161730793,0.2990755498285046,-0.06873308228814425
2021-05-17,66.65800476074219,66.8695059293683,65.31262407009298,65.50650088838134,26097500.0,0.026229887528138596,0.025891783568718876,0.31172289356025135,-0.044306055777886044
2021-05-18,67.32777404785156,67.7977777600986,66.49939799581846,67.30427341401045,27081500.0,0.010047844808937834,0.009997700829151305,0.3101537462090307,-0.03470339134150058
2021-05-19,65.9471435546875,66.25851910553027,64.53126063733829,65.85901729935959,32914300.0,-0.020506106323711415,-0.020719275740211627,0.3154385154562952,-0.054497866232569823
2021-05-20,65.27738189697266,65.85900792771223,64.74275264440452,65.62400610770742,20951000.0,-0.010156037420474995,-0.010207961831858615,0.31875289964924647,-0.06410042128425081
2021-05-21,64.27275085449219,65.35962918493031,63.74399790170733,65.27737922364008,27775000.0,-0.015390185900318154,-0.015509844106979904,0.32006064359084646,-0.07850408978471558
2021-05-24,64.4959945678711,64.70749573081375,63.162366468142,63.45024130792481,19332500.0,0.0034733804047739625,0.003467362150819829,0.31976219554036067,-0.07530338394709456
2021-05-25,62.892120361328125,65.14812694689459,62.733492236922785,64.78975020039263,23310100.0,-0.024867811052284194,-0.025182238766297948,0.3279401700035174,-0.09829856467578484
2021-05-26,64.74275207519531,64.81325396526299,62.29286854450116,62.492621658549474,28241800.0,0.029425494056090518,0.029000873867373548,0.33997676764753115,-0.07176555445028389
2021-05-27,65.20687866210938,65.85313029208561,64.49012514289896,65.09525627368042,55448700.0,0.0071687806285249955,0.007143207068764928,0.3411303079895138,-0.06511124533829736
2021-05-28,65.55938720703125,66.24089210658809,64.28450814201484,65.27738857998435,25153500.0,0.005406002436468604,0.005391442455918889,0.32728556888574184,-0.06005723445276911
2021-05-31,67.43351745605469,67.49814307164283,66.09401284620422,66.09401284620422,17812600.0,0.028586756662399626,0.028185779166324296,0.339902502543523,-0.033187319337487475
2021-06-01,66.50525665283203,69.32526940457696,66.50525665283203,68.73776712148732,31468400.0,-0.013765569975310643,-0.013861193993879573,0.3416293781487443,-0.04649604694616501
2021-06-02,67.44527435302734,67.97402290399273,66.68151947363027,67.1045219002325,20338300.0,0.014134487219594538,0.014035526768435773,0.34432119837096326,-0.033018757507892654
2021-06-04,66.3290023803711,67.4335049544341,66.0293749893097,67.26900504790198,18455100.0,-0.01655078110904218,-0.01668927554049578,0.32136752549714764,-0.04902305238892913
2021-06-07,65.6827621459961,66.18213822896729,65.03650599855294,65.91775949166227,22746100.0,-0.009742951215654716,-0.009790724318779925,0.3223976699248979,-0.05828837439671601
2021-06-08,64.5782470703125,66.25262760777328,64.44899585649334,66.08225589750602,22676500.0,-0.01681590480663009,-0.016958897434211608,0.32659445036233686,-0.07412410744815767
2021-06-09,65.91775512695312,66.58750737878594,64.15524825743793,64.62525188222335,22517600.0,0.020742403478096527,0.020530209091493088,0.3090575649444196,-0.05491921611420463
2021-06-10,65.70037841796875,66.60513243082318,65.23625109747474,65.92950393941325,30750900.0,-0.0032976958721625538,-0.0033031452547642773,0.28039849890632684,-0.058035805114084967
2021-06-11,67.17501068115234,67.42176505314173,66.39950782616799,66.59338466048578,18359200.0,0.022444806235397463,0.02219662824600347,0.28603195260038133,-0.03689360127918849
2021-06-14,66.81077575683594,67.72727809547155,66.45827520215207,67.50990506926516,19212700.0,-0.005422178882043771,-0.005436932248386274,0.27907689121775503,-0.04211573645549366
2021-06-15,65.50650787353516,66.89301369024855,65.35963229534337,66.8401361513103,20587900.0,-0.01952181917551421,-0.0197148867045225,0.272897174265323,-0.060815379839480134
2021-06-16,63.538387298583984,65.58289319977794,63.46788539491643,65.50651949918722,38217700.0,-0.03004465722322991,-0.030505246918970857,0.28890388751080254,-0.08903285982153229
2021-06-17,62.21650314331055,64.13176216345718,61.62900076137614,63.262256665987785,33680600.0,-0.020804496485904656,-0.02102395923411281,0.28915510106402953,-0.10798507248814981
2021-06-18,64.09062957763672,64.09062957763672,62.58074870876728,62.8686280891654,59819400.0,0.030122657810087494,0.02967788040397073,0.30973553887409594,-0.0811152120652204
2021-06-21,64.68988037109375,65.03063279011077,62.94499777546851,63.303374546799006,22673600.0,0.009350053157632487,0.009306611985511016,0.30674065531512,-0.07252359045229044
2021-06-22,65.44775390625,65.84725562994593,64.73100041824081,65.03062783158441,18576100.0,0.011715488277435515,0.011647393272784122,0.3092169420549438,-0.06165775144863633
2021-06-23,66.42889404296875,67.12214703186727,65.89426920702738,66.0411448022831,29491400.0,0.014991196460678813,0.014879939018381312,0.29715021012020904,-0.047590878453247776
2021-06-24,66.5185546875,67.05175718883346,66.06323410551968,66.93193814816657,23136700.0,0.0013497235777137906,0.0013488135196381942,0.28047614615386035,-0.046305389406266384
2021-06-25,67.3393325805664,68.27992626531662,66.74022820631012,66.86004725283993,26139200.0,0.01233908188357935,0.012263575894604226,0.28246004200573266,-0.034537673514222086
2021-06-28,66.26093292236328,68.11815528933491,65.90746358864934,67.84256786708261,18866400.0,-0.01601440966040024,-0.016144026000928898,0.28890569299141156,-0.04999898272224839
2021-06-29,67.40523529052734,67.72875220526483,66.26094372705938,66.26094372705938,19589500.0,0.017269638649742847,0.017122213340976664,0.27729608716500437,-0.033592808436973515
2021-06-30,67.84857940673828,68.4656562629499,66.90798559691191,66.99785217916116,18903100.0,0.006577294987548887,0.006555758963814495,0.27322111614824146,-0.027236463259974846
2021-07-01,66.6683349609375,68.51357755624257,66.3568026931553,67.9444302211236,22129200.0,-0.017395271295592818,-0.017548346818290476,0.2762199763700151,-0.04415794888802791
2021-07-02,68.0462646484375,68.07022936793277,66.8480560984913,67.0996787969873,19688800.0,0.020668428097197378,0.020457734330619558,0.27894426001842043,-0.024402196182342552
2021-07-05,67.8006362915039,68.27392926323007,67.26743380061819,68.237984465895,13732900.0,-0.0036097257976266395,-0.0036162565787497907,0.27654539885562396,-0.027923836742891034
2021-07-06,68.16010284423828,68.5075844793003,67.50108894481959,67.99834667387694,19028000.0,0.005301816802852244,0.005287811652166392,0.26789751935693545,-0.022770067006882267
2021-07-07,68.35780334472656,69.2444797669506,68.29789382570678,68.78316687181132,21460000.0,0.002900531135348716,0.002896332711395464,0.25951181013235847,-0.019935581159841023
2021-07-08,68.09420776367188,68.60344558551527,66.80014007584018,67.11167235024199,21824500.0,-0.003856115441939867,-0.0038635694235367012,0.25966605252508795,-0.023714822699426364
2021-07-12,68.9389419555664,69.67584236621802,68.89700483111007,69.08272572930194,22333300.0,0.012405375135962737,0.012329058975372514,0.25161816916506574,-0.011603638835332922
2021-07-13,69.3463363647461,69.44219526558608,68.80714147453112,68.95691757899061,12698500.0,0.005909496108052581,0.005892103523230839,0.25080971451437134,-0.005762714385816917
2021-07-14,68.9688949584961,69.75372020049532,68.56150381446828,69.65187355718925,19483600.0,-0.005442845664762164,-0.005457711916909701,0.2393874241344595,-0.011174194485567016
2021-07-15,69.1845703125,69.59196144133936,68.59744605563023,68.89100589866345,18236100.0,0.003127139475464835,0.003122260144401431,0.2050517580507437,-0.008081998274784442
2021-07-16,67.93843078613281,69.41821918751222,67.6987881440287,69.10069005851243,19576800.0,-0.01801181276025121,-0.018175999987448482,0.20059554483035694,-0.025948239595381603
2021-07-19,67.19554901123047,67.19554901123047,66.02729273545988,67.09969011707747,18644300.0,-0.010934632523981969,-0.010994855027880572,0.1838726416541983,-0.036599137654743805
2021-07-20,67.75869750976562,67.7706821557857,66.0272863949246,67.1955425585087,13066600.0,0.008380741088089616,0.008345817664609914,0.18342266697844334,-0.028525124463385985
2021-07-21,68.53755187988281,68.81913171045879,67.39925247940313,67.55502092051408,19607100.0,0.011494529835154088,0.01142896963788533,0.1832768893388742,-0.017358477522427692
2021-07-22,68.71726989746094,68.71726989746094,67.5130733962092,68.1061854468857,12083800.0,0.0026221832068511475,0.002618751282579661,0.1771869561875392,-0.014781811423832258
2021-07-23,68.36978149414062,68.59144715053026,67.5789640341387,68.07022935670349,13163300.0,-0.005056784180146101,-0.005069612979856769,0.17880984757494306,-0.019763847173816452
2021-07-26,69.85557556152344,70.00535166888983,68.56151237069595,68.56151237069595,16419900.0,0.021731736374061006,0.021498968454497537,0.18898611767452897,0.0
2021-07-27,68.4057388305664,69.52606567548877,68.23199801050013,69.31637548419255,22106500.0,-0.0207547746805139,-0.020973182302578046,0.1957360695380679,-0.020754774680513885
2021-07-28,70.27494812011719,70.45467669807425,69.04678226879325,69.1965583691594,25209200.0,0.02732532856900516,0.02695865641068967,0.20876717250636706,0.0
2021-07-29,69.23847961425781,70.43069581990684,68.74721430056302,69.71776485382468,30576800.0,-0.01474876230556288,-0.014858606684075787,0.21638387544610085,-0.014748762305562931
2021-07-30,65.1585922241211,68.0043379669071,65.1585922241211,68.0043379669071,41956700.0,-0.058925144123132545,-0.06073259327597143,0.3026266394314886,-0.07280483348420239
2021-08-02,65.26044464111328,66.72226088829461,65.26044464111328,66.44068107961913,23109400.0,0.0015631463712697524,0.0015619259296344892,0.2919820409543591,-0.07135549172420427
2021-08-03,67.48310852050781,67.71675883369306,65.56597657365371,65.76966984328061,36641400.0,0.03405836248308791,0.03349121790060991,0.31796386640773305,-0.03972738044341824
2021-08-04,67.41121673583984,67.84856490487904,66.87202649919865,67.09968449754041,18828200.0,-0.0010653300691700895,-0.0010658979365948825,0.31729939889744024,-0.040750387739632646
2021-08-05,65.35031127929688,65.89549392508512,64.64336788033785,65.68580829208965,32215200.0,-0.030572144464012685,-0.031049221162172503,0.3348021578630698,-0.0700767054627048
2021-08-06,65.72175598144531,66.43469173574917,65.60193692041463,65.81162256262041,19273100.0,0.005683901038526784,0.005667808622689234,0.3359004536650167,-0.06479111348313411
2021-08-09,65.30835723876953,65.57196000734993,64.51154746894504,64.82307967574108,21502300.0,-0.006290135382147954,-0.006310001635139839,0.33201515994788255,-0.07067370398991302
2021-08-10,65.93742370605469,66.34481484940585,65.2065156632067,65.27241750777846,17440500.0,0.00963225066258011,0.009586156294791348,0.3335392616791949,-0.061722200159416735
2021-08-11,65.46412658691406,66.2010269066208,65.45813883473339,66.01530603134975,14680600.0,-0.007177974093294237,-0.007203859694499549,0.3338007067305254,-0.06845713389898554
2021-08-12,65.42218780517578,65.88949299917535,65.20052213924072,65.42218780517578,14849500.0,-0.0006406376121523838,-0.0006408429081123275,0.3332107011736915,-0.06905391529634208
2021-08-13,64.88299560546875,65.8415615430481,64.67929777265648,65.72173794409885,11855200.0,-0.008241732931841383,-0.008275883783611488,0.32897611131445614,-0.07672652430041305
2021-08-16,65.18254852294922,65.24245803773589,63.457125243953975,64.24794272322579,21856700.0,0.004616817005520968,0.004606192195209028,0.32816779612892694,-0.07246393961705677
2021-08-17,64.10416412353516,65.49408600394229,63.30136650513257,64.7691703039389,23402600.0,-0.016544066224019938,-0.01668244767183809,0.33020663499726427,-0.0878091576251987
2021-08-18,61.95338821411133,63.34929799266376,61.953388214111335,63.34929799266376,35379200.0,-0.03355126673641773,-0.034127025440998764,0.3435472126774885,-0.11841431589223324
2021-08-19,58.41865539550781,60.078172119873514,58.29284405430774,59.107626181815135,60456900.0,-0.057054713559611225,-0.05874701877384741,0.3911393901210093,-0.16871293457725578
2021-08-20,58.442626953125,59.37123588612694,58.37672511371674,58.466587103088806,31351100.0,0.00041034079704327375,0.0004102566302823314,0.3921881457391009,-0.16837182358025846
2021-08-23,57.633827209472656,58.670279576503006,57.609867061700946,58.448609357791746,19773500.0,-0.013839209252196283,-0.013935863893851257,0.3768966785725312,-0.17988089993375367
2021-08-24,59.7366943359375,60.67129566156358,59.371240315880435,59.53898880296168,29779200.0,0.03648668201092886,0.03583680381059708,0.40694130714179594,-0.14995747511854748
2021-08-25,59.61088562011719,60.18602527458871,59.0417382892516,59.96435500920549,15088600.0,-0.0021060541969867286,-0.002108275047829743,0.38760347152369595,-0.1517477107456912
2021-08-26,58.85002136230469,59.79061499379921,58.85002136230469,59.60488954014892,18032300.0,-0.012763847574103648,-0.012846005324591157,0.38721253410214623,-0.16257467367011766
2021-08-27,60.32381439208984,60.50953526539593,59.251417129483976,59.31731896919965,19572800.0,0.025043202970341794,0.024734760941475118,0.35030162230491324,-0.14160286125033367
2021-08-30,59.940391540527344,60.892965255011546,59.88047744938965,60.40169987498502,13031600.0,-0.0063560777020885695,-0.006376363568680775,0.34980652015332914,-0.14705890016347706
2021-08-31,59.1196174621582,59.46709908227637,58.53249318779289,59.31133067139522,20433600.0,-0.013693171787411362,-0.013787787987663523,0.3212390398006243,-0.15873836916808218
2021-09-01,59.22146224975586,59.66479817520456,57.34626733780389,58.328798075719014,20847500.0,0.0017226902332858618,0.0017212081043877828,0.322029043642221,-0.1572891359730099
2021-09-02,59.03573989868164,59.91043165230897,58.65830582476125,59.173531331832166,24448600.0,-0.0031360649335365753,-0.0031409926903774982,0.30874765547717836,-0.15993193196279523
2021-09-03,59.07768249511719,60.437647408553985,59.01777297207129,60.00629610014133,38716500.0,0.0007104610953894142,0.0007102088373779808,0.30695481479196823,-0.1593350962829758
2021-09-06,58.1490592956543,58.44262368050803,57.6098691064025,58.04721266620032,11916100.0,-0.015718680223105297,-0.01584352870759913,0.3092160643122786,-0.17254923907929126
2021-09-08,56.938873291015625,57.95136102192658,56.73517545194574,57.7955926239088,22635100.0,-0.02081178989475263,-0.02103140763025427,0.308099961348563,-0.18976997046382627
2021-09-09,56.73517227172851,57.34626118388127,55.8185434743022,57.01076425692858,28997700.0,-0.0035775386394809594,-0.003583953334622452,0.308388422865905,-0.19266859970135972
2021-09-10,56.80109405517578,57.62786115952879,56.80109405517578,57.22046993195316,18022000.0,0.0011619209179720702,0.0011612464102947538,0.3089591431085225,-0.19173054445961699
2021-09-13,56.77112579345703,56.914909548280434,56.27986044124084,56.73517642664881,18832800.0,-0.0005276000791399893,-0.0005277393090357,0.30977954265922114,-0.19215698748832655
2021-09-14,56.369720458984375,57.26238914217132,55.758636094263224,57.00477411460781,25571600.0,-0.0070705896503274746,-0.007095704724939123,0.30689748718717563,-0.19786891393168096
2021-09-15,54.96183395385742,56.579418505048366,54.961833953857415,56.24391694768823,35084400.0,-0.024975935549500505,-0.025293126801180992,0.3118842347866627,-0.21790288823957413
2021-09-16,52.67924499511719,54.17700585069222,52.67325267186994,54.17700585069222,39726500.0,-0.04153043656906641,-0.042417471376274864,0.32241420213706556,-0.2503837227303905
2021-09-17,51.61284255981445,53.194477736164394,50.971801064633254,52.89492555017685,74648800.0,-0.02024331281516234,-0.020451016526518272,0.2664360541152359,-0.2655584395224967
2021-09-20,49.57588577270508,50.2888214235135,48.611327387777294,49.60584281901604,49636100.0,-0.039466084138821356,-0.040265986765823984,0.2910506421164957,-0.2945439719433491
2021-09-21,50.39665603637695,50.74413306121987,49.4320977347958,50.74413306121987,32380300.0,0.016555836590291806,0.016420282818964,0.3028603218474606,-0.2828645572212069
2021-09-22,52.18797302246094,53.607851779608865,51.82851137670785,52.781084966493665,62161000.0,0.035544362006697305,0.034927242081859926,0.30117814731279685,-0.2573744354352444
2021-09-23,52.186153411865234,53.13186135373417,51.33302728647028,52.37793687931176,47485400.0,-3.4866473831440814e-05,-3.4867081681068623e-05,0.30169189249383277,-0.2574003281700578
2021-09-24,51.37932205200195,52.10679243535281,50.92299747303934,51.77612362059281,26631600.0,-0.015460640555274852,-0.015581402580998351,0.3025917748928835,-0.2688813947726857
2021-09-27,52.113407135009766,52.463915270757106,50.59232857148113,51.98113658196928,38386300.0,0.014287558762741792,0.014186453488780788,0.2900749589845641,-0.2584354947379666
2021-09-28,49.50111770629883,51.45206662825778,49.30932919932355,51.240438800837715,35896000.0,-0.05012701284226728,-0.051427001054590964,0.32953597601584483,-0.29560790821660615
2021-09-29,50.129398345947266,50.79073602837081,49.50112452028124,50.10955397716543,39704900.0,0.01269225158462417,0.01261238008226155,0.33826097937939553,-0.28666758657347163
2021-09-30,50.42037582397461,51.80918373664214,50.08309729009036,51.18752984075791,39151000.0,0.005804527635047352,0.005787746271790913,0.3401532128524127,-0.2825270288667624
2021-10-01,50.39392852783203,51.12801374652176,50.05003515887035,50.75766626523902,23191700.0,-0.0005245358788064092,-0.0005246734958759846,0.34077963833775793,-0.2829033691821956
2021-10-04,49.92438125610352,50.92300258978991,49.89131739866867,50.6518517125507,25090000.0,-0.00931753656532619,-0.00936121634617967,0.33927113526852953,-0.2895849432607127
2021-10-05,49.56725311279297,50.32779239277055,49.56725311279297,50.255044850170606,21889400.0,-0.007153381460624386,-0.007179089567076835,0.3381478652681816,-0.29466681315693993
2021-10-06,50.96268081665039,51.10156112618623,48.88608087207533,48.97866774509922,27318400.0,0.02815220969945731,0.02776321998257245,0.3570093383485947,-0.2748101253729477
2021-10-07,52.483760833740234,53.15171333061272,51.39255260801551,51.80919354702766,33115300.0,0.029846938832795544,0.029410188124057695,0.3780051047208335,-0.2531654275427914
2021-10-08,52.807804107666016,54.1238644629918,52.63585492620068,53.87255800208497,37172600.0,0.006174162612932799,0.006155180563054234,0.3793044121163552,-0.24855434944748053
2021-10-11,53.97837829589844,54.957155146782114,53.396397961810784,54.16355202197882,28327900.0,0.02216668933716348,0.02192457959465673,0.3899744210116383,-0.23189728715792007
2021-10-13,52.37793731689453,53.43608154196764,52.35809799565539,53.43608154196764,32052800.0,-0.029649667691582282,-0.030098105361662835,0.40191720842275536,-0.2546712773466906
2021-10-14,52.37793731689453,53.06572904494981,52.331643885468,52.90039464048284,24030000.0,0.0,0.0,0.39381732004123626,-0.2546712773466906
2021-10-15,53.356719970703125,53.535278910001985,52.44407586147599,52.56972657964716,26927200.0,0.018686926288960404,0.01851447081106386,0.3704109806516819,-0.2407433744454232
2021-10-18,52.85411071777344,53.1715550515263,51.901787807727864,52.847500973241665,20912800.0,-0.00941979291841133,-0.009464439764959665,0.36411380658905673,-0.24789541463007914
2021-10-19,52.24567794799805,53.06573527770322,52.12002217125065,52.72184189608692,20804500.0,-0.011511550596778664,-0.011578321413714718,0.33377039339168235,-0.25655330461863424
2021-10-20,50.70476913452149,51.82904644892494,50.44684778996695,51.82904644892494,27576600.0,-0.029493517435265626,-0.029937196782053088,0.34858772015147904,-0.2784801626910552
2021-10-21,49.70613479614258,49.70613479614258,48.24457430828377,49.26964957266866,37556500.0,-0.019695077118475846,-0.019891609915860954,0.33019952394307184,-0.29269055152936496
2021-10-22,50.314571380615234,50.98913358711356,49.36224351675311,49.38208283964923,35142600.0,0.012240673851789285,0.012166362602227093,0.3341925838767807,-0.28403260725834695
2021-10-25,50.92300033569336,51.299962603886584,50.50635942209219,51.05526585079043,17950000.0,0.012092500013078489,0.012019969863236874,0.33348569880782025,-0.2753747715522548
2021-10-26,50.38070297241211,50.96929308419844,50.30795542640653,50.929614439324816,16674100.0,-0.010649360008372022,-0.010706470262987603,0.3306936579535739,-0.2830915664811437
2021-10-27,49.23658752441406,50.74444165066477,49.23658752441406,50.24843839805238,20087300.0,-0.0227093982516392,-0.022971228230848323,0.28638891968844915,-0.2993721256078822
2021-10-28,48.74058532714844,49.38869847799509,48.64138871096293,49.23658859050045,22719000.0,-0.010073854062686238,-0.010124938699543992,0.28419016122664903,-0.30643014856675843
2021-10-29,47.35837936401367,48.38345451992583,46.96818761047633,48.290862626825025,30268500.0,-0.02835841945387718,-0.028768286818705156,0.2986920921728988,-0.32609869333426555
2021-11-01,47.82794189453125,48.18506485525886,47.05417800242452,47.61631403398224,19649600.0,0.009915088666957006,0.009866256692259618,0.30215266234127053,-0.3194169021258967
2021-11-03,44.19719696044922,46.88884103066569,44.0517018681771,46.6904377147299,77316900.0,-0.07591263161790318,-0.07894865728437152,0.40591511606000913,-0.37108175612018485
2021-11-04,43.694580078125,44.71965549479214,43.39698014198605,44.236876770951255,30122100.0,-0.011372143866363205,-0.01143730115076298,0.406347505539332,-0.3782339048697666
2021-11-05,42.39835357666016,44.08476646046432,42.325606037634536,43.93265659370019,35954600.0,-0.029665612969553945,-0.030114537992695718,0.3937275029151818,-0.39667897720549095
2021-11-08,44.7064208984375,45.07015859788024,42.54384915936609,42.59014258969467,27722000.0,0.05443766389664484,0.05300760481918866,0.43151495110996185,-0.3638355901448234
2021-11-09,43.60860824584961,44.50802789454674,43.13905909839253,44.47495899229517,20961500.0,-0.024556039837809074,-0.024862567865705457,0.43204747659925447,-0.37945726873662344
2021-11-10,43.44326400756836,43.83345072880259,42.59013798746739,42.72901826344593,22492600.0,-0.0037915504514406395,-0.003798756599603348,0.41654769961814103,-0.38181008780948333
2021-11-11,44.97757339477539,45.80424542796914,44.706422545997114,45.27517330848288,28795100.0,0.035317543979654475,0.034708185439508106,0.439718389957261,-0.35997713839791606
2021-11-12,45.16936111450195,46.022482197563406,44.316234985834924,44.42866116941907,24542500.0,0.004264074409777718,0.004255009005726812,0.44095352445820746,-0.3572480332920859
2021-11-16,43.86651992797851,45.01724582664645,43.77393307668368,44.97095240099904,17207900.0,-0.028843471644879215,-0.02926762043330775,0.436299287265254,-0.37578723141851594
2021-11-17,42.9869384765625,44.77916253680507,42.9869384765625,44.302998718690986,25487600.0,-0.02005131596625709,-0.02025507191939586,0.43787018840218384,-0.3883035188715154
2021-11-18,41.2211799621582,42.75548322099196,40.90373564678291,42.4644930190318,51343900.0,-0.041076628784974534,-0.041944112176534876,0.4520536045563147,-0.41342994815590534
2021-11-19,42.3454475402832,42.85468033970395,41.53861734911964,41.84283205271906,26849500.0,0.027274027069508877,0.02690871820802631,0.4666854334370709,-0.3974318206837463
2021-11-22,44.69980239868164,45.645515293114485,43.08614221433289,43.35067824236541,44693500.0,0.055598771418314596,0.05410816177586829,0.5151975228306258,-0.36392977021799183
2021-11-23,45.87699508666992,47.59647198590472,45.77117863964949,46.69705236865466,30391600.0,0.026335523309226172,0.025994714058166953,0.5236866907745397,-0.347178527855263
2021-11-24,46.941741943359375,46.941741943359375,45.969574928775415,46.366376453240974,20764100.0,0.0232087314061864,0.022943504676682932,0.5296903278869026,-0.3320273696520646
2021-11-25,46.624305725097656,47.14676308975942,46.16137137443838,47.14676308975942,17199200.0,-0.006762344240329732,-0.006785312494867218,0.5292214356870519,-0.3365444305215958
2021-11-26,45.39420700073242,45.87037082276047,44.64028263105631,44.64028263105631,22664200.0,-0.02638320732576782,-0.026737489435551726,0.5311891693058435,-0.35404851636257995
2021-11-29,45.96296691894531,46.69043732868514,45.73811453864273,46.47880948138618,18164000.0,0.012529350236335501,0.012451507466155221,0.5338104201872184,-0.34595516398840614
2021-11-30,46.26055908203125,47.25256539583267,45.42727741127367,45.63229043486569,42668700.0,0.006474607342270566,0.006453737108095283,0.5257828261646716,-0.3417204804909914
2021-12-01,46.44573974609375,47.58323612781621,46.273790565180086,47.1533707439399,28194700.0,0.004002992348927981,0.003995001692315093,0.524559515256455,-0.3390853926109409
2021-12-02,48.6016960144043,48.64798944191608,46.366376871455614,46.93512757837481,24888400.0,0.046418816453275946,0.04537368364367416,0.46301873560355983,-0.30840651875925923
2021-12-03,47.53033447265625,49.163834083810755,46.95496895217642,48.3371620952161,34451500.0,-0.022043706899251503,-0.0222903000269854,0.46960685055107854,-0.3236518027531631
2021-12-06,50.10954666137695,50.25504173756543,47.58985207380228,48.191671698835435,28848800.0,0.054264549520569805,0.05284341437507336,0.4813696249516653,-0.28695007251051396
2021-12-07,50.47989654541016,52.78134840038928,50.32778668841313,51.76950275332044,37125100.0,0.007390804920585525,0.0073636267521062174,0.45155669918950164,-0.28168005959780157
2021-12-08,50.10293960571289,50.91638205442559,49.58709706836227,50.91638205442559,24281000.0,-0.007467466565787673,-0.007495487679217041,0.43983214014158345,-0.28704408973629364
2021-12-09,49.719356536865234,50.22858422339628,49.23657791184319,49.52756804449237,16925200.0,-0.007655899471493699,-0.007685356311904719,0.44130477866082735,-0.29250240851287984
2021-12-10,50.03018569946289,50.39391831756834,49.49449886330706,49.93098405975959,16827100.0,0.006251673075599484,0.006232212433079392,0.4287728039706407,-0.2880793648691282
2021-12-13,51.49174118041992,52.06710665565857,51.18091172985209,51.253659262776694,31699100.0,0.029213473036793447,0.028794892125615184,0.4367363243439419,-0.2672816905903956
2021-12-14,51.48512649536133,52.17291814264076,51.07510044962524,51.928221436349375,21063500.0,-0.0001284610872920311,-0.00012846933912420567,0.4168353084117094,-0.2673758163811011
2021-12-15,51.19415283203125,51.7033806315461,50.39392978969827,51.63724787189051,22112200.0,-0.005651606262563891,-0.005667637017446197,0.4068129848053658,-0.2715163198053474
2021-12-16,53.197994232177734,53.21121876313526,51.88854366075873,52.24566654387301,30125700.0,0.039141997460552025,0.0383953702097005,0.37258123273156196,-0.24300201344511468
2021-12-17,52.35810089111328,53.35010737277411,52.2919681347904,52.84087959892147,38744500.0,-0.015788064064949814,-0.015914023073451713,0.38189406506866685,-0.2549535461538812
2021-12-20,51.76950454711914,52.17953565990569,51.108166972331,51.584330833475306,19195400.0,-0.011241743569313511,-0.011305409562761872,0.35253999089627247,-0.2633291673352457
2021-12-21,53.131866455078125,53.16493535711253,52.34487805184089,52.77474855025796,19590300.0,0.026315915515841892,0.0259756092135606,0.35252659011513543,-0.24394299993985502
2021-12-22,52.85411071777344,53.00622061731484,51.96792057229114,52.8342713929651,18655600.0,-0.005227667609597808,-0.0052413796728652835,0.3501698852345311,-0.24789541463007914
2021-12-23,52.34487533569336,52.946689965764584,52.113408170281346,52.87394242154856,13121200.0,-0.009634735598887612,-0.009681449959752089,0.3517123541648939,-0.2551417434528293
2021-12-27,52.21260070800781,52.5432695029809,51.756281201956625,52.15969753547222,11371400.0,-0.0025269833357565163,-0.0025301815471668603,0.33196443120404356,-0.2570239878546246
2021-12-28,50.9560661315918,51.934842993109825,50.6386218508581,51.92161846064852,18923700.0,-0.024065734312738507,-0.024360045567471705,0.34921097112614496,-0.27490425116365313
2021-12-29,51.08833312988281,51.57111183130619,50.4931282396368,50.512967561710695,12113500.0,0.0025957066220425595,0.002592343593974423,0.3492896900198301,-0.27302211532678367
2021-12-30,51.55788040161133,52.23244760153767,51.326413243050574,51.57771972297287,26568500.0,0.009190890423744547,0.009148911211866657,0.34957916933551564,-0.2663405412482665
2022-01-03,51.5843391418457,52.88717518131493,51.5843391418457,52.24567682315141,18557200.0,0.0005131851819406563,0.000513053547458493,0.3158823087238149,-0.2659640380854445
2022-01-04,50.97589874267578,52.29195903317758,50.85685778377177,51.92161162574511,18178700.0,-0.01179506046392964,-0.011865174064390248,0.30686046640497194,-0.2746220366389254
2022-01-05,51.45867538452149,52.03404089441363,51.008965629177176,51.16769028090244,22039000.0,0.009470684259688111,0.009426118487463752,0.2471545929207979,-0.26775221097899715
2022-01-06,52.496978759765625,53.13847706213557,51.789347704138144,52.00759033093309,22044100.0,0.020177421348013258,0.01997655466798965,0.25516488154320865,-0.25297733880876916
2022-01-07,55.5523567199707,55.5523567199707,52.76812611364481,53.171542441093024,35213100.0,0.05820102475205213,0.056570319879083064,0.31742342207093843,-0.20949985441443444
2022-01-10,54.89102554321289,55.73092214772316,54.42809120145225,54.55374192529819,25056700.0,-0.011904646639771976,-0.011976074392997749,0.3200810531955123,-0.2189104793163189
2022-01-11,55.93593215942383,56.31289436763311,55.096030630827855,55.20846185093637,28418800.0,0.019036019201141396,0.018857101212678338,0.3238677414662142,-0.2040416442027741
2022-01-12,56.54437255859375,57.25861847554252,56.16741027669404,57.19909545966038,27335400.0,0.010877451678749095,0.01081871773448086,0.31287636391817825,-0.19538364564929317
2022-01-13,55.68462371826172,56.36580568232563,55.35395491935137,56.107879377218545,23154200.0,-0.015204852427023074,-0.015321631446354964,0.3205278348482366,-0.20761771857756497
2022-01-14,56.00868225097656,56.16740186020176,54.831502145146,55.367183979784414,21183400.0,0.005819533491946194,0.005802665418155382,0.31855689888059185,-0.2030064233524024
2022-01-17,55.71769714355469,55.949164312477954,55.5523627306658,55.5523627306658,9688500.0,-0.005195357143343626,-0.005208899938068383,0.29363750769555913,-0.2071470896240375
2022-01-18,57.080047607421875,57.45700984397732,55.86980361360001,55.93593636559814,24080200.0,0.024450947072653495,0.02415680768002101,0.2950922892878976,-0.18776108507603562
2022-01-19,58.33659362792969,58.85905097803892,58.11835099200953,58.5151576193574,29332500.0,0.022013752145932486,0.021774947802459962,0.29522661155366625,-0.16988065891961832
2022-01-20,57.34457778930664,58.83920205033117,57.29828436308754,58.726775878885505,22748800.0,-0.017005035380538547,-0.01715128131048969,0.2961572317169077,-0.1839968676847596
2022-01-21,56.1541748046875,57.357808965561325,55.77720755061098,57.18585978669216,32752300.0,-0.02075877145687388,-0.02097726379760407,0.30758639766848467,-0.20093609021658485
2022-01-24,55.46638488769531,55.52590284825873,54.282590008971376,55.35395366395552,29040100.0,-0.012248241905155277,-0.012323869793618351,0.30917348102036296,-0.21072321828129129
2022-01-25,55.592044830322266,56.24677277889113,54.92409739357311,55.592044830322266,22490500.0,0.0022655152824793134,0.0022629528721218534,0.30852518239547305,-0.20893509967020146
2022-01-26,55.75076675415039,57.24538623285804,55.433322457295695,56.8089060009895,25806800.0,0.0028551193666750407,0.002851051254833127,0.29098211359312637,-0.20667651495297293
2022-01-27,55.87641525268555,56.51791356460421,55.06958253235921,56.21369885860679,20994900.0,0.0022537537302265154,0.0022512178367597576,0.2910142364259561,-0.20488855918927187
2022-01-28,55.3275032043457,57.10649782622448,54.77859181351236,56.597270120370496,28453000.0,-0.009823680453685868,-0.009872251159689413,0.29477436163819565,-0.21269947990886626
2022-01-31,53.482383728027344,54.85135261927877,53.482383728027344,54.85135261927877,31397700.0,-0.03334904648604198,-0.03391780679335572,0.3233927615929438,-0.23895520155187047
2022-02-01,56.41870880126953,56.431938378752285,53.813042099371835,53.89901417058794,24131300.0,0.05490265894232027,0.053448496265839564,0.36694133889322034,-0.1971718185428459
2022-02-02,56.73616790771485,57.0668367927961,56.02853669546523,56.54437934889491,17489000.0,0.005626841046000308,0.005611069510877355,0.366590699125907,-0.19265443197853704
2022-02-03,56.70969009399414,57.39086690531913,56.42531476983272,57.07342773383014,19179400.0,-0.0004666831528660209,-0.00046679208334060194,0.3625863947534124,-0.19303120655367373
2022-02-04,58.19770812988281,58.31013430964297,56.57743304678165,56.709698547016494,24535400.0,0.02623922002434398,0.025900877489958524,0.31691934561519863,-0.1718569748296562
2022-02-07,59.60635757446289,59.679105115945546,58.29691191898634,58.29691191898634,24915800.0,0.024204551860295354,0.023916264344477738,0.32101878777978327,-0.15181214402917878
2022-02-08,60.439640045166016,60.499163050108365,59.18971244303415,59.81798111552818,26598600.0,0.013979758277666177,0.013882942718920729,0.31846568591534863,-0.1399546828286548
2022-02-09,60.4528694152832,60.71079066273885,59.07728606511623,59.52038102401644,24815300.0,0.00021888565364225343,0.00021886170167266617,0.3176205618305768,-0.1397664312472438
2022-02-10,62.07976913452149,62.48318551839839,60.862905193396,61.14066580490291,47888900.0,0.026911869278896328,0.02655611351435317,0.3197614450460533,-0.1166159378956512
2022-02-11,60.823219299316406,61.76893226012277,60.578522573231744,61.742478150902365,34555300.0,-0.0202408909170112,-0.020448544591200626,0.33267838421482276,-0.13449641833453152
2022-02-14,60.558685302734375,60.955486863262,60.06268209067345,60.25447060480968,22804400.0,-0.004349227147616652,-0.0043587125487747555,0.33237562056744413,-0.1382606900082705
2022-02-15,58.75985336303711,59.48071407640516,57.9993140024473,58.87227956056958,29624900.0,-0.02970394635723783,-0.030154044110795745,0.3447302284569448,-0.1638577482461879
2022-02-16,59.18971633911133,59.93041628178413,58.92518028489922,59.15003769694146,20774700.0,0.007315589666611055,0.007288960533533138,0.3371542407128452,-0.15774087462944078
2022-02-17,56.64357376098633,58.85905399785166,56.458400016379954,58.75985233592507,36259300.0,-0.04301663761214147,-0.04396927285495818,0.3680386985619551,-0.19397203020102533
2022-02-18,56.762596130371094,57.55619907430234,56.49806013385919,57.166012389790744,22690600.0,0.0021012510595992406,0.0020990465192465245,0.36013585847712126,-0.19227836307541854
2022-02-21,56.80891036987305,58.19110376362778,56.54437427641767,57.27184474921523,14561000.0,0.0008159288450368951,0.0008155961560515405,0.35691733651989016,-0.1916193196930913
2022-02-22,57.79429626464844,57.80091105385338,56.7427718333227,57.33136193241808,23591200.0,0.017345622163138064,0.01719690413377076,0.3614177886509584,-0.1775974538485072
2022-02-23,57.18586730957031,58.42256548386646,56.5774378835076,58.257231071635985,24413800.0,-0.010527491368560682,-0.01058329741649021,0.36410590839543133,-0.18625528955459936
2022-02-24,57.893497467041016,58.22416628621835,55.37380267950354,55.96239277399074,37212500.0,0.012374213958144864,0.012298279153224786,0.3662052668613188,-0.17618583840023935
2022-02-25,61.02823257446289,61.1142096911626,56.27982843157847,57.218926607305235,51028300.0,0.05414658371963954,0.052731514187113276,0.4051539656275599,-0.13157911592975327
2022-03-02,65.90230560302734,65.93536946206282,64.18943826382562,65.45259574617191,42191500.0,0.07986587228488728,0.07683684109481442,0.4523888849945808,-0.06222192451307002
2022-03-03,65.93535614013672,66.96704621836075,65.80309063950551,66.26602493732017,38621400.0,0.0005015080550969664,0.0005013823419613135,0.4237627906893959,-0.06175162125432007
2022-03-04,67.43658447265625,67.51594174204578,64.89043615244861,65.26078353121201,30533200.0,0.022768184179196238,0.02251285736053502,0.4268439822454975,-0.04038940936120615
2022-03-07,69.48674011230469,70.03565152083945,68.69313702559818,69.07009924862457,55305300.0,0.030401237780358192,0.02994827762922419,0.4318626729117163,-0.011216059618646156
2022-03-08,66.4379653930664,70.83586082673727,65.94857705032192,70.75649850942543,53060200.0,-0.04387563316844112,-0.044867283563823274,0.4691033067060686,-0.05459958106966416
2022-03-09,64.68623352050781,65.79192279484612,63.56680604671866,65.78505369512068,41051200.0,-0.026366428625482996,-0.026720256212135755,0.47867965155704595,-0.07952641373789257
2022-03-10,66.82205963134766,66.82205963134766,64.61068134939241,64.89912062801598,33107000.0,0.03301824815882526,0.032484855188468005,0.4881872327804979,-0.04913398844304651
2022-03-11,66.4718017578125,67.58435987744609,66.45119970293558,66.9113297271423,24321500.0,-0.005241650369167017,-0.005255436012579767,0.48928669625487026,-0.05411809562355242
2022-03-14,62.90749740600586,65.37984345889777,62.66713137467782,65.22875998176765,37172800.0,-0.053621298919999894,-0.055112471769853205,0.5255388118212257,-0.1048375119611407
2022-03-15,61.10131072998047,61.52023661878776,59.94067947348948,61.11504368586215,47128500.0,-0.028711787155801693,-0.029132034090503522,0.5310403034266231,-0.13053922678757035
2022-03-16,62.584716796875,64.47331524281593,61.33480821678119,63.106658198110146,37906100.0,0.02427781088772396,0.023987789517251557,0.5372888102169717,-0.10943062256122464
2022-03-17,64.76177215576172,65.228771343508,63.57366950884089,63.80030262339145,40663500.0,0.03478573476576674,0.03419438573584366,0.5353251374114893,-0.07845151240712542
2022-03-18,65.9910659790039,65.9910659790039,64.41838303805268,65.52407208533232,46080900.0,0.01898178172588527,0.01880387549968971,0.5375730040710502,-0.06095888016581773
2022-03-21,67.85905456542969,68.28484953811022,66.71903063925161,66.84264819650815,25374600.0,0.0283066890754593,0.027913458216251314,0.5097846950057285,-0.034377735157600446
2022-03-22,66.34130859375,67.96206978677128,66.0597384720296,67.65302851470979,29489800.0,-0.02236615262914221,-0.022620068239802255,0.5216569048574891,-0.0559749901151635
2022-03-23,66.2383041381836,67.94834816493932,66.1284247580779,66.95940754605283,26309600.0,-0.001552644313924656,-0.0015538509152175934,0.5221450480604483,-0.05744072517896385
2022-03-24,66.5542221069336,67.02808513691936,65.45539683026648,66.06661563962926,23122800.0,0.004769415112001463,0.004758077486682379,0.5210031202450771,-0.05294526872967529
2022-03-25,65.40045166015625,67.50881414635191,64.76176177400126,67.09675209883004,22505500.0,-0.01733579644163774,-0.017487820899423225,0.524667182383201,-0.06936321677006752
2022-03-28,65.47599029541016,66.1627533834153,64.28789308732969,65.72322542625894,16274200.0,0.001155017027197891,0.0011543505082091514,0.5245844111882719,-0.06828831543930038
2022-03-29,64.91284942626953,65.69576422314024,64.14367806589917,65.4759949892208,38228800.0,-0.008600723205558047,-0.008637922875007725,0.49680894186051106,-0.07630170974559113
2022-03-30,65.83998107910156,66.69156586631097,65.42791902245139,66.14902238200249,22007500.0,0.014282713839038896,0.014181676800717928,0.4167816732012679,-0.06310879139227786
2022-03-31,65.65455627441406,66.54048136912483,65.4897345850407,66.21770184939452,17981400.0,-0.0028162949267060977,-0.002820268146856421,0.4168904385421518,-0.06574735334995535
2022-04-01,66.58855438232422,66.95940711200267,65.97733559810982,66.46493680576472,22457700.0,0.014225945020576392,0.014125705811164214,0.41185899919433544,-0.052456726563383786
2022-04-04,67.26158905029297,67.47448396425013,66.30698862762476,66.45807212939565,16914000.0,0.01010736265731893,0.01005662486447131,0.39809198527804435,-0.04287956306525686
2022-04-05,65.31803894042969,67.1516951621821,65.11887701243457,66.86325591732846,25764400.0,-0.028895393898738297,-0.029321086213938717,0.37906597592820285,-0.07053593509901881
2022-04-06,66.3069839477539,66.42373242525899,65.46913206996538,65.46913206996538,22615800.0,0.015140457726021683,0.01502698491592594,0.3701377951651581,-0.05646342371652916
2022-04-07,66.7052993774414,67.08989028420542,65.33864224764781,65.58587738785799,19946600.0,0.006007141419693385,0.0059891704790838995,0.35197396931899494,-0.05079546606814099
2022-04-08,65.34552001953125,66.89073723115638,64.98153635912688,66.36879572814519,26887400.0,-0.02038487752248974,-0.020595516622799768,0.35910112912751857,-0.07014488423613392
2022-04-11,64.55574035644531,65.04334159634458,63.81403484804051,64.4252536726739,16515800.0,-0.012086209779184176,-0.01215984190289309,0.30063180249077853,-0.08138330822950365
2022-04-12,64.1230697631836,65.66141757364389,64.03378721070509,65.31116694069019,16822600.0,-0.006702279160191171,-0.006724840297025282,0.28039537722144664,-0.08754013373896084
2022-04-13,64.14366912841797,64.81669397496587,63.738476209320346,64.20547528715583,23674700.0,0.0003212473343907618,0.0003211957455140656,0.26857937688477407,-0.08724700843918594
2022-04-14,63.244022369384766,64.5557426336449,62.742688153313786,64.08187433551714,24980700.0,-0.014025495754414585,-0.014124782476917312,0.24351895181997874,-0.1000488216471514
2022-04-18,62.20013427734375,63.18220572813629,61.81554861479674,62.91436853606439,14812600.0,-0.01650571948039692,-0.016643456605008666,0.2373553588483358,-0.11490316334309622
2022-04-19,60.21539306640625,61.59578846189177,59.638509297116045,61.59578846189177,34550900.0,-0.03190895379884151,-0.03242914013561528,0.22978676692162986,-0.14314567741148213
2022-04-20,58.64957046508789,59.52175730674008,57.96280735715849,59.48055319693206,29635700.0,-0.026003693102053638,-0.0263477670326771,0.2337154687597747,-0.16542705424924206
2022-04-22,55.25009536743164,57.276049878699645,54.995996345858714,57.173034354467845,39058200.0,-0.05796248925096292,-0.05971018487051737,0.3002163144398264,-0.21380097964646483
2022-04-25,54.30922317504883,54.67320675270265,53.2516074507873,53.52631371831784,38943700.0,-0.017029331553650717,-0.017175998093636628,0.29689471708596693,-0.22718942343122053
2022-04-26,53.56753158569336,54.4740588337139,53.4645160539572,54.30923712668859,37069400.0,-0.01365682559967496,-0.013750937874676046,0.29596732369670886,-0.23774356269700464
2022-04-27,56.43133163452149,56.795315297012266,55.0440722575512,55.25696717570525,49408800.0,0.05346148989984423,0.05208139915624008,0.36785336086224,-0.1969921978730393
2022-04-28,57.82545852661133,58.75259302517314,55.51106992866879,58.38860413306591,56032800.0,0.02470483775075394,0.024404607951020417,0.38472942602133137,-0.17715402040890327
2022-04-29,57.20051193237305,59.88575352519841,57.20051193237305,59.18525731303155,47492200.0,-0.010807464569445258,-0.010866289430316136,0.37770132402150886,-0.18604689917944459
2022-05-02,56.94639205932617,57.13868487908101,55.38057311036663,57.11121896733293,31473600.0,-0.004442615362381996,-0.004452513103460647,0.3775042374439159,-0.18966297972940843
2022-05-03,56.657958984375,57.83232332366434,56.44506408788941,56.96700030118227,27364600.0,-0.005064992961286929,-0.0050778635160419255,0.3692372015376939,-0.1937673310333492
2022-05-04,56.18408966064453,56.43819390351241,54.83803456245286,56.2665031220147,34032200.0,-0.00836368503604501,-0.00839885689795,0.36297559313254746,-0.20051040714235618
2022-05-05,55.16768264770508,57.13868944736202,54.30922874831811,56.00553449184065,30906600.0,-0.018090655541072476,-0.01825629214077221,0.3568316679796845,-0.21497369797541613
2022-05-06,54.77622604370117,55.55913555454106,53.739212300906146,54.391635146743845,25204100.0,-0.007095759423206283,-0.007121054051523868,0.3460056730824422,-0.22054405575547184
2022-05-09,52.53050994873047,53.55379077718231,52.24893979214835,53.24474422727102,37050200.0,-0.04099800693058042,-0.041862125822005915,0.35894860582718036,-0.25250019595969114
2022-05-10,51.87808990478515,52.839559379846456,51.41795984358149,52.37942407905568,31905000.0,-0.012419830772289808,-0.012497601474044025,0.35750812378421254,-0.2617840170281916
2022-05-11,54.041385650634766,54.86549920823477,52.96316788030808,53.13485864144027,33933400.0,0.04169960285392227,0.04085361276015869,0.4029283296270563,-0.2310007037178493
2022-05-12,53.49885177612305,53.49885177612305,52.104723384954326,52.91510413188419,27737200.0,-0.010039229527145643,-0.0100899624236192,0.40286566568199267,-0.23872086415943933
2022-05-13,53.437034606933594,54.49465039924581,53.43017074850371,53.85596051296592,26086800.0,-0.0011554859055319389,-0.0011561539940650554,0.40244343480942085,-0.23960051147107864
2022-05-16,55.03719711303711,55.38057867987142,53.924638950242645,54.034523566631336,23828800.0,0.02994482231047857,0.02950523023423914,0.4244600784232379,-0.21683048390210136
2022-05-17,54.80369567871094,56.25963004963246,54.15813670921239,56.211556843792344,29305300.0,-0.004242611298802101,-0.004251636710707244,0.4229831049636701,-0.2201531677399757
2022-05-18,53.41643524169922,54.42597787789437,53.16920009652543,54.05512516013369,30631700.0,-0.025313264367143984,-0.02563915639797549,0.418084693191167,-0.23989363677085354
2022-05-19,54.83803176879883,55.2020153686974,53.20353749845908,53.4164323800028,29984300.0,0.026613466822845044,0.02626548894507654,0.42574898307274806,-0.2196645712912213
2022-05-20,55.80636978149414,56.63048338806283,55.339370673882144,56.3214420954962,38372000.0,0.01765814675438926,0.017504053042762133,0.37545509933212756,-0.20588529377343237
2022-05-23,56.94639205932617,57.447731401903894,56.49999501941737,56.52060231260799,27632800.0,0.02042817481760073,0.02022231844646872,0.3755704213389752,-0.18966297972940843
2022-05-24,57.715576171875,57.749911185870936,55.627815552035806,56.190961129522314,35176800.0,0.013507161467709805,0.013416752960641097,0.3724710881770883,-0.1787176267533507
2022-05-25,57.89413833618164,58.23751992716828,57.282919523392415,57.688107285754754,24607700.0,0.003093829710282936,0.0030890536674514075,0.3257913380420162,-0.17617671894646858
2022-05-26,57.85979080200195,58.134497088148365,57.070012194176,57.797984638401985,27450600.0,-0.0005932817236218302,-0.0005934577848630103,0.3141328054682566,-0.17666547824261178
2022-05-27,58.86933898925781,58.97921837041386,58.16883763098798,58.30619340691692,19834500.0,0.017448182464236073,0.01729771071274857,0.31707040226504646,-0.1622997872778843
2022-05-30,59.50802230834961,60.02996371955303,59.068494353521416,59.253918080882535,16147900.0,0.010849167496314926,0.01079073750988694,0.31793013530279846,-0.15321143735836348
2022-05-31,59.20585250854492,60.04370441783932,58.38173879687772,59.89948478027692,41369800.0,-0.005077799397179561,-0.005090735229493151,0.3179340465918568,-0.15751125981128375
2022-06-01,60.599979400634766,60.970832133516765,59.06163139872899,59.192118074998696,26258900.0,0.023547112878556042,0.02327415620641714,0.32375578156594426,-0.13767308234714765
2022-06-02,61.73999786376953,62.00096593068898,61.12191008465912,61.808673119318215,25142400.0,0.01881219225501618,0.018637431321891586,0.3168585749359036,-0.12145082258558662
2022-06-03,60.75107192993164,61.6782012002848,60.682396657977215,61.465306285349875,18431900.0,-0.016017589375690866,-0.01614725747144983,0.32323114749530724,-0.13552306255576166
2022-06-06,60.8128776550293,61.664462474714036,60.8128776550293,61.56144695662298,14932800.0,0.0010173602396503778,0.0010168430794508623,0.27229060495401897,-0.13464357809151112
2022-06-07,62.23448181152344,62.41990556635468,60.51070474730334,60.59998207524619,27004800.0,0.023376696043861278,0.02310764601747345,0.26720407376287403,-0.11441440404695302
2022-06-08,60.091773986816406,62.03531490583372,59.6453769035684,61.65759308779612,26959100.0,-0.03442959212219687,-0.03503625602529781,0.28291978232883586,-0.14490475490490906
2022-06-09,58.05895233154297,59.74838890635148,57.99714092877897,59.74838890635148,36291100.0,-0.033828617802486916,-0.034414046222531976,0.31214184935722317,-0.17383144513595478
2022-06-10,58.07269287109375,58.36800124831605,56.57554892789957,57.2554482491522,28689500.0,0.00023666530309252032,0.0002366373022774702,0.3118704160239732,-0.17363591970451234
2022-06-13,56.2321662902832,56.91206559887253,55.00972868999683,56.38325502552527,31050500.0,-0.03169349464981819,-0.03220660406626332,0.32211465391057476,-0.19982628526215931
2022-06-14,56.12228012084961,56.86398550983736,55.55226550303939,56.54120602168974,22634500.0,-0.0019541514525038828,-0.001956063297549415,0.32171408791872075,-0.20138994588906967
2022-06-15,56.08794021606445,57.53014165491691,55.99866290075367,56.38324855389125,33610300.0,-0.0006118765080679323,-0.0006120637808942868,0.3059111068716551,-0.201878596620287
2022-06-17,53.1623420715332,54.49465912274203,52.26954781159164,54.49465912274203,56914600.0,-0.052160912546638905,-0.0535705301076529,0.35133324315035014,-0.24350933734357694
2022-06-20,51.850608825683594,52.317607896213595,50.9921550371789,51.91928408084675,26725700.0,-0.02467410566834305,-0.02498361323700454,0.353134519478566,-0.26217506789107636
2022-06-21,52.19399642944336,53.320287512174936,52.02917474990835,52.74340901400903,20981000.0,0.006622633977436898,0.006600800679983227,0.34410273631524757,-0.25728872342629167
2022-06-22,51.74759292602539,52.22833018765042,50.3946689273908,50.8204638894725,32228300.0,-0.00855277491581663,-0.008589559787188939,0.3378359745351284,-0.2636409658022655
2022-06-23,49.85900115966797,53.09365480636834,49.74225268748161,52.49617424895181,31943300.0,-0.03649622445351641,-0.03717887256094251,0.3541681517003648,-0.2905152903927206
2022-06-24,51.24626922607422,51.424823876358325,49.85900469948459,49.98262227868974,22394300.0,0.027823823866099495,0.027443774784000917,0.3747728072139762,-0.27077471279691695
2022-06-27,53.601863861083984,54.23368467692113,52.2352014734265,52.53737892429941,28825700.0,0.04596616828081679,0.04494102121986321,0.408922002468599,-0.23725502053071312
2022-06-28,54.563331604003906,55.099011276319104,54.103201538925944,54.94105344225427,26052000.0,0.017937207284651313,0.017778233794311343,0.4131600250882554,-0.22357350572864546
2022-06-29,54.11007308959961,55.00286210473921,53.59500069023881,54.67321870331725,18636600.0,-0.008307016838594916,-0.008341712380880568,0.4133997269782194,-0.23002329369048877
2022-06-30,52.578575134277344,53.60185580657432,52.31073797564553,52.87388344245936,27471300.0,-0.02830337990463061,-0.028711642484493934,0.40822884978415963,-0.25181623692688304
2022-07-01,51.5759162902832,52.55798789525454,50.683127256410394,51.864355582476534,26721000.0,-0.01906972262815243,-0.01925389495802631,0.3985885741930053,-0.26608389376357466
2022-07-04,51.28059768676758,51.514099857462774,50.53202844806274,50.8204676828158,12474200.0,-0.005725901249208909,-0.0057423570680945465,0.39782230648362205,-0.27028622491308835
2022-07-05,51.0265007019043,51.10890892101471,49.83839822705816,51.05396661521666,26472200.0,-0.004955031655741515,-0.004967348528938932,0.3964937567805409,-0.2739019797682747
2022-07-06,51.507232666015625,51.81627396617706,50.50455916553425,51.26686662815821,23138800.0,0.009421221473127295,0.00937711855197413,0.38467028758489896,-0.2670612495084723
2022-07-07,53.00437545776367,53.71860969960174,52.798344435076835,53.05931776242504,34251200.0,0.02906665169639089,0.028652228025731682,0.3948030902257545,-0.24575717413314707
2022-07-08,51.78194046020508,53.47137711201471,51.71326519590455,52.764011934504346,24149200.0,-0.02306290729776994,-0.02333301723935591,0.3861935296164036,-0.2631522065061223
2022-07-11,50.01696014404297,50.93035636679305,49.83153116429741,50.92348726839106,22076800.0,-0.03408486241488984,-0.03467929791937024,0.3987337367543541,-0.2882675621680763
2022-07-12,50.16804504394531,50.250453260134584,48.80138274349314,49.44694171477032,22460000.0,0.0030206733769353455,0.0030161203096919797,0.3892369717900542,-0.2861176509416162
2022-07-13,49.9963493347168,50.573227749394945,49.65983168656858,50.099359594776494,22980800.0,-0.003422411797751268,-0.003428281645525406,0.38908392858352775,-0.28856085031524
2022-07-14,46.665550231933594,48.64343129982344,46.39771304392128,48.41679822086329,57715800.0,-0.06662084626387588,-0.0689437794032831,0.44816595751008104,-0.335957528532491
2022-07-15,46.95399475097656,47.0364029691457,45.772761387743955,46.35650897131729,36589000.0,0.006181101853709237,0.006162077198950486,0.4189249093532479,-0.3318530143811615
2022-07-18,47.201229095458984,48.34125309095937,47.18062180167465,48.34125309095937,22131300.0,0.005265459217977941,0.005251645157951663,0.4146792850091408,-0.32833491367677053
2022-07-19,47.304237365722656,47.572074538139226,46.69301866563496,46.844107376144066,21785500.0,0.00218232177927713,0.0021799439738988853,0.41337663418729487,-0.32686912433050724
2022-07-20,46.28097152709961,47.02954613803957,45.449988685676736,47.01580793990082,40427400.0,-0.021631589379866423,-0.02186898190459247,0.4176066958550924,-0.3414300150318996
2022-07-21,47.091346740722656,47.125686992420206,45.765893714833354,46.22602374589466,26987300.0,0.017509900654279376,0.017358368660029374,0.4076295641315847,-0.32989852002121794
2022-07-22,47.530879974365234,48.58849592068251,47.366058275075645,47.93607298295352,27884000.0,0.009333630572567309,0.009290341397703822,0.3946184685595794,-0.32364404036096533
2022-07-25,48.409934997558594,48.91814352227925,48.10089366299074,48.526688720019266,19833200.0,0.018494398245255672,0.018325456664940225,0.3609205573204638,-0.31113524388784897
2022-07-26,48.32065200805664,49.048619215473956,47.78497762979962,48.97994395357193,19791500.0,-0.0018443112866491918,-0.001846014122738873,0.35101244038298046,-0.31240572493252144
2022-07-27,48.430538177490234,48.49921868861972,47.59955534077958,48.05282156421486,21666900.0,0.00227410361547431,0.002271521755384705,0.3521234182717236,-0.3108420643056111
2022-07-28,48.54729080200195,49.426346832821025,48.28631744063631,49.07609614443344,21778700.0,0.0024107232524206434,0.002407822120735696,0.34215329318317544,-0.3091806952454425
2022-07-29,47.901729583740234,48.29318436860453,46.720496130581466,47.84678727438703,77006600.0,-0.013297574542204926,-0.013386778970831207,0.33930341915233037,-0.3183669164456104
2022-08-01,46.75483322143555,47.97040160603159,46.651817708262776,47.34544990806699,38874000.0,-0.023942692096320273,-0.024233977178400902,0.34704385035330415,-0.33468704748781847
2022-08-02,48.245113372802734,48.396202110667176,45.99940008065436,46.92652932531035,32636900.0,0.03187435498505731,0.03137691060186724,0.36979415712287084,-0.3134806262632886
2022-08-03,46.3702392578125,48.176429449288975,46.3702392578125,48.11461804963462,31934600.0,-0.03886143038990475,-0.039636687264017575,0.388821206696796,-0.3401597511170788
2022-08-04,46.10240936279297,46.73423545644065,45.88951445839123,46.47326210050341,40540800.0,-0.005775900648914756,-0.005792645672594275,0.367630160089311,-0.3439709228387817
2022-08-05,46.699893951416016,47.21496631117428,46.35651237824384,46.624349586151176,36129300.0,0.012959942807354574,0.012876681352765745,0.3687285371985238,-0.33546882351881074
2022-08-08,47.09821701049805,47.482802689060314,46.5350714499232,47.269907794082904,35705300.0,0.008529421062420939,0.008493251077749259,0.354464988512432,-0.3298007573054967
2022-08-09,48.07341766357422,48.18330227609258,46.802906958954246,47.10507916420632,35174600.0,0.02070568091481695,0.02049423211655624,0.36371242616654076,-0.3159238256369124
2022-08-10,48.10776138305664,48.629697611386035,47.469071435612825,48.574760540753054,30202200.0,0.0007144014541000665,0.0007141463908523971,0.3638138952606999,-0.31543512062323215
2022-08-11,49.78346633911133,50.58011422113218,48.451149202016936,48.622840013874416,51158600.0,0.034832320354961865,0.034239404273527674,0.2882284827132492,-0.2915901374410248
2022-08-12,50.420623779296875,50.420623779296875,49.337086066370645,49.68381504825867,35608400.0,0.012798575250775102,0.012717365663869646,0.29004532063200134,-0.2825235005066725
2022-08-15,49.33708190917969,49.51767151278407,48.42690876388956,49.1203721803915,26735800.0,-0.021490052857340847,-0.021724326492352952,0.30345674436265485,-0.297942108404684
2022-08-16,50.43507385253906,50.81792300310379,49.92219994223929,50.20391933647214,22070200.0,0.022254902415602462,0.02201087596214725,0.31148653428076145,-0.2823178785371267
2022-08-17,49.28651428222656,49.69825833495441,49.04090956926841,49.35152389053026,29131700.0,-0.022773032387553016,-0.023036343159395224,0.312757808896867,-0.29866167673316846
2022-08-18,48.918113708496094,49.56101226960841,48.91088858107982,49.337082920120906,27692000.0,-0.007474672922108461,-0.007502748279992638,0.3102136286424157,-0.303903951307328
2022-08-19,48.369117736816406,48.715852193253575,48.02238879153645,48.39801273411594,45903800.0,-0.011222754314509475,-0.011286204592955465,0.3123060410258015,-0.31171606624110665
2022-08-22,47.66121673583984,48.33301036806497,47.55286185751488,48.25355049137053,19335700.0,-0.014635392045568518,-0.014743545942663645,0.30984769494061126,-0.32178937145033415
2022-08-23,50.71677780151367,50.781792917160715,48.145183904526135,48.239088503619975,37223500.0,0.06411000966696134,0.062138778118948544,0.3818117945837966,-0.27830928149777906
2022-08-24,49.084251403808594,50.745677939382965,48.98312166802482,50.4061686073272,28773800.0,-0.03218907959993378,-0.03271854095020217,0.40167672196012044,-0.3015398414821805
2022-08-25,50.03776168823242,50.1533416723795,49.30095857834426,49.77049261941703,24956700.0,0.019425992190029495,0.019239716136543846,0.40704996521535775,-0.28797155989776657
2022-08-26,49.28651428222656,51.43191402360408,49.28651428222656,50.312261850614256,28510100.0,-0.015013609335417843,-0.0151274544896786,0.4079409055690234,-0.29866167673316846
2022-08-29,48.333003997802734,49.04813728264046,48.2896587454908,48.75919281557596,22128100.0,-0.01934627145599699,-0.019535859766918268,0.40434661193349114,-0.3122299583175824
2022-08-30,46.9316291809082,48.094626721409675,46.51988508658615,47.632317756246586,34469300.0,-0.028994159290373078,-0.02942279555995671,0.40267350679593805,-0.33217127246126893
2022-08-31,46.59212112426758,47.44450433582452,46.59212112426758,47.25668959126919,33242900.0,-0.007234099104719283,-0.007260392080381235,0.377488997124693,-0.33700241166126266
2022-09-01,46.15148162841797,46.21649400012552,44.71398983427607,46.21649400012552,40922200.0,-0.009457382175719453,-0.00950238719238827,0.37850345268387586,-0.3432726332357624
2022-09-02,45.4507942199707,46.82327643362999,45.4507942199707,46.58489681265151,49910300.0,-0.015182338328566525,-0.015298770000336885,0.3790557887705121,-0.3532432903076057
2022-09-05,47.11222076416016,48.02239398854458,46.39708741486559,46.55600165047497,24319700.0,0.03655440070306715,0.03590213651695495,0.4003868907557221,-0.3296014863841126
2022-09-06,45.9925651550293,47.350602685281665,45.93477790694695,46.71492366732249,24525000.0,-0.023765714945507832,-0.02405267521312526,0.40138968967428706,-0.34553398635859994
2022-09-08,46.59934616088867,46.73659052177104,45.913105067424794,46.3537414167726,24144700.0,0.013193023781432167,0.013106753789496078,0.40498249405910997,-0.3368996006764898
2022-09-09,50.24003982543945,50.305049450189635,47.84902925505617,48.072964155232,49273400.0,0.07812756968694234,0.07522580471249067,0.47342882412485365,-0.2850931780189029
2022-09-12,50.68067169189453,50.99850566352737,50.03054798216749,50.63010130948911,24797600.0,0.008770531790700531,0.008732294090749585,0.47226990077048836,-0.27882306500932896
2022-09-13,49.300968170166016,51.287454067132416,49.18538816353211,50.07389155326662,29457800.0,-0.02722346558696409,-0.02760088975829322,0.47634079068402585,-0.2984560004811598
2022-09-14,48.39801025390625,49.82828223557253,48.0151612038321,48.9397790254052,31018300.0,-0.018315216714266946,-0.018485016774850628,0.4731595338235808,-0.3113049308669409
2022-09-15,49.37320327758789,49.575462779509245,48.52804513977734,48.97590940200183,36958800.0,0.020149444544632633,0.019949130823457624,0.47248811020578285,-0.29742810776328243
2022-09-16,49.300968170166016,49.734382172727074,48.10185040155043,48.60027953563258,65178000.0,-0.00146304275652831,-0.0014641140486069291,0.4716869610755692,-0.2984560004811598
2022-09-19,50.897369384765625,50.96960411853496,48.63638970195971,48.70862443572904,34136800.0,0.032380727475564086,0.03186752099683848,0.4822729872594154,-0.27573949542062287
2022-09-20,50.16779708862305,50.63733122959487,49.40932394812225,50.42062697994813,35289700.0,-0.014334184751814472,-0.014437911597751466,0.48212884869531586,-0.28612117930170605
2022-09-21,49.4454345703125,50.557867264276034,49.41654508162155,50.16779303305575,44482000.0,-0.014398928400911615,-0.01450359894790421,0.43051236674625476,-0.296400269327868
2022-09-22,50.57954025268555,51.07074425806139,50.04499650044533,50.68789513100455,34529500.0,0.022936509552976547,0.022677422045433986,0.42165583444308125,-0.280262147383835
2022-09-23,49.5321159362793,49.87885039786968,48.99757225618653,49.633245672752054,44160700.0,-0.0207084586212829,-0.020925885708480692,0.42334464699264385,-0.2951668089229078
2022-09-26,49.640472412109375,50.14612111089473,48.860323981562686,48.90366372398501,18503200.0,0.0021876003837484337,0.002185211069970273,0.41986109068612215,-0.2936249155636289
2022-09-27,48.90366744995117,49.28652207809544,48.5352685889782,48.8603277042268,31646600.0,-0.014842827361539523,-0.014954084408952337,0.4172888869025067,-0.30410951899441085
2022-09-28,49.365970611572266,49.72714981304232,48.71585245785196,48.9108868017366,24371000.0,0.009453343393810432,0.009408940163128031,0.40276263593741896,-0.2975310273129812
2022-09-29,49.43098449707031,49.68380882954323,48.65083611873348,49.06980530463553,34889700.0,0.001316977762062077,0.0013161113075000235,0.4011453038700611,-0.2966058912974138
2022-09-30,52.0386962890625,52.659924912073905,49.30818260292984,49.47432193748123,55575000.0,0.052754599539621694,0.05141015712147585,0.4330538470961977,-0.2594986167742798
2022-10-03,53.45452499389648,53.577324607015456,51.381354270251606,52.90553103191613,42688100.0,0.027207228577929454,0.02684369109578633,0.4313933704491758,-0.23935162637858468
2022-10-04,54.74755096435547,55.07983521051602,53.49786834385,53.59899809219635,41717500.0,0.024189270610984304,0.02390134411854882,0.42316384004222823,-0.2209520970292511
2022-10-05,55.59270095825195,56.24282461060854,54.98592255682391,55.10872216028094,42621400.0,0.015437220094954407,0.015319278458090765,0.40698364947788174,-0.208925763086579
2022-10-06,54.343021392822266,56.033337295717885,54.11908655551004,55.76606272073866,76852200.0,-0.022479202195413217,-0.022735710822526803,0.42234246839694084,-0.22670848080973802
2022-10-07,54.5452880859375,57.38415701401533,54.29246373074637,54.436933216239126,83593200.0,0.0037220362050378597,0.003715126568253489,0.3386597320770311,-0.2238302617782631
2022-10-10,53.447288513183594,55.636033257437376,53.07888975208096,55.19539976932382,45515900.0,-0.02013005359920328,-0.020335423878261663,0.3489602122073265,-0.23945460021074624
2022-10-11,53.08611679077149,53.58454584581529,52.03147419768815,52.87663219533506,33885800.0,-0.006757531251057047,-0.006780466748651777,0.3324511824696617,-0.24459400951766982
2022-10-13,52.13983154296875,52.58769575225509,51.32356850351009,52.19039641247225,32960000.0,-0.017825475001917,-0.01798626238808134,0.3320142036173243,-0.2580594801173109
2022-10-14,50.44228744506836,52.99221166727919,50.27614259128696,52.450442877478345,34091700.0,-0.03255752939096923,-0.03309931774893978,0.3505127968926258,-0.28221523039974256
2022-10-17,51.23688507080078,51.460814426694746,50.03054778217039,50.71678610509824,25840500.0,0.015752608891849595,0.015629824321336992,0.35410649403561345,-0.27090824765570326
2022-10-18,51.98090362548828,52.60935734282232,51.09962560043018,52.226508318103505,27494000.0,0.014521151191361215,0.014416728948961486,0.3396591072637407,-0.2603209960875372
2022-10-19,51.366912841796875,52.10371607922633,50.984063722562894,51.74253683298175,22651000.0,-0.011811852831860814,-0.011882167007792594,0.338231273323302,-0.26905797562456857
2022-10-20,52.02425384521485,52.869417431584786,50.79624666812819,51.27300589690907,37240700.0,0.012796973130203337,0.012715783787790737,0.33527732624710227,-0.2597041301788997
2022-10-21,53.548431396484375,53.94573075944304,51.605290859793385,51.8653403498831,36846800.0,0.02929744183942229,0.02887647420717579,0.3408901696802214,-0.23801535498885146
2022-10-24,51.9592399597168,53.418401503573456,51.41747115943245,52.92719757086936,32035800.0,-0.02967764685768015,-0.030126939864574705,0.3508222890253234,-0.26062926619446714
2022-10-25,51.9592399597168,52.92719757086936,51.22965643220986,51.72808549204177,28158100.0,0.0,0.0,0.35092510176195457,-0.26062926619446714
2022-10-26,53.11502456665039,54.068537654947896,51.374143285428055,51.489717790382464,40845700.0,0.022244062996873204,0.022000272465728093,0.35136698680804834,-0.24418265701365247
2022-10-27,51.222442626953125,52.09649572922626,50.15334964820409,52.00981072733055,52613000.0,-0.035631762484123364,-0.03628206818650956,0.3786366073356653,-0.27111376106032326
2022-10-28,48.72307205200195,49.878849905113725,48.145188636603315,49.54656019009188,52793500.0,-0.048794443348861516,-0.05002509189519037,0.42106967432576914,-0.30667935935403
2022-10-31,48.491920471191406,50.13167722902199,47.32892293283291,47.67565741164512,39184100.0,-0.004744191428730948,-0.004755480825077611,0.37333429443162647,-0.30996860519474484
2022-11-01,49.96553039550781,51.142978142695405,49.80661066193717,50.16778987054051,42670000.0,0.030388772191273894,0.02993617975508453,0.3768163752339469,-0.288999398333181
2022-11-03,48.50636291503906,49.077026656528545,48.09461888778168,48.86031695327448,34390300.0,-0.029203482259040237,-0.029638392135547434,0.37332356072181044,-0.3097630917901249
2022-11-04,52.19039535522461,53.013883505404074,51.14297786051694,51.39580220291286,61191100.0,0.07594946763248944,0.07320349746995725,0.46303594043718865,-0.2573399660712894
2022-11-07,51.915897369384766,52.75383020202517,51.60528305382636,52.00980197226264,29445500.0,-0.005259549845743061,-0.005273429968221721,0.45735727050126784,-0.2612460235381787
2022-11-08,53.49064636230469,54.126319825403385,51.75698494975823,51.75698494975823,39756500.0,0.030332693311944325,0.029881753302716096,0.4711339539784117,-0.23883762573718298
2022-11-09,52.84052276611328,54.01796507891301,52.38543340646044,53.52676110273957,42208500.0,-0.012153967850527914,-0.01222843128364992,0.46758116655784493,-0.24808876876300473
2022-11-10,53.8518180847168,54.516386454994645,51.56193788898862,51.6486228764341,47658100.0,0.01913863197530774,0.018957792067795992,0.47195293711418573,-0.23369821643025931
2022-11-11,59.450103759765625,59.94852735207095,55.77329631417637,56.336735034008825,80174100.0,0.10395722696384935,0.09890120341218189,0.5804318278840972,-0.15403560799289726
2022-11-14,60.17967224121094,60.99594070203757,58.78552040836246,59.51510388336525,43822500.0,0.012271946309689419,0.012197256415968917,0.5613379873539077,-0.143653978394277
2022-11-16,59.55122375488281,61.23431451108775,58.90110014182926,60.186897114781395,32935300.0,-0.010442869874883853,-0.010497779249332723,0.5647881894779523,-0.15259668846578
2022-11-17,60.02798080444336,60.1652306614224,58.32321457173668,58.41712468910429,31790500.0,0.008005831274314534,0.007973954626803515,0.5642072751980739,-0.1458125205323416
2022-11-18,58.38823699951172,61.03206615866589,58.294326870391394,60.93093641281155,44324400.0,-0.027316324536611147,-0.027696351952015984,0.5740073215683131,-0.16914578293659005
2022-11-21,57.73088836669922,57.925928242438744,56.54622090105307,57.13855463387615,27745900.0,-0.011258237388088954,-0.011322091048088796,0.5768375763645609,-0.17849973694718468
2022-11-22,57.88980484008789,58.843317758784266,57.34803601102955,57.75255497315604,27105100.0,0.002752711380071826,0.0027489296085947547,0.57003194634928,-0.17623838382434717
2022-11-23,58.460479736328125,58.77109414424301,57.74534628969937,58.460479736328125,22415800.0,0.00985795163443104,0.009809679016054293,0.5558667211703608,-0.16811778165378688
2022-11-24,58.83609771728515,59.51511647197227,58.229319221643216,58.87944297494386,12420900.0,0.00642516076931221,0.006404607415945047,0.5554306606406897,-0.16277280465978042
2022-11-25,58.43880081176758,59.869067483552406,58.279881067978664,59.23339401955445,20477000.0,-0.006752604624233105,-0.0067755066157933865,0.553974094759841,-0.1684262688905685
2022-11-28,58.72774124145508,59.47898914192533,57.44193863562725,58.22208704514328,16166300.0,0.004944325100341818,0.004932142066410534,0.5323557027001122,-0.16431469801905924
2022-11-29,60.99594497680664,61.89166784846723,59.6812529110368,59.847392256563325,42574300.0,0.038622356102987254,0.03789517742555946,0.4981837954556385,-0.132038562695919
2022-11-30,61.91334533691406,62.57069420626251,61.22710697786841,61.400471471841165,59932800.0,0.015040349984843493,0.014928365383242834,0.4946927591612578,-0.1189841189055179
2022-12-01,62.25285720825195,62.66460134244765,61.205439563187255,62.42622170918747,34319300.0,0.005483662197388384,0.005468681662349968,0.4906767273475469,-0.11415292542306123
2022-12-02,62.70072555541992,63.3797388579462,61.37880806071135,62.67183055152286,30213600.0,0.007194342031077161,0.007168586209463044,0.4670785842130051,-0.10777983858132566
2022-12-05,62.63569259643555,64.28266877182638,62.61402272746834,63.49530080651425,21896500.0,-0.0010371962749760044,-0.001037734535252306,0.4107577664821781,-0.10870524600920761
2022-12-06,63.54587173461914,64.23933516352375,62.75849818301997,62.83795805091963,21335700.0,0.014531317535640742,0.014426749729041156,0.40754065283761615,-0.0957535589211165
2022-12-07,61.28488540649414,62.42621302716722,60.57697724461858,62.057814202809624,45441000.0,-0.03558038101306327,-0.03622878967700524,0.43183371066280196,-0.1279269918244097
2022-12-08,62.0361328125,63.02576573120704,61.653283770645665,61.76163862485045,29827900.0,0.012258281973164253,0.01218375764342951,0.42622338723380876,-0.1172368749890078
2022-12-09,64.10209655761719,64.67998560544987,63.228043368360105,63.61089252030693,37713000.0,0.033302587563951214,0.03276006840996292,0.4336710591125777,-0.08783857872010203
2022-12-12,62.18783187866211,63.78424878909236,61.67495807708946,63.675893927090875,34995000.0,-0.029862746801650575,-0.030317719351998212,0.29886102500526235,-0.11507822428601734
2022-12-13,62.45023727416992,63.34900883313547,62.06607960735491,62.5154681517952,31559400.0,0.004219561730658183,0.00421068434375211,0.29667232927703424,-0.11134424222658847
2022-12-14,62.979347229003906,63.29826847119044,61.971852064730705,62.15305631053401,34564000.0,0.008472505116531082,0.008436814893761288,0.29381807570710156,-0.10381510177201843
2022-12-15,63.18228530883789,63.90710217973404,62.97933746977319,63.341745905221266,24782100.0,0.00322229570109811,0.003217115231991144,0.29319127233931347,-0.10092732902706936
2022-12-16,62.10231399536133,63.29101330308059,61.25427952520447,63.05907210962108,37762100.0,-0.017092944773960173,-0.01724071546599977,0.28097471641659144,-0.11629512853978655
2022-12-19,61.87763214111328,62.02984305455957,61.05858535410667,61.609447847946896,27508500.0,-0.0036179304730066253,-0.0036244910119562226,0.27704138515201954,-0.1194923113233869
2022-12-20,62.15305709838867,63.24028258699022,61.83413585215948,61.8776286320456,22657300.0,0.004451123091576692,0.004441246141356872,0.2770482278723678,-0.11557306321800771
2022-12-21,62.50821685791016,63.349007236658124,62.20379504350067,62.98659873476639,39183700.0,0.005714276595586876,0.005698012047749636,0.27619979573099357,-0.11051920307264786
2022-12-22,62.15305709838867,62.80539349753256,61.384752856016306,62.53720921957485,19429200.0,-0.005681809166446339,-0.005698012047749515,0.2777596034177286,-0.11557306321800771
2022-12-23,62.566200256347656,62.71116143751793,61.66742876727987,61.81238994845015,18656500.0,0.006647189651588281,0.006625194503269504,0.2757350385598614,-0.10969410963624453
2022-12-26,63.138797760009766,63.45046923418044,62.57344148823829,62.63867235194399,18407500.0,0.009151866364203842,0.009110241804092062,0.2764384414076911,-0.10154614910437193
2022-12-27,64.64641571044922,64.97983079316302,63.3997298612241,63.78388190152666,26720300.0,0.023877837461680818,0.023597220146754784,0.2568946688192139,-0.08009301408586487
2022-12-28,64.50145721435547,65.38573475596311,64.29125964053772,64.64642391866822,23314500.0,-0.0022423284338457528,-0.0022448462167499817,0.2534448266162926,-0.08215574767687343
2022-12-29,64.42173767089844,65.19729169630382,64.38550013620265,64.50871770801582,40110800.0,-0.0012359339912600964,-0.001236698387569305,0.2533619919636944,-0.0832901425870023
2023-01-02,64.79863739013672,65.16104587047315,64.16804464358209,64.27676829366592,12783800.0,0.005850505324207278,0.005833457577571106,0.25302474281288223,-0.07792692668545419
2023-01-03,64.68266296386719,65.29875626437698,64.42897813776486,64.79863633003652,25332600.0,-0.0017897664355390752,-0.00179136998108627,0.25314485854884594,-0.07957722212318688
2023-01-04,64.79863739013672,64.97984163030493,63.747649479212335,64.72615680005235,26395300.0,0.0017929754428063216,0.0017913699810862358,0.2485909266655732,-0.07792692668545419
2023-01-05,65.88587188720703,66.45122830945418,64.50871836665493,64.84213355080286,29085600.0,0.016778662960523993,0.01663945617305149,0.21175204727757962,-0.06245577336333489
2023-01-06,66.9295883178711,67.2195161770366,65.95833634906771,65.95833634906771,31420600.0,0.01584127827056525,0.015717114777694687,0.21400685429075766,-0.04760387437822153
2023-01-09,67.00208282470703,67.40072884233076,66.13954885635016,66.34249672421892,19285800.0,0.0010831458650490955,0.00108255968580684,0.18467434496996316,-0.04657229045286556
2023-01-10,67.82837677001953,68.06031799081597,66.92959970075776,67.03832335767498,19821100.0,0.012332362077075665,0.012256937971672332,0.14214646527196825,-0.03481427472441336
2023-01-11,67.58917999267578,68.48070726649219,66.87161276686685,68.12554298257942,23834100.0,-0.003526500098252061,-0.0035327328572547024,0.14487201484612533,-0.03821800227942918
2023-01-12,67.94435119628906,68.35025251943307,67.36450085309333,67.75590273795606,18058600.0,0.005254852975753899,0.00524109441428614,0.14400194267557964,-0.03316397928668067
2023-01-13,68.0023193359375,68.33573443653758,67.66890423533744,67.90809513247898,16905800.0,0.0008531708468444421,0.0008528071034729469,0.14437167237362858,-0.032339102980128924
2023-01-16,66.8643569946289,66.96583091515447,65.83511835506165,66.68315277513128,19563900.0,-0.016734169546290922,-0.016875767668922174,0.14367452837860792,-0.04853210449417538
2023-01-17,66.77737426757812,67.57467722493122,66.55993253095667,67.05280820917781,18719500.0,-0.0013008833249943397,-0.0013017302082508446,0.14233558106784325,-0.04976985321370637
2023-01-18,67.65441131591797,68.2995034875784,67.34274533679336,67.45146345513243,16737300.0,0.013133745643030936,0.01304824581406724,0.14607151972467317,-0.03728977216347533
2023-01-19,67.94435119628906,68.40098949358664,67.63992935136764,67.98784398121744,21712500.0,0.0042856019989176986,0.004276444959632912,0.14597052856044926,-0.03316397928668067
2023-01-20,68.12554168701172,68.54593683349667,67.77038293976756,68.06031081768525,27103900.0,0.002666748412965214,0.0026631989483685554,0.14142033768085718,-0.030585670862845804
2023-01-23,68.3502426147461,68.64016497937337,67.91534800797591,68.38648014536719,13534300.0,0.0032983360156857433,0.003292908436827493,0.14127814829081636,-0.02738821666693084
2023-01-24,69.07505798339844,69.07505798339844,67.55293795484974,68.35748521682622,17439800.0,0.010604430078438032,0.010548597478212404,0.14200175247558994,-0.017074223017110483
2023-01-25,69.72738647460938,69.87235317860075,68.69089804320696,69.0025695443955,18282900.0,0.009443763208533573,0.009399449649475205,0.12453675842035894,-0.007791704727720251
2023-01-26,71.03206634521484,71.03206634521484,69.86511052715026,69.94484083993095,26876000.0,0.01871115406111712,0.01853825386297848,0.13277294064756673,0.0
2023-01-27,69.08954620361328,71.24225326634419,68.73438747347309,70.9233320630021,34682400.0,-0.027347087611965915,-0.027727979461157022,0.17529647304487905,-0.02734708761196587
2023-01-30,68.84312438964844,69.79988265426528,68.27051826863996,69.50995473439939,23820000.0,-0.0035667018746745605,-0.0035730777208155583,0.17680751441635717,-0.030816250577987963
2023-01-31,68.50244903564453,68.7706277583795,68.02406721144548,68.35748233289591,20658600.0,-0.004948574850782483,-0.004960859592041036,0.17830479723748993,-0.03561232890616483
2023-02-01,67.74138641357422,69.00256626381015,66.38597682774528,69.00256626381015,28818100.0,-0.011110006033131725,-0.011172183104163728,0.18515016618015173,-0.04632668175029524
2023-02-02,64.61018371582031,66.65416733270048,64.40723585072668,66.45846918562151,37844400.0,-0.046222890665941097,-0.047325272846076696,0.24772606502969963,-0.09040821927077655
2023-02-03,64.47246551513672,65.79163214344354,64.28401708960322,65.0595710052026,22545600.0,-0.0021315246724777914,-0.002133799604483152,0.23974568573291838,-0.0923470365932839
2023-02-06,63.667930603027344,63.96510826462188,62.81265174458193,63.9288651981148,17888700.0,-0.012478736553366176,-0.012557249834497162,0.2423918803239379,-0.1036733988055184
2023-02-07,64.08831024169922,64.27676418781222,63.05182183294897,63.48671087559005,16259700.0,0.00660269047054407,0.006580988186417512,0.23860022227744615,-0.09775523169731637
2023-02-08,64.30575561523438,64.77688770154622,63.493958704513766,64.5811840437346,14411000.0,0.0033929022736767234,0.003387159367171515,0.23959447384508062,-0.09469400337152932
2023-02-09,64.06658172607422,64.90737219936592,63.39975133479042,64.30577269139846,19782200.0,-0.003719323206327396,-0.0037262570871192087,0.23786494836376243,-0.09806112897361689
2023-02-10,62.91412353515625,64.472475802985,62.595202256571774,63.91436909537753,18099100.0,-0.01798844514360809,-0.018152204040694144,0.2433505871832803,-0.11428560687796277
2023-02-13,62.848876953125,63.138804838564546,61.82688793109585,62.27627090010839,13798500.0,-0.0010370736865592534,-0.0010376118195628207,0.2385872854777415,-0.11520415796887645
2023-02-14,63.131561279296875,63.58094982206253,62.718415799464665,63.059080683344995,20072400.0,0.0044978421234593835,0.004487757060947219,0.240045566662063,-0.11122448595992725
2023-02-15,64.50870513916016,64.68265964958641,62.74015010509829,63.131551900993,28465800.0,0.0218138729972277,0.021579354840623947,0.24925281119212989,-0.09183684977361131
2023-02-16,64.64641571044922,65.42196950782805,64.43621816332046,64.71889628844549,28740800.0,0.002134759502488759,0.002132484141079537,0.24860869697526247,-0.08989813985885547
2023-02-17,63.80562973022461,65.0523156616747,63.45047100367886,64.94359202255261,26381400.0,-0.013005917976806058,-0.013091235490446754,0.25056134133213626,-0.10173485000238983
2023-02-22,63.32000732421875,64.11005512202551,62.74740128704109,63.09531584592771,16864400.0,-0.007610964864058434,-0.00764007606073594,0.2497641656359149,-0.10857151449762978
2023-02-23,63.02283477783203,63.83463179365682,62.00809542044449,63.059077839130765,21485100.0,-0.004693185597169913,-0.00470423317179254,0.24392431993140032,-0.11275515382669651
2023-02-24,61.638427734375,62.68216580429941,61.355749595422786,62.37049432674775,17183900.0,-0.02196675297671613,-0.02221161461380042,0.24568999426195295,-0.13224504219244998
2023-02-27,61.638427734375,61.884862817599426,60.63093272017837,61.29051320109557,14422200.0,0.0,0.0,0.2292285396271557,-0.13224504219244998
2023-02-28,61.84138488769531,62.6966691504823,61.13106180982216,61.65293092337554,21127300.0,0.003292704904721777,0.00328729582234936,0.2183777670486139,-0.12938778118678046
2023-03-01,64.65367126464844,65.12480339932866,63.42148463232903,63.61718278031779,30916600.0,0.04547579880463992,0.0444720916555913,0.2815717143330283,-0.08979599508716944
2023-03-02,64.50870513916016,65.33499597607762,64.0883100032087,64.65366630952968,21740900.0,-0.002242194799656261,-0.0022447122822442885,0.2815037159543094,-0.09183684977361131
2023-03-03,64.72615814208984,65.45097511779112,64.37099384245765,65.30600840470207,19783400.0,0.003370909437115266,0.003365240657621347,0.28063700504744205,-0.08877551404007276
2023-03-06,62.44298553466797,63.711415282203646,62.42124190949659,63.37075040807912,27298600.0,-0.03527434151753217,-0.03591150978971767,0.258378431898798,-0.12091835775696096
2023-03-07,61.848636627197266,63.34900761273965,61.46448449769783,62.95035604632613,20898200.0,-0.009518265380516144,-0.009563853579452877,0.2598833203305889,-0.1292856901189702
2023-03-08,62.41399383544922,62.631441152721415,61.89937441648102,62.044335608052485,22274800.0,0.009140980934789766,0.009099455035037462,0.2596700235631052,-0.12132650721269904
2023-03-09,61.59495162963867,62.68942132763252,61.47897825426944,61.703669756653696,24439300.0,-0.013122733468553638,-0.013209597299558066,0.2615082711401942,-0.13285710526442984
2023-03-10,61.39199447631836,62.464726013361066,61.08032296142683,61.31951388609315,21820200.0,-0.0032950290234931012,-0.0033004695861211853,0.26076282512878635,-0.13571436627009933
2023-03-13,61.64568328857422,62.33425717329015,60.92086634469876,61.15280754554233,23460200.0,0.004132278392644739,0.004123763978182063,0.26168789654743513,-0.13214289742076396
2023-03-14,62.206912994384766,62.48098126234382,61.40691802828968,61.56988059375626,18077900.0,0.009104120124410642,0.009062927449399943,0.25709711536563407,-0.12424182210805972
2023-03-15,60.33283996582031,61.547644440062065,59.33284923598631,60.74024631751733,34103400.0,-0.030126443161286875,-0.030589569756022766,0.2783397937289183,-0.15062530107735345
2023-03-16,60.5550537109375,60.85134868199627,59.78468904672732,60.16246527611116,20573400.0,0.003683130866093398,0.003676364748180965,0.278102097680578,-0.14749694290687265
2023-03-17,61.28098678588867,61.85135004219544,61.20690879169824,61.414319263530935,39906400.0,0.0119879849899307,0.011916698255200475,0.2691692590450582,-0.1372771490545701
2023-03-20,61.784671783447266,62.21429352919182,60.59949197746516,61.27356313340139,19650900.0,0.008219270347562091,0.008185676099642202,0.2714190179986666,-0.13018619670763018
2023-03-21,61.26616287231445,61.8069016591394,60.399504678959815,61.643939130196074,15692200.0,-0.008392193341257292,-0.008427606061911641,0.2694492242672572,-0.1374858423157541
2023-03-22,60.503204345703125,61.29579016773926,60.45135314805055,60.7402391994516,18085500.0,-0.01245317955037295,-0.01253137021727988,0.27135243425730055,-0.14822688598613473
2023-03-23,58.947662353515625,60.87357123320527,58.377293531959765,60.38468367187168,26000100.0,-0.02571007616884957,-0.026046356561468188,0.2841590832568017,-0.17012603762600942
2023-03-24,58.27360153198242,59.15507769451738,57.843974019876505,59.029154143114575,27801900.0,-0.011434903346816183,-0.01150078456585972,0.2771836366180507,-0.17961556617579535
2023-03-27,58.17729568481445,59.31802763761746,57.79951945953431,58.89580914513605,14202900.0,-0.0016526496498610044,-0.001654016781761261,0.27702362745212505,-0.1809713742231063
2023-03-28,58.792110443115234,59.18469889831067,58.21433267646273,58.31063179658322,13866800.0,0.010567950109466206,0.01051249964773206,0.28032782757359453,-0.17231592056767145
2023-03-29,59.63655090332031,59.8809890536486,59.14025437074039,59.251365703448045,17345200.0,0.014363159509678036,0.014260986523265526,0.22895036829068766,-0.1604277621111638
2023-03-30,60.60690689086914,60.703200357788695,60.1106160476306,60.518016701234906,14249000.0,0.016271162112006188,0.016140205389523866,0.2399001676780409,-0.1467669461237348
2023-03-31,59.473575592041016,60.8661544622495,59.19209850749473,60.4439360097521,22468400.0,-0.018699705313601322,-0.01887675546768727,0.2448660179621504,-0.16272215279504507
2023-04-03,59.488407135009766,59.54766727250205,58.8217503679737,59.1106364740514,13510200.0,0.00024938038147381825,0.0002493492913552226,0.21458672482821192,-0.1625133521261096
2023-04-04,57.80693435668945,59.392106099250896,57.59212062410872,59.22914356754433,20485600.0,-0.028265553900345464,-0.028672715449779004,0.23295413735356899,-0.18618537611240865
2023-04-05,56.9550895690918,57.59953078056626,56.221763812143045,57.59212185132435,25382600.0,-0.014736031188602228,-0.014845685071576888,0.23144335699126573,-0.19817777379175677
2023-04-06,56.85138702392578,57.406938037188894,56.503240818063745,56.792126892852,13976800.0,-0.0018207774924173803,-0.0018224371226066571,0.22932962121298225,-0.1996377136541567
2023-04-10,57.94768142700195,57.96990256507301,56.81435252315929,56.85139152084947,13849000.0,0.01928351198564071,0.019099941240386324,0.24358629429350817,-0.18420391791255183
2023-04-11,61.00690460205078,61.44393532126533,59.30321269186181,59.6291377376196,34226000.0,0.05279284864749245,0.051446488867794744,0.3104057912185396,-0.14113571882369177
2023-04-12,59.703216552734375,61.33283630710478,59.47359060084948,61.29579731102648,32702000.0,-0.021369516414910583,-0.02160115041291562,0.3168657385099,-0.15948923317846925
2023-04-13,58.89581680297851,59.79951402928258,58.49581939208866,59.25877521881374,21361900.0,-0.013523555285211653,-0.01361583143780291,0.3019700288005912,-0.17085592700139587
2023-04-14,58.37729263305664,59.11062396376508,57.7772994091648,58.592106347484275,22693200.0,-0.008804091666755554,-0.008843076668819335,0.3025551090917287,-0.17815578742502267
2023-04-17,57.68101119995117,59.58469908941299,57.36989834129459,58.87359447928967,21479200.0,-0.011927264895309486,-0.011998965416965319,0.3000410391658513,-0.18795814105108152
2023-04-18,58.17729568481445,58.466181724335605,57.52545127665122,58.36247933329501,15193400.0,0.008603949108016096,0.008567146088095326,0.30023311032328515,-0.1809713742231063
2023-04-19,56.48101806640625,57.49582658943216,55.56991194411501,57.258791723273326,31128000.0,-0.029157037955117038,-0.029590551839328096,0.314365254885797,-0.20485182295121057
2023-04-20,55.30325698852539,56.636576095655926,55.206957857916166,56.221766460285195,31112800.0,-0.02085233443377621,-0.02107281476529485,0.318845969783491,-0.2214325186634394
2023-04-24,53.303260803222656,53.7328882248512,53.02918696845483,53.48103552372684,29754000.0,-0.03616416634770181,-0.03683429591496348,0.33060077436115526,-0.24958876257140603
2023-04-25,51.85142135620117,52.74030060462204,51.63660764670556,52.74030060462204,31799200.0,-0.027237347680870383,-0.02761516044890814,0.3396080111929778,-0.27002797434888076
2023-04-26,52.051422119140625,52.91067703817671,52.051422119140625,52.59216090803154,25907200.0,0.003857189594968169,0.003849769712989789,0.3410662216652353,-0.2672123338469214
2023-04-27,53.15512466430664,53.16993687199086,51.2440277456708,51.62920731039186,31717800.0,0.021204080507920553,0.020982402174232185,0.34953114738886265,-0.2516742451786003
2023-04-28,53.62919235229492,53.64400455940552,52.63660493517053,53.058823479786874,33277500.0,0.008918569770688833,0.008879034220474607,0.34609473016756354,-0.24500024972302226
2023-05-02,51.51069259643555,53.03660429607771,51.347730055433495,52.81438727309458,37367900.0,-0.03950273466627585,-0.040304143905403725,0.35750528882967786,-0.27482480453131825
2023-05-03,51.11069107055664,51.91068585233449,51.00698867121768,51.80698345299554,19958300.0,-0.007765407640948463,-0.007795715422337949,0.35524438366631456,-0.280456085535237
2023-05-04,49.52552032470703,51.35513585778025,49.41440899430267,51.14773105508251,35996200.0,-0.0310144651274884,-0.031505595094937805,0.36374678359652307,-0.30277235517810086
2023-05-05,51.14031982421875,51.29587341924064,49.79959194472764,50.140329198302744,27107300.0,0.032605402001322004,0.032085124905588604,0.3839063050883013,-0.28003896753224783
2023-05-08,51.8292121887207,52.710688363720266,51.74032198281359,52.36994540008853,24917600.0,0.013470630744387924,0.013380708438134542,0.3884515730526241,-0.27034063831352645
2023-05-09,52.36254119873047,52.37735340710844,50.87366277132989,51.48106503926402,18717400.0,0.010290123802534579,0.010237540894053562,0.39198559118891707,-0.26283235314809433
2023-05-10,51.37735366821289,52.63660026100611,50.88106282940022,52.510676731998124,24792600.0,-0.01881473870373318,-0.01899398781104177,0.38533261974368077,-0.2767019698044588
2023-05-11,50.37737274169922,50.58477757082427,49.895894016168775,50.36996381169968,27709000.0,-0.019463457245606608,-0.019655364530391833,0.3221796546827398,-0.2907798500910012
2023-05-12,50.42921829223633,50.79217670249142,49.932927413734475,50.295885823989565,17578100.0,0.001029143595934201,0.0010286143907179924,0.3209852124452615,-0.2900499607156149
2023-05-15,51.1551399230957,51.947725877938254,51.05143751041407,51.332920331713616,21020000.0,0.014394861856725116,0.01429223948366374,0.330172757722822,-0.2798303279749396
2023-05-16,50.103294372558594,51.258838689589695,50.07366430656328,51.11069401097035,23990300.0,-0.020561874175662576,-0.020776212735892,0.33373243985509443,-0.2946383661562471
2023-05-17,51.762542724609375,52.02920768892857,50.96995676159335,51.19958837892014,30913100.0,0.0331165519718708,0.032580012400004736,0.3623050754250385,-0.27127922095009677
2023-05-18,51.83661651611328,52.0884636001185,51.199584225402475,51.762538525422585,23710600.0,0.001431030772541364,0.0014300078238031744,0.3595275163588002,-0.270236399090686
2023-05-19,51.26625061035156,52.3032803752701,51.20699047490306,52.221799101867795,33892200.0,-0.011003146889118853,-0.011064129254395,0.34911080526243554,-0.27826609518582346
2023-05-22,50.44403076171875,51.03662076842301,50.19958696010145,50.66625342707213,18936200.0,-0.01603822863665383,-0.01616823292507563,0.3465112082118672,-0.28984142856605816
2023-05-23,49.30330276489258,50.14033664269684,49.26626941849761,49.999595232866184,39413300.0,-0.02261373604767236,-0.022873347905233557,0.3325475112652232,-0.3059007670524574
2023-05-24,48.184791564941406,48.72552469829392,48.014420107706215,48.72552469829392,33304700.0,-0.02268633412420462,-0.02294762843848351,0.32852116715015733,-0.32164733416645946
2023-05-25,48.03664016723633,48.740341464490385,47.98478896860555,48.740341464490385,36934900.0,-0.0030746505877359276,-0.003079387036963499,0.32733700366953045,-0.3237330315891568
2023-05-26,49.132930755615234,49.65885167964591,48.82182355853064,49.44403795269982,38181700.0,0.022821966410686567,0.022565440945264553,0.32898437383692664,-0.30829928955142766
2023-05-29,48.76256561279297,50.14773585525287,48.69589655251529,49.881070916856466,17320700.0,-0.007538022607778916,-0.007566577086906719,0.32565135368197273,-0.3135133451446057
2023-05-30,47.61442565917969,49.12552512684675,47.31072454490453,49.12552512684675,39920700.0,-0.023545519789304636,-0.023827144999551644,0.3064843506184421,-0.32967703026159695
2023-05-31,47.26628112792969,48.05146090896219,47.0440584625411,47.614424507393224,103408900.0,-0.007311744842665724,-0.0073386066669525974,0.30641222079358726,-0.3345782607785021
2023-06-01,48.26627731323242,48.71812029548072,47.51813365984886,48.10331476978675,51982400.0,0.02115665039515524,0.020935955812376346,0.30025316048552914,-0.3205001656764567
2023-06-02,50.32551193237305,50.51809886475368,49.90329342468217,50.36995420117525,39185700.0,0.04266404483148478,0.04177901946398476,0.31609747478721784,-0.2915099542818906
2023-06-05,49.91069793701172,50.72551056092664,49.3551469578098,50.71810163215738,21478500.0,-0.008242618493752296,-0.008276776705138525,0.312536598137652,-0.29734976743536606
2023-06-06,50.07366180419922,50.65884286280927,49.92551713298322,50.221812126772186,31884200.0,0.003265108963075747,0.0032597900695053124,0.3099171260133998,-0.29505553786311206
2023-06-07,50.86625289916992,50.873661828900474,49.92552227226091,50.07366695872677,27377500.0,0.015828502777966102,0.01570453843018144,0.30950496777357966,-0.28389732248586647
2023-06-09,50.63662338256836,51.703283134534864,50.555142115328856,51.60698400887519,30056800.0,-0.004514378463393975,-0.004524599041153121,0.3016449271454657,-0.28713008099081505
2023-06-12,49.71811294555664,50.22181274579933,49.40700008999716,50.22181274579933,26651200.0,-0.01813925130971339,-0.018305784460489638,0.308713237374173,-0.3000610076028577
2023-06-13,50.24403762817383,50.79217974093111,50.081075084861745,50.59218385227556,34288100.0,0.010578130412815412,0.010522573440465203,0.3065660653337403,-0.29265696166026606
2023-06-14,51.12550735473633,51.56254377368538,50.73291886144689,51.10328621758521,53775600.0,0.01754376774187083,0.017391652389220923,0.303666039347543,-0.2802474996818045
2023-06-15,51.5255012512207,51.59217030946873,50.63662191786491,51.18476398505575,31874100.0,0.007823763854488464,0.007793316917384919,0.28141939318151254,-0.2746163260856373
2023-06-16,51.60697937011719,51.99956781260623,51.26624212472373,51.40698351027891,39953600.0,0.0015813163757345539,0.0015800674114928494,0.2814316334125167,-0.27346926500338603
2023-06-19,51.40699005126953,51.59217372893884,50.87366015536477,51.59217372893884,14894300.0,-0.0038752378319483194,-0.003882766021385554,0.27890535541017253,-0.27628474439371814
2023-06-20,50.08106994628906,51.12550286007269,49.85884729159968,51.1106906537266,35748700.0,-0.025792603372772782,-0.026131065124426995,0.2887004851179,-0.2949512449363958
2023-06-21,49.57737731933594,49.88107562981932,49.42182369913356,49.681079732804186,27336800.0,-0.010057545246004662,-0.010108464054028375,0.27888754697152257,-0.3020423046910872
2023-06-22,49.31070327758789,50.26625161264867,49.11070741739221,49.384775609091605,21394900.0,-0.00537894612759271,-0.005393464744959219,0.2661698122468854,-0.3057965815334927
2023-06-23,48.814414978027344,48.96255964873724,48.36997531454071,48.88848731338229,23510900.0,-0.010064514731553453,-0.010115504372431782,0.2688130406227034,-0.31278340206534366
2023-06-26,48.918121337890625,49.110713946490094,48.38479143798895,48.56256618750371,15030400.0,0.002124502770543435,0.0021222492057710366,0.25636876870257724,-0.311323408499068
2023-06-27,49.5033073425293,49.8366357372875,49.22182450562792,49.55515855174408,22737400.0,0.011962560879978046,0.011891575003048023,0.25826947169767883,-0.3030850728466223
2023-06-28,47.94034576416016,49.49588734411565,47.94034576416016,49.466257280996146,37628600.0,-0.031572871839744,-0.03208204092743713,0.27008196891361097,-0.32508867852484036
2023-06-29,48.52553176879883,48.83663898640525,47.6662768043347,47.940350677763554,24841800.0,0.012206545349452647,0.012132646235590143,0.2715782383022234,-0.3168503428723948
2023-06-30,47.56998062133789,48.93292967884386,47.56998062133789,48.67367367892229,42992000.0,-0.01969171923789903,-0.019888184578756646,0.2711196029661571,-0.3303027341180186
2023-07-03,49.05885696411133,49.25885282733966,47.88108596532358,47.932937163298085,22738400.0,0.031298653548443855,0.03081883675234132,0.2503230620829066,-0.3093421114108384
2023-07-04,48.814414978027344,49.22922457710061,48.740342642672395,48.76996705572883,12573200.0,-0.00498262701601071,-0.004995081690556919,0.24937477892438867,-0.31278340206534366
2023-07-05,48.384788513183594,48.78478591393046,48.15516257346776,48.59960224606749,27363600.0,-0.008801221217895061,-0.008840180727986613,0.25025950613093506,-0.31883174736837583
2023-07-06,48.03664016723633,48.58478221724125,47.73294190421514,47.94034669873825,18579200.0,-0.007195409066475644,-0.007221420874465599,0.24219525494884617,-0.3237330315891568
2023-07-07,48.48849105834961,48.59219346055073,47.63664505339153,47.7625742429418,57287600.0,0.00940637999535765,0.009362415485938065,0.24591849655899006,-0.3173718075059759
2023-07-10,47.74776077270508,48.28849962075345,47.65146729077102,47.77739084053654,36698500.0,-0.015276414453754827,-0.015394301003196303,0.2435905043319792,-0.3277999186923321
2023-07-11,49.318111419677734,49.63662752628533,48.0588591987692,48.207009510770725,35550200.0,0.03288846684241453,0.032359214165435295,0.2694639311419299,-0.30569228860677644
2023-07-12,49.666263580322266,50.4292194122628,49.629224585014434,50.36995928031316,22864300.0,0.007059316559831164,0.007034516231858823,0.2625429089524745,-0.30079095068211975
2023-07-13,50.82181167602539,50.962553087032994,50.31070288982527,50.53292557548384,24187200.0,0.023266257866052742,0.02299972472352743,0.27489990927445923,-0.28452297263841236
2023-07-14,50.82181167602539,51.325511532341515,50.562555643662165,51.25143918757455,20342500.0,0.0,0.0,0.2747842307746971,-0.28452297263841236
2023-07-17,50.258846282958984,50.6144014115362,49.65144407896391,50.6144014115362,15322300.0,-0.01107723976183983,-0.011139049258479673,0.27707331791979833,-0.2924484832145851
2023-07-18,49.94032669067383,50.5699499869814,49.83662429605172,50.16995826564278,16950600.0,-0.006337582651457674,-0.00635775038332283,0.2618822395980774,-0.2969326494323769
2023-07-19,49.8069953918457,50.347734163261016,49.5995905977763,49.99217905103006,14512600.0,-0.0026698123072755875,-0.0026733826122656,0.25944738982059384,-0.29880970729776596
2023-07-20,49.918113708496094,50.73292079274699,49.888483640714185,50.48107369363715,20992700.0,0.0022309781141423013,0.002228493177675687,0.2586653419995349,-0.29724536710089833
2023-07-21,50.2218132019043,50.495881414656765,49.61441099474447,49.95514826692124,24852700.0,0.0060839537163142055,0.00606552119386398,0.2561292846896937,-0.29296984044041474
2023-07-24,51.74031829833984,52.088464515820405,50.00700179176516,50.14773754356567,30616400.0,0.030235967194787827,0.02978787036730956,0.27524637286888215,-0.2715920997302455
2023-07-25,53.340301513671875,53.82178014644758,53.05141546427778,53.110669938785726,31556700.0,0.030923335378541195,0.03045484279236825,0.2908214037560421,-0.24906729793782487
2023-07-26,53.15512466430664,53.518083091822675,52.406981020712166,53.147715734785834,19066400.0,-0.00347161234770621,-0.0034776523769977667,0.2602142983270391,-0.2516742451786003
2023-07-27,52.16253280639648,52.76993499461986,51.91808901505665,52.74030493039471,28254500.0,-0.01867349318017275,-0.01885004419134068,0.2721734603746928,-0.26564810105780534
2023-07-28,50.09588623046875,51.866241729169694,50.09588623046875,51.866241729169694,45938800.0,-0.03961936786310161,-0.04042558129309262,0.3036384051613877,-0.2947426590829634
2023-07-31,51.229217529296875,51.6143971089901,50.25144224340984,50.36996251492012,26065700.0,0.0226232408308773,0.02237113060174523,0.2945658778655261,-0.2787874524116531
2023-08-01,50.51810073852539,50.96994932596285,50.295883734915456,50.940319261876816,30015700.0,-0.013881078514713097,-0.013978321626660056,0.2991520067284808,-0.28879866041052316
2023-08-02,49.69588088989258,50.19217735981844,49.5551451608298,50.177359503270935,29547300.0,-0.01627574743730975,-0.016409652337442675,0.3038639523651659,-0.3003739937907579
2023-08-03,50.00700378417969,50.28848095035285,49.25145118606387,49.51811614406268,35512300.0,0.006260536863738064,0.006241021113190609,0.3025899275695565,-0.29599395938805506
2023-08-04,50.04403305053711,50.614401917508566,49.747743700344095,49.777368114277714,22954300.0,0.0007404816036815642,0.000740207582442316,0.3013565287013882,-0.2954726558661012
2023-08-07,50.2958869934082,50.49588287474985,49.54033443865699,50.11070331939076,23057700.0,0.005032646801602869,0.005020025363137385,0.294746498768612,-0.29192701858100395
2023-08-08,49.96996307373047,50.481071834266906,48.95515448216957,49.62181685431332,43405600.0,-0.006480130665961759,-0.006501217860568271,0.27427395912827957,-0.2965154240216362
2023-08-09,49.51811218261719,50.30329478562472,49.35514964894851,49.96996078911412,21859000.0,-0.009042449970326771,-0.009083581059349234,0.2752683554651371,-0.30287664810481707
2023-08-10,48.93293380737305,49.76255872847547,48.844049257818895,49.48848484751618,28372300.0,-0.011817461317710776,-0.011887842548206273,0.2639802926091262,-0.3111148763495113
2023-08-11,48.52553176879883,49.169967340789654,48.31812695706122,49.02923159074329,42335100.0,-0.00832572271627896,-0.008360575128146449,0.264851540544496,-0.3168503428723948
2023-08-14,47.23476028442383,48.10467299148444,47.23476028442383,48.05888703971912,41056900.0,-0.026599842131043827,-0.026960019399771648,0.27749723785662234,-0.33502201590386577
2023-08-15,46.76927947998047,47.28054283691313,46.65481605721232,47.27291330049394,28611000.0,-0.009854624044675298,-0.009903502234766999,0.27833302545574645,-0.3415751239351193
2023-08-16,46.58613204956055,47.2576446863385,46.54797855096614,46.84557991529803,30508600.0,-0.003915977163991169,-0.0039236646785495875,0.27833226008253725,-0.34415350071399303
2023-08-17,47.24238586425781,47.92916052858968,47.09740139553245,47.761281630436216,39481200.0,0.014086892081942137,0.01398859388611153,0.28451599170815484,-0.3349146618562315
2023-08-18,46.715858459472656,47.37210912897864,46.563241550832245,46.70059647751607,34201900.0,-0.011145233145041344,-0.011207806621021088,0.28402009559527713,-0.3423271930111924
2023-08-21,46.77690124511719,47.11265901029555,46.563239329767526,46.92188861132613,17695300.0,0.0013066823056990806,0.001305829339331587,0.2562220301744712,-0.34146782359136074
2023-08-22,47.75365447998047,47.96731642581192,47.333957213631976,47.34158966079778,30995800.0,0.0208811017588566,0.020666079667647483,0.24008301480500308,-0.3277169462042906
2023-08-23,48.10466766357422,48.58540700469899,48.10466766357422,48.26491411061581,19128500.0,0.007350498876288247,0.0073236156159601565,0.2443326038150043,-0.3227753303728177
2023-08-24,47.463680267333984,47.83758865402795,47.181340865616534,47.83758865402795,17821500.0,-0.013324848239739562,-0.013414420612097671,0.24098239839709543,-0.3317992463198077
2023-08-25,47.364479064941406,47.90626635248729,47.23475657817362,47.822326902966694,11395300.0,-0.0020900444683985553,-0.0020922316594208807,0.20070017946398078,-0.33319581560881667
2023-08-28,48.04362487792969,48.280181261452725,47.51709953374384,47.639192493740225,14173600.0,0.014338715982859407,0.014236888821069753,0.18889765708753511,-0.32363469979264936
2023-08-29,49.577415466308594,49.623198502070935,48.249652121616926,48.364115532873704,28625700.0,0.031924955543550126,0.031425946918765706,0.2206544966363356,-0.3020417676523297
2023-08-30,49.58505630493164,50.26419861898576,49.39428586116696,49.76056185295807,21812600.0,0.0001541193414618114,0.00015410746629621787,0.2129512894750659,-0.3019341987891924
2023-08-31,49.66135787963867,50.49311412887793,49.66135787963867,50.03526627835211,31011100.0,0.0015388018163740025,0.0015376190740408685,0.2117413691380624,-0.3008600138663407
2023-09-01,52.568695068359375,52.65263451667027,50.84412888740522,50.88991774584364,57288600.0,0.058543247966901024,0.056893668544522984,0.2935711335917578,-0.2599300882945421
2023-09-04,52.9578742980957,53.453878597003815,52.56106853022853,52.86630239277597,22397800.0,0.007403250722321397,0.007375981167885014,0.293962379818682,-0.2544511651861403
2023-09-05,52.72894287109375,53.0418091540706,52.33214295950362,52.64500342062929,19253500.0,-0.004322896831419509,-0.00433226756548924,0.29317358453609965,-0.2576740958818257
2023-09-06,51.88192367553711,53.10285324346641,51.7979842219434,52.767101250942986,28466500.0,-0.016063648338775605,-0.016194067293050042,0.2980065859170065,-0.2695985581583437
2023-09-08,50.905181884765625,51.00438041452999,50.54653253752672,50.89754943729095,19989200.0,-0.018826244702873862,-0.01900571451246951,0.30353101705334085,-0.2833492744337866
2023-09-11,51.63774108886719,52.02691441497973,51.538542556343195,51.96586647718722,19493800.0,0.014390660773197173,0.014288098007414929,0.3039482106591934,-0.27303619694929765
2023-09-12,51.59958267211914,52.08795445672306,51.46222774383361,51.88955159989931,14201300.0,-0.0007389637103292213,-0.0007392368785943933,0.28307906597237387,-0.273573396818475
2023-09-13,51.401180267333984,51.72167316220178,51.240933819900086,51.63773371518627,15448400.0,-0.003845038942385859,-0.003852450108200553,0.2798144851505491,-0.27636653539649303
2023-09-14,53.50728225708008,53.93460607706398,52.690785202839166,52.88155559702489,62390300.0,0.04097380602531708,0.04015662699667523,0.3044173165176986,-0.24671651818440085
2023-09-15,53.064701080322266,54.35431099112992,53.064701080322266,54.17879964194289,37901700.0,-0.00827141947952792,-0.008305817481155128,0.30782418185983895,-0.252947241849497
2023-09-18,52.4389762878418,53.45387636413067,52.3092537937797,53.06470306009294,21849000.0,-0.011791733105842472,-0.011861806997143027,0.3083121187446505,-0.2617562885895912
2023-09-19,52.53817367553711,52.84340751871584,52.04980185519167,52.400818737199245,43870300.0,0.001891672849424264,0.0018898858895470693,0.3082066984273481,-0.26035977300445795
2023-09-20,52.88919448852539,53.24021139662224,52.68316497663115,52.86630296740956,14372200.0,0.006681252666986381,0.0066590320179892816,0.30322051434617203,-0.2554180497652335
2023-09-21,51.50801467895508,52.2405724113225,51.50801467895508,52.118482366853605,21686000.0,-0.02611459340470701,-0.026461634627413452,0.32301469281201417,-0.2748625046520982
2023-09-22,51.88955307006836,52.553436212566496,51.83613758654674,52.18715445281037,17063700.0,0.007407359679680425,0.007380059920833624,0.31702071414274435,-0.2694911504068337
2023-09-25,50.82123947143555,51.149364831537774,50.18788027047174,51.134105759327774,34715000.0,-0.02058822123964399,-0.020803113279850304,0.3288833478583471,-0.2845310282197756
2023-09-26,50.02763366699219,50.56179434239381,49.88265210494352,50.13446463770226,24178800.0,-0.015615632611428398,-0.015738840936137657,0.33311573053982624,-0.29570352882797196
2023-09-27,50.134464263916016,50.50837848046475,49.83686287317803,50.43969810160532,17109300.0,0.002135431742283478,0.0021331549486359788,0.3145330047906878,-0.29419955178745294
2023-09-28,50.89754486083984,51.15699565498589,50.33286605737061,50.44732947179236,26072300.0,0.015220679190004693,0.015106006783086582,0.31872778884536285,-0.28345678959304826
2023-09-29,51.56906509399414,51.62248058261715,51.15700025810878,51.363029765125646,19018000.0,0.013193568275057688,0.01310729119299811,0.3214731871482807,-0.2740030278245151
2023-10-02,51.118839263916016,51.67589144267702,50.83650277299084,51.569060474999745,11175900.0,-0.00873054086316094,-0.00876887531848531,0.2487107668188823,-0.2803413740566243
2023-10-03,50.80597305297851,51.09594195785101,50.416799816605895,50.42443226253293,15268800.0,-0.00612037001314214,-0.006139176251045718,0.247007855289968,-0.28474595113054724
2023-10-04,50.26419448852539,50.958595819403406,50.00474367896279,50.66862686457598,14377000.0,-0.01066367853811545,-0.010720943021966274,0.24881686397101632,-0.2923731903807766
2023-10-05,50.28708267211914,50.70677409295786,50.10394470342318,50.26419115376353,11556300.0,0.0004553576124446401,0.0004552539686291744,0.2435315799707376,-0.2920509671262465
2023-10-06,51.01964569091797,51.469861123812514,50.22603998131497,50.27945547033384,22711400.0,0.014567618161015039,0.014462529773808373,0.24069493800922206,-0.2817378359378818
2023-10-09,50.65335464477539,50.65335464477539,49.89790548891532,50.15735626095703,14392200.0,-0.007179411796812696,-0.007205307793475913,0.2359504830707657,-0.28689453579175356
2023-10-10,50.95859909057617,51.48512736889115,50.89755115242479,51.17226105225419,18261700.0,0.006026144723116911,0.006008060130219365,0.23724711695027903,-0.2825972590615892
2023-10-11,51.401180267333984,51.45459574981195,50.889916960494745,50.98148303225643,13659400.0,0.008685112712206733,0.008647614084249727,0.23913344764150707,-0.27636653539649303
2023-10-13,50.8136100769043,51.355403233452385,50.71441154695198,51.27909040226423,16302700.0,-0.011431064177393924,-0.011496900995642219,0.18915861799672193,-0.28463843597128563
2023-10-16,51.35540771484375,51.69879219774845,51.26383580253816,51.431714730839005,13103300.0,0.010662451203909074,0.010606008130931521,0.1934331559350646,-0.2770109282016774
2023-10-17,51.775089263916016,51.9277090884291,50.8136047459622,51.12647101982574,24031000.0,0.008172100422268791,0.008138889621594644,0.19243716883471182,-0.27110258890273853
2023-10-18,49.87501907348633,51.35539939576592,49.85212755458117,51.30961053610441,34907300.0,-0.036698540117320766,-0.03738887371811999,0.23203176653758723,-0.29785205978530266
2023-10-19,49.157718658447266,50.09631165266804,49.157718658447266,49.829234238654315,22855500.0,-0.014381957708771709,-0.014486380474299992,0.23297751489009058,-0.30795032176677156
2023-10-20,47.829959869384766,48.43279509437646,47.31106409482554,48.3183316781639,58015100.0,-0.027010179180362304,-0.0273816584956265,0.23419158921168431,-0.32664270757756314
2023-10-23,47.7383918762207,48.020731288246985,47.39500453136407,47.60866647441902,17595000.0,-0.0019144484631414826,-0.001916283361853841,0.2306539602977254,-0.32793181541118643
2023-10-24,48.82959747314453,49.0432564988874,48.50910165721629,48.83722700905744,21768800.0,0.022858030068402257,0.022600699302174232,0.24038883170614758,-0.3125696606398387
2023-10-25,48.7838134765625,49.73766560474349,48.64645853723039,49.37138382590739,26091800.0,-0.0009376279746563521,-0.0009380678227298469,0.23484577821882247,-0.3132142145566503
2023-10-26,49.8292350769043,49.88265056060562,48.53962519944952,48.68460966793517,30936700.0,0.021429681811243606,0.021203294737942906,0.2478924462862085,-0.2984966137021143
2023-10-27,51.56142807006836,51.70641544996998,49.379014034001855,49.95895773175723,47989100.0,0.03476258446453517,0.03417201341332533,0.27170798109829364,-0.2741105429837766
2023-10-30,52.02690505981445,52.56869231113557,51.920074098813146,52.194783947631,26604100.0,0.009027620203101216,0.008987114835369452,0.26958746957694335,-0.26755748865639883
2023-10-31,52.65263366699219,52.835771632237375,51.561426678410925,51.71404067914008,20961400.0,0.012027019605689526,0.011955269723964329,0.27023224229975146,-0.2587483882124289
2023-11-01,53.659908294677734,53.94987726309538,52.84341105706716,52.8510435046668,31543500.0,0.019130564941084893,0.018949876494882372,0.2754762761921692,-0.24456782611544292
2023-11-03,54.33141326904297,54.64427955222664,54.12538377712657,54.369569681770656,28599600.0,0.012514090979761194,0.012436436918764462,0.2727267126435757,-0.23511427916241287
2023-11-06,54.56034469604492,54.78927154798578,54.33141784410405,54.33141784410405,19096300.0,0.0042136107497943165,0.004204758350350463,0.27242490907970796,-0.2318913484667275
2023-11-07,53.476768493652344,54.2551092887491,52.83577681958604,54.049079785351914,37073000.0,-0.019860142167890782,-0.020060005426337832,0.28235145833890346,-0.24714609548656516
2023-11-08,53.51491165161133,54.07196379308674,53.278358213566655,53.50728502718136,21047900.0,0.0007132659476891678,0.0007130116944260477,0.28018734052484023,-0.24660911043289083
2023-11-09,53.77437210083008,54.285635478432454,53.58360166245441,53.79726362193888,16542700.0,0.004848376671307442,0.004836661145395456,0.28003736844069554,-0.2429563876195381
2023-11-10,54.5984992980957,54.73585424032663,54.102495016603385,54.484035875928015,22200500.0,0.015325649841533062,0.015209398318774362,0.28284372353277365,-0.2313542023014259
2023-11-13,54.484031677246094,55.31578789198777,54.12538236562315,54.94187950878241,14410500.0,-0.002096534196382227,-0.0020987350007796667,0.27837943714202873,-0.23296569450120647
2023-11-14,56.17043685913086,56.696965024411234,54.86556802599522,54.95713409171316,52233600.0,0.03095228326484234,0.030482921970414977,0.2936439230486098,-0.20922423140355617
2023-11-16,56.54435348510742,56.727491465189765,55.71259721660108,55.78127177593768,31235400.0,0.006656822465424428,0.006634763662997241,0.2934438865538879,-0.20396017750205014
2023-11-17,56.65118408203125,56.96405037519962,56.5443531092058,56.64355745672328,24538600.0,0.0018893238730188777,0.0018875413454983636,0.24900278498621897,-0.20245620046153112
2023-11-20,58.03998565673828,58.49020683604175,57.559246336125035,57.8415886289713,28810100.0,0.024514961111775424,0.024219291920375675,0.2438555961534212,-0.18290444523090787
2023-11-21,59.44407272338867,59.94007705224384,58.64283451355711,58.978592364816365,45317800.0,0.024191719738775985,0.023903735400056726,0.20989879331381303,-0.16313749857013432
2023-11-22,58.87900161743164,59.83868705913387,58.37556105809357,59.66562824158299,33715300.0,-0.009505928515135209,-0.009551398237653063,0.2176728734317929,-0.17109265368572385
2023-11-23,58.5092887878418,58.69808350723874,58.27330439082332,58.50142684231411,10279200.0,-0.006279196647933416,-0.0062989937198540975,0.22049680379806894,-0.17629752591614783
2023-11-24,58.013710021972656,58.603679954399496,57.73839192047036,58.603679954399496,16667000.0,-0.008470086991932857,-0.00850616202899668,0.2265924602833413,-0.18327435752710838
2023-11-27,57.667598724365234,58.100245789461574,57.34508491341763,57.76986403147082,17312300.0,-0.005966025918292983,-0.005983893753010183,0.2271878925657163,-0.18814696387823612
2023-11-28,57.793453216552734,58.02943757914244,56.762974363163906,56.85736570760608,22019000.0,0.002182412567394154,0.0021800345643143604,0.20422992956197153,-0.18637516560932685
2023-11-29,57.777713775634766,58.2103607493655,57.1956118485566,58.05303785063645,15853100.0,-0.00027233951324889816,-0.0002723766043885446,0.20490005254208052,-0.18659674780069202
2023-11-30,58.09236907958984,58.55648186136549,57.99010978939451,58.21823220735417,29712900.0,0.0054459632164913785,0.005431187579588457,0.20336802709253476,-0.18216698360904018
2023-12-01,59.1700553894043,59.374579991271574,58.54075169203646,58.78461002554604,25025200.0,0.01855125426780191,0.018381278705541876,0.2028569850511201,-0.16699515537336815
2023-12-04,57.84065628051758,58.60368508685246,57.45521090465745,58.39916047861677,22402300.0,-0.02246743052947653,-0.022723668526256152,0.22290539403081497,-0.18571063385073439
2023-12-05,57.30574417114258,57.71479334656752,57.054023909913546,57.604666107372594,25179500.0,-0.009248029738472607,-0.009291058256969085,0.22714927636862317,-0.1932412061246048
2023-12-06,56.92817687988281,58.14744467342277,56.73152020336164,57.81706289722372,20503900.0,-0.006588646508667084,-0.006610447451976988,0.2141109871677357,-0.19855665463520836
2023-12-07,57.10908508300781,57.486668459418226,56.96749206703942,57.17988459173409,17535800.0,0.003177832367734279,0.003172793730263664,0.21392108631499787,-0.1960098020314028
2023-12-08,57.26641082763672,57.628258292574586,56.896695417389545,57.502395173561155,16083200.0,0.0027548286651806198,0.0027510410791990953,0.21384402397928076,-0.19379494678751472
2023-12-11,57.313621520996094,57.61253750478653,56.448333356141305,56.70005365867152,15443400.0,0.0008244046148007111,0.0008240649799677895,0.2091252251371477,-0.1931303076211707
2023-12-12,57.415870666503906,58.09236998507109,57.109086789651855,57.89571334598724,11036300.0,0.001784028696744544,0.0017824392077310292,0.2084640556605143,-0.19169082893543343
2023-12-13,57.42373275756836,57.675452989870955,56.88095856856312,57.03041951950282,25288200.0,0.000136932366838316,0.00013692299245753303,0.18064364127264915,-0.19158014524750236
2023-12-14,57.73838806152344,58.414887352277795,57.70692228038555,58.210362775623565,29454300.0,0.005479534137627251,0.005464576107590277,0.18021564760837736,-0.1871503810558504
2023-12-15,58.10023880004883,58.44635641048823,57.824920701510415,58.257561713075226,23279500.0,0.006267073790487965,0.006247517348785407,0.18114816919243787,-0.1820561925133575
2023-12-18,58.37556076049805,58.941932887237265,57.982247450427465,58.2575655671799,16333400.0,0.004738740599616653,0.004727548113313073,0.16041276744976232,-0.17818016898461544
2023-12-19,58.78460693359375,59.06778698088125,58.50142088482172,58.76100309495898,21763700.0,0.007007147644781053,0.00698271167030243,0.13689425312799117,-0.17242155609128154
2023-12-20,58.59580993652344,59.319510922508314,58.59580993652344,58.7846046292939,14147900.0,-0.003211674057523095,-0.0032168425519621914,0.13317062191658272,-0.17507946831014848
2023-12-21,60.5466423034668,60.60957386344691,59.24870738592527,59.35096666978005,24202600.0,0.03329303527089533,0.03275082393760422,0.17513684903502472,-0.14761535995291244
2023-12-22,60.09039306640625,61.51418499747246,60.01173162297139,60.6724949496043,26277000.0,-0.007535500230942183,-0.007564035555151506,0.17443838596423294,-0.15403850460483884
2023-12-26,60.30279541015625,60.92422511578266,60.30279541015625,60.696108693025046,12149500.0,0.0035347138354591134,0.0035284814167363546,0.1720907680600543,-0.1510482728027999
2023-12-27,60.8848991394043,61.002894327955296,60.452252115212154,60.452252115212154,13821200.0,0.009653014015168049,0.00960672134615073,0.17406761090585904,-0.14285332988196425
2023-12-28,60.727569580078125,60.93209417130953,60.3735900196447,60.570246664659834,16545800.0,-0.002584048943990891,-0.0025873933611307767,0.17476780748096782,-0.1450682388297281
2024-01-02,60.609580993652344,61.49846687737689,60.247727481939584,61.042222016073495,18021800.0,-0.0019429163268290806,-0.001944806237110731,0.17508219269032874,-0.14672929970683055
2024-01-03,60.29492950439453,60.49158615248356,59.665625829915776,60.34212517946082,25315100.0,-0.005191448020252176,-0.005204970407341907,0.1658008061476603,-0.15115901019460673
2024-01-04,59.48470687866211,60.28706338654741,59.28018227803064,60.121872517320575,18707000.0,-0.013437657733281982,-0.013528760111531264,0.15094058565480947,-0.16256544488559194
2024-01-05,58.7216682434082,59.036320037372,58.30475716703678,59.02058414685772,21082500.0,-0.01282747575457277,-0.012910458222557975,0.1548376369237825,-0.17330761633736344
2024-01-08,58.42275619506836,58.650878634141904,57.82492428730817,58.16317397262622,23013300.0,-0.005090319421798717,-0.005103319231928462,0.1539163670350898,-0.17751574463377448
2024-01-09,57.683326721191406,58.33622820222804,57.541733701225446,58.2890265279165,15257400.0,-0.012656531838519669,-0.012737308025610912,0.16151632529922194,-0.1879255427984982
2024-01-10,56.81803894042969,57.25854789255437,56.597778462882985,57.25854789255437,21354600.0,-0.015000656687920055,-0.01511430449851412,0.1704183603206838,-0.200107192936007
2024-01-11,57.1169548034668,57.35294517124143,56.519116939526256,56.99109167359117,20289100.0,0.005260932418848618,0.0052471420595112134,0.171556745864296,-0.1958990109357202
2024-01-12,56.39325714111328,57.187745605270656,56.35392341451838,56.79443234525783,16343400.0,-0.012670452492498652,-0.012751407224687168,0.17703052554157842,-0.20608733431683032
2024-01-15,56.28313446044922,56.40112364680844,55.614497063162666,56.02354624748982,12745700.0,-0.001952763260127055,-0.001954672388090272,0.17702394810466424,-0.20763765780212592
2024-01-16,55.55157852172851,56.47193030061017,55.26839243569027,56.32246931034406,22620300.0,-0.012997782474868824,-0.013082992818523669,0.1802496233236283,-0.21793661116729143
2024-01-17,54.55255126953125,55.425707239794335,54.27723317113398,55.27624627145677,43086400.0,-0.017983777937228163,-0.01814745135192387,0.18626941016249735,-0.232001065484895
2024-01-18,54.2772331237793,55.378511517891994,54.2772331237793,55.22118260359908,30490600.0,-0.005046842711199151,-0.0050596210334605835,0.18400546773762363,-0.23587703530976126
2024-01-19,53.56926727294922,54.678413597821425,53.52993954603274,54.67054565184439,60583000.0,-0.013043514012874624,-0.013129327666291874,0.18244900800081126,-0.2458438839072577
2024-01-22,53.33328628540039,53.47487931453448,52.79051200680557,53.097295903015315,23318900.0,-0.004405156156914503,-0.004414887446380179,0.18237415346736727,-0.24916605936533834
2024-01-23,54.43455505371094,54.88293194875205,53.844585139105035,54.237898415508965,33886800.0,0.020648807621142407,0.020438510982369453,0.15145058370438882,-0.23366223376974893
2024-01-24,54.98520278930664,55.71676579728849,54.867207594183455,55.2998546424735,36922100.0,0.010115775449112796,0.010064953441285652,0.16063650710064759,-0.22591013300838908
2024-01-25,53.632198333740234,55.38637817810274,52.987164803825735,55.06385841240335,47637000.0,-0.024606701201973835,-0.024914505938902962,0.17316449973817324,-0.24495793106892733
2024-01-26,54.67054748535156,54.91439980545865,53.09729432030547,53.4119461536116,27397200.0,0.019360555484784214,0.019175524320738133,0.1872587333691371,-0.23033989720004103
2024-01-29,54.41095352172851,54.66267376147062,53.67152869332078,54.66267376147062,15866100.0,-0.0047483329793360785,-0.0047596421263095025,0.186987166601507,-0.23399449964904528
2024-01-30,54.10417938232422,54.74921298758178,53.40408215228192,54.591890060049685,34371300.0,-0.0056380952648033,-0.005654049319156329,0.1865169638006832,-0.23831331163338726
2024-01-31,53.30181884765625,53.94685240448496,53.30181884765625,53.56926900467776,34753400.0,-0.014829917833114714,-0.014940980465540389,0.18937001837228587,-0.24960906263644142
2024-02-01,53.05796432495117,53.70299792795993,52.82197993447576,53.388352073992706,21060300.0,-0.00457497563829945,-0.004585472867960998,0.1874075579675084,-0.25304208289408037
2024-02-02,51.98028564453125,52.916367190080024,51.84656056680778,52.908505245379466,32589900.0,-0.02031134616887531,-0.02052045796723234,0.19314101666649092,-0.2682138037220008
2024-02-05,51.53190612792969,52.07467435754148,51.40604300127616,51.83868999729241,24103300.0,-0.008625953302138778,-0.008663372175019139,0.1933113704297238,-0.2745261572782446
2024-02-06,52.444393157958984,52.63318786006277,51.74429597507339,51.97241840566869,27505600.0,0.01770722448659323,0.017552278027727422,0.20913432378098848,-0.2616800290860191
2024-02-07,52.546661376953125,52.75117998004347,52.31067098694437,52.56239126892741,19863400.0,0.0019500315064397977,0.001948132663137194,0.20668647904200396,-0.2602402818809031
2024-02-08,52.08253860473633,53.089419540525064,51.89374992964689,53.089419540525064,25812100.0,-0.008832583461151344,-0.008871821948799322,0.20445628463208168,-0.2667742713323878
2024-02-09,51.85442352294922,52.381461899422625,51.42964444293816,51.99601654961957,18534800.0,-0.004379876401922611,-0.004389496159747037,0.20218388438475063,-0.26998570939866157
2024-02-14,51.69710159301758,52.02748332773378,51.53191072565947,51.9094881363395,12497900.0,-0.003033915319915037,-0.003038526970933774,0.2020611305442283,-0.2722005109386739
2024-02-15,51.53190612792969,51.81509216141593,51.1621906952402,51.5240381821428,17360200.0,-0.003195449261128469,-0.003200565611384441,0.19935806429329103,-0.2745261572782446
2024-02-16,53.49060821533203,53.74232848452127,52.1848051928922,52.30280038189941,40947100.0,0.03800950196834951,0.037304938813888355,0.23941278181975226,-0.246951257825326
2024-02-19,53.08942413330078,53.16808558793608,52.42079276667426,52.73544458669976,12571600.0,-0.007500084508597182,-0.00752835156799639,0.24012963300854,-0.2525991870307288
2024-02-20,51.92521667480469,52.200534748073075,51.28018318822567,52.03534390411204,44417200.0,-0.021929178504044744,-0.022173196951590403,0.24814739925744875,-0.26898907287240015
2024-02-21,52.31853485107422,52.41292619852409,51.60270179166225,51.618437683893525,20362800.0,0.007574704574326407,0.0075461605507096356,0.24994700564342592,-0.2634518810588041
2024-02-22,52.87703704833984,53.33328188249403,52.54665534146305,52.57811512179816,35910500.0,0.010675035125800258,0.010618459215400545,0.2410691674142515,-0.2555892040172648
2024-02-23,53.00289535522461,54.33229615966566,52.89276811714499,53.687262621706,42133700.0,0.0023802072489371717,0.0023773790425856995,0.23771941105887232,-0.2538173520444797
2024-02-26,51.72069549560547,52.34999913416853,51.48470513077326,52.34213118827831,33864400.0,-0.024191128636008585,-0.02448854026645352,0.23717510891349577,-0.2718683524671292
2024-02-27,53.081565856933594,53.23102083062306,52.20054190027826,52.31066914467459,28141800.0,0.02631191147543155,0.025971707833721845,0.24620733221117552,-0.2527098170147841
2024-02-28,52.499454498291016,52.87703788461057,52.176940732139435,52.54665617250866,20331500.0,-0.01096635619626396,-0.011026929936268689,0.24831244024918953,-0.2609048673433713
2024-02-29,52.69611358642578,53.081564936614754,52.30280029140532,52.350001967817306,20717000.0,0.0037459263151233824,0.0037389278049682795,0.24861115365914363,-0.2581362714365733
2024-03-01,52.60958480834961,52.75117783630372,52.208409563716856,52.61745275475947,22423300.0,-0.0016420333908354623,-0.0016433830052740937,0.24337289668362244,-0.2593544364503242
2024-03-04,52.49159240722656,52.86130184507895,52.224136259021265,52.66464520726022,13148000.0,-0.0022427928589985324,-0.002245311685745212,0.24301295221662475,-0.26101555103130236
2024-03-05,51.79936218261719,52.1454798189387,51.60270552588631,51.917357376952694,24436500.0,-0.013187449510753901,-0.013275176036059981,0.23638106960295283,-0.2707608711413094
2024-03-06,52.50732421875,52.766912430524826,52.05107936196113,52.09041309155775,33510700.0,0.013667389062377078,0.013574832682941317,0.23895506356913288,-0.26079407624768874
2024-03-07,52.32639694213867,53.22315675581321,52.27920126828166,53.06582784048238,19036200.0,-0.003445753126888884,-0.0034517034069241454,0.2310870209901516,-0.2633411973708731
2024-03-08,51.92521667480469,52.68824533606555,51.83868728013693,52.07467162801673,23188200.0,-0.007666881168554407,-0.007696422793601286,0.23247799601866942,-0.26898907287240015
2024-03-11,50.3126335144043,50.95766704658316,50.12384482245749,50.95766704658316,58622400.0,-0.03105587734952786,-0.03154833371745178,0.255937575633891,-0.29169125856643946
2024-03-12,49.99915313720703,51.420890675383106,49.851226398208745,51.248310524875414,44680100.0,-0.006230649347892303,-0.0062501408488570154,0.25627912779534956,-0.2961044819643589
2024-03-13,50.31966018676758,50.45115027352086,49.547156318963424,49.80191659862674,32769200.0,0.006410249563247872,0.006389791295373969,0.25786570348155263,-0.2915923360272988
2024-03-14,49.67864990234375,50.24570035357201,49.44853988310102,50.21282704582717,30085800.0,-0.012738764173777062,-0.012820597947020361,0.26102288850597183,-0.3006165741975433
2024-03-15,49.11159133911133,49.50606472213065,48.7828676998897,49.39100815668368,57064200.0,-0.011414532487237894,-0.011480178285338434,0.21788760201223653,-0.30859970903240114
2024-03-18,50.048465728759766,50.13064586142941,49.317048754127114,49.71152216886048,21371000.0,0.019076441306481007,0.018896767429462905,0.23235711845470275,-0.2954102519624739
2024-03-19,50.459373474121094,50.993550615012765,50.37719020515773,50.73057042427231,16888900.0,0.008210196643954282,0.008176676326769999,0.22387336529171997,-0.28962543157777154
2024-03-20,50.79631423950195,50.80453099845979,50.06489729341459,50.467587451710536,18210000.0,0.006677466289859213,0.00665527076363205,0.22342138822617993,-0.28488192934395884
2024-03-21,50.67304229736328,51.47020274184626,50.6155155781708,51.30583934345158,18445500.0,-0.0024267891083091797,-0.002429738533719179,0.21880602005630312,-0.28661737008898197
2024-03-22,50.08955764770508,50.59086462645607,50.073120993569006,50.54155466404784,11058400.0,-0.011514695451560919,-0.011581502897308997,0.22059616544077584,-0.29483175381284094
2024-03-25,49.98271560668945,50.39362251114101,49.843008763961954,50.147078995464256,10478200.0,-0.0021330202547820143,-0.002135298382590663,0.2052172201695161,-0.2963358919649872
2024-03-26,49.34992218017578,49.73617570159085,48.97188855303016,49.563595541585826,27142700.0,-0.012660245023361272,-0.012741068815998046,0.1804768783931712,-0.30524445198685546
2024-03-27,49.80192184448242,49.85944856756085,49.0540713094917,49.14447134146386,23927000.0,0.009159075523085924,0.009117385558537916,0.18368494941880942,-0.29888113345252015
2024-03-28,49.990936279296875,50.2046064935538,49.366356019214905,49.81835299416024,18467000.0,0.0037953241122841153,0.0037881400412400727,0.18370768905615675,-0.29622016011273516
2024-04-01,50.31144332885742,50.870276980201545,50.13064328431346,50.623730324924885,16740100.0,0.0064113031964412315,0.006390838216986981,0.1864756295271415,-0.29170801417567505
2024-04-02,50.90314483642578,51.33870827530083,50.37718451435934,50.43471122864969,22583000.0,0.011760773860148399,0.011692153454623473,0.19291527237279021,-0.28337795230343976
2024-04-03,50.17173385620117,50.65660414286267,49.760826939876885,50.43471403185104,22319900.0,-0.014368679628242176,-0.014472908733198911,0.19392610731653712,-0.2936748649213265
2024-04-04,49.61289978027344,50.36897013011081,49.448536388137406,50.04846323967957,22990500.0,-0.011138424626293109,-0.011200921388186747,0.1880720083771692,-0.3015422142000566
2024-04-05,49.07050323486328,49.70330026271258,48.988323105520145,49.53893686905532,15379000.0,-0.010932570920311746,-0.010992770634280898,0.19029177253494237,-0.30917815347815836
2024-04-08,51.7496223449707,51.88111244372121,49.96628454976005,50.21282809304584,40281300.0,0.054597343281451716,0.053159028939289574,0.27501778095758,-0.27146111597727896
2024-04-09,51.40445709228515,52.48925115306938,50.96067684879039,52.292017579274685,37026100.0,-0.006669908630146715,-0.006692251877746769,0.25045949381912813,-0.27632040376721956
2024-04-10,50.62373352050781,51.32227719626845,50.48402666633837,51.22366040891525,21206800.0,-0.015187857550479023,-0.015304374324460092,0.2559723385687789,-0.2873115463869912
2024-04-11,50.837406158447266,51.04285962456775,50.4018458134626,50.77987943873122,16338700.0,0.0042207996739886955,0.004211917084693093,0.2554375008609152,-0.2843034311943259
2024-04-12,50.64838790893555,52.08656213097841,50.467587860688006,51.60990859831526,25740900.0,-0.003718093895715202,-0.0037250231879957935,0.2511453084835318,-0.28696445823798655
2024-04-15,50.944236755371094,51.65099396105596,50.91958021060053,51.19899701655807,28567300.0,0.00584122927994235,0.005824235444671287,0.24725208161865792,-0.2827994541538068
2024-04-16,50.49224090576172,50.623730993994,49.884100423301525,50.23748062323285,29973800.0,-0.008872364734401894,-0.008911958530101563,0.24143180086925192,-0.2891627189842664
2024-04-17,51.0428581237793,52.160525448207856,50.91958479374311,51.80714524607321,34220700.0,0.010904986749256107,0.010845956145484295,0.24274842116172823,-0.2814110478539126
2024-04-18,51.23187255859375,51.54416268124626,50.878492372822166,51.519506135398125,19932500.0,0.0037030535076247872,0.0036962140842849286,0.24199143067589962,-0.2787500745141276
2024-04-19,52.07012176513672,52.226265255235255,51.0264178850782,51.1496912064518,32882400.0,0.016361869373099136,0.01622945638539781,0.2480580905611308,-0.26694907744797036
2024-04-22,52.04547119140625,52.2509246482459,51.19900081744664,51.7989245352219,27171200.0,-0.000473411102083765,-0.0004735231964987762,0.24346308350407334,-0.2672961118930992
2024-04-23,51.593467712402344,51.84823111085218,50.96067073042365,51.49485093734498,23160500.0,-0.008684780224999522,-0.008722712712008737,0.24602607971579704,-0.27365948413131025
2024-04-24,52.2344856262207,52.670042796802846,51.89754209768579,52.2344856262207,25212800.0,0.012424400650710155,0.01234785118692085,0.2427449723430243,-0.2646351385533143
2024-04-25,51.13325881958008,51.80714592669688,50.878495397144775,51.511292438700025,27231000.0,-0.02108237103205679,-0.021307777919977212,0.2559742577623852,-0.28013837340627035
2024-04-26,51.13325881958008,51.13325881958008,51.13325881958008,51.13325881958008,0.0,0.0,0.0,0.255842776051839,-0.28013837340627035
2024-04-29,52.5139045715332,52.554994635710806,51.609907484771306,51.67565409543222,18487200.0,0.02700093410483828,0.026642840493075002,0.27101603658421786,-0.2607014370620113
2024-04-30,52.012603759765625,52.38242065083506,51.71675024691008,52.18518393060759,15597400.0,-0.009546058626905496,-0.009591914305228082,0.27159876599768146,-0.2677588244866044
2024-05-02,52.53034210205078,52.801542189287765,51.95507488967751,52.34954517886398,17852900.0,0.009954093909170014,0.00990487824513475,0.26682895204004514,-0.260470027061383
2024-05-03,52.58787155151367,52.94124863567923,52.06190803502864,52.73579516571468,23681200.0,0.0010951660918394612,0.0010945668349390887,0.26210715022167863,-0.2596601189111217
2024-05-06,52.744014739990234,53.17135519614832,52.55499792496654,52.77688804737813,13423600.0,0.002969186313684702,0.002964786986132816,0.2569178240468393,-0.25746191186871764
2024-05-07,53.07273864746094,53.56582569148439,52.84263177824612,53.212445493778226,21315200.0,0.006232440004637407,0.00621309867129846,0.17908697854238254,-0.25283408778328126
2024-05-08,52.58787155151367,52.78510826206695,52.25914474558193,52.30845470696303,18245800.0,-0.009135897417467453,-0.009177885657431271,0.180760823552483,-0.2596601189111217
2024-05-09,53.01521301269531,53.3603733235655,52.41528614575631,52.513906064551534,19672800.0,0.00812623611820884,0.008093396052278356,0.1713689823991431,-0.2536439422296668
2024-05-10,52.83441162109375,53.376805485834275,52.72757808090262,53.212445228626095,13705000.0,-0.003410368106193773,-0.003416196666968453,0.17238106835774936,-0.2561892911249512
2024-05-13,53.146697998046875,53.45899126101959,52.91659113266183,53.17135140934644,14504100.0,0.0059106625279128355,0.005893263089959752,0.17157784372222928,-0.25179287704014314
2024-05-14,53.11382293701172,53.21244284889136,52.61251602402143,52.982335991113835,13313500.0,-0.000618572033136755,-0.0006187634277484838,0.17140025529306735,-0.2522556970413998
2024-05-15,52.95768737792969,53.12204764267642,52.15230703280942,52.96590100220749,21292100.0,-0.002939640764838103,-0.0029439699950873856,0.16758836897531662,-0.25445379667605234
2024-05-16,53.34394073486328,53.55760782439608,52.93303380430334,53.40146745434399,16647700.0,0.007293622060516203,0.00726715222851016,0.1656619905514473,-0.2490160644403546
2024-05-17,54.387638092041016,54.5273449346864,53.557604389953,53.62335099941263,32338800.0,0.01956543410178946,0.01937649151497782,0.17652828532056095,-0.2343227377376598
2024-05-20,54.36298370361328,54.73279740277693,54.009603521548215,54.35476381009317,22222300.0,-0.0004533086799248798,-0.0004534114553650337,0.1697338147861572,-0.2346698258866644
2024-05-21,54.20683670043945,55.14370391710108,54.157529879544086,54.85607034530876,23042800.0,-0.002872303772455509,-0.0028764367529503375,0.1704401316631261,-0.2368680866329442
2024-05-22,53.77949523925781,54.52734251131362,53.48364177977992,54.23970894513831,17404000.0,-0.007883534387797542,-0.007914773737663852,0.16978668783137643,-0.24288426331439913
2024-05-23,53.458988189697266,53.746621754903465,53.07273471501687,53.59869502566293,16445800.0,-0.005959651501648566,-0.005977481098742644,0.167526374276416,-0.24739640925145928
2024-05-24,53.483646392822266,53.960299926419985,53.33571965032442,53.41789978061388,11731900.0,0.0004612545796320866,0.0004611482344386858,0.14513048888621716,-0.24704926739857888
2024-05-27,53.664451599121094,53.664451599121094,53.17957812491057,53.34394467122881,5119400.0,0.0033805699217077656,0.0033748686406495803,0.14493173625087483,-0.2445038647994187
2024-05-28,52.50568771362305,53.65622838694638,52.061907470915095,53.64800849265302,22173900.0,-0.021592764874485804,-0.021829299782147697,0.1394943540865954,-0.26081711521038764
2024-05-29,51.97151184082031,52.374198891784545,51.74962171407685,52.13587211102625,16496900.0,-0.010173676339908955,-0.010225781889629882,0.14008884998592444,-0.26833732263623733
2024-05-31,51.93863677978515,52.14409024557943,51.6016932212814,51.68387335361067,23383600.0,-0.0006325592593082741,-0.0006327594093254909,0.13507149360697746,-0.26880014263749413
2024-06-03,50.84562301635742,51.6510002289158,50.697696269665975,51.642783469642325,18846500.0,-0.02104432906204301,-0.02126891741759394,0.15349452431299157,-0.28418775304594956
2024-06-04,50.327880859375,50.459370948162935,49.8841006341016,50.4511510541925,19865100.0,-0.010182629816845035,-0.010234827433496171,0.15533174472216907,-0.2914766041750467
2024-06-05,49.61289978027344,50.27857010768744,49.56359295711229,50.21282349684465,18000800.0,-0.014206461048883567,-0.014308338849687912,0.15740315542406716,-0.3015422142000566
2024-06-06,50.30322265625,50.40184257082224,49.604682170369934,49.94162570773116,17888300.0,0.013914181171305717,0.013818267633988884,0.16702238464764277,-0.2918237460279271
2024-06-07,49.64577102661133,50.0238046183654,49.53071759737929,49.87587788507541,14822100.0,-0.013069771575698108,-0.013155932600235981,0.16664941869112443,-0.3010794479026757
2024-06-10,50.18817138671875,50.38540808939083,49.637557614001395,49.80191787542858,14762900.0,0.010925409131357533,0.010866158020125938,0.17404566444168382,-0.2934434549206982
2024-06-11,50.11420440673828,50.16351436259862,49.070500519975575,49.6375540399716,24588400.0,-0.0014737930858353954,-0.0014748801871048306,0.1712365674426049,-0.2944847730715878
2024-06-12,49.42388153076172,50.50045873953726,49.23486473257442,50.26213198466032,21969600.0,-0.013774994218679892,-0.013870749823721489,0.17527004770739388,-0.30420324124371734
2024-06-13,49.990936279296875,50.17173318829244,49.48962934645951,49.57180947464196,13692600.0,0.01147329450808554,0.011407975406722785,0.1832068126472787,-0.29622016011273516
2024-06-14,49.81835174560547,50.03202508947822,49.52249827560989,50.00736854366468,12282100.0,-0.0034523164904770587,-0.0034582894861287733,0.17923870996265334,-0.2986498308596433
2024-06-17,49.62112045288086,49.678647170785666,49.17734022764005,49.341703622355645,13976100.0,-0.003959008795227925,-0.003966866416332262,0.15772518350607426,-0.30142648234780456
2024-06-18,49.851226806640625,50.03202685244671,49.489629849999424,49.59646339072941,12239900.0,0.004637266382936156,0.004626547388297806,0.16049694114251456,-0.2981870108583866
2024-06-19,50.00737380981445,50.196393762749736,49.61290351993663,49.72795696261293,8744100.0,0.0031322599898990777,0.00312736468316209,0.16261997778992,-0.29598875011210685
2024-06-20,50.459373474121094,50.64017039589819,49.98271991904704,50.171736735206046,19497200.0,0.009038660298892331,0.008998056097207966,0.16824798301602906,-0.28962543157777154
2024-06-21,49.990936279296875,50.426496601611525,49.9169729099443,50.15529653566176,39134100.0,-0.009283452460313701,-0.009326812266206814,0.16940107592746234,-0.29622016011273516
2024-06-24,50.048465728759766,50.196392475542,49.63755879546936,49.69508551533233,13669000.0,0.001150797599418274,0.0011501359394366882,0.16962436817183824,-0.2954102519624739
2024-06-25,49.84300994873047,50.16351684022579,49.53893657502945,50.1224267757981,13962500.0,-0.004105136432009271,-0.004113585635922947,0.1677774651908264,-0.29830268900676293
2024-06-26,50.459373474121094,50.607300223284,50.056683293628495,50.18817338899872,17096700.0,0.012366097593717429,0.01229026196269307,0.16249157688167934,-0.28962543157777154
2024-06-27,50.59086227416992,50.59086227416992,50.015591946040125,50.50046224811039,13755300.0,0.0026058349716977514,0.0026024456704442306,0.16023012657595198,-0.2877743126843721
2024-06-28,51.13325881958008,51.404455760263154,50.656605281147144,50.6894785875848,22429400.0,0.010721235437156862,0.010664170501245336,0.1658177263422458,-0.28013837340627035
2024-07-01,51.88932800292969,52.04547464687633,51.445547754298985,51.535947782905744,20236800.0,0.014786250687000901,0.014677999860310192,0.15569629378862007,-0.26949431893550324
2024-07-02,51.71674346923828,52.05368700695021,51.3304899741889,51.84001679509643,24335300.0,-0.0033260121172057344,-0.0033315555906939013,0.1509356353227725,-0.2719239896824114
2024-07-03,52.744014739990234,53.28640863703482,52.144090987531264,52.15230774689267,29884200.0,0.01986341756732979,0.0196687139844373,0.1523313767884765,-0.25746191186871764
2024-07-04,52.48102951049805,53.17135008951794,52.456376099810434,53.12204326814271,7984300.0,-0.004986067723297349,-0.004998539633432036,0.1493193099375645,-0.261164257063268
2024-07-05,52.26736068725586,52.47281415400603,51.93041712718442,52.020817154149874,13138400.0,-0.004071353501162722,-0.004079664025218939,0.14020200980085415,-0.2641723185520576
2024-07-08,51.85645294189453,51.971509514849046,51.50307273381904,51.840019423586384,18662500.0,-0.00786165094158886,-0.007892716644947964,0.1412931364155475,-0.26995713893675993
2024-07-09,51.79071044921875,51.963290609477774,51.53594702099988,51.74962038272439,9794400.0,-0.001267778433466038,-0.0012685827444081303,0.14123479883447282,-0.27088267153152173
2024-07-10,51.0921630859375,51.56881660073832,50.82096615870016,51.503069991122665,17384000.0,-0.013487889183643853,-0.013579677045045084,0.14081383101030465,-0.2807169252597791
2024-07-11,50.960670471191406,51.51950408529165,50.82096363515171,51.297613991313256,13413600.0,-0.0025736356968273366,-0.0025769531904130485,0.13666228086523532,-0.2825680978570542
2024-07-12,51.708526611328125,51.708526611328125,50.91958605743591,51.009986083709805,13141700.0,0.014675162889771887,0.01456852470932008,0.14372923721463776,-0.2720396678307877
2024-07-15,51.766056060791016,51.92219956451556,51.29761927967527,51.60990942209541,10198000.0,0.001112571818093322,0.0011119533687384922,0.14211906766327848,-0.27122975968052637
2024-07-16,51.22365951538086,51.23187627461232,50.43471582540397,51.19078620851285,22363900.0,-0.010477841788317788,-0.010533120848472964,0.1486065273286575,-0.27886569895862817
2024-07-17,50.74700546264648,50.96889557932746,50.60729861231276,50.85384214141237,23145000.0,-0.009305349466319557,-0.009348914701105777,0.15316523150746894,-0.28557610564196817
2024-07-18,50.27034759521485,50.878491173948085,50.17995071247129,50.70591103193205,20625500.0,-0.009392827479889121,-0.009437218272634901,0.15394992755554826,-0.2922865660291837
2024-07-19,50.2292594909668,50.44293283843332,49.67042584601409,50.295006100947546,20553900.0,-0.0008173427520116183,-0.0008176769587187803,0.1501666883964868,-0.29286501047494096
2024-07-22,50.17173385620117,50.35253390257457,49.90875368055131,50.22926057368889,13095200.0,-0.0011452614541523909,-0.001145917767199451,0.15020284013036928,-0.2936748649213265
2024-07-23,49.49784469604492,49.80191492362797,49.30882789863001,49.80191492362797,22512000.0,-0.013431649822740921,-0.013522670387658349,0.15726978092017538,-0.3031619767967034
2024-07-24,49.80192184448242,49.92519518534834,49.481414920196585,49.522504988828125,17817300.0,0.00614324018156287,0.006124447408006804,0.15213751177884557,-0.29888113345252015
2024-07-25,49.77726364135742,50.28678734030545,49.52250022439791,49.7197369238135,17959500.0,-0.0004951255335486904,-0.0004952481486705985,0.15165421635516715,-0.2992282753054005
2024-07-26,50.51689529418945,50.73878539640791,50.13885856357419,50.50045864199132,72721200.0,0.014858825068429615,0.014749514217501565,0.15637394287945913,-0.28881563083526174
2024-07-29,50.6072998046875,50.78809672496914,50.25391958849589,50.69769669734275,28005900.0,0.0017895896010942103,0.0017879901935285013,0.1460144899075653,-0.2875429026837438
2024-07-30,49.48963165283203,50.22104548664318,49.47319499943535,50.155298873056466,28562300.0,-0.022085117288789702,-0.022332644727450852,0.1640673051608011,-0.30327760124120395
2024-07-31,50.64838790893555,50.689477973999715,49.93340760994083,50.056680940104336,34433100.0,0.023414121653443365,0.023144216056055468,0.1705476138066026,-0.28696445823798655
2024-08-01,49.5142822265625,50.845619725650835,49.489628815366515,50.829183073196546,40469400.0,-0.022391742939817494,-0.02264624434415143,0.18547680727601037,-0.3029305667960751
2024-08-02,48.82395935058594,50.00737013321366,48.782869286218414,49.8347899818875,35296000.0,-0.013941894034085967,-0.01403999511595198,0.18963341319148255,-0.3126490349682046
2024-08-05,48.5716438293457,48.88682194566398,47.617589308615734,47.96684161304772,24635900.0,-0.005167862758291619,-0.0051812623457914665,0.18902611205166342,-0.3162011704222682
2024-08-06,48.81867980957031,48.997564433885664,47.95832437920739,48.33313397243228,23930200.0,0.005086012346886104,0.0050731222736634315,0.19124492848357372,-0.3127233611322496
2024-08-07,48.7249755859375,49.057190804218806,48.57164498527021,48.81867798073346,19243400.0,-0.001919433790473879,-0.0019212782641198256,0.1870866927323918,-0.3140425431362956
2024-08-08,48.42683029174805,48.980524476936885,48.40127627533711,48.58016088920054,14584800.0,-0.006118941889742047,-0.006137739334208952,0.18756478932279522,-0.3182398769536799
2024-08-09,48.605716705322266,48.69089892381358,48.128687833088215,48.65682473661972,21989300.0,0.003693952556806046,0.0036871466693278385,0.17813282411344877,-0.31572148740402445
2024-08-12,48.35868835449219,48.64831247439527,48.14572953837208,48.63979230203402,18421500.0,-0.005082290059165606,-0.005095248820724544,0.17755064729077186,-0.3191991892862916
2024-08-13,48.145729064941406,48.54609267514828,48.145729064941406,48.54609267514828,26100900.0,-0.004403744121215358,-0.0044134691639266845,0.17561005645532557,-0.32219726185419073
2024-08-14,47.7027702331543,47.77943552958017,47.25981554819295,47.6686960459665,51693500.0,-0.009200376448544878,-0.009242961311034692,0.17556043440190786,-0.32843330220298667
2024-08-15,47.8986930847168,48.009432570988,47.43870129512267,47.617589157404886,28153700.0,0.0041071587793517494,0.00409874742604257,0.17564786853103215,-0.3256750711442094
2024-08-16,47.77092361450195,47.779440537444906,47.302411615297345,47.66018411928144,44280200.0,-0.002667493870633586,-0.002671057971965079,0.17554731102518084,-0.3274738287587477
2024-08-19,48.53757095336914,48.997562756859146,48.00943402130295,48.14572752794886,28349600.0,0.016048409385043927,0.0159209950537299,0.1873608565111483,-0.31668085344051194
2024-08-20,48.7249755859375,49.057190804218806,48.392760367656194,48.8783061866048,19475800.0,0.003861022067799924,0.0038535874527597398,0.18286233829084925,-0.3140425431362956
2024-08-21,49.661991119384766,49.88347008935858,49.49162343082646,49.61940000961853,23200300.0,0.019230702985056025,0.019048129974898277,0.19471114015306132,-0.30085109902296536
2024-08-22,49.73014068603515,49.73014068603515,49.27866581311524,49.61088427603522,17719100.0,0.0013722681091572486,0.0013713274097717132,0.19477877758452206,-0.29989167928260224
2024-08-23,48.89534378051758,49.73014192073699,48.7675671954918,49.62791935291895,24018700.0,-0.016786538183914512,-0.016929028985064,0.1953182496702624,-0.3116440743412011
2024-08-26,49.449031829833984,49.87494942225201,49.449031829833984,49.83235831290887,17168700.0,0.011323942251062036,0.011260306372396644,0.20034694109273807,-0.30384917159086455
2024-08-27,50.93974685668945,51.22937096914812,50.33494461433249,50.85456463222837,35232600.0,0.030146495728882616,0.02970102099097145,0.21219430251468585,-0.2828626636155705
2024-08-28,50.57345962524414,50.68419912141808,49.985694452309296,50.57345962524414,21280300.0,-0.007190597795387554,-0.007216574745152725,0.1978998440875902,-0.28801930976556644
2024-08-29,50.51382827758789,51.08455956903474,50.34346058240256,50.6075306724145,19175500.0,-0.0011791035871013822,-0.0011797992766497353,0.17921308528070143,-0.28885880875136877
2024-08-30,50.75234603881836,50.880119377337344,50.32642841143449,50.36049935201005,36685200.0,0.0047218310186221135,0.0047107181428884025,0.17049046963012468,-0.28550092021591106
2024-09-02,50.03680419921875,50.15606061473937,49.76421392867984,50.10494932973327,13155000.0,-0.014098694847570648,-0.01419902558375073,0.1783096710044281,-0.2955744247106569
2024-09-03,48.17128372192383,49.36385439609002,48.10313859026804,49.36385439609002,29504400.0,-0.037282966151624186,-0.03799574852658368,0.22598280229267287,-0.32183749959050795
2024-09-04,48.54609298706055,48.92941625517536,48.10313826110118,48.29905998132469,19501800.0,0.007780761403419545,0.007750647385205791,0.22787109889832122,-0.31656087898207524
2024-09-05,48.89534378051758,49.09978241716658,48.324612483427586,48.46090599102476,16585500.0,0.007194210120063049,0.007168455240674554,0.22815485091603893,-0.3116440743412011
2024-09-06,48.28202438354492,48.9975661554409,48.19684215454287,48.98052905974174,17917900.0,-0.012543513339955958,-0.012622847319440484,0.2324209387911515,-0.32027847607734
2024-09-09,48.28202438354492,48.84423554364221,48.273504210948474,48.64831381734249,10204400.0,0.0,0.0,0.23173929116909384,-0.32027847607734
2024-09-10,47.7027702331543,48.46942319741304,47.64314203032232,48.41831191663134,17580600.0,-0.0119973045411087,-0.01206985304073236,0.23520620492862784,-0.32843330220298667
2024-09-11,49.05719375610352,49.10830504256593,48.30757780212323,48.333135070101285,25592400.0,0.028392974167522844,0.027997364577161697,0.2532233242895288,-0.3093655263006675
2024-09-12,49.500144958496094,49.86643436160801,49.37236837620367,49.491624786613414,17929800.0,0.009029281303671421,0.008988761072964601,0.25450624480910533,-0.3031295933596232
2024-09-13,49.83235931396485,50.258276914938904,49.43199572921134,49.49162393338823,15045100.0,0.006711381466605992,0.0066889604076248435,0.254569932231265,-0.29845263022787083
2024-09-16,49.83235931396485,49.874950424163565,49.47459008890347,49.77273110978795,10548000.0,0.0,0.0,0.2493349992914335,-0.29845263022787083
2024-09-17,49.593849182128906,49.87495312425338,49.32126216270788,49.72162251964236,12056600.0,-0.004786250041528883,-0.004797740816067134,0.2500574391122513,-0.3018104113555771
2024-09-18,49.01460266113281,49.55125654647458,48.93793735615632,49.05719377512115,14429800.0,-0.01167980567245075,-0.011748550410448413,0.24421327419971692,-0.30996513007347226
2024-09-19,49.60236358642578,50.13050050355279,49.551252304319256,49.89198768604254,19328400.0,0.011991547281460457,0.011920218341716136,0.2482127226937088,-0.30169054430489195
2024-09-20,48.85274887084961,49.54273657315592,48.51201673042786,49.15941007187463,30842600.0,-0.015112479756535513,-0.015227836976753742,0.2467546965305874,-0.31224373181788156
2024-09-23,49.006080627441406,49.28718781817699,48.21387358926934,48.63127428928755,18164700.0,0.003138651562825112,0.0031337362782335744,0.2434815058330564,-0.31008510453190896
2024-09-24,51.39973831176758,51.74047370624042,50.80345299618688,51.28899882113987,44910100.0,0.04884409554241764,0.04768869638828308,0.2788305428111494,-0.2763868354615284
2024-09-25,51.62973403930664,52.17490806900668,51.467883265212635,51.72343643494137,21557700.0,0.004474647830773337,0.004464666358806639,0.27765149649963206,-0.2731489213845074
2024-09-26,54.730411529541016,54.8411477657632,53.19710882141364,53.324882151553105,61449300.0,0.06005604227737793,0.058321776799400774,0.343811611338059,-0.22949712227781766
2024-09-27,54.48338317871094,55.403366831577294,53.810432534428365,55.113739459828686,37237900.0,-0.004513548207046525,-0.004523765020065058,0.34512159292534134,-0.2329748241600848
2024-09-30,54.10005187988281,55.641874754793875,54.10005187988281,55.641874754793875,28980300.0,-0.007035746983089508,-0.0070606145608641,0.3411607815045885,-0.23837141922695418
2024-10-01,54.3641242980957,54.730413708164306,53.79339625186863,54.09153728355538,18091500.0,0.00488118604394705,0.0048693116803243406,0.30315029002487315,-0.23465376842781366
2024-10-02,54.66226577758789,55.667431620499954,54.491901329224675,54.87522458753547,20310600.0,0.005484158594321942,0.005469175351934083,0.3030884093206423,-0.23045648831430515
2024-10-03,53.61450958251953,54.34708841904178,53.18007503384594,54.20227798598179,26675400.0,-0.019167814948094386,-0.019353899236732423,0.31600106464275857,-0.2452069559408033
2024-10-04,53.22266387939453,53.67413550381313,53.06933328063095,53.597470204431346,16268300.0,-0.007308575722806854,-0.007335414209719656,0.31271769374893466,-0.25072341805835785
2024-10-07,53.6911735534668,54.295979036904605,53.18859063735268,53.58043731310642,22467400.0,0.008802822706017288,0.008764303747545998,0.3124543311889539,-0.24412766914975487
2024-10-08,52.06416702270508,52.06416702270508,51.663806684449874,51.800100187801455,38028100.0,-0.030303053985987316,-0.030771683089803405,0.3326505412753419,-0.2670329091980239
2024-10-09,51.92787551879883,52.01306099260697,51.32307327748206,51.68084251899556,22758400.0,-0.002617760192856089,-0.0026211925183816866,0.3213756336810277,-0.2689516412709989
2024-10-10,52.17491149902344,52.34527920687818,51.74899385413345,52.34527920687818,17192100.0,0.0047572903331116745,0.0047460101885896675,0.3206516613539084,-0.26547383198098023
2024-10-11,52.924522399902344,53.043778809141706,51.94491061059023,51.95343078238929,20939400.0,0.014367267319522758,0.014265036159225438,0.32304200474715533,-0.25492069817186636
2024-10-14,52.754154205322266,53.2567371033912,52.24305438502892,53.086369413462286,44954000.0,-0.0032190785453435344,-0.003224270924796635,0.3236426646515533,-0.25731916696696083
2024-10-15,52.10675811767578,52.132315383573314,51.5956582926332,52.04712991307059,25559300.0,-0.012271945165242881,-0.01234786726495023,0.32709979540276346,-0.26643330542521926
2024-10-16,53.10340881347656,53.13748300284074,52.45601546302502,52.754156496227665,29731800.0,0.019127090838197747,0.01894646760015574,0.32754778761719133,-0.25240230862221097
2024-10-17,51.75750732421875,52.234536224488,51.65528800612303,51.97898630450193,20345200.0,-0.025344917008722212,-0.025671631607072833,0.3423470504318541,-0.2713501100660934
2024-10-18,51.5786247253418,52.36231486008628,51.5019594213939,52.12379877586301,21823500.0,-0.0034561671943820205,-0.003462153537401327,0.3369412843235224,-0.27386844591187304
2024-10-21,51.39122009277344,52.28564641883475,51.34010881004379,52.2600891527232,19044900.0,-0.0036333778491826063,-0.00363999459877658,0.3376866759666202,-0.27650675621608933
2024-10-22,51.45936584472656,51.67232465111088,51.024931309479705,51.23789011586402,14814000.0,0.0013260193439679213,0.0013251409567375276,0.2922142309488204,-0.2755473901796019
2024-10-23,50.556419372558594,51.02493134653918,50.38605492692221,51.016411174561256,18289900.0,-0.017546785844437363,-0.017702555552638822,0.2983109361656917,-0.2882592049785641
2024-10-24,50.85456085205078,50.85456085205078,50.43716018443361,50.547899667596255,11331700.0,0.005897203227450465,0.005879882785914148,0.20260624313664935,-0.2840619248650556
2024-10-25,52.58378601074219,53.21414548258155,51.55306620832958,51.59565731802971,38466000.0,0.0340033446306256,0.033438010733448466,0.24155719449109275,-0.2597176357620553
2024-10-28,53.56339645385742,53.56339645385742,52.97562810628477,53.23969817907055,16572400.0,0.018629515244777295,0.018458111334423023,0.2509516510271867,-0.24592653417204466
2024-10-29,53.37599563598633,54.04042607871229,53.36747871342292,53.87857855405927,14941700.0,-0.003498673166339117,-0.0035048078362845837,0.2503356738308753,-0.24856479077238525
2024-10-30,53.214149475097656,53.401551021737134,52.91600518584104,53.23970349293631,12263300.0,-0.003032190012762115,-0.003036796414913299,0.24927618317277608,-0.250843285109043
2024-10-31,52.864898681640625,53.316370340501734,52.64341968897741,53.10341152036065,16553300.0,-0.0065631189618180485,-0.006584750927796836,0.24102334897270367,-0.25576008974991715
2024-11-01,52.83934020996094,53.18859253705708,52.634901566998806,52.93304260860759,15236400.0,-0.00048346771330454175,-0.00048358462150185677,0.23974676394615532,-0.2561199057174757
2024-11-04,53.38451385498047,53.55488155582777,52.9160051147706,53.15452119575427,12360000.0,0.010317571015331373,0.01026470817929045,0.2405620119848334,-0.2484448700178243
2024-11-05,52.9160041809082,53.75932249799797,52.77971067253439,53.62302898962416,16368800.0,-0.008776134504942301,-0.008814871581093524,0.2149160640748823,-0.2550406189264273
2024-11-06,52.31972122192383,52.498609099942705,51.740476222341414,52.21750189840854,19726800.0,-0.011268480457175434,-0.011332450802811155,0.2189481307306067,-0.26343517915344433
2024-11-07,54.14264678955078,54.50893618759215,52.81378270018023,52.83081979421627,38173300.0,0.03484203518391604,0.03424879205854637,0.24965088661447654,-0.23777176175027376
2024-11-08,51.64677047729492,52.856374934126535,50.85456345999228,52.805266900425394,48764700.0,-0.04609815848045218,-0.04719450431648648,0.2994673973896705,-0.27290907987538554
2024-11-11,49.96013641357422,50.9993731611021,49.96013641357422,50.89715384566353,24483700.0,-0.0326571061100942,-0.03320225084016531,0.3203066223752525,-0.2966537652055811
2024-11-12,48.82719802856445,49.90902922496611,48.7249787047412,49.90051230193655,26967600.0,-0.022676847309446968,-0.022937921453873772,0.3266707610001287,-0.3126034403776886
2024-11-13,48.69089889526367,49.16792776721802,48.648307786042984,48.82719239446587,20354900.0,-0.0027914592441090624,-0.0027953626322564148,0.31601947220529164,-0.3145222798584151
2024-11-14,48.418312072753906,48.84422966549471,48.418312072753906,48.690899072148554,17967600.0,-0.005598311567344694,-0.0056140408459515855,0.3059190051728217,-0.3183597977082408
2024-11-18,49.02311706542969,49.21903877930498,48.529054319460144,48.631273637679094,14300000.0,0.01249124487790887,0.012413872927007259,0.3109799280926256,-0.3098452630227871
2024-11-19,49.13385391235352,49.38940381889933,48.94644913112301,49.23607322507317,12902100.0,0.002258869968958521,0.0022563225576495423,0.3114075256399877,-0.3082862932134948
2024-11-21,49.08274841308594,49.2360790249741,48.73349607478371,48.98052908832507,15428500.0,-0.001040128042036903,-0.0010406693505948452,0.31116082911324483,-0.30900576403698476
2024-11-22,49.55977249145508,49.63643778989193,48.76756549077215,48.92941300991952,12590500.0,0.00971877276216171,0.009671849271030623,0.3084236996695555,-0.3022901480776966
2024-11-25,49.5512580871582,49.883476585381736,49.508666971845585,49.55977825991701,17444500.0,-0.00017180071394284901,-0.00017181547337598296,0.3073807494945036,-0.3024100151283818
2024-11-26,48.920894622802734,49.823841082967085,48.682381812360326,49.65347339715394,21406600.0,-0.012721442173005748,-0.01280305259206987,0.28074401040092123,-0.31128436578139407
2024-11-27,49.517181396484375,49.76421113641902,49.06570652799671,49.29570242337871,22121200.0,0.012188795366054217,0.01211511015156358,0.2749745702786874,-0.3028897518505013
2024-11-28,49.006080627441406,50.087911779025774,48.78460489341722,49.32126200787104,20467000.0,-0.010321685415625392,-0.010375323419498208,0.27591444957767164,-0.31008510453190896
2024-11-29,50.07087326049805,50.43716266556036,49.53421941079665,49.61940163311619,31023600.0,0.021727765604262483,0.02149508213348684,0.2907140659162593,-0.29509479539628897
2024-12-02,50.19013214111328,50.58197883174679,49.99421042054335,50.130503932656936,18972100.0,0.0023818014915533148,0.0023789694983197894,0.29100724061512073,-0.2934158511285601
2024-12-03,49.80680847167969,50.56494132980653,49.80680847167969,50.51383004461495,15957500.0,-0.007637430966626058,-0.007666745496360625,0.2914323763288882,-0.298812338787678
2024-12-04,48.835716247558594,49.815324831456934,48.52053486667977,49.747179701465285,25109200.0,-0.01949717827580255,-0.019689755507758297,0.29280389912522037,-0.3124835196231277
2024-12-05,49.2360725402832,49.2360725402832,48.44386556636407,48.946448450361224,14160000.0,0.008198022338714583,0.008164601088110252,0.2956384743883582,-0.3068472441587637
2024-12-06,48.39275741577149,49.11681601403895,48.34164613550226,48.95496850075971,17897900.0,-0.01712799337968607,-0.017276374209558357,0.2984389750011139,-0.3187195599719235
2024-12-09,50.965301513671875,51.271959455723845,49.72161965357191,49.83235913929517,40440600.0,0.05315969238533147,0.0517948763403534,0.33271784998502774,-0.28250290135188766
2024-12-10,50.9141960144043,51.05900645491763,50.50531546240372,50.88864199537106,13089300.0,-0.001002750847139966,-0.0010032539381154056,0.2889002450723537,-0.28322237217537755
2024-12-11,50.12198638916016,50.76086282856167,49.78977116059034,50.68419752585375,30138500.0,-0.015559700186957848,-0.015682022850284336,0.26876075532975,-0.2943752171650475
2024-12-12,48.73874282836914,49.57239898781701,48.704364511207075,49.33175732467609,28841800.0,-0.027597540728955927,-0.02798550746989496,0.27503866598826976,-0.3138487258486958
2024-12-13,48.00822448730469,48.73874573889075,47.87071448894154,48.541075321149776,18532800.0,-0.01498845269023319,-0.015101914721640174,0.28006694903649504,-0.32413307175965583
2024-12-16,47.98244094848633,48.592641343021135,47.56131474697124,47.99962682908159,18958500.0,-0.0005370650361206097,-0.0005372093072047372,0.2794660723898453,-0.32449605625588396
2024-12-17,48.22307968139648,48.472317555305416,47.82773888184921,48.02540928162285,22987600.0,0.005015141542475954,0.005002607608963709,0.27615935084200205,-0.3211083083655065
2024-12-18,47.105812072753906,48.016814527445085,47.06283753708247,47.930872013095765,34658200.0,-0.023168731985269475,-0.0234413460358814,0.2872033830497052,-0.33683736801601233
2024-12-19,46.21199798583984,47.41520964398602,46.06589176938461,47.28629586552229,29529900.0,-0.018974603081538977,-0.019156930946112653,0.29344227819617213,-0.3494206157364172
2024-12-20,46.94252014160156,46.94252014160156,45.83384719995905,45.91119350143682,64919500.0,0.015808062572528758,0.015684416518825205,0.2976357847975536,-0.3391362161215813
2024-12-23,47.14018630981445,47.4667737600827,46.75344172332202,46.9854871638188,18587900.0,0.004210812875334202,0.004201972211696496,0.2985345917460475,-0.33635344239158393
2024-12-26,47.27770233154297,47.61288604297724,46.753447690421666,47.14019232627397,13155800.0,0.0029171717910645434,0.00291292510231108,0.2965422883223487,-0.3344174713744916
2024-12-27,47.045654296875,47.33786345195485,46.80500934189944,47.03705807785965,16635300.0,-0.004908191879560708,-0.004920276612331609,0.2921426056381494,-0.33768427813666885
2024-12-30,46.88235855102539,47.43239853778218,46.88235855102539,47.18316392274965,11250900.0,-0.0034710059470988153,-0.0034770438640538233,0.2907177422674814,-0.33998317994611355
2025-01-02,46.62453079223633,47.355052083112135,46.60734163170432,47.01987164898095,17623900.0,-0.005499462201937866,-0.005514639915946542,0.276985905350676,-0.3436129175006431
2025-01-03,45.75649642944336,46.40966809340448,45.44709811759449,46.32372557500065,23608700.0,-0.018617546344026903,-0.01879303437757039,0.2811238334218175,-0.35583323442869547
2025-01-06,45.172080993652344,46.229189773947944,45.1033243517646,45.962762704378626,21689500.0,-0.01277229424005799,-0.01285456123299067,0.28246842337173506,-0.3640607218982387
2025-01-07,44.733760833740234,45.455689104190945,44.63922210046147,45.2322365988476,22070200.0,-0.009703342203200793,-0.009750726400695112,0.2777220148288188,-0.3702314583341165
2025-01-08,44.30403900146485,44.94002471842238,44.20090733440296,44.71656894820895,24423800.0,-0.009606208471326871,-0.009652645721823894,0.2742214150899268,-0.37628114623404246
2025-01-09,44.029022216796875,44.9056496463754,43.95167264129004,44.73376133652723,15865200.0,-0.006207487869421602,-0.006226834426143388,0.27058980939399135,-0.3801528734527242
2025-01-10,44.27825927734375,44.95721628542327,44.02902139663151,44.29544843585805,25833900.0,0.005660744845062515,0.005644783037777486,0.17568001880869866,-0.3766440770263949
2025-01-13,44.2696647644043,44.95721801747854,43.719624784742415,44.690790967987425,30845300.0,-0.00019410232199101873,-0.0001941211622847225,0.17607136932827266,-0.37676507185847097
2025-01-14,44.56187438964844,45.060350175604825,44.372800193679566,44.64782018644967,21379000.0,0.006600674001016937,0.006578984941675605,0.17920287412326116,-0.3726513012717615
2025-01-15,45.206451416015625,45.275208050876465,44.3727985285571,44.81111060105618,35137700.0,0.014464764671499486,0.01436114796199119,0.17284759113012593,-0.363576849977686
2025-01-16,45.2666130065918,45.78227794593527,44.69079092792967,44.940028818020835,220262800.0,0.0013308186927243337,0.0013299339384059462,0.16833133594532187,-0.36272988615315377
2025-01-17,46.83079147338867,46.83079147338867,45.53303788579564,45.679144092453626,54658700.0,0.03455479354218749,0.03397118300881171,0.2133997950836284,-0.34070914893856974
2025-01-20,46.65890884399414,46.83079716982492,46.20340428876802,46.59874842172794,12317600.0,-0.0036702909343780954,-0.0036770429785236113,0.21226690826468617,-0.34312893817233897
2025-01-21,46.42685317993164,46.68468399102154,45.765085355086384,46.65890189346154,28798700.0,-0.0049734481541003905,-0.004985856907328912,0.19667266542100045,-0.34639585234226766
2025-01-22,45.258018493652344,46.65890377088726,45.05175186938285,46.65030755235694,34645400.0,-0.025175832653343222,-0.025498165430632467,0.2056382069809983,-0.36285088098522983
2025-01-23,44.9658088684082,45.54163419932667,44.55327890283067,45.50725588257103,25097300.0,-0.006456527151870839,-0.006477460677200268,0.19657559107346395,-0.3669646515719393
2025-01-24,45.57601165771485,45.71352165354259,45.20645292920958,45.20645292920958,20520600.0,0.01357037279352391,0.013479119914806598,0.20319891693442557,-0.3583741259022921
2025-01-27,46.37528991699219,46.3924790764251,45.18067120362869,45.45569119756142,24531300.0,0.017537257653874594,0.017385254523077,0.21376349530806518,-0.3471217676308482
2025-01-28,45.24942779541016,46.22059071365653,45.15488905787361,46.05729861695507,22932900.0,-0.024277198559776614,-0.024576747826723505,0.22940411057392848,-0.36297182211343
2025-01-29,45.37834167480469,45.98854208218243,45.23223873719182,45.37834167480469,19220300.0,0.002848961537754491,0.002844910938343575,0.22994162164104825,-0.3611569533361653
2025-01-30,47.29488754272461,47.78476710049485,45.79087055134306,45.80805971037847,40562400.0,0.042234815050194774,0.041367268279681624,0.27520230299832793,-0.3341755354142153
2025-01-31,46.55576705932617,47.449583599872675,46.40966413480241,47.26050941981231,25477600.0,-0.015627915020005934,-0.015751318262688555,0.27254167862147616,-0.3445809835650029
2025-02-03,46.59015274047851,46.6503131634397,45.83384934368159,46.17762272081733,27216400.0,0.0007385912277746431,0.0007383186035041078,0.2676936043800269,-0.34409689682894734
2025-02-04,46.42685317993164,47.01986437328806,46.246371940018385,46.52139190898048,32648700.0,-0.0035050230776554336,-0.003511180062168165,0.26510515904811865,-0.34639585234226766
2025-02-05,46.67609786987305,46.805011655001664,46.28934995749297,46.332321219202505,21674800.0,0.0053685458494341365,0.005354186576515869,0.26179462450481067,-0.3428869485081869
2025-02-06,47.38083267211914,47.819144746624104,47.24332268026495,47.61288139809123,32789000.0,0.015098408701832877,0.014985562180020185,0.26312516472793457,-0.332965587093455
2025-02-07,47.12300109863281,47.93946481814266,46.89095237634693,47.52693484913334,24395500.0,-0.005441685148729891,-0.005456545050480627,0.26496354658346166,-0.33659537835186026
2025-02-10,47.61288070678711,47.61288070678711,47.13159410303698,47.157376201605054,15566300.0,0.010395764207142388,0.010342099851317432,0.2658571608515461,-0.32969878033127775
2025-02-11,47.4066162109375,47.43239831066298,46.74484833050918,47.191756637233375,18198300.0,-0.004332115444134588,-0.0043415262451976504,0.26707931466389306,-0.33260260259722685
2025-02-12,47.088623046875,47.518342176826046,47.01127347234394,47.27769723467565,35432600.0,-0.006707780252603879,-0.006730378523410437,0.26576839561358134,-0.3370793576801644
2025-02-13,47.14878463745117,47.26910547227565,46.5213950855115,47.14018841867979,21749900.0,0.0012776247569670218,0.0012768092889580587,0.26577034391051335,-0.3362323938556322
2025-02-14,47.84492874145508,47.96525285778013,47.26910665227858,47.45818412800672,49803200.0,0.014764836662426895,0.014656897632622228,0.24284378366959203,-0.32643197356910053
2025-02-17,47.58709716796875,48.059787571457946,47.50974759077984,47.8191458995355,12391400.0,-0.005388900773154015,-0.00540347327568388,0.24336825710685644,-0.3300617648275058
2025-02-18,47.90509414672851,48.10276456999282,47.70742044496714,47.78477002611379,27608200.0,0.006682420187079652,0.006660191788684474,0.2430895495264572,-0.3255849560406926
2025-02-19,47.862117767333984,47.89649608618804,47.02846484535321,47.52693735474928,26472500.0,-0.0008971150179329923,-0.0008975176664433883,0.22148601388285108,-0.3261899839049484
2025-02-20,49.62397003173828,49.98493255240443,48.54107591274581,48.816095912823926,76934000.0,0.0368109968089787,0.03614965304976627,0.24791911511984605,-0.30138636555261555
2025-02-21,49.98493194580078,49.98493194580078,49.469270271536494,49.76147942788545,37134700.0,0.007273942690027457,0.007247615161763225,0.24604831193727694,-0.29630469001317356
2025-02-24,49.5294303894043,50.33730121509958,49.40051333237453,49.93336416300347,19081700.0,-0.009112777364394309,-0.009154552706641748,0.24581666842404154,-0.30271730870545194
2025-02-25,49.04814147949219,49.366132719292224,48.893442329644216,49.2458118868542,19554800.0,-0.00971723086916565,-0.009764751251984847,0.2285632284444519,-0.30949296559783424
2025-02-26,48.747344970703125,49.58099795296003,48.747344970703125,49.30597793923651,25399100.0,-0.006132679031576105,-0.006151561145841512,0.2313955689943729,-0.31372762360886824
2025-02-27,48.38637161254883,48.97938608849701,48.13713373942558,48.51528865823234,18658000.0,-0.007404984997054553,-0.007432538002454012,0.18610752181230586,-0.3188094602599375
2025-02-28,47.39802169799805,48.24886374567961,47.39802169799805,48.076975436719685,46789400.0,-0.020426204354915045,-0.02063770431797215,0.1926820605179021,-0.33272359742930285
2025-03-05,47.77617263793945,48.317619655563874,47.60428433155905,48.25745924010524,13843400.0,0.007978200912072575,0.007946543336036768,0.19429568154937782,-0.3273999322257088
2025-03-06,48.30043029785156,48.57545027552714,47.74179412404363,47.81914369767093,17678400.0,0.010973203397540265,0.010913434640126042,0.19633662792725456,-0.3200193548768221
2025-03-07,49.00517272949219,49.28878566639428,47.741797367254485,48.11135610207917,25480600.0,0.014590810626214479,0.014485388969888309,0.20103826941455227,-0.31009788605433863
2025-03-10,48.21207046508789,48.71213790194384,47.55126268665891,48.426384107610744,23626600.0,-0.01618405201390083,-0.01631644415450468,0.20576863017291855,-0.3212632977509354
2025-03-11,48.61390686035156,48.86394397218958,47.69413709572765,48.29243641333768,23060100.0,0.008334767442826463,0.008300225071032246,0.20595328444405342,-0.31560618518277844
2025-03-12,48.00667953491211,48.667487283100286,47.46196373132977,48.667487283100286,18825700.0,-0.012490815173192615,-0.012569481159677133,0.20902638833870052,-0.3241548218293366
2025-03-13,48.66748809814453,49.25685570766208,47.95310363304051,48.11384056349565,20584600.0,0.01376492958134845,0.013671053422987406,0.21332825637960542,-0.3148518605439236
2025-03-14,50.265926361083984,50.37308318068646,49.25685637433686,49.29257644968898,31789300.0,0.0328440674751076,0.032316227605872355,0.2374634594645999,-0.2923488088211838
2025-03-17,50.98923873901367,51.11425900173479,50.13197737622054,50.26592595448053,23191800.0,0.014389715465179975,0.014287166109582843,0.24049033137837533,-0.282165909531525
2025-03-18,51.36429214477539,51.40001221944252,50.56060749703391,51.07853836034593,18165300.0,0.007355540404935468,0.007328620344738385,0.23753775764925733,-0.27688585187504394
2025-03-19,51.274993896484375,51.39108244031422,50.765994735824066,51.212485466680754,23211900.0,-0.0017385277702127722,-0.0017400407634581457,0.23605787228951502,-0.278143005902593
2025-03-20,51.1142578125,51.337503166770006,50.70348377173833,50.93566084779325,17283200.0,-0.003134785043736432,-0.003139708774956862,0.23700679215779105,-0.2804058724114061
2025-03-21,51.301780700683594,51.301780700683594,50.74813320171387,50.85529001296042,30524100.0,0.003668700206339137,0.003661986940034797,0.23650262252671003,-0.2777658972870413
2025-03-24,51.03388977050781,52.00723965942807,50.864221119729855,51.748274228785576,18646500.0,-0.0052218641637172825,-0.0052355457460831045,0.20405486842189308,-0.2815373056658126
2025-03-25,51.203556060791016,51.56967831604069,50.99817073774402,51.185696023162514,15615800.0,0.003324580803975019,0.003319066603437459,0.20303584625362012,-0.279148718383857
2025-03-26,51.51609802246094,51.8286435701827,51.24820427188075,51.257135993890614,29401600.0,0.0061039112459075895,0.006085357840274143,0.1999056831490739,-0.27474870613937336
2025-03-27,51.92687225341797,52.19476600492601,51.44466145683118,51.79292367443702,15345300.0,0.007973706214665865,0.00794208420445647,0.1959661050967737,-0.26896576539032246
2025-03-28,51.4000129699707,52.13225747906994,51.4000129699707,51.88222035920284,31146000.0,-0.01014617789563832,-0.010198001195530144,0.19893568745315296,-0.27638296878247404
2025-03-31,50.63204574584961,50.91779951955305,50.03374644022113,50.64990578251279,20469300.0,-0.01494099280811001,-0.015053733825759147,0.20578005963966206,-0.28719452564172104
2025-04-01,51.06960678100586,51.73041453837717,50.85529314531245,50.98923831600737,12354800.0,0.008641978192084343,0.00860485005225566,0.18802098187875144,-0.2810344762771184
2025-04-02,50.83743667602539,51.16783887467387,50.54275114819676,51.08747040403461,13197700.0,-0.004546150237186075,-0.0045565154045110285,0.18953441428135998,-0.28430300156331983
2025-04-03,48.99789047241211,50.399871055357146,48.89966196935354,50.00696044957672,32351100.0,-0.036184873272353646,-0.03685578001667923,0.23405383375128505,-0.31020040675315497
2025-04-04,47.042259216308594,47.79236370930146,46.07783769398049,47.52446997747264,45819600.0,-0.03991256026021406,-0.04073091560578836,0.27024062249697034,-0.3377320745860908
2025-04-07,46.47968292236328,47.756646644509274,45.69385830724563,46.17606909878059,35942800.0,-0.011958955698927798,-0.012031039282297665,0.2676545387619565,-0.3456521073669366
2025-04-08,43.93468475341797,47.15834809317371,43.773947831857306,46.74757406782222,46815300.0,-0.05475506735268221,-0.056311197085218,0.32692146562358687,-0.3814809703001456
2025-04-09,46.30108642578125,46.48861511758988,43.55070535454985,43.89003925646836,56491900.0,0.05386181067747797,0.052461332109422505,0.38367895782787664,-0.3481664154220346
2025-04-10,47.13155746459961,47.54233149979367,45.9528222825468,46.52432983669922,38010400.0,0.017936318625040748,0.017777360793509226,0.38614523197744294,-0.3364749205585418
2025-04-11,47.917381286621094,48.35494366688469,46.93510311947526,46.93510311947526,22129900.0,0.016672986514644883,0.0165355181758028,0.37154680010820074,-0.32541197585688564
2025-04-14,48.54247283935547,49.00682360856129,48.39066421939687,48.578192915399136,19994800.0,0.013045194373109581,0.012960838657444611,0.37078613473637306,-0.3166118439601668
2025-04-15,48.05133056640625,48.80143508188145,47.801293456945366,48.560329694072955,17471900.0,-0.0101177843694652,-0.010169317042053245,0.36986122072340316,-0.32352621796362424
2025-04-16,46.93510437011719,47.89952252637343,46.81008411067222,47.7923657104458,23105900.0,-0.023229870705587463,-0.02350393681865025,0.37662381941463335,-0.339240616456049
2025-04-17,47.220855712890625,47.613766288647454,46.93510194753046,47.13155553218208,23172400.0,0.006088222165654189,0.0060697638221948475,0.3784539401669197,-0.3352177665309928
2025-04-22,48.06026077270508,48.47996313908495,47.11369922107633,47.4708931592448,16780900.0,0.017776150964271986,0.017620002950992718,0.3853631883810321,-0.32340049719048175
2025-04-23,48.63177108764648,49.42652406805681,48.57819437842137,49.02468512305225,18377400.0,0.011891535870857783,0.011821387128078729,0.3889451714724436,-0.31535468993261784
2025-04-24,49.39080429077149,49.71227474526423,48.49782285767714,48.622839713277735,19621700.0,0.015607763940100883,0.015487215502211252,0.39369196687504654,-0.3046689075503889
2025-04-25,48.0870475769043,48.774643671535834,47.89952229831035,48.6674868561184,26162200.0,-0.026396750014269332,-0.0267513992025067,0.40213051618888856,-0.32302338857493007
2025-04-28,48.256717681884766,48.38173453805509,47.890595428905726,48.13170082571444,12001900.0,0.00352839514027381,0.0035221849578387083,0.4007744313030795,-0.32063474758909877
2025-04-29,48.078121185302734,48.52461190826934,48.078121185302734,48.40852336649094,11816200.0,-0.0037009665215808063,-0.003707832042788508,0.40003271654921174,-0.32314905564419677
2025-04-30,47.202999114990234,47.551261328986826,46.62255982069337,46.97082203468996,18774400.0,-0.018202085454620875,-0.018369781473927194,0.4014910290322661,-0.33546915437340197
2025-05-02,47.149417877197266,47.828085658001726,46.92617252417412,47.56018850921095,17135800.0,-0.0011351235895507017,-0.0011357683302856047,0.3990754336964083,-0.33622347901225685
2025-05-05,47.292293548583984,47.39945376792126,47.086908237868045,47.23871684536901,12201600.0,0.003030274345249495,0.0030256923181448303,0.3998403614836159,-0.3342120540497287
2025-05-06,47.3280143737793,47.845945222778816,47.2565742264192,47.319086058586144,12065000.0,0.0007553202121317604,0.0007550351013779101,0.38017322959423927,-0.3337091709571588
2025-05-07,47.23871612548828,47.819151975678295,47.02439909653342,47.819151975678295,11240100.0,-0.0018867947339977764,-0.001888576973347953,0.3512280449735054,-0.3349663249847078
2025-05-08,47.09584045410156,47.59590785711391,47.03332862227132,47.23871734159847,15414600.0,-0.0030245460314199946,-0.0030291292144664895,0.34851047871608754,-0.33697774994723595
2025-05-09,47.28336334228515,47.399451872030376,46.89044936667166,47.328011728663,15558800.0,0.00398172930720575,0.003973823202764149,0.27595123563843743,-0.3343377748228713
2025-05-12,48.47102737426758,49.29257200095111,48.47102737426758,48.72106447271226,26482400.0,0.025118010818835135,0.0248077384693138,0.22359737436228647,-0.31761766384918233
2025-05-13,49.26578521728515,49.49796230310525,48.33708709336652,48.658560962068854,21187200.0,0.01639655452072164,0.016263582572964584,0.2222673307917737,-0.306428944670508
2025-05-14,49.02468490600586,49.73013769049433,48.971104790563906,49.56047243460921,16297800.0,-0.0048938692485246404,-0.004905883439917378,0.21691031479498704,-0.30982319072985176
2025-05-15,49.51581954956055,49.69441651171069,48.97110034790677,49.11397723633614,13955400.0,0.010018109132089892,0.009968260526182902,0.2149994017293683,-0.30290892413414583
2025-05-16,49.551536560058594,49.71227006895826,48.944308970158474,49.292571151272526,18163800.0,0.0007213252415685378,0.0007210652115531048,0.21093747648935593,-0.30240609474545166
2025-05-19,49.4175910949707,49.53367963144187,48.99788874450445,49.11397728097562,14475200.0,-0.0027031546221688574,-0.002706814742025767,0.19007872117853794,-0.3042917989348373
2025-05-20,49.426517486572266,49.58725440575247,49.194343829119525,49.40866085684432,10499200.0,0.00018063186415551158,0.00018061555218461568,0.1897927506792848,-0.3041661318655706
2025-05-21,48.792503356933594,49.38187094716332,48.61390639488895,49.247925780470126,14486300.0,-0.012827408481912883,-0.012910390075748839,0.18800174175300077,-0.31309187712768044
2025-05-22,48.4263801574707,48.79250238949875,48.19420649593369,48.77464235300304,18476000.0,-0.007503677292074462,-0.007531971507831181,0.18542752831671888,-0.31824621401101894
2025-05-23,48.50675201416016,48.61390883418225,47.85487596547377,48.22099822313198,14747300.0,0.001659670956782433,0.001658295224904528,0.17616518581692683,-0.3171147270527366
2025-05-26,48.229923248291016,48.301363394401,48.042397974432795,48.167414823671606,7194500.0,-0.005707015093245893,-0.005723362329502327,0.14895473152243233,-0.3210119636124019
2025-05-27,48.078121185302734,48.40852336649094,47.88166417713219,48.2209980803939,17943000.0,-0.003147466401859922,-0.0031524300923377758,0.14883379597998048,-0.32314905564419677
2025-05-28,47.69413757324219,48.033471467128074,47.49768057049976,47.988823077355825,17700600.0,-0.007986660098064036,-0.008018724305890545,0.15095844802749026,-0.3285548340738203
2025-05-29,47.7298583984375,48.11384068813572,47.62270158000776,47.97989211025816,10246100.0,0.0007489563081093387,0.0007486759802937352,0.1352079392399041,-0.32805195098125034
2025-05-30,46.52433395385742,47.676280885767355,46.47968556094819,47.64056080885836,28286100.0,-0.02525723907489197,-0.02558167774346004,0.16403464573727547,-0.3450235035012242
2025-06-02,46.93510437011719,47.10476961254042,46.667207220617456,46.95296440718075,19267700.0,0.008829152001771146,0.008790402953035806,0.16700541229436913,-0.339240616456049
2025-06-03,46.90830993652344,47.00653843154505,46.31894237284728,46.37252248098278,12824900.0,-0.0005708825825219144,-0.0005710455980281891,0.1669523023898249,-0.3396178324793522
2025-06-04,47.12262725830078,47.62269805134256,46.98867869034832,46.98867869034832,11714700.0,0.0045688561806502825,0.004558450639493335,0.16777952699446325,-0.33660064133168427
2025-06-05,47.24764633178711,47.91738239020771,47.21192625778912,47.328014795055736,12594000.0,0.0026530582176804707,0.002649545071077074,0.16768579942457906,-0.33484060421156536
2025-06-06,47.31015396118164,47.74771634415261,47.06904857543687,47.46196256988925,16638900.0,0.0013229786930673004,0.0013221043278488869,0.1671494059652178,-0.3339606125034438
2025-06-09,47.58698272705078,47.58698272705078,46.98868337867529,47.229788781174015,13029200.0,0.0058513604943302155,0.0058343077732561305,0.14143355196805973,-0.3300633759437785
2025-06-10,47.90845489501953,48.10490849246387,47.42624410715344,47.5959093518676,18890600.0,0.006755464405311162,0.006732748502574203,0.12962865177702784,-0.32553764292615234
2025-06-11,47.48875427246094,48.05133354556035,47.319089021537465,48.05133354556035,13639700.0,-0.008760470849629165,-0.008799069367185545,0.131745756901906,-0.33144625074447
2025-06-12,47.17620849609375,47.363733770553374,46.85473465047516,47.238716920913625,11136800.0,-0.006581469258468919,-0.00660322262588075,0.1254416802866744,-0.3358463166928294
2025-06-13,46.551124572753906,46.89045507570269,46.39931595284192,46.497544458704866,13264900.0,-0.013249982210664535,-0.013338546410971484,0.13059397008017584,-0.34464634118179677
2025-06-16,48.069190979003906,48.26564457299357,46.71185882579815,46.71185882579815,41210000.0,0.032610735405058655,0.032090289889185296,0.18081925380574873,-0.32327477641733926
2025-06-17,45.908172607421875,48.12276602094517,45.881384256088275,47.89059236099549,43657300.0,-0.04495641236246184,-0.04599829803767305,0.2401027593898192,-0.35369791462480055
2025-06-18,45.756370544433594,48.122769319664,45.61349365010441,47.89059564379929,20499000.0,-0.0033066457313907227,-0.0033121247658719002,0.23761969239576589,-0.3558350066565954
2025-06-20,44.577632904052734,45.79208823620966,44.577632904052734,45.75637156666982,39947200.0,-0.025761170004430234,-0.026098800063255913,0.2508668332424396,-0.37242945056101756
2025-06-23,45.14020919799805,45.14020919799805,44.49726490482993,44.66693014491738,17288800.0,0.012620147309216234,0.012541176967643005,0.25710022107865427,-0.36450941778017176
2025-06-24,45.13128280639648,45.318808091294294,44.77408886772592,45.309879775731766,18576300.0,-0.0001977481221324684,-0.00019776767687035613,0.25724207354191914,-0.3646350848494386
2025-06-25,45.07770156860352,45.184858384948704,44.39903718981229,44.87231625125283,23319900.0,-0.0011872305518725312,-0.0011879358683683085,0.2573535572484206,-0.36538940948829324
2025-06-26,46.435035705566406,46.70292946103851,45.399177353008085,45.399177353008085,40488400.0,0.030110988132284522,0.02966655190457836,0.2816558976316881,-0.3462806575287732
2025-06-27,47.2119255065918,47.408382504001175,46.35466418300236,46.60469788410252,26016900.0,0.01673068167647096,0.016592265552375484,0.28873818363237874,-0.33534348730413527
2025-06-30,47.015472412109375,47.354802893913224,46.8279437278503,47.1404892639796,19961900.0,-0.004161090495133357,-0.0041697719233628385,0.27372696755287135,-0.33810918320164246
2025-07-01,47.64949035644531,47.96203249899859,46.88152577022426,46.97082255196695,21844300.0,0.013485304130914866,0.013395186687291056,0.27604930336331934,-0.3291833842356569
2025-07-02,49.38187026977539,49.73906418896493,48.04239818249511,48.05132990402437,63100200.0,0.03635673541040818,0.035711423765390805,0.30251206404781944,-0.3047946820274072
2025-07-03,49.14970016479492,49.89980472423053,48.95324315437367,49.56047081708125,18256300.0,-0.004701525149049868,-0.004712612082393274,0.30349200401207693,-0.3080632073136086
2025-07-04,49.292572021484375,49.292572021484375,48.8907297260073,49.14076341810256,5449600.0,0.0029068713788775735,0.0029026545980541047,0.30349934754888575,-0.30605183605495623
2025-07-07,48.56925964355469,49.27471579386669,48.399594397441376,49.15862725365557,13174500.0,-0.014673861563045065,-0.014782587601078976,0.30938654558382067,-0.3162347353446151
2025-07-08,48.73892974853515,49.64083952478835,48.54247273716253,48.68534963458246,26632000.0,0.0034933640377814434,0.0034872764150332028,0.3090436419956199,-0.31384609435878386
2025-07-09,48.256717681884766,48.84608529415477,47.99775224755832,48.84608529415477,12209400.0,-0.009893776271623578,-0.009943044914050415,0.3107452576365766,-0.32063474758909877
2025-07-10,49.364009857177734,51.00709574131806,49.29257311775614,49.41758996658416,46597200.0,0.022945865953677202,0.022686568613010633,0.3184370164461818,-0.3050461235736922
2025-07-11,50.006961822509766,50.20341883402059,49.12290867716494,49.29257733490755,18313200.0,0.013024711063632122,0.012940618911400121,0.3190418003092304,-0.29599455013068837
2025-07-14,49.43545150756836,49.92659060282014,48.997889116899906,49.88194221351611,15141300.0,-0.011428615019042243,-0.011494423520142972,0.31786081857420967,-0.3040403573885524
2025-07-15,48.140628814697266,49.43545257109256,47.79236660159831,49.05147028320043,25029100.0,-0.026192189074532135,-0.026541314188001493,0.3148262868107743,-0.3222690639360752
2025-07-16,48.57819366455078,48.68535048788035,48.14063124240284,48.31029649654584,26394100.0,0.009089304826860323,0.009048245707434656,0.264614472802479,-0.3161089608675969
2025-07-17,48.4888916015625,48.926454006822055,48.32815466954502,48.57819178960214,20252800.0,-0.0018383158419792434,-0.0018400076182106446,0.2642128111984862,-0.3173661685990216
2025-07-18,48.721065521240234,48.91751910926675,48.19420636859644,48.26564310793691,23714000.0,0.004788187809808608,0.0047767609001664185,0.2409759168622872,-0.31409758960894446
2025-07-21,50.05160903930664,50.73920515699922,49.417593034346666,49.51582153779616,40484000.0,0.027309409263357454,0.026943160414876013,0.2525395800923348,-0.29536599996885177
2025-07-22,51.346431732177734,51.766134090314665,50.819572557276366,50.855292631682445,40945900.0,0.02586975159688154,0.025540790928704687,0.2616536250465278,-0.2771372934213289
2025-07-23,51.274993896484375,51.70362799578626,50.89994331766265,51.301785656724455,17914800.0,-0.0013912911429946329,-0.0013922598871579578,0.26173373536747274,-0.278143005902593
2025-07-24,50.4802360534668,51.15890380627955,50.26592243101806,50.84635828106586,21651200.0,-0.01549991102138526,-0.015621290523463963,0.2577700975817897,-0.28933172508126737
2025-07-25,49.73906707763672,50.25699454344194,49.35508478446639,50.16769776168534,21918900.0,-0.014682359548498503,-0.014791212179041295,0.2617620567267521,-0.29976601221333543
2025-07-28,49.25685501098633,49.399731901986314,48.79250426362291,49.06039800844117,19175100.0,-0.00969483536749327,-0.009742136248337138,0.26440944489890966,-0.3065546654436504
2025-07-29,48.953243255615234,49.73906789247151,48.9085948640055,49.605119311188375,14648700.0,-0.006163847758923646,-0.006182922692239345,0.26266840711720424,-0.31082895691499157
2025-07-30,48.078121185302734,48.83715405176442,47.6227021467165,48.50675187057622,35607800.0,-0.017876692372412295,-0.01803841066178629,0.23749568421310283,-0.32314905564419677
2025-07-31,47.73878479003906,47.88166167767194,46.76543492852333,47.33694247905482,20790000.0,-0.0070580211309797525,-0.0070830467860452705,0.23809074517169487,-0.32792628391198364
2025-08-01,47.99774932861328,49.02467928148135,47.83701240718256,48.435311705053266,40510900.0,0.005424615220374296,0.005409954988742675,0.23886466272807183,-0.32428054260247907
2025-08-04,48.38173294067383,48.57818994042885,48.051330773638895,48.56925821873794,16198100.0,0.008000033698072562,0.007968203079803856,0.23549964950741514,-0.3188747641728556
2025-08-05,48.3192253112793,49.08718987957881,48.3192253112793,48.372802016493075,21037600.0,-0.0012919675587308443,-0.0012928028683567231,0.23511971247397384,-0.3197547558809772
2025-08-06,48.0156135559082,48.76571811923707,47.97989347992732,48.67641792928487,17954300.0,-0.006283456603767612,-0.006303280603001556,0.23351650244036692,-0.32402904735231836
2025-08-07,48.36387252807617,48.65855802541971,48.131698862722175,48.31029241770815,20298800.0,0.007253035968445287,0.007226859200880693,0.21939729209739353,-0.3191262057191405
2025-08-08,49.46224212646485,49.73906760316132,48.390663701794445,48.399595423936795,24205600.0,0.022710538692927384,0.022456493551281435,0.22978456166717098,-0.30366319506912487
2025-08-11,49.408660888671875,49.99802845722773,49.38186913115552,49.54260605043926,22304000.0,-0.0010832755550380657,-0.0010838627220829098,0.22614935687544868,-0.3044175197079798
2025-08-12,49.92658996582031,50.158763631111256,49.739064689263735,49.96231003938929,25851300.0,0.010482556455343683,0.01042799542193863,0.20582252893157524,-0.2971260370889707
2025-08-13,49.99627304077149,50.37524261481594,49.8576241736386,50.1903786339678,19720000.0,0.0013957106824016297,0.001394737583584854,0.20404356367664697,-0.29614502839055384
2025-08-14,49.37697982788086,49.55260219849371,49.062715640441446,49.49714194577589,42823200.0,-0.012386787558856693,-0.012464143268135821,0.20971400791715214,-0.3048635303961252
2025-08-15,49.284549713134766,49.52487394947972,48.98876874993114,49.41395344378795,34201900.0,-0.0018719272638442197,-0.0018736815092398158,0.20941503310483497,-0.30616477530566905
2025-08-18,49.17363357543945,49.6450333917461,49.01649795267906,49.08119981911355,12733400.0,-0.0022505255367232246,-0.0022530617752798804,0.18486158421266613,-0.3077262691971217
2025-08-19,49.21060562133789,49.617303559171795,48.98876813870938,49.46016794106261,17724400.0,0.000751867275411211,0.0007515847648094093,0.15665232625533348,-0.3072057712333041
2025-08-20,48.988765716552734,49.23833154992531,48.859361993912216,48.89633549352008,9687300.0,-0.004507969409930701,-0.004518160944315167,0.15685142084566298,-0.31032886642396096
2025-08-21,49.40471267700195,49.478656156075,48.9425544733368,49.00725633977094,10813800.0,0.008490660141467377,0.008454817230392422,0.15292494636405538,-0.30447310321938625
2025-08-22,50.64329528808594,50.73572551565758,49.2753074693001,49.3862244475835,20706700.0,0.025070130843217076,0.02476103058465308,0.1694355564948548,-0.28703615291211954
2025-08-25,50.76345443725586,51.207129407245326,50.59708073099382,50.99453353471457,10397400.0,0.0023726566070867428,0.0023698463017809888,0.1647343234722617,-0.2853445345297125
2025-08-26,51.21636962890625,51.21636962890625,50.541619105768426,50.67102283267334,18891500.0,0.008922071924994723,0.008882505410650408,0.1640862387781587,-0.278968327065196
2025-08-27,51.18864059448242,51.32728593178077,50.94831636825264,51.04075011910527,8789100.0,-0.0005414096044827899,-0.0005415562195843073,0.14615321942683235,-0.2793587005380591
2025-08-28,51.20712661743164,51.937333845868494,51.14242475574719,51.76171501072315,22059500.0,0.00036113525841918737,0.00036107006477709353,0.14156757716545765,-0.2790984515561504
2025-08-29,51.35502243041992,51.60458829114617,51.253347058347664,51.29032056200801,13885400.0,0.002888188085482968,0.0028840252836513304,0.14140101778703154,-0.27701635229312865
2025-09-01,51.391990661621094,51.391990661621094,50.66178338207478,50.96680596193848,7765400.0,0.0007198561981207607,0.0007195972259221499,0.14062058627723698,-0.27649590803318685
2025-09-02,51.19788360595703,51.355019223707934,50.87437428409805,50.93907614846985,9578500.0,-0.003776990405803038,-0.0037841412455132,0.1419057378380969,-0.27922857604710477
2025-09-03,51.391990661621094,51.59534139885506,51.05923971794813,51.19788506298172,11832100.0,0.00379131014785683,0.0037841412455131133,0.13768982736000893,-0.27649590803318685
2025-09-04,51.4936637878418,51.90960685680399,51.34577331065381,51.6230675146329,8442100.0,0.0019783846648429027,0.001976430239214456,0.1370129301785503,-0.2750645386326886
2025-09-05,51.96506881713867,52.38100837379411,51.78020483307669,51.94658206613375,14014700.0,0.009154622037365723,0.00911297248268594,0.1190677917281496,-0.26842802848238756
2025-09-08,52.0944709777832,52.3347916816282,51.97430886286715,51.97430886286715,9701900.0,0.0024901758737179147,0.0024870805233564884,0.11832731273980775,-0.2666062856090261
2025-09-09,51.93733596801758,53.166678442226704,51.80793223936128,52.44571279629182,24300300.0,-0.0030163471634568895,-0.003020905507234812,0.1162082620212247,-0.2688184556591265
2025-09-10,52.297821044921875,52.73224733398892,52.02052331770354,52.1961456817401,13463700.0,0.006940769490492826,0.006916793228472334,0.11748911561996433,-0.26374349310415385
2025-09-11,52.70452117919922,52.93560027756857,52.048257386067206,52.17766111699608,14107200.0,0.007776617192674307,0.007746535162165899,0.10517507098205892,-0.2580179080944093
2025-09-12,52.68603515625,53.08349149301648,52.40874093957245,52.40874093957245,12303800.0,-0.0003507483330769112,-0.00035080985966080776,0.10432450058533539,-0.258278157076318
2025-09-15,53.148189544677734,53.194404656475704,52.66754462480743,53.129702794761144,12457500.0,0.008771857420227791,0.008733608194021317,0.10380446531471957,-0.2517718788247229
2025-09-16,53.33305358886719,53.66580803583483,52.86165028033402,53.397755450667894,15618500.0,0.0034782754741635724,0.003472240264724846,0.10316201316456546,-0.2491693353017594
2025-09-17,53.42548370361328,53.62883442656474,53.01878578369738,53.18516300684185,23116700.0,0.0017330737418228548,0.0017315737023947822,0.09858336054765322,-0.24786809039221552
2025-09-18,53.32381057739258,53.68429692664131,53.05576150752319,53.46245944448726,17700400.0,-0.001903082932945499,-0.0019048960960353456,0.09969336681508188,-0.24929945979271378
2025-09-19,53.536399841308594,53.7859656721294,53.194403788400216,53.58261847833934,25374600.0,0.0039867605411934015,0.003978834470633239,0.06192497073379646,-0.24630659650076286
2025-09-22,53.6103515625,54.017049511894584,53.43473271466792,53.44397432729602,21947300.0,0.0013813353421339158,0.0013803821761304942,0.062110739851405965,-0.24526549316537624
2025-09-23,53.305320739746094,53.97082962168076,53.29607912793565,53.61034681929513,17652400.0,-0.005689774714465301,-0.005706023145201848,0.06448082779542497,-0.24955976247849831
2025-09-24,53.508670806884766,53.73974988518431,53.30532008966535,53.56413105503194,13005700.0,0.003814817438797302,0.00380755947543235,0.06405487847063815,-0.24669696997362603
2025-09-25,53.8044548034668,54.11872250885776,53.64732271376487,53.78596805303355,13631100.0,0.005527776940106088,0.005512554851598161,0.06468296690504896,-0.24253287885533412
2025-09-26,52.76922225952149,53.5548897718926,52.260848955870344,53.370029316737394,29037000.0,-0.01924064740971232,-0.01942815777654948,0.10106353682963659,-0.25710703665772844
2025-09-29,52.94483947753906,53.37926929099375,52.80619414042742,53.148190203153945,15580200.0,0.0033280236186516987,0.003322498004238071,0.10126750391766276,-0.25463467132959516
2025-09-30,53.222137451171875,53.4069979015135,52.7692208854659,53.30532253823336,18280700.0,0.005237488230565912,0.0052238202920897835,0.10008819729848722,-0.25073082919321205
2025-10-01,53.89688873291016,54.22963966384172,53.38851190929152,53.38851190929152,18278300.0,0.012678019223811399,0.012598325999392717,0.10690178641719002,-0.24123158024191438
2025-10-02,54.25736999511719,54.40526046883728,53.68429485020019,53.9431022977136,14824500.0,0.006688350119677944,0.006666082340673968,0.10795812863669339,-0.2361566713908176
2025-10-03,54.15569686889648,54.64558342219459,54.07250825362066,54.257372234898845,19240200.0,-0.0018739044341784528,-0.001875662389596264,0.10621693496145031,-0.23758804079131596
2025-10-06,55.08001327514648,55.431254487141146,54.349802488047935,54.35904762640912,26102900.0,0.017067759436050434,0.016923741627734745,0.1186165846305207,-0.22457537688037418
2025-10-07,54.303585052490234,55.10773928216138,54.303585052490234,54.996822308479466,26072300.0,-0.014096369562906164,-0.014196667049574742,0.13177705396555225,-0.23550604893604565
2025-10-08,54.71953201293945,54.89515086095685,54.432992657344165,54.64558500788753,24609500.0,0.007659659303288491,0.0076304730560293075,0.13213773803698767,-0.22965028573147095
2025-10-09,54.6363410949707,55.81022330584304,54.6363410949707,55.32957837120331,18184600.0,-0.0015203148657974008,-0.001521471717110486,0.13112833069562554,-0.2308214598539362
2025-10-10,54.41450119018555,55.274115656484646,54.41450119018555,55.06152332436584,22970400.0,-0.004060299433293779,-0.0040685648299479855,0.1325929561832118,-0.23394455504459302
2025-10-13,55.2279052734375,55.514444628730416,55.04304128699005,55.15395826846361,23294500.0,0.014948296234656322,0.01483767152599225,0.13857545148663114,-0.22249333132122812
2025-10-14,55.2279052734375,55.579146495088935,54.738018706440926,54.81196218542755,19329000.0,0.0,0.0,0.1386074477788664,-0.22249333132122812
2025-10-15,56.2538948059082,56.36481178295993,54.959850478351825,54.987582367105105,45104600.0,0.01857737546609739,0.018406923819861754,0.15069660447488667,-0.20804929800978808
2025-10-16,55.73627471923828,56.31859500199383,55.52368238368973,56.02281405462305,21358500.0,-0.00920149775328194,-0.009244093028634203,0.155759931017073,-0.21533643061486105
2025-10-17,55.57914352416992,55.736275612359215,55.27411743393835,55.36655118521477,17325300.0,-0.0028191908386392406,-0.002823172241782374,0.15660588899125716,-0.21754854696108564
2025-10-20,56.290870666503906,56.70681022937991,55.58838822175985,55.58838822175985,17798400.0,0.012805651494512071,0.012724352461827081,0.16124148241002328,-0.20752874634209476
2025-10-21,56.19843673706055,56.42951583838562,55.98584438695995,56.05979139185786,13432700.0,-0.0016420767408446002,-0.0016434264265834124,0.15915076356924218,-0.20883004495551438
2025-10-22,57.19670104980469,57.52945552512151,56.54967885068722,56.57740721496785,25267300.0,0.017763204293649526,0.017607282321849202,0.16779403720029756,-0.19477633141306175
2025-10-23,57.08577728271485,57.80674644675001,57.002588668633365,57.51096549134634,11217700.0,-0.0019393385466978108,-0.001941221498545074,0.16859377591571106,-0.19633793271226582
2025-10-24,57.05805206298828,57.42778004060243,56.68832761136144,57.29837630623367,11127600.0,-0.00048567648626840487,-0.00048579446529436755,0.14729404594549594,-0.1967282524812533
2025-10-27,56.993350982666016,57.45550919807069,56.753030262090014,57.3630789653847,12018100.0,-0.0011339517909030317,-0.0011345952006781793,0.14837437733865394,-0.19763912391793403
2025-10-28,57.49247741699219,57.80674511562025,56.91940226984231,56.99334574399695,15797400.0,0.008757625683002424,0.008719500110501552,0.14937098170498947,-0.19061234770252133
2025-10-29,58.536956787109375,58.86970771497023,57.96387810504364,58.06555346882908,30844900.0,0.018167235385276426,0.01800418301065126,0.15470327447099108,-0.17590801170529677
2025-10-30,58.98062896728515,59.1562478086116,58.16722957264035,58.33360680168104,25586000.0,0.007579351652825972,0.007550772682953533,0.15492739438585057,-0.16966192873173475
2025-10-31,60.32088851928711,60.58894111388402,59.036085798077266,59.41505537023639,38988400.0,0.02272372430523517,0.02246938627782513,0.16602355441287517,-0.1507935553200939
2025-11-03,60.404075622558594,60.44104912497485,59.75705696021042,60.17299652143789,16985400.0,0.001379076225723752,0.0013781261734682525,0.16078863275723917,-0.1496224349015044
2025-11-04,59.72932815551758,60.08981098644713,59.183977813871294,59.94191697787374,22055700.0,-0.01117056192130561,-0.011233421202158424,0.15647705860232067,-0.15912163014892622
2025-11-05,60.75531768798828,61.162012092667915,59.61840545778512,59.729325960138226,22505400.0,0.01717731580370918,0.017031453691633197,0.16221605158219352,-0.14467759683748616
2025-11-06,60.542724609375,61.051101453602314,60.32089064642787,60.78304884955287,15939100.0,-0.0034991682490257414,-0.003505304657308577,0.16345951485042098,-0.14767051383331284
2025-11-07,59.87721252441406,59.951159525505005,59.17473011799846,59.94191438737509,20800300.0,-0.010992436981567266,-0.011053300251725077,0.17040683856462396,-0.15703969199753176
2025-11-10,60.2746696472168,60.579695741819734,59.997378967374885,60.13602078130871,12689400.0,0.006637869500699889,0.006615935853237717,0.16642542797984503,-0.1514442314787416
2025-11-11,60.11753845214844,60.690617148849135,59.85873099298501,60.27467054492989,25496500.0,-0.0026069192247429873,-0.002610323155800999,0.1675888312478432,-0.15365634782496618
2025-11-12,60.78304672241211,60.95866203811116,60.320888535460625,60.320888535460625,26550300.0,0.011070118427975784,0.011009293150637315,0.16123236267936147,-0.144287223364623
2025-11-13,60.69985580444336,61.420821462294576,60.3671013389775,60.78304794679704,19058500.0,-0.0013686533080295993,-0.001369590769439126,0.15504034588699117,-0.14545839748708825
2025-11-14,60.33012771606445,60.579697090650626,59.72008256524994,59.94191652445755,16374400.0,-0.006091086765841025,-0.006109713109804564,0.15745347135787824,-0.15066348453301526
2025-11-17,60.283912658691406,60.79228241312041,59.99737685070462,60.63515032822276,20150800.0,-0.0007660361269339333,-0.000766329682533521,0.1549157985632388,-0.1513141069877872
2025-11-18,60.09904479980469,60.348614158533636,59.433542964466746,59.57218477267842,22468700.0,-0.0030666201103001223,-0.0030713318249087707,0.15561694776246313,-0.15391670421462647
2025-11-19,60.03434371948242,60.32088658145271,59.80326463349215,60.09904558148073,16523800.0,-0.001076574187456547,-0.0010771541097040066,0.14680488153454696,-0.15482757565130717
2025-11-21,60.228458404541016,60.330126718016174,59.27640661424385,59.664624851402834,20272600.0,0.003233393971384446,0.003228177794043796,0.1459116344614384,-0.15209480022963778
2025-11-24,60.16374969482422,60.561206019679375,59.87721387410573,60.08980974404077,20462800.0,-0.0010743876139442943,-0.0010749651820418592,0.14609602212795716,-0.15300577907407
2025-11-25,60.635154724121094,60.92169760485554,60.22846030148836,60.22846030148836,18275300.0,0.007835366507041863,0.007804829431955223,0.14647015012992395,-0.14636926892376895
2025-11-26,61.54098892211914,61.82752475562228,60.93093670010965,60.99563856741599,33408500.0,0.014939092711471202,0.0148286035124312,0.1511121666285237,-0.1336168002908602
2025-11-27,61.309906005859375,61.605686959726185,61.13428364038483,61.46703809498176,9739100.0,-0.0037549431737634587,-0.0037620106704620393,0.142736327492447,-0.1368700199724714
2025-11-28,62.29892349243164,62.67788952946496,61.96616904178211,62.576214166656825,46007200.0,0.016131446792264637,0.01600271755187839,0.14982586133484757,-0.12294648462484889
2025-12-01,62.779563903808594,62.97366948830227,62.39135273482125,62.6686504566545,15657000.0,0.0077150676838797505,0.007685458741681972,0.13214874469564586,-0.11617995739134497
2025-12-02,63.29718780517578,63.519021758318,62.6316788937749,62.945943073061855,22567200.0,0.008245101895901996,0.008211296734151682,0.13393780377503892,-0.10889277108239624
2025-12-03,65.33992767333984,65.7188937250973,63.61145349041851,63.648426992146575,42361200.0,0.03227220574872103,0.03176239753981898,0.16047532946992016,-0.08013477524659478
2025-12-04,66.4768295288086,66.91125933724128,65.33992437888489,65.34916246487033,38019900.0,0.01739980278448683,0.01725015956385776,0.16070376028733602,-0.06412930174757782
2025-12-05,64.90550231933594,66.85581059515802,64.6282045632383,66.51381096956757,40196800.0,-0.023637216464899247,-0.02392105719232499,0.18818261045514564,-0.08625068002532675
2025-12-08,64.46182250976562,65.49705939637482,64.23074341425259,65.09035793164009,20860900.0,-0.006835781154383547,-0.006859252129163894,0.18443848656664064,-0.09249687040664038
2025-12-09,64.4988021850586,65.09960930129616,63.68540622970583,63.87026670302123,23081300.0,0.0005736678525862793,0.0005735033680870404,0.18441375073335872,-0.09197626503507132
2025-12-10,65.68191528320312,65.94996786158961,64.93322132245133,64.93322132245133,24454800.0,0.018343179377966923,0.018176972692307475,0.19012153518259592,-0.07532022278515818
2025-12-11,66.55078125,66.89278085902333,65.13657827675343,65.38614060357213,25687700.0,0.013228389626741999,0.0131416585186698,0.1912481646989663,-0.06308819841219121
2025-12-12,66.73731231689453,67.09721595538872,65.87160517944477,65.90078515153705,36483700.0,0.0028028381243763167,0.0027989174978130956,0.1901109020440906,-0.06046218629552276
2025-12-15,67.1458511352539,67.4960256654397,66.63031847168956,66.77622576279249,16841700.0,0.006121595314169559,0.0061029344669541775,0.18575850797440238,-0.05471071601766428
2025-12-16,67.39875793457031,68.11855785134482,67.36957796000765,67.4376670410383,21953000.0,0.003766529056381529,0.0037594534472413757,0.18447171178296617,-0.051150256462858666
2025-12-17,68.25473022460938,68.83835192982464,67.54465949996245,67.73919759465001,29375000.0,0.012700119650128183,0.012620149505723193,0.18311749291752039,-0.039099751189943625
2025-12-18,68.42981719970703,69.17880444562543,68.3909080966974,68.67299352765279,18430200.0,0.0025651991374295857,0.0025619146298671534,0.18160590407383376,-0.036634850700540206
2025-12-19,68.91617584228516,68.99399405506442,68.45900311864852,68.57573043781741,37147100.0,0.00710740818083333,0.007082269598470018,0.18118722874761983,-0.029787821357279535
2025-12-22,70.92967224121094,71.36739410078732,68.87726336190397,69.0912597259876,27853000.0,0.029216600809854443,0.0287979311145036,0.19463388275518273,-0.0014415194330159612
2025-12-23,70.91022491455078,71.52302664295073,70.5989594844051,71.23121947658785,17140900.0,-0.0002741775909244071,-0.0002742151844717855,0.1969672093282274,-0.001715301791614999
2025-12-26,71.12422180175781,71.34793988879946,70.6378690998285,70.87131631883165,16368800.0,0.003017856556863263,0.0030133119687453308,0.1958587165759782,0.0
2025-12-29,70.1515121459961,71.72729005520061,69.74297026106082,71.19230656819585,19963700.0,-0.013676208064151707,-0.013770588900224845,0.20625888833434622,-0.013676208064151762
2025-12-30,69.99588012695312,70.85185821263912,69.9472493093439,70.52114193674451,17085400.0,-0.0022185126775182695,-0.002220977222526007,0.205542036022331,-0.015864379900699326
2026-01-02,70.40441131591797,70.5697768672664,69.69434055865366,70.35578050058852,28418900.0,0.005836503351681399,0.0058195369502909,0.2054246650472653,-0.010120469055480813
2026-01-05,71.12422180175781,71.4938471836089,70.32660366743987,70.42387272359508,24958100.0,0.010223940125142494,0.010172029172460198,0.2058560653913776,0.0
2026-01-06,73.79915618896484,73.9158760792331,70.89076190390179,71.44520364613423,39536600.0,0.03760933082210438,0.03691934667637117,0.2150797827071594,0.0
2026-01-07,74.23686981201172,75.22902597426004,73.5559790556798,74.02287345397806,41501600.0,0.0059311467183458255,0.005913626709345286,0.2110017564928013,0.0
2026-01-08,73.51707458496094,73.73107095647953,72.16501469707872,73.73107095647953,31894900.0,-0.009695926415991152,-0.009743237978528867,0.1896891793739073,-0.009695926415991162
2026-01-09,72.68054962158203,73.6435259021957,72.17473865115127,72.85563689270755,24801200.0,-0.01137864867585514,-0.011443880806445659,0.19452136046956423,-0.020964248551571755
2026-01-12,72.69999694824219,73.41007513044943,72.47627886999611,72.95290242122528,13129800.0,0.0002675726416683233,0.00026753685049338906,0.19463756533567378,-0.02070228536926891
2026-01-13,73.29335021972656,73.97424845069018,72.25255574121458,72.4373721415145,24539200.0,0.008161668451056592,0.008128542156930476,0.18948931661245125,-0.012709582107575505
2026-01-14,76.76590728759766,76.93126542215286,73.5754348086713,73.76997291742413,44225300.0,0.04737888304274129,0.04629074134889629,0.23766972346599782,0.0
2026-01-15,76.69781494140625,77.46625305421793,76.36709868637868,76.74645317709987,35503900.0,-0.0008870128498097429,-0.0008874064784939546,0.23891962429258326,-0.0008870128498097916
2026-01-16,76.72699737548828,76.72699737548828,75.45275570789285,76.2503738192443,45910100.0,0.0003804858600511274,0.0003804134936619546,0.24005126942431756,-0.0005068644856055952
2026-01-19,76.42546081542969,76.50327902630127,75.74457002318589,76.37682257834668,10678500.0,-0.003929992966920426,-0.0039377356818147405,0.24282761901502636,-0.004434865478662446
2026-01-20,77.89424896240234,78.0206979907569,75.29712736717866,75.70566184754242,31198500.0,0.01921857102726321,0.019036226850353923,0.24609397768234353,0.0
2026-01-21,80.2481918334961,80.54000640862452,78.30278112238103,78.77940466868141,83134600.0,0.03021972613446655,0.02977210583485764,0.2587909954932974,0.0
2026-01-22,80.71509552001953,82.0963353755021,79.83965919571611,80.24819367334001,62515300.0,0.005818245568600444,0.00580138494573718,0.2588889160620785,0.0
2026-01-23,82.69940948486328,83.39975855721748,81.40571694853739,81.46407689751584,25432600.0,0.02458417415056635,0.02428684652290923,0.254517954644417,0.0
2026-01-26,80.8026351928711,83.78884039684876,79.93692800293691,83.22466949835254,35741300.0,-0.022935765851379575,-0.02320288278670976,0.2761141858602338,-0.022935765851379623
2026-01-27,82.58268737792969,83.77911082690436,81.07499108632085,81.30843829714344,30922500.0,0.022029630355615337,0.021790483881409264,0.28094497840564286,-0.0014114019393930224
2026-01-28,84.59618377685547,85.10198728338366,82.67995308847922,82.96203852484882,28473800.0,0.02438158000007018,0.02408909392431553,0.27506418808790645,0.0
2026-01-29,85.02417755126953,87.05712815496966,84.4405484088391,85.59807014119922,42013200.0,0.005059256284456248,0.005046501249950401,0.272200131509872,0.0
2026-01-30,82.01851654052734,85.50080354785878,81.70725111882557,83.33166730642073,41681400.0,-0.03535066256806518,-0.03599062458153827,0.31693884340942047,-0.035350662568065135
2026-02-02,82.50486755371094,83.50675287759827,81.74615856751093,82.11578392918064,22289400.0,0.00592977090658886,0.005912259008680779,0.3168471711408432,-0.029630512991901052
2026-02-03,86.56105041503906,86.57077954684361,84.06119786429656,84.06119786429656,37709700.0,0.049162952218395395,0.04799265788238108,0.3325682697414139,0.0
2026-02-04,86.98904418945312,87.14467319440085,85.1603607096862,86.09415700283229,51744400.0,0.0049444152117139595,0.004932231734430793,0.33266718550260804,0.0
2026-02-05,84.09037780761719,86.50269043469063,83.8861105667157,85.58834499538126,57049000.0,-0.03332220061555047,-0.03389003513739396,0.3596272371406529,-0.03332220061555042
2026-02-06,83.29275512695312,85.17007671950444,82.87449153624523,84.05147152168001,28889600.0,-0.009485302616773494,-0.0095305746060906,0.3584076855187783,-0.042491432075628575
2026-02-09,84.9269027709961,85.28680642650686,82.32005210431089,84.28492109115467,26531100.0,0.019619325132806953,0.01942934698164016,0.3602148802010116,-0.023705760164071936
2026-02-10,84.67400360107422,85.34516524551742,83.8958363533932,84.35300905481934,14177200.0,-0.0029778452018179857,-0.00298228780462204,0.3622227138474102,-0.02661301328172991
2026-02-11,87.63101959228516,87.85474508342786,86.06497083889711,86.2303289638728,28395300.0,0.03492235946634059,0.03432640889519936,0.3472867470253403,0.0
2026-02-12,86.79450225830078,89.119267467514,86.64859497054056,87.39757483001871,51472200.0,-0.009545904382676107,-0.009591758574395043,0.3511350961204741,-0.009545904382676156
2026-02-13,84.65454864501953,85.73425221830468,83.67211412620583,85.17981044454905,28644800.0,-0.024655405095967198,-0.024964439755394377,0.3678193323411648,-0.03396595133908115
2026-02-18,81.62943267822266,82.82586354582905,81.2792581521502,82.77722530898171,20898700.0,-0.03573483073522776,-0.03638895034549338,0.39519805766635463,-0.06848701455244584
2026-02-19,81.18199157714844,82.04769878714946,80.08283714969237,80.7637279594168,28410900.0,-0.00548136972650537,-0.005496447556894983,0.39181655316246966,-0.07359298163072471
2026-02-20,84.4405517578125,84.4405517578125,81.14308110960346,81.51271390395634,40577200.0,0.04013895344717433,0.039354313312204084,0.4021432733613046,-0.03640797344726476
2026-02-23,85.00472259521484,85.90933889578776,84.06119718888951,84.4405516935343,21193900.0,0.006681278433855686,0.006659057613845872,0.4022468642664399,-0.029969946821222723
2026-02-24,85.33544158935547,86.28868865381735,85.0144470504202,85.0144470504202,19760700.0,0.003890595534503216,0.003883046740896933,0.39408685678555105,-0.02619595222799148
2026-02-25,87.5143051147461,87.86447964879457,86.09415613606198,86.59995967349136,28707500.0,0.025532926118500443,0.02521240539517007,0.3911847503302064,-0.0013318854223320915
2026-02-26,86.7750473022461,86.94040543813797,84.66427837848772,86.51242011119153,24503100.0,-0.008447279693653553,-0.008483160165234512,0.387657563344744,-0.009767914307303352
2026-02-27,86.05524444580078,87.05712977990574,85.85097721059859,86.70695525637254,17328300.0,-0.008295044241672045,-0.00832963956716217,0.3807025749969246,-0.017981933267647417
2026-03-02,85.75370788574219,86.72641324331465,84.90745155303908,85.52025325669469,13952600.0,-0.0035039881880587487,-0.0035101415330403016,0.3806646902245149,-0.021422912973937863
2026-03-03,82.17415618896484,82.98149603807671,80.29683445340352,82.92313608832613,36088800.0,-0.04174223814959377,-0.04263847472776446,0.3897235868830928,-0.06227091078831545
2026-03-04,81.79479217529297,83.29275935713433,81.2987177727021,83.0593121429061,17605800.0,-0.0046165854481000634,-0.004627274790228697,0.38943251770879,-0.06660001725583022
2026-03-05,79.07122039794922,81.99906563883562,78.35142050225312,81.8337000859009,37872100.0,-0.03329761840468903,-0.03386460588027775,0.3618522636680105,-0.09768001370018892
2026-03-06,76.7075424194336,78.9836693147015,76.26009886107715,78.69186217028782,29504600.0,-0.029893025131264128,-0.030348930195641513,0.37117404122304365,-0.12465308772709112
2026-03-09,77.09662628173828,77.91369519411445,74.46059573659228,75.59865918789595,30576600.0,0.005072302540696683,0.005059481749841903,0.35828516719792747,-0.12021306335997829
2026-03-10,78.36114501953125,78.7794086403539,77.49543780313256,77.97206879461525,17172800.0,0.0164017389447364,0.01626868334861108,0.3649708771014251,-0.10578302769821939
2026-03-11,77.67052459716797,78.73077734068518,76.64918838128798,77.6121646480186,20865000.0,-0.008813301824407316,-0.00885236867695297,0.3555509013595356,-0.11366403177162265
2026-03-12,77.0771713256836,77.59270398362864,75.54030248345678,77.59270398362864,29136500.0,-0.00763936222346584,-0.007668691618452771,0.35568069284811477,-0.1204350732846055
2026-03-13,76.16283416748047,78.29305390175858,75.89047042750848,77.13553954677829,14416400.0,-0.011862619534124597,-0.0119335418461632,0.3249352358283774,-0.13086901736579043
2026-03-16,76.6880874633789,78.01096735431524,76.65890748979477,77.22307838293146,13591400.0,0.006896451551992033,0.006872779801721778,0.3284391931643065,-0.12487509765171832
2026-03-17,76.80481719970703,77.53434624691681,76.48382263785795,76.94099536149393,14222300.0,0.001522136490675452,0.0015209792151327116,0.32174621786106655,-0.12354303810395514
2026-03-18,75.02476501464844,76.52273222486589,74.9469542225338,76.50328138212555,19412200.0,-0.023176309116524796,-0.023449102913543803,0.3079124556887795,-0.14385607558018812
2026-03-19,74.53840637207031,74.6162245791354,72.0385539840375,72.14555216346383,27262900.0,-0.006482641331607808,-0.00650374490496449,0.3079886513602574,-0.1494061495704369
2026-03-20,73.4878921508789,74.60649736630313,72.67081579799151,74.12987382279132,44208900.0,-0.01409359647357633,-0.014193854314795966,0.2627209485408231,-0.1613940760612967
2026-03-23,75.37493896484375,76.27955527885045,73.89643003006076,74.47032265083705,23384500.0,0.02567833637261674,0.025354185285929136,0.28314871372375283,-0.13986007106232967
2026-03-24,75.9682846069336,76.26982830489568,74.47031751178076,74.87885938947896,15700300.0,0.007871922023931388,0.007841100091987588,0.28532341700750397,-0.13308911661206238
2026-03-25,77.37871551513672,78.05960630887125,76.84372459066454,77.03826269711638,18658300.0,0.018566049180928745,0.01839580404789899,0.27637801296654263,-0.1169940065155995
2026-03-26,76.75618743896484,77.4176199932311,75.88075108603401,75.9974709856559,13518900.0,-0.008045210779572765,-0.008077748118487401,0.27633645187678313,-0.12409797585280759
2026-03-27,76.8437271118164,77.73861430470001,76.0363798433623,76.32819443376722,11101700.0,0.0011404901125551259,0.0011398402477693509,0.2773810201799981,-0.12309901825470075
2026-03-30,77.330078125,78.8474961511744,77.12581088464215,78.0596071639151,18776700.0,0.006329091930638686,0.006309147338175882,0.2805624329957235,-0.1175490313271675
2026-03-31,80.22874450683594,80.48164256713127,78.39032447682295,78.53623177077995,24956400.0,0.037484332773469964,0.03679887206746218,0.28155238735459703,-0.08447094556116404
2026-04-01,80.73454284667969,81.74615728614027,80.32600838684544,81.03607912591647,28514000.0,0.006304452885968592,0.006284662955775737,0.2824524799881134,-0.07869903577171912
2026-04-02,81.26953887939453,81.48352783294365,79.13931168541612,79.28521897918165,14019800.0,0.00662660633046297,0.00660474689086119,0.2544834745277532,-0.07259393696990234
2026-04-06,80.82208251953125,81.92124429485193,80.54000450370579,81.74615703814659,8680700.0,-0.005505831164211661,-0.005521044118283103,0.22724040415006247,-0.07770007817361228
2026-04-07,81.40571594238281,81.41543765299025,80.34546321507516,80.78318509046301,15312500.0,0.007221212379803887,0.007195264268684225,0.22767149333682057,-0.0710399545602275
2026-04-08,83.25384521484375,84.35300698176675,82.41732546270126,84.13901062285599,24942400.0,0.022702696623527086,0.022448825595227435,0.23353113865030034,-0.049950056473230434
2026-04-09,82.37841796875,83.20521602702604,81.96015437392997,83.03012876823735,17973100.0,-0.010515156913589174,-0.010570831806798358,0.2347670686410557,-0.05993998070516098
2026-04-10,83.25384521484375,84.0320124434006,82.27141817970276,82.6799526351764,24002400.0,0.01062690043921255,0.010570831806798324,0.23275184061623252,-0.049950056473230434
2026-04-13,84.97554016113281,84.97554016113281,82.60213672701688,82.78695311870217,24661900.0,0.020680065189134345,0.020469135707675327,0.23201833474116884,-0.030302961708163514
2026-04-14,85.88988494873047,86.12333215365325,84.80045229050275,85.1117177041174,18528400.0,0.010760093855994857,0.010702615989986376,0.23272166640993663,-0.019868930564263036
2026-04-15,86.02606201171875,86.64859283104832,85.49107111019204,85.74397657465491,24527300.0,0.0015854842868816554,0.001584228733601152,0.2327068327962015,-0.018314948154588208
2026-04-16,85.05335998535156,86.95013248967896,84.72263630032731,86.46377980434855,13618900.0,-0.011307062111417854,-0.011371472929904123,0.21601310435262633,-0.02941492200965473
2026-04-17,87.30030822753906,87.30030822753906,85.40353569690616,85.79261191364398,30119000.0,0.02641810085544516,0.026075169447738737,0.22134464413667326,-0.0037739075305156995
2026-04-20,86.30815124511719,86.9987711712774,85.62725302948309,86.37624032456529,16067700.0,-0.011364873762368832,-0.011429947446112438,0.2178754725491468,-0.015095891310209417
2026-04-22,84.83936309814453,86.30815027679252,84.83936309814453,85.54943385854347,13222100.0,-0.017017953991405377,-0.0171644234894645,0.2252123097337698,-0.03185694411783834
2026-04-23,83.62348175048828,84.79072522468991,83.37057627665514,84.27519256656497,12637500.0,-0.014331570903587387,-0.014435259740782427,0.23629337606380144,-0.045731954968029266
2026-04-24,83.52621459960938,84.61563988802817,83.40948728107028,83.62348365448203,11436400.0,-0.0011631559562316207,-0.0011638329471357972,0.23151924748590794,-0.046841917528449704
2026-04-27,83.16630554199219,83.94447277283449,82.5729546982343,83.79856548940747,8656600.0,-0.004308935336558073,-0.0043182455527974685,0.22933053323069388,-0.05094901407133728
2026-04-28,82.08660888671875,82.97177437122303,81.75589260975231,82.38814518879443,13687500.0,-0.012982380884146383,-0.01306738852677657,0.23710243559130997,-0.06326995544913783
2026-04-29,77.27171325683594,80.6470019160327,77.08689687064219,80.54000373677871,43296200.0,-0.058656286271095315,-0.060446941765508806,0.32716878122701887,-0.11821506110104908
2026-04-30,78.96421813964844,79.47002164051838,78.0206927922798,78.8183108574822,17593900.0,0.021903291793038848,0.021666860878552033,0.3084451962332573,-0.0989010682856385
2026-05-04,76.51300811767578,79.13930965340869,76.50327898603369,78.9642223896163,18555600.0,-0.03104203498396807,-0.031534047788716664,0.3256655427714747,-0.12687301284793198
2026-05-05,76.25037384033203,77.25225919035084,75.84183936343848,77.25225919035084,16295600.0,-0.003432544136022231,-0.0034384488316027218,0.32381168276044514,-0.1298700597676836
2026-05-06,79.01286315917969,79.41166851545128,77.91370130413776,78.15687765491295,17424200.0,0.03622919049068929,0.035588345712716636,0.3515722349724595,-0.09834595641135496
2026-05-07,77.884521484375,79.44084864820171,77.42734875662362,79.07122326590327,18912100.0,-0.01428048079376043,-0.014383428126530769,0.35313391184760407,-0.11122200966343905
2026-05-08,78.59459686279297,79.55757310114969,78.16660412523308,78.37087136239039,16782600.0,0.009117028196166332,0.00907571898294086,0.3438155993930863,-0.10311899566540858
2026-05-11,81.17225646972656,81.63915829141877,78.97394777664368,79.16848587334303,24868900.0,0.03279690601929741,0.03227056482475643,0.36413525076025144,-0.07370407365575385
2026-05-12,80.97772216796875,81.69752206487229,79.5089349792515,80.88045311506065,16503000.0,-0.0023965614634645638,-0.0023994378133738487,0.36169528907431747,-0.07592399877659473
2026-05-13,81.99906158447266,82.72859057571831,80.74427082899182,81.21116522754355,31641800.0,0.012612597504106038,0.012533721226934124,0.3563936931266363,-0.06426900010996021
2026-05-14,80.60809326171875,83.0787656871776,80.37463863959867,82.67995294025366,31954300.0,-0.016963222454942084,-0.017108745958993553,0.35714327626367476,-0.08014201321908035
2026-05-15,81.22090148925781,81.22090148925781,78.04987978432914,78.44869256337608,36318900.0,0.007602316377207874,0.007573564399201474,0.35883027912852994,-0.07314896178147032
2026-05-18,79.59648132324219,81.31816654369356,78.84749404082355,80.73454481241274,22668800.0,-0.020000026301486784,-0.020202734155771628,0.36294973517189044,-0.09168600692340126
2026-05-19,78.80858612060547,79.06149159571837,77.98178803709939,78.5945971721363,20334400.0,-0.009898618500949419,-0.009947935541995755,0.34640810172117614,-0.10067706061994051
2026-05-20,79.7618408203125,79.9661080587042,78.6432281538458,79.22684989512966,15669300.0,0.012095822887219443,0.012023253030226194,0.35071574420404905,-0.08979900962678565
2026-05-21,80.37464141845703,80.61781775904178,79.00313071655857,79.1393088735938,15156600.0,0.007682879329791836,0.007653516311514921,0.3493691931544371,-0.08280604525189116
2026-05-22,80.83181762695312,80.87072673367018,79.61593587136973,80.0828377308212,11443900.0,0.005688065295568645,0.005671949335706585,0.34770015516030256,-0.07758898614858314
2026-05-25,81.30844116210938,81.30844116210938,80.19955759518841,80.57891210907435,7059500.0,0.005896484195814011,0.005879167969438733,0.34874079676053626,-0.07215000418336348
2026-05-26,80.8026351928711,81.82397880493654,80.05365531953535,80.95827161500236,10409000.0,-0.00622082974423066,-0.006240259727909853,0.3490247126394107,-0.07792200103552394
2026-05-27,81.17225646972656,81.64888742259954,80.2579185098564,81.39598195996824,10613200.0,0.004574371565645219,0.004563940925022792,0.346839784518354,-0.07370407365575385
2026-05-28,81.66834259033203,81.7558899332916,79.99528815393495,80.88045360946137,12798900.0,0.006111523101375083,0.006092923486911775,0.2652946274821537,-0.06804299470319145
2026-05-29,80.55945587158203,81.97960477585058,80.13146314769327,81.71697759965242,20839400.0,-0.01357792607978392,-0.013670949117777295,0.2615323444508445,-0.08069703803064834
2026-06-01,79.47002410888672,80.00501501972903,78.38059886666655,79.88828770613992,16605900.0,-0.013523325733877267,-0.013615598739588059,0.23870666274161448,-0.09312907143347804
2026-06-02,82.6799545288086,82.7577727376771,79.8007475910496,79.9758348504273,18457400.0,0.04039171317632606,0.03959728952442734,0.2724469946372186,-0.056499000998870536
2026-06-03,79.55757141113281,81.50298210976575,79.55757141113281,81.32789485004268,19308800.0,-0.03776469321336928,-0.03849625657723243,0.2853059690224396,-0.09213002677265565
2026-06-05,76.55191040039062,78.58486850260371,76.19201415950326,78.58486850260371,23008500.0,-0.037779697864452344,-0.0385118502350064,0.31330620431152,-0.12642908006139314
2026-06-08,75.9391098022461,77.11608243828516,75.20958075684685,76.76590790280126,15671500.0,-0.008005033381131677,-0.0080372456830519,0.31199223294716855,-0.13342204443628763
2026-06-09,76.35736846923828,76.63945390571392,74.73295234784834,76.63945390571392,17523500.0,0.005507816302842805,0.005492703748682821,0.2867593895020227,-0.12864909224494955
2026-06-10,75.5792007446289,76.01692259334227,75.09284808238252,75.79319710340175,12469100.0,-0.010191128115197845,-0.010243413193951625,0.2878702590514587,-0.1375291409791752
2026-06-11,76.64918518066406,76.89236152016979,74.99558161933341,75.98774524036239,17725500.0,0.014157128224344229,0.014057851965244986,0.28904109797797994,-0.12531903043825718
2026-06-12,77.00907897949219,77.62188808521482,75.99746454858514,76.51300460581055,12112600.0,0.004695337569210256,0.004684348855487508,0.28563742438256146,-0.12121210802080068
2026-06-15,78.94477081298828,80.48163964625257,78.44868899999983,78.57513802555835,22329400.0,0.025135891237078267,0.02482518061950374,0.2997493406937522,-0.09912299114755015
2026-06-16,79.21712493896484,79.94665394096812,78.40004859772174,78.53622675107012,19713900.0,0.0034499324422860855,0.0034439950771116864,0.2917434981791164,-0.0960150263282005
2026-06-17,77.60243225097656,79.11985023424026,77.09662873027298,78.15687400802699,20268200.0,-0.020383126618548353,-0.0205937292857768,0.2988043549886174,-0.11444106650781784
2026-06-18,77.75807189941406,78.18605722819677,76.72699913103682,77.33007914947811,19651900.0,0.002005602710159149,0.0020035941741454654,0.295209151802969,-0.11266498711080028
2026-06-19,78.54595947265625,78.85722489755935,77.33007774707333,77.5051650124034,26305900.0,0.01013255028058535,0.010081560143797713,0.2963065991468885,-0.10367402047697657
2026-06-22,78.70159149169922,79.35330227906647,77.9234242624096,78.35141698063416,18089300.0,0.001981413430911738,0.0019794530204815413,0.2954676374816242,-0.10189802814267455
2026-06-23,77.21334838867188,77.79697753844596,76.66863576477918,77.30089572959916,18415100.0,-0.018909949275731086,-0.019091028803699,0.3006304862856807,-0.11888109087493066
2026-06-24,75.60839080810547,76.707545191982,75.05394905041157,76.4157306158682,22558900.0,-0.020786011927464543,-0.021005082121312784,0.30750209023804576,-0.13719603902951888
2026-06-25,76.51300811767578,77.0577207511841,75.30684811326013,76.06555711597618,13882800.0,0.011964509492950803,0.011893500579321281,0.31107506235613375,-0.12687301284793198
2026-06-26,76.01692199707031,76.7269927225348,75.78347479894595,76.04610196919178,25251100.0,-0.006483683399853946,-0.006504793773193658,0.3094245929397033,-0.13253409180049439
2026-06-29,75.99746704101562,76.41573064230857,75.04421994486617,76.21146340741942,11791900.0,-0.0002559292792128076,-0.00025596203469963145,0.30728195167064887,-0.1327561017251216
2026-06-30,75.75428771972656,76.15310046344699,75.14148603917735,75.968284077708,11289500.0,-0.003199834557088832,-0.003204964974934071,0.30468460382222395,-0.135531138720246
2026-07-01,75.84183502197266,76.76590210792816,74.93721877711877,74.9858495904491,15414700.0,0.001155674548350305,0.0011550072705739337,0.2619789841876392,-0.13453209405942362
2026-07-02,76.1044692993164,77.15499292455756,75.59866575076697,76.45464384106346,17199300.0,0.0034629209230980784,0.0034569388188296127,0.22972223977076053,-0.131535047139672
2026-07-03,76.6880874633789,76.88263298919483,75.88074764999004,76.28928212247399,7793500.0,0.007668645080056269,0.007639390488239527,0.187559651884951,-0.12487509765171832
2026-07-06,75.666748046875,76.6297242397425,75.38466261236782,76.15310070889028,12389100.0,-0.013318097377139959,-0.013407578603871501,0.19157144707684928,-0.13653009631835283
2026-07-07,74.12014770507812,75.4819367344919,73.721342354417,75.4819367344919,16866100.0,-0.0204396301112183,-0.020651410123873202,0.20341604241382225,-0.154179101761775
2026-07-08,70.7156753540039,73.16689697027054,70.37522996873155,73.16689697027054,29276700.0,-0.04593180743001912,-0.047020129407151015,0.25877092165039056,-0.1930291843799389
2026-07-09,71.15339660644531,71.48411285757365,69.96669491257964,71.40630207099522,18980500.0,0.006189875869107686,0.006170797276407012,0.2531981262658701,-0.18803413520125808
2026-07-10,72.15528106689453,72.62218288665875,71.12421580057075,71.98019381212704,22142400.0,0.014080627323959094,0.013982416134103256,0.2593675023035043,-0.17660114645925076
2026-07-13,70.86158752441406,72.15528749878527,70.47250387678659,72.15528749878527,16237900.0,-0.017929298082576928,-0.01809197534014451,0.24189175826557832,-0.19136410994523495
2026-07-14,71.98992919921875,72.65136917235837,71.18258193090138,71.4160291504938,14780100.0,0.01592317804644061,0.015797734138531604,0.2516606201872847,-0.17848805669315085
2026-07-15,72.47628021240234,72.95290377245954,71.78566028056143,71.97046925706753,15456000.0,0.006755820134753954,0.006733101844962222,0.247551070881312,-0.1729380697656176
2026-07-16,70.988037109375,72.05801147097176,70.56004439627526,71.83428598335527,12989700.0,-0.02053420924288374,-0.02074796741712317,0.2540321282260431,-0.1899211324978737
2026-07-17,70.94913482666016,71.12422209692747,70.13205842502829,70.98804393351438,13491600.0,-0.0005480118101435227,-0.000548162023497186,0.24865458642016403,-0.19036506528441255
2026-07-20,69.9666976928711,71.25066848684595,69.75270132368311,71.00749214388743,13137000.0,-0.013847062916120256,-0.013943827803256937,0.24907725903692426,-0.20157613116450823
2026-07-21,70.39469146728516,70.97831321474447,69.61652418990396,70.36550407193201,12581400.0,0.006117106974132147,0.006098473425595302,0.24740327913533994,-0.196692086948141
2026-07-22,73.0501708984375,73.19607818636183,71.33820739050807,71.60084199300246,17992800.0,0.037722722776424744,0.03702862263945051,0.2800441479886799,-0.16638912523997748
2026-07-23,73.61434173583984,74.96640158876761,72.47627824889828,72.50545822223222,15826900.0,0.007723059788411923,0.007693389627203363,0.27772316688891735,-0.15995109861393544
2026-07-24,73.18634796142578,73.46843340155758,72.79726433982495,73.10853717402787,8637800.0,-0.0058139998853741215,-0.005830966979123814,0.277586250607329,-0.16483514283030268
2026-07-27,73.62406921386719,73.6532491865458,72.21364202479434,72.33036933666156,10921700.0,0.005980913990572656,0.0059630993212043204,0.27894843902068334,-0.15984009365162186
2026-07-28,73.62406921386719,74.16878182694208,72.95290015764795,74.02287454239622,12270800.0,0.0,0.0,0.27893377814243747,-0.15984009365162186
2026-07-29,73.00154113769531,74.12014637858259,72.57354839924263,73.93533740428506,12265200.0,-0.00845549672571777,-0.008491447234538586,0.27985005679833586,-0.16694406298882994
2026-07-30,74.01314544677734,74.47031814203663,72.57354570548506,73.90615468728846,16732800.0,0.013857300727034616,0.013762166199686465,0.2848171930669765,-0.15540015634722457
2026-07-31,74.19796752929688,74.83022753038442,73.18635301178746,73.63379661010163,17353300.0,0.0024971521126937457,0.0024940394092092637,0.28323414162186994,-0.1532910620632662
2026-08-03,72.60272979736328,74.39251157597096,71.93156070274125,74.29523509993928,23582200.0,-0.021499749724326556,-0.0217342363712065,0.28929575361269616,-0.17149509231825635
2026-08-04,74.22714233398438,74.81077147658415,73.73106795238851,74.03260423388633,19784000.0,0.022373987054686406,0.02212736129582504,0.2926793652230907,-0.15295813423904095
2026-08-05,74.56759643554688,74.8496744592407,73.24471655268408,74.22714362273503,15107500.0,0.004586652413892445,0.004576165777188253,0.23399013509334118,-0.14907304762078058
2026-08-06,73.33226013183594,74.460601967522,73.32253099983083,74.40223459664467,21991700.0,-0.016566663842768614,-0.016705425700235633,0.24333087556178237,-0.1631700683955987
2026-08-07,72.92372131347656,74.05205566104325,72.48599945306519,73.8380667177043,13038800.0,-0.005571065416842602,-0.005586641679638991,0.2399160674805761,-0.16783210268733872
2026-08-10,73.8575210571289,74.24660469998082,72.66109015406109,72.85563568606365,15094700.0,0.012805157592523653,0.012723864804488167,0.23302998123115193,-0.15717606161881104
2026-08-11,72.36927795410156,74.606495757871,71.69810890239437,74.22714127329373,36211800.0,-0.02015019028158538,-0.020355974451699455,0.24001567929677778,-0.17415912435106717
2026-08-12,73.18000030517578,73.54000091552734,72.66000366210938,73.11000061035156,24930300.0,0.011202576203515502,0.011140292076826425,0.2420923022712175,-0.16490757900963202
2026-08-13,71.9000015258789,73.19999694824219,71.5,72.19999694824219,19535200.0,-0.01749110103797502,-0.017645877812029462,0.23871088725805786,-0.17951426492122174
2026-08-14,71.30000305175781,71.9800033569336,71.08999633789062,71.55000305175781,22933800.0,-0.008344902105532404,-0.008379915727336956,0.24083645745070073,-0.18636113805944
2026-08-17,71.41000366210938,71.80000305175781,70.69000244140625,71.19999694824219,10007400.0,0.0015427854928942164,0.0015415966219804614,0.2349353420979838,-0.18510586782678315
2026-08-18,71.55000305175781,72.70999908447266,70.8499984741211,70.98999786376953,12466800.0,0.0019605010848462445,0.001958581810677732,0.23420710207469636,-0.18350826699662276
2026-08-19,72.12999725341797,73.8499984741211,71.76000213623047,72.5999984741211,18624200.0,0.008106138042238697,0.008073459782800312,0.19391047481238036,-0.1768896722985506
2026-08-20,74.0199966430664,74.0999984741211,71.25,71.48999786376953,24999800.0,0.02620268212416832,0.025865273168938503,0.2139532738409994,-0.15532197402866957
2026-08-21,75.02999877929688,75.80999755859375,74.51000213623047,74.80000305175781,28372500.0,0.01364499030040256,0.013552735681804798,0.21764819770347185,-0.14379635055732762
2026-08-24,77.12999725341797,78.36000061035156,74.70999908447266,74.70999908447266,28776400.0,0.02798878459665577,0.027604257048027565,0.2366028120100078,-0.119832251042206
2026-08-25,78.69999694824219,78.76000213623047,76.88999938964844,77.0999984741211,18033600.0,0.020355241160787685,0.020150842310125136,0.24465053303363854,-0.10191622425022243
2026-08-26,78.44999694824219,79.58000183105469,78.20999908447266,79.0,13673700.0,-0.003176620199419,-0.0031816763678886063,0.2419578221280054,-0.10476909531303966
2026-08-27,79.11000061035156,79.30000305175781,77.87999725341797,78.06999969482422,11544100.0,0.008413048920127064,0.008377856470163833,0.23970255450902953,-0.09723747391709871
2026-08-28,78.58000183105469,79.4800033569336,77.76000213623047,79.19000244140625,13040900.0,-0.006699516814660744,-0.006722059316427563,0.2423465266439309,-0.10328554664023674
