Price,Close,High,Low,Open,Volume
Ticker,ITUB4.SA,ITUB4.SA,ITUB4.SA,ITUB4.SA,ITUB4.SA
Date,,,,,
2019-01-02,20.66042137145996,20.73859589184817,19.739079671666673,19.789333686177777,28984066
2019-01-03,21.001049041748047,21.001049041748047,20.353316676477327,20.520832544020596,24856433
2019-01-04,20.649259567260742,21.05688360508932,20.520828588183733,20.78327271813956,28181675
2019-01-07,20.688352584838867,20.939627614224232,20.520834289654633,20.548754809982334,19148946
2019-01-08,20.950786590576172,20.978704683924633,20.414731685641843,20.760932454213496,22157287
2019-01-09,21.269079208374023,21.269079208374023,20.984301458477205,21.162986530593162,23008397
2019-01-10,21.1239013671875,21.436599671435477,21.017806265364168,21.174155417488155,28032459
2019-01-11,20.99546241760254,21.17973202606613,20.827946566318815,20.99546241760254,15442903
2019-01-14,21.15181541442871,21.15181541442871,20.911709557949127,20.978714945472362,19711367
2019-01-15,20.82236671447754,21.07364175522482,20.593427608324188,21.040139060029475,46588733
2019-01-16,20.760942459106445,20.878204299815113,20.49291608416976,20.855868366338562,19605771
2019-01-17,20.760942459106445,20.855868366338562,20.515252017646315,20.682767898633998,29196956
2019-01-18,21.028968811035156,21.0959766113915,20.772111609813265,20.772111609813265,24162697
2019-01-21,20.855863571166992,21.01221265616417,20.688347728694485,20.939622699098457,8808508
2019-01-22,20.82236671447754,20.9843004302402,20.643681651117205,20.855869409672884,13807871
2019-01-23,20.961956024169922,21.045715141699326,20.638091136921084,20.911702001686354,30874136
2019-01-24,20.934040069580078,21.068053238757322,20.79444231444818,20.855865519777467,24113752
2019-01-28,21.308164596557617,21.414259678289742,20.699519453420915,20.699519453420915,25555494
2019-01-29,21.15181541442871,21.525936872736747,21.15181541442871,21.442180138332702,17930858
2019-01-30,21.285831451416016,21.447765181919397,20.883791832301178,21.341672499679557,21965357
2019-01-31,21.65436553955078,21.994981853768866,21.425424054630774,21.47568050321425,30523926
2019-02-01,21.679500579833984,21.84149691682594,21.416954875547866,21.562193387044854,15342292
2019-02-04,22.17107391357422,22.22693413664158,21.450472931653813,21.60129577536813,20038804
2019-02-05,21.227025985717773,21.67391010796342,21.014756208725387,21.539845112722123,80658836
2019-02-06,20.333261489868164,21.16558544182251,20.333261489868164,21.11531195874073,44387767
2019-02-07,20.405872344970703,20.713104674650967,20.143326729971722,20.56786621254702,34838503
2019-02-08,20.841588973999023,20.975656400068722,20.305328927017264,20.377946972061824,34947045
2019-02-11,20.606969833374023,20.89744677501209,20.444975956077204,20.841584153242206,20785904
2019-02-12,21.098546981811523,21.221440909753536,20.79131457628064,20.914208504222653,25112491
2019-02-13,20.618146896362305,21.21026954368303,20.584628834627313,21.18233822795789,35669785
2019-02-14,21.165586471557617,21.165586471557617,20.350022721943585,20.780149172871162,37265389
2019-02-15,20.947723388671875,21.132064273866792,20.774555995241293,21.053859488812716,30422409
2019-02-18,20.61256217956543,20.947725929641862,20.61256217956543,20.863934388541665,19942839
2019-02-19,21.087373733520508,21.22702547102185,20.774554614101145,20.836001571747648,25550736
2019-02-20,20.81924819946289,21.43929982532122,20.81924819946289,21.243787833895222,32575109
2019-02-21,21.19910430908203,21.19910430908203,20.81366697075011,21.031523592427952,28676909
2019-02-22,21.49824333190918,21.49824333190918,21.246082426135104,21.422009199424114,19781160
2019-02-25,21.16983985900879,21.627249568152084,21.158111242457224,21.551012926930156,14109588
2019-02-26,21.246065139770508,21.357485043168758,21.163964862912245,21.222607917811004,9124162
2019-02-27,21.05841636657715,21.328169432872382,21.05841636657715,21.240206724416545,11480349
2019-02-28,20.659648895263672,21.122922209222903,20.624464318185424,21.07014534360553,20408162
2019-03-01,20.439647674560547,20.87965238878796,20.439647674560547,20.820984332869717,18300555
2019-03-06,20.445510864257812,20.662579456502456,20.33990965336843,20.615645021523648,10921100
2019-03-07,20.72711181640625,20.85031407083315,20.33990907785165,20.416176898627754,21485645
2019-03-08,20.97351837158203,21.055652375636452,20.445513516455133,20.603915353337133,15369145
2019-03-11,21.659927368164062,21.718594157926937,21.020453781370506,21.032187392885728,22654901
2019-03-12,21.706859588623047,21.706859588623047,21.466324986471932,21.659927677518336,14852836
2019-03-13,21.941518783569336,22.099919295930068,21.530848910319072,21.601248011090377,25155772
2019-03-14,21.595399856567383,21.941535798781764,21.37832987773017,21.941535798781764,20177710
2019-03-15,21.58952522277832,21.806592593674797,21.40178997830294,21.548458217287656,21647098
2019-03-18,21.62472915649414,21.742065292757303,21.554330010363174,21.62472915649414,12806412
2019-03-19,21.12019157409668,21.706862083150398,21.12019157409668,21.706862083150398,39681965
2019-03-20,20.644983291625977,21.2492547391714,20.644983291625977,21.15538712059324,29664772
2019-03-21,20.281246185302734,20.774050226078295,20.00551077217543,20.715383440599247,35755214
2019-03-22,19.68284797668457,20.017250295241592,19.571380537165563,19.97618327711282,34705489
2019-03-25,19.712175369262695,20.01724419153594,19.53617373554714,19.647641141077244,22557916
2019-03-26,19.917509078979492,20.011376695269018,19.653506011973597,19.946842471355005,18209236
2019-03-27,19.242828369140625,19.735632176341166,19.236960932685832,19.612429956728487,32088032
2019-03-28,20.005508422851562,20.146309198591762,19.15483379423762,19.301502008524576,35287058
2019-03-29,20.199121475219727,20.269521903759244,19.89991870306647,20.2519221135778,22320553
2019-04-01,20.04945182800293,20.425086073052277,19.95554326674059,20.366392429534475,19521136
2019-04-02,19.73250961303711,20.14922874029269,19.679685972373303,20.102273829317728,18533727
2019-04-03,19.556434631347656,20.067061132537305,19.468394792156587,19.9790225617125,22057470
2019-04-04,19.849889755249023,20.008360640528544,19.515341799702153,19.773589945139655,20454728
2019-04-05,20.27835464477539,20.34878575133266,19.83815800915162,19.955544032324532,18345649
2019-04-08,20.155086517333984,20.34877224893817,20.043570566917353,20.307687358344392,10412949
2019-04-09,20.043581008911133,20.084664652542674,19.72663917204482,20.07292719342853,15165318
2019-04-10,20.008365631103516,20.213790199352417,19.844025976504398,20.190314011814017,29815914
2019-04-11,19.544687271118164,19.979013739478503,19.433171289969582,19.84988903724752,13699556
2019-04-12,19.339265823364258,19.849892179917344,19.163187463223146,19.368612005326792,33375347
2019-04-15,19.327524185180664,19.56229487387823,19.157315848093788,19.509471246957276,18725884
2019-04-16,19.309917449951172,19.63859668001574,19.204270192183056,19.204270192183056,19252729
2019-04-17,19.010578155517578,19.485990691069464,18.781677514739094,19.368604738892593,40764433
2019-04-18,19.268836975097656,19.48600026892856,18.852117844988992,19.086888596373033,19844834
2019-04-22,19.21601104736328,19.45665049984021,19.010585237436146,19.23361850282113,11401605
2019-04-23,19.462520599365234,19.632730230903938,19.368612055820762,19.368612055820762,15183786
2019-04-24,19.49186897277832,19.50947643030808,19.180797125133598,19.474261515248557,16595051
2019-04-25,19.79119110107422,19.838144717865383,19.157310298384097,19.380342197781484,22194223
2019-04-26,19.83814811706543,19.908580456868542,19.609247451984793,19.84401811289847,11411236
2019-04-29,19.679685592651367,20.020103617187246,19.597515768396704,19.926195065415346,12525541
2019-04-30,19.855762481689453,19.973147211338926,19.620990485658652,19.77359266358845,15296746
2019-05-02,19.987871170043945,20.093563991454918,19.723635944196467,19.77061165942625,16575223
2019-05-03,19.794105529785156,20.1288018922901,19.75300240093744,20.08182743171917,35157216
2019-05-06,19.359588623046875,19.664925824510295,19.33610075557167,19.576846955942564,16586780
2019-05-07,19.142324447631836,19.21278676429364,18.760652402529495,19.201042833361964,32977891
2019-05-08,19.359588623046875,19.600334823417764,19.22453528845729,19.22453528845729,20450083
2019-05-09,19.118839263916016,19.300867046534634,18.93093888054481,19.12471186466861,24543499
2019-05-10,19.030765533447266,19.259769092827153,18.807633307082565,19.077740004354805,16418076
2019-05-13,18.73130226135254,18.819381157405896,18.590377550381902,18.625609362589035,21598945
2019-05-14,18.64320945739746,18.89570073368127,18.57274715927321,18.831109765014073,15113880
2019-05-15,18.701942443847656,18.701942443847656,18.28503841809438,18.502296796977593,23968388
2019-05-16,18.461191177368164,18.59624324421063,18.296778641460577,18.49642170996061,20413714
2019-05-17,18.49641990661621,18.790014417214373,18.267416391378198,18.420086247489166,26983074
2019-05-20,18.97791862487793,19.013149161131388,18.431833892591083,18.613861713710467,27380871
2019-05-21,19.711894989013672,19.72363891959274,19.001397974869825,19.024885836027963,26574515
2019-05-22,19.729511260986328,19.846948027382744,19.35958316276687,19.788229644184536,14927841
2019-05-23,19.688411712646484,19.79997716854483,19.453536868292836,19.606205453676285,17894262
2019-05-24,19.394811630249023,19.876306382030545,19.383067701068004,19.846945924613966,13072667
2019-05-27,19.46527671813965,19.717768059294315,19.394814401912,19.570970826945242,12018297
2019-05-28,20.01136589050293,20.01136589050293,19.447664727993857,19.54161492174537,36895918
2019-05-29,20.387165069580078,20.486987862612203,19.876312247486553,19.876312247486553,31874349
2019-05-30,20.598552703857422,20.680758960998986,20.363676595800047,20.440011521257954,18068630
2019-05-31,20.551578521728516,20.786454647466577,20.404782529302842,20.486988792632616,20639521
2019-06-03,20.607379913330078,20.748364954225995,20.401776199743463,20.677872433778038,21458113
2019-06-04,20.572132110595703,20.736615074206952,20.419398111452704,20.677871521337828,18756361
2019-06-05,20.172677993774414,20.654378023481268,20.131557244049777,20.61325727375663,13815348
2019-06-06,20.384153366088867,20.49576790556289,20.196172453732068,20.378279517971826,12972736
2019-06-07,20.601512908935547,20.724876455140013,20.36653732508538,20.431156023222794,15132234
2019-06-10,20.343042373657227,20.484027481981453,20.03757294632436,20.472278511375638,20715092
2019-06-11,20.44289779663086,20.548637216457017,20.113931841147018,20.47226957558874,33011654
2019-06-12,20.325414657592773,20.63088403043944,20.249048266485524,20.442903073221885,19982721
2019-06-13,19.961196899414062,20.313660791856698,19.80258903644545,20.296037978076242,41781867
2019-06-14,19.96708106994629,20.014075684492006,19.66748675248297,19.91421133516184,21272188
2019-06-17,19.943574905395508,20.160927605686805,19.86133341174325,19.91420312473003,17717967
2019-06-18,20.460533142089844,20.460533142089844,20.07869724282026,20.17856160633795,25822203
2019-06-19,20.783618927001953,20.8482363522258,20.249049089630166,20.348913421817336,26374993
2019-06-21,21.253564834594727,21.253564834594727,20.854106334766257,20.901100929669248,31106515
2019-06-24,21.206571578979492,21.441548376751154,21.024464497232835,21.288813077357858,25737001
2019-06-25,20.942230224609375,21.282946571989342,20.842365876256995,21.14783531096816,26954749
2019-06-26,21.441553115844727,21.441553115844727,20.98922350531571,21.05971605243879,37241370
2019-06-27,21.294689178466797,21.400429891173815,20.97159826893276,21.265317393006658,23374129
2019-06-28,21.30056381225586,21.494419888482888,21.23007127066083,21.412178378376595,19957908
2019-07-01,21.20359992980957,21.609101432039427,21.121324373125084,21.609101432039427,18040532
2019-07-02,21.127195358276367,21.34463929786133,20.986151945029786,21.185963235462815,21334503
2019-07-03,21.491565704345703,21.538578494005225,20.939141930881476,20.980280979329283,19999036
2019-07-04,21.73838996887207,22.038106947260868,21.573838873287023,21.609099096627844,26215807
2019-07-05,21.979326248168945,22.008711443819237,21.550318647639116,21.650224248859,16253791
2019-07-08,21.92057228088379,22.03810805794072,21.779528840416265,22.020477945381785,11237547
2019-07-10,21.861797332763672,22.167391778427035,21.71487638888807,22.0557310482831,25793198
2019-07-11,21.83241081237793,21.83241081237793,21.4974311821271,21.72662763756214,17322437
2019-07-12,21.42691993713379,22.01460138896088,21.42691993713379,22.00872637783988,21213498
2019-07-15,21.36814308166504,21.56795689960932,21.2271009472285,21.556201800909154,18855725
2019-07-16,21.450428009033203,21.538578577484085,21.279998073369715,21.39165757673767,20218045
2019-07-17,21.391647338867188,21.697244296561355,21.379894782030483,21.503308058793323,26198019
2019-07-18,21.961706161499023,21.961706161499023,21.42691516875118,21.43279017856474,18365476
2019-07-19,21.391647338867188,21.908808099586942,21.391647338867188,21.791272371239952,19425851
2019-07-22,21.756011962890625,21.891177795261,21.520937968339357,21.562075726886206,21145292
2019-07-23,21.967580795288086,22.067486428804113,21.585585828320337,21.89118027789738,23938590
2019-07-24,21.949954986572266,22.185029081018687,21.820666647622982,22.038108089489178,16643203
2019-07-25,21.274112701416016,22.126253125615325,21.144821869607544,22.126253125615325,25357333
2019-07-26,21.656105041503906,21.79127342161377,21.162453180655245,21.438663679581452,26994858
2019-07-29,21.74427604675293,21.902952212540864,21.42105124162451,21.603232541605934,22919117
2019-07-30,21.021404266357422,21.62671669340785,20.956758867644133,21.62671669340785,50086077
2019-07-31,20.463117599487305,21.02729259992783,20.39259461318403,21.003784937826737,40269086
2019-08-01,20.507213592529297,21.236255073623976,20.507213592529297,20.70123349558304,37163986
2019-08-02,20.53660774230957,20.695350933835865,20.33083023693024,20.577763243385437,31506464
2019-08-05,20.25438117980957,20.41312423913545,20.013328457424258,20.107398277334685,24126781
2019-08-06,20.8658504486084,20.8658504486084,20.460175546491673,20.542486543506097,20106444
2019-08-07,21.63604736328125,21.63604736328125,20.55424550333525,20.61891752223145,36330551
2019-08-08,21.75364112854004,21.95941869127044,21.55962373573204,21.75364112854004,34212974
2019-08-09,21.58900260925293,21.753624533855934,21.3714675836372,21.747746994469562,13465478
2019-08-12,20.695341110229492,21.189206888713066,20.68946230024286,21.165690378221914,22939624
2019-08-13,21.10102081298828,21.23624617182139,20.648310436720628,20.683585843910663,15448455
2019-08-14,20.63655662536621,20.912887509646456,20.589522311121094,20.81293879778481,23531503
2019-08-15,20.577762603759766,20.85997228974164,20.466055000103978,20.85997228974164,21625004
2019-08-16,20.660097122192383,20.966840917719196,20.52777690636089,20.93075417693213,16250619
2019-08-19,20.56987762451172,20.97285486871501,20.395454056229426,20.840533361774337,25638203
2019-08-20,20.341331481933594,20.720250198551515,20.178938488964675,20.672134093167198,19603279
2019-08-21,20.497713088989258,20.654092066421665,20.305246055333413,20.563872575747023,22148790
2019-08-22,20.172916412353516,20.648069780260556,20.148857717828943,20.539806954667373,15354416
2019-08-23,19.938350677490234,20.389445425246883,19.806030435323592,19.902263929520974,29781924
2019-08-26,19.932331085205078,20.106753351127555,19.661675351965382,20.094725305009245,20180429
2019-08-27,20.166898727416992,20.407481729684022,19.89624171257032,19.93834377046123,32389410
2019-08-28,20.395463943481445,20.50372681077675,19.94437039610821,19.980458451795943,16420455
2019-08-29,20.50372886657715,20.73228397597968,20.172926205459397,20.479670160373086,19169793
2019-08-30,20.413503646850586,20.786408265682923,20.317270154901355,20.768363592352227,28678156
2019-09-02,20.15777015686035,20.572960358232145,20.15777015686035,20.398460920182803,9478791
2019-09-03,19.772663116455078,20.34430128348755,19.718507771117658,20.163783899143503,21658767
2019-09-04,19.911060333251953,20.04343905832667,19.742577610242993,20.02538770953059,17459076
2019-09-05,20.4766845703125,20.855772072189737,20.091581684772972,20.109633037129203,47627014
2019-09-06,21.162641525268555,21.198744212855384,20.609054845747764,20.609054845747764,24245520
2019-09-09,21.680133819580078,21.842598586364307,21.276978294013816,21.282994977829333,39482670
2019-09-10,21.258922576904297,21.836577453945452,21.114509182729535,21.728268058485437,25237235
2019-09-11,21.162641525268555,21.469520871465217,21.054330861824624,21.367228189513572,18544604
2019-09-12,21.295024871826172,21.42138690670452,21.150611489205776,21.36121488066969,15460578
2019-09-13,21.583852767944336,21.908783526460052,21.367232695714524,21.367232695714524,28419039
2019-09-16,21.19875717163086,21.433429985767354,21.006205052321807,21.37927462094028,22842752
2019-09-17,21.2769832611084,21.33113862945977,20.98213837812852,21.000189734131446,13879363
2019-09-18,21.210790634155273,21.44546343493246,20.95806647957752,21.282997349699997,15087367
2019-09-19,20.855772018432617,21.559789062276728,20.771530640530887,21.385289622484148,20381537
2019-09-20,20.909927368164062,21.120529512500106,20.83170267427966,20.988150761706123,37275926
2019-09-23,20.84374237060547,20.89187975513999,20.578983504809,20.879845083920696,14969309
2019-09-24,20.62712287902832,20.994175835423242,20.52483011431119,20.952055132264096,11893780
2019-09-25,20.867809295654297,21.012224042212672,20.488723024080894,20.57296441776387,16169836
2019-09-26,21.469533920288086,21.481568590245406,20.819670844990323,20.988153623707795,21152430
2019-09-27,21.3792724609375,21.445462489076856,21.04230693636241,21.41537646728871,18327294
2019-09-30,21.07840919494629,21.535718768755043,21.07840919494629,21.39130535600936,18111458
2019-10-01,20.59983253479004,21.255994467263672,20.587794012050516,21.20181591133835,19370107
2019-10-02,20.033971786499023,20.431280799801442,19.93765448936206,20.37710223885568,26887449
2019-10-03,20.039987564086914,20.22660155097329,19.775114084533335,20.009887358938244,24835586
2019-10-04,20.136306762695312,20.166404368922123,19.72695798326214,20.003870010261256,28530639
2019-10-07,19.763072967529297,20.25067853465843,19.732972766334505,20.039984931688927,17645455
2019-10-08,19.67879867553711,20.027947015561587,19.600540481525215,19.93765030022406,16865951
2019-10-09,19.991836547851562,20.130292605402424,19.642686772484108,19.85940105418101,14097805
2019-10-10,20.136306762695312,20.20252383801304,19.8714332578272,19.925611811013923,12342562
2019-10-11,20.395156860351562,20.63594940002664,20.22058139098017,20.226601952489087,22626576
2019-10-14,20.73828887939453,20.79246743616658,20.29884246465371,20.353021021425757,11634550
2019-10-15,20.690141677856445,20.852677432958252,20.581784507788576,20.75636009299793,18101714
2019-10-16,20.985107421875,21.057346383447836,20.365066091789416,20.750335349912316,20011385
2019-10-17,20.858686447143555,21.147638325027195,20.66003260024205,20.97908338815326,19322521
2019-10-18,20.61187171936035,20.840624444271196,20.557693168534257,20.840624444271196,12936707
2019-10-21,20.948986053466797,20.99112479085407,20.461380292014226,20.623914678565402,18556274
2019-10-22,21.599119186401367,21.60513974744389,20.870721062294226,20.930918867324834,40264667
2019-10-23,21.906139373779297,22.122851030665647,21.376394853547595,21.42455285497794,38952766
2019-10-24,22.008480072021484,22.17101449565223,21.74962702564686,21.94828223370638,30875043
2019-10-25,22.1529483795166,22.351603524581492,21.87603632963773,22.002452530552077,21476581
2019-10-28,22.453947067260742,22.59240183440113,21.99042085294781,22.062657217786402,23766261
2019-10-29,22.056625366210938,22.411794207816833,22.014486645989933,22.327516767374824,18759987
2019-10-30,22.195083618164062,22.273340510655174,21.617181262256036,21.954289777378115,26711381
2019-10-31,21.809823989868164,22.074696273299875,21.4787333103536,21.851961431766707,29501393
2019-11-01,21.8911190032959,22.228368481174073,21.626137084757598,22.077810306710415,21479867
2019-11-04,21.963394165039062,22.132018972337736,21.824882045991167,21.951350651465173,11404098
2019-11-05,22.34279441833496,22.87878139502651,22.16212614244694,22.668000438385462,53231512
2019-11-06,22.041675567626953,22.499370510491158,22.023609004471275,22.34278929168176,21562009
2019-11-07,22.174169540405273,22.252461468814836,22.023613946034914,22.150079916500538,17776203
2019-11-08,21.84295082092285,22.150087778247986,21.69239257023803,21.897150541788122,17094704
2019-11-11,21.93929672241211,22.1621211393255,21.620112529705356,21.800782066245404,19804840
2019-11-12,21.565914154052734,21.854984406423984,21.337066654019125,21.69238271482471,22256652
2019-11-13,21.349117279052734,21.583987899148365,21.18651424173147,21.48160763056598,20040504
2019-11-14,21.487632751464844,21.55387728286273,21.17447146078924,21.379230716175645,15875935
2019-11-18,21.391273498535156,21.800790668952473,21.36718387044044,21.68034513135604,15120338
2019-11-19,21.156400680541992,21.439449226217636,20.98777590427238,21.379226463675188,20266650
2019-11-21,21.373197555541992,21.379220611010464,21.096172142820702,21.156394888876886,29530285
2019-11-22,21.517728805541992,21.577951537149495,21.204569039457642,21.23467910382362,18618589
2019-11-25,21.21060562133789,21.620122825168924,21.08413701567954,21.553876993222545,17224432
2019-11-26,20.776988983154297,21.13230500240176,20.686653563775337,21.078104011062,29657861
2019-11-27,20.897441864013672,21.035955268324702,20.632459868997593,20.897441864013672,21942357
2019-11-28,20.83721351623535,20.897436266696257,20.48791922097337,20.746878089105813,17958276
2019-11-29,20.957666397094727,20.975732967185337,20.656549954578914,20.879375757637817,18729509
2019-12-02,21.255891799926758,21.400489233899314,20.990794334311634,21.03899434696866,18635470
2019-12-03,21.261919021606445,21.51496521622807,21.032971534568233,21.442666489478956,18127093
2019-12-04,22.027088165283203,22.03311382002082,21.267948110324486,21.322172492964377,38590319
2019-12-05,21.996957778930664,22.334352707900383,21.870434680567023,21.912609046688235,32944354
2019-12-06,21.599308013916016,22.099374612383443,21.599308013916016,21.99092850505169,32623828
2019-12-09,22.021053314208984,22.21987640152352,21.551111030918083,21.68968410601646,30252119
2019-12-10,21.701738357543945,22.153607705752353,21.557140895236987,22.021058946971376,24390430
2019-12-11,21.448692321777344,22.093359159632616,21.42459231053053,21.990936064832958,41970398
2019-12-12,21.44267463684082,21.74391966308982,21.298077128401296,21.659570899500107,26461781
2019-12-13,21.899574279785156,21.93576118599722,21.320572050016263,21.591979060107132,30880481
2019-12-16,21.39897918701172,22.098608824725062,21.39897918701172,21.977981452080307,24544972
2019-12-17,21.72467041015625,21.881484709485093,21.435169895588327,21.561826696555624,21811156
2019-12-18,22.002103805541992,22.164947477074584,21.549758390854244,21.664352423548472,45832002
2019-12-19,22.11067008972168,22.1408275843401,21.778949379295575,21.809106873913993,24986388
2019-12-20,22.0141658782959,22.134790616305818,21.893538533536226,22.092571697327372,28170345
2019-12-23,22.219223022460938,22.219223022460938,21.89956519880473,22.014160496624545,13246469
2019-12-26,22.556976318359375,22.556976318359375,22.104629710638804,22.19509955353279,18505402
2019-12-27,22.496673583984375,22.73189371209913,22.26145345586962,22.617298354953313,15244854
2019-12-30,22.37604522705078,22.671580334467343,22.23129498687248,22.52079807397943,10452831
2020-01-02,22.946226119995117,22.946226119995117,22.31872068431852,22.493696506621983,23414691
2020-01-03,22.704872131347656,23.072929688495915,22.596267548389278,22.626434618832118,28201956
2020-01-06,22.36699676513672,22.674717745743113,22.270458434788683,22.656616971790665,25259895
2020-01-07,21.84809112548828,22.469563467170193,21.84809112548828,22.366990704031984,22661019
2020-01-08,21.492101669311523,22.210114899239866,21.492101669311523,21.992900462245863,29436359
2020-01-09,21.063703536987305,21.679143898563584,20.828389676972115,21.594670618271213,54864165
2020-01-10,20.87666130065918,21.38952767765535,20.858560533252867,21.16628009867017,28915972
2020-01-13,21.154216766357422,21.359363619448104,20.961137528613513,21.13008153566387,33084393
2020-01-14,21.154216766357422,21.154216766357422,20.894767600059623,21.069744762832244,20884928
2020-01-15,20.894773483276367,21.08181831406086,20.75599782356759,21.051649919150712,37114247
2020-01-16,20.937002182006836,21.160249804930597,20.768058175891802,21.05767703090425,25897547
2020-01-17,21.08180046081543,21.29901350256194,20.955092527154587,21.057665243765314,22346045
2020-01-20,20.653419494628906,21.118015549867476,20.61118348960722,20.99734199489257,20759052
2020-01-21,20.212953567504883,20.804258830530742,20.176752029380143,20.520674464977816,30452887
2020-01-22,20.333629608154297,20.556877220788653,20.212954764818743,20.424136066631508,19763485
2020-01-23,20.81633186340332,21.003376669477873,20.152622047450336,20.21295882929972,37476920
2020-01-24,20.659446716308594,20.88872743355016,20.484468297438536,20.882692975574283,16718661
2020-01-27,20.212953567504883,20.568943617111504,20.158651260317775,20.357763631710164,16300584
2020-01-28,20.206918716430664,20.49653751663064,20.092278348820884,20.375862690571818,19471058
2020-01-29,19.89316749572754,20.387931842500986,19.862999112911147,20.3275950768682,22740896
2020-01-30,20.182783126831055,20.182783126831055,19.65784917633273,19.70008516637846,47347843
2020-01-31,19.802658081054688,20.146580462298093,19.633714119433897,19.905232131968667,28845953
2020-02-03,19.860000610351562,20.107495150693342,19.793599063407175,19.920364941484028,19924938
2020-02-04,20.016952514648438,20.198046847471147,19.8600044407349,20.13768250469626,17822429
2020-02-05,20.13767433166504,20.59644523775533,20.13767433166504,20.34895075012702,39419222
2020-02-06,20.089399337768555,20.367077530979095,19.986779646385873,20.342931260830703,30010677
2020-02-07,20.348966598510742,20.614571632080878,19.920376213261704,19.95055839590627,42053561
2020-02-10,20.693044662475586,20.86810314486701,20.330857172956023,20.361038050542597,52133635
2020-02-11,21.169923782348633,21.399310687335305,20.91035600332221,21.224252225516572,108217248
2020-02-12,21.08541488647461,21.417421486565118,20.98279521014599,21.230291181613296,75093200
2020-02-13,20.759431838989258,21.00089173709699,20.64473910486177,20.9525992356764,22982338
2020-02-14,20.409326553344727,20.765479362382482,20.32481593840327,20.68700466086616,35695618
2020-02-17,20.222190856933594,20.517979253504166,20.137681563696557,20.517979253504166,36522255
2020-02-18,20.306703567504883,20.367067909861937,19.902259603816923,20.149754190179674,27135350
2020-02-19,20.59645652770996,20.777550886301096,20.234269115025928,20.34292468658202,22404168
2020-02-20,20.52402114868164,20.687006479467513,20.42140147994519,20.662860214647747,54393857
2020-02-21,20.329130172729492,20.465985465061472,20.186054796337753,20.391336390534,22094859
2020-02-26,19.315160751342773,19.657297609201443,19.140982280644163,19.34626385763872,39916949
2020-02-27,19.327587127685547,20.111389632049665,19.016553619686768,19.09742270817061,69123763
2020-02-28,19.906129837036133,19.955895897634075,19.1596496824831,19.346269721121356,63523344
2020-03-02,19.840776443481445,20.095942330693994,19.46113709554953,19.871894136195266,58095028
2020-03-03,19.479806900024414,19.896785555913397,19.26820472716446,19.697632072851462,49501903
2020-03-04,19.66651725769043,19.80965838224294,19.249537195922027,19.79721238048959,35383476
2020-03-05,18.994369506835938,19.598057064899024,18.78276730799768,19.454914598763157,34451470
2020-03-06,18.58983039855957,18.88856257433707,18.247533197872745,18.42179329751005,36741263
2020-03-09,17.30155372619629,17.70608637979832,17.033939175461263,17.426024484269586,53794386
2020-03-10,17.73098373413086,18.484036775403634,17.164636858027635,18.359564653691827,50493617
2020-03-11,16.28709602355957,17.513140333715864,15.577608705816537,17.301539678820195,54658299
2020-03-12,14.68764877319336,15.28511324538478,13.94704320019621,14.438705915579547,66265997
2020-03-13,16.312007904052734,16.915695531310536,14.718771591748048,16.76632870239106,101625228
2020-03-16,14.812125205993652,15.969711110097409,14.139977814454413,14.625417671951212,70717328
2020-03-17,15.683428764343262,16.623189593777223,14.625420124008194,15.254002574488313,79869022
2020-03-18,14.594290733337402,15.092176278924326,13.405586538748766,14.91791620347576,94874360
2020-03-19,14.2208833694458,14.768558564149092,13.150427673870857,14.171095326714655,83448395
2020-03-20,13.722990989685059,14.91791835427717,13.442930498030924,14.5569508109579,83160613
2020-03-23,12.770788192749023,13.996832223007027,12.44716124453923,13.853689767152462,60567800
2020-03-24,14.003058433532715,14.48849690311338,13.38070049014293,13.50517127186159,58312904
2020-03-25,14.68764877319336,15.390913657260976,13.698098997650508,13.835018443543833,49727030
2020-03-26,15.092183113098145,15.44692776728925,14.762334495870885,15.079735767082243,57531134
2020-03-27,14.295574188232422,14.949051528707637,14.009289082109245,14.326691900648784,47564812
2020-03-30,15.005051612854004,15.179311750685905,14.20843364777504,14.382693785606941,34245491
2020-03-31,14.370243072509766,15.092178144292795,14.195982975522938,14.905472050319704,46028351
2020-04-01,13.327118873596191,13.937425763890943,13.196337479869847,13.837783630360326,50241525
2020-04-02,13.389402389526367,13.700783057999761,13.171435517852945,13.31466973711821,44364087
2020-04-03,12.866278648376465,13.37694496858787,12.461482897178291,13.339578647911445,42366382
2020-04-06,13.81287670135498,14.124258625701522,13.632276208046871,13.787965824413716,44533358
2020-04-07,14.323542594909668,14.871573799207473,14.273720842260925,14.634923165738734,43110310
2020-04-08,15.058396339416504,15.189175020536736,14.286170264971943,14.32976360728063,46392951
2020-04-09,14.634919166564941,15.382234485631717,14.63491916656494,15.232770614334747,42268831
2020-04-13,14.946310997009277,14.946310997009277,14.336003651239082,14.603792337293296,24475859
2020-04-14,15.133138656616211,15.662487587822849,15.133138656616211,15.232780855871823,38256991
2020-04-15,14.572649002075195,15.245231973982328,14.553965169773045,14.85289168273541,39479498
2020-04-16,14.205218315124512,14.834209270283653,14.198991268197078,14.759477978121684,35203782
2020-04-17,14.460555076599121,14.703432846162814,14.080670128142025,14.597562255492525,28510925
2020-04-20,14.099348068237305,14.304859443143362,14.012161342773739,14.149168477442291,32385445
2020-04-22,13.93120002746582,14.404499915449833,13.831557874953067,13.949882510497496,54442009
2020-04-23,13.731910705566406,14.16161707894825,13.601130680511819,14.11179669379661,46968628
2020-04-24,13.003289222717285,13.588685586203015,12.685680156543205,13.538865163147417,77972720
2020-04-27,13.432991027832031,13.78796494548803,13.140291606946603,13.414307198413885,43526121
2020-04-28,14.541508674621582,14.703428031851738,14.068210079045585,14.31108776908437,66017077
2020-04-29,14.73457145690918,15.021042616433052,14.423189410694459,14.946309956360514,35725869
2020-04-30,14.180304527282715,14.52905134994647,13.987247289160885,14.068206949767607,52450082
2020-05-04,13.64125919342041,13.765892959824331,13.572709813882307,13.678648784664288,36303925
2020-05-05,14.146031379699707,14.563557556618761,13.653724656273004,13.834445544802247,58831591
2020-05-06,13.85937213897705,14.195886633917524,13.709811039021474,14.083715135604033,33059693
2020-05-07,13.360834121704102,14.008934460198242,13.167650923766667,13.946617560223638,59143166
2020-05-08,13.909225463867188,14.189654183987722,13.64749288955035,13.722273432684661,40499198
2020-05-11,13.946615219116211,14.35167769434373,13.81574759642748,13.81574759642748,43299294
2020-05-12,13.466766357421875,14.121098865296272,13.454304061040931,14.027622215588673,49000210
2020-05-13,13.460539817810059,13.672417782529276,13.211270911067418,13.54778400250465,39327676
2020-05-14,14.052552223205566,14.077479514180828,12.918376644149467,13.279818323211185,69987336
2020-05-15,13.47923469543457,14.18965317124009,13.47923469543457,14.021395951176668,42790577
2020-05-18,14.127333641052246,14.295590845714639,13.716038700775265,13.990236225422104,56197819
2020-05-19,13.516630172729492,14.158498129762556,13.466775566342157,14.102412370923728,46319079
2020-05-20,13.460539817810059,13.678650279546542,13.310978743103153,13.6661866322054,46901668
2020-05-21,14.233271598815918,14.233271598815916,13.529085801390638,13.53531695014697,68890818
2020-05-22,14.308055877685547,14.55109229014428,13.84067515725654,14.083712916408679,58072141
2020-05-25,14.931219100952148,15.074548933603722,14.57601009249118,14.900060675887465,31903240
2020-05-26,14.339217185974121,15.217891715253456,14.245740484547634,15.161805963736299,60124797
2020-05-27,14.787895202636719,14.78789520263672,14.432686051631427,14.731809476336249,41286633
2020-05-28,14.52617073059082,14.987319093256803,14.52617073059082,14.638342245119045,27099660
2020-05-29,14.357911109924316,14.51993720293355,14.152264264727789,14.445155307686091,61146310
2020-06-01,14.75387191772461,14.87235160146569,14.155235598448954,14.236301354466427,44437732
2020-06-02,15.745366096496582,15.776544825785471,14.859883177327639,14.96589112642388,65499523
2020-06-03,16.16318130493164,16.693224356126397,16.088351998926044,16.400142346116287,66527720
2020-06-04,16.630849838256836,16.730622593542694,15.888791402611668,16.069628595112725,50233367
2020-06-05,16.998762130737305,17.89671565217267,16.948876422911063,17.559983418527004,73266011
2020-06-08,17.68470001220703,17.759529249012644,17.1546574511808,17.217016271494145,35987818
2020-06-09,17.33550262451172,17.609876148318477,16.998768909022584,17.192079304411735,58505854
2020-06-10,16.580961227416992,17.56621692475692,16.51236721193969,17.528801639704714,55794358
2020-06-12,16.25046730041504,16.443777621339184,15.976093882299578,16.156931091635276,61413132
2020-06-15,15.870088577270508,16.206820900673872,15.60818550933781,15.651836020659927,42389042
2020-06-16,16.325300216674805,16.568496280842524,16.02598188019372,16.524845774328863,43066689
2020-06-17,16.531078338623047,16.79921654391994,16.306589285285767,16.325297604777454,40552449
2020-06-18,17.179609298706055,17.4040971178334,16.412606891771624,16.524851475120823,61149709
2020-06-19,17.516332626342773,17.609868832293948,17.19830736999621,17.5225691819484,70349896
2020-06-22,16.973819732666016,17.609868900243033,16.78050941684178,17.485153958493576,33178998
2020-06-23,16.74933624267578,17.304321151901007,16.562262420367237,17.273142406111386,67533031
2020-06-24,16.113283157348633,16.786749088577828,15.963623312869583,16.705683283336235,64993751
2020-06-25,16.30658721923828,16.418831731685522,15.907497565916163,16.23175799346352,52542988
2020-06-26,16.032217025756836,16.350240961589797,15.92620769957538,16.032217025756836,44938632
2020-06-29,16.51237678527832,16.537320323107906,16.057164631528444,16.150702224603933,34859350
2020-06-30,15.870088577270508,16.40636648030947,15.870088577270508,16.350244201813787,51811183
2020-07-01,16.285009384155273,16.353643866354567,15.935599436035426,15.97303544569676,44340408
2020-07-02,16.56578826904297,17.0025521427004,16.478435763984564,16.53459248679687,47130873
2020-07-03,16.53459358215332,16.65314322567672,16.34740943771856,16.465959081241955,11603506
2020-07-06,17.302043914794922,17.376917284482378,16.752970739266676,16.921435483972157,33275416
2020-07-07,16.45348358154297,17.289572854233462,16.422286441995173,17.114866445707353,73551300
2020-07-08,16.809127807617188,16.89024142605432,16.53459251836555,16.628183910378777,38509083
2020-07-09,16.815366744995117,16.9526343790269,16.58450637780798,16.859042994236862,49262840
2020-07-10,16.971345901489258,17.039981714827086,16.609458273220977,16.815360319775273,27255901
2020-07-13,16.721773147583008,17.1897340924428,16.721773147583008,17.127339839140927,28077666
2020-07-14,17.00255012512207,17.108620626287625,16.497153163437538,16.69057615929596,32228524
2020-07-15,17.12110710144043,17.345728669064382,16.89024664510063,17.183502730428103,36201842
2020-07-16,16.834081649780273,17.046223970584904,16.79664564210979,16.952631254678572,22066534
2020-07-17,16.98383140563965,17.096140788126075,16.84656243496206,16.915196920300854,36778199
2020-07-20,17.03374481201172,17.17725265393094,16.821602491703942,17.002547689571028,32553016
2020-07-21,17.333242416381836,17.49546828831593,17.071183579115647,17.22093167874851,42023423
2020-07-22,16.89023780822754,17.376916717874668,16.70305371592981,17.376916717874668,51680208
2020-07-23,16.53459358215332,16.933918768146107,16.50963533666455,16.908960522657335,33214348
2020-07-24,16.515878677368164,16.77169739169592,16.29125845249681,16.441005269077714,34212861
2020-07-27,17.345731735229492,17.420605154884065,16.559557457941274,16.615712859773726,56040672
2020-07-28,17.24588966369629,17.632737005145987,17.171014940810338,17.295804797254995,26941380
2020-07-29,17.65145492553711,17.776244781372732,17.395636327838453,17.56410243096175,30774772
2020-07-30,17.351959228515625,17.614016699373863,17.10861976318578,17.389396587937597,32962255
2020-07-31,16.77793312072754,17.458033849837165,16.715537506946216,17.433076952690143,34987266
2020-08-03,17.03076171875,17.299209079885806,16.543812668187144,16.918388342036533,37612314
2020-08-04,16.03815269470215,16.662449419536834,15.863350043466518,16.38775799717341,90419518
2020-08-05,16.02564811706543,16.41895359566381,15.832115886163368,16.325308663168574,56571143
2020-08-06,16.250398635864258,16.418958757881576,15.8633354014825,16.044381608366038,33894374
2020-08-07,15.9070405960083,16.512605716330654,15.85709624642417,16.0006842278015,75467317
2020-08-10,16.11306381225586,16.281622683611115,15.86334466730536,15.932017499622674,34110211
2020-08-11,15.92577075958252,16.412720125514358,15.92577075958252,16.306590394949378,29715757
2020-08-12,15.74471378326416,16.144262954422086,15.551182912362998,16.038131946954802,56153519
2020-08-13,15.29522705078125,15.950737725911432,15.29522705078125,15.894551019522117,46391704
2020-08-14,15.438811302185059,15.738473214769801,15.214065879584561,15.338923997990143,34715799
2020-08-17,15.070483207702637,15.45130275992873,14.889436984257486,15.43257295635717,42819015
2020-08-18,15.16614055633545,15.416406549626998,15.04726431092798,15.403893047150389,47555975
2020-08-19,15.091066360473633,15.278766261458864,15.02850017750546,15.216198726409978,31101529
2020-08-20,15.091066360473633,15.166146050451584,14.728180065512946,14.828286769510452,37688678
2020-08-21,15.066044807434082,15.166151547717215,14.897114429691069,14.95968198741878,26907617
2020-08-24,15.316301345825195,15.535285631976054,15.15988457803759,15.17239808171024,37897717
2020-08-25,15.203682899475098,15.453950297320995,15.091064057733004,15.416409782019958,36263931
2020-08-26,14.884596824645996,15.241225688854637,14.709409079182647,15.203685167952338,34718858
2020-08-27,15.128612518310547,15.32882464882238,14.890858500700842,14.947168627185214,39986969
2020-08-28,15.285026550292969,15.366363692226383,15.1098401080497,15.203689408359557,63602201
2020-08-31,14.7344388961792,15.197431981649904,14.7344388961792,15.122352277642946,51036438
2020-09-01,15.238422393798828,15.238422393798828,14.856523162218089,14.94417221054622,63655112
2020-09-02,15.207118034362793,15.307288559884135,14.96295246296344,15.244682488786815,28518629
2020-09-03,15.576491355895996,15.9646518637248,15.125724794622727,15.150767757177444,91774926
2020-09-04,15.626580238342285,15.833181336162225,15.369893205934124,15.751793721870248,47223326
2020-09-08,15.275984764099121,15.50762883916229,15.194595793368897,15.376155284635301,33126654
2020-09-09,15.294769287109375,15.532673474040687,15.125731247167922,15.40120124689899,33617016
2020-09-10,14.969206809997559,15.438754827286248,14.962945394080254,15.27597830756743,41152259
2020-09-11,14.793912887573242,15.069381440283037,14.668699417089718,14.9942538991699,26452944
2020-09-14,15.056859970092773,15.163290540677076,14.599831952460125,14.894083405392529,49272923
2020-09-15,14.856520652770996,15.169552335521107,14.775131684666963,15.131989237121248,33112604
2020-09-16,14.812691688537598,15.163287717364632,14.800170208516318,14.875297735701798,29033351
2020-09-17,14.831475257873535,14.919124277051942,14.64365573778518,14.712523210837466,28402837
2020-09-18,14.462100982666016,14.787654171274376,14.418276462932479,14.71252661643727,44287157
2020-09-21,14.336889266967773,14.412016831120093,14.055160563160861,14.24298015001309,41436302
2020-09-22,14.462100982666016,14.593574541866625,14.249238449841966,14.305584454205471,30894983
2020-09-23,14.073942184448242,14.48088439911781,14.067680764855076,14.349410822975774,27895932
2020-09-24,14.418275833129883,14.61235545406007,14.036375303897065,14.086461240229136,45360901
2020-09-25,14.343149185180664,14.386973705760816,14.161589683952766,14.280541760821363,24666882
2020-09-28,14.336889266967773,14.962954105494251,14.136548193933013,14.556011892804898,66094801
2020-09-29,14.023852348327637,14.343146776585264,13.961246287424274,14.336885358729432,30706679
2020-09-30,14.086463928222656,14.205416020295932,14.005074942623628,14.136548521169285,25282781
2020-10-01,14.10838794708252,14.158505941156495,13.895383426116505,14.127182025629615,23197155
2020-10-02,14.152237892150879,14.60956937272674,13.995617002807714,14.008146836416543,40201106
2020-10-05,14.302604675292969,14.415371914499705,13.99562824377699,14.233691212017087,25874887
2020-10-06,14.327658653259277,14.64716480112888,14.227421297668291,14.465484171043546,23946974
2020-10-07,14.221155166625977,14.409101385906128,14.139713249039561,14.36524627525421,25827981
2020-10-08,15.079440116882324,15.211001409468375,14.158509714934436,14.233687403005677,71616250
2020-10-09,15.035581588745117,15.41773689335584,14.778724658911107,14.972933755201975,55458763
2020-10-13,14.891495704650879,15.117030150557799,14.79752392142012,15.023058367327042,35136596
2020-10-14,14.84764289855957,15.016792374697333,14.822583215485215,14.966674362394278,24984802
2020-10-15,14.716082572937012,14.866437973702013,14.571991416434825,14.697288486302824,24705404
2020-10-16,14.478008270263672,14.691012735684675,14.465478436551283,14.665953068259896,24088939
2020-10-19,14.634634017944336,15.004259496676838,14.37151148419167,14.565720586577136,43371919
2020-10-20,15.217260360717773,15.286173781586564,14.722339286364285,14.734869122326343,51806311
2020-10-21,15.355081558227539,15.624468193932834,15.0794293299218,15.198460697040165,43210807
2020-10-22,16.144454956054688,16.238426696589233,15.380145780224417,15.392675616398039,75295554
2020-10-23,15.937727928161621,16.47650316230788,15.918932482963367,16.225910313509964,57271110
2020-10-26,16.050485610961914,16.200840959794878,15.762303397494339,15.850010909954447,36406802
2020-10-27,15.593151092529297,16.395048464435725,15.467854078169326,16.351194712486507,53568353
2020-10-28,14.897756576538086,15.298705973693712,14.86643265873129,15.192203028536289,43793395
2020-10-29,14.972931861877441,15.060639359285329,14.434157041536844,14.772457195275116,48676512
2020-10-30,14.709816932678223,14.991733646766217,14.553197288099192,14.816319915606853,44402270
2020-11-03,15.070261001586914,15.245788062052371,14.863390016711191,14.982497471354185,42419859
2020-11-04,15.672069549560547,16.135962891677675,15.590574260649703,15.985510154819963,109894315
2020-11-05,16.04193687438965,16.261347156475164,15.929097610393802,15.991786843008489,50004728
2020-11-06,16.023128509521484,16.186117781782954,15.835063547770435,15.89148317176679,36059991
2020-11-09,17.320772171020508,17.5652567055825,16.76284700230246,16.76284700230246,113427009
2020-11-10,18.10438346862793,18.27364237698305,17.333317366194635,17.333317366194635,96471437
2020-11-11,17.953927993774414,18.179605133069362,17.684367720902532,18.02915370687273,69702386
2020-11-12,17.515113830566406,18.08557707391187,17.295703536107485,17.8160180999543,52200255
2020-11-13,17.84735870361328,17.928854024201033,17.54645582235808,17.659295080184037,41748557
2020-11-16,18.474246978759766,18.549472715815448,18.116923034356756,18.192148771412437,61190157
2020-11-17,18.486785888671875,18.562012990269633,18.116925402015724,18.411561496496113,45997873
2020-11-18,18.035423278808594,18.536930327546873,17.99781109684728,18.449166763356484,46844791
2020-11-19,18.060495376586914,18.430357005451533,17.97273182985806,18.116914993014067,30181873
2020-11-23,18.116918563842773,18.311253137552853,18.010348908870153,18.085574627363208,31243381
2020-11-24,18.62468147277832,18.91931590542483,18.242283534462228,18.242283534462228,53998780
2020-11-25,18.405284881591797,18.6748451728371,18.135724590346495,18.568274163532674,47849082
2020-11-26,18.016624450683594,18.39275455018512,17.941398701725493,18.36141060101183,34762819
2020-11-27,18.154539108276367,18.67485384141005,18.11692690905974,18.210960116523523,50016285
2020-11-30,17.903778076171875,18.304983718381525,17.903778076171875,18.160800525381838,67854576
2020-12-01,18.659564971923828,19.11115770325808,18.15152297974504,18.220516671379695,58196205
2020-12-02,18.803829193115234,18.966904128508723,18.465133532579834,18.766195890137165,36436713
2020-12-03,18.79128074645996,19.368316469713456,18.753647451517388,18.904177920443466,45192877
2020-12-04,18.979446411132812,19.07352762477838,18.596845951542992,18.954357545325095,39764447
2020-12-07,19.092342376708984,19.481212967167288,18.835184925420375,18.973172313329115,34741292
2020-12-08,19.04216194152832,19.52511501962449,18.935536324536717,19.09233965923393,31536148
2020-12-09,19.155057907104492,19.280500829287504,18.998254593231152,19.06097537661181,35784218
2020-12-10,19.788549423217773,19.895176425007847,19.29305177918162,19.29305177918162,57185795
2020-12-11,19.671632766723633,19.784759322414736,19.363674502000023,19.589928971558255,27197665
2020-12-14,19.407665252685547,19.879029669727537,19.407665252685547,19.778471692008107,30308089
2020-12-15,19.583642959594727,19.734479259297313,19.407666823883076,19.407666823883076,28385955
2020-12-16,19.95444679260254,20.22469659855547,19.495650957843676,19.63391867945003,46688550
2020-12-17,19.929311752319336,20.205845903854527,19.84132367492978,20.042439668441926,20237079
2020-12-18,19.897886276245117,20.18699032743414,19.803612566512367,19.935596031773407,35932075
2020-12-21,19.545940399169922,19.79733477725478,19.426528171442843,19.514516271681366,26583352
2020-12-22,19.640213012695312,19.891608751914152,19.577364756978813,19.5899346797574,22273647
2020-12-23,20.073856353759766,20.142990205585033,19.652770322715757,19.684194430406638,22613773
2020-12-28,20.21841049194336,20.38181668426831,20.117852521702844,20.249834602985576,17498731
2020-12-29,20.17441749572754,20.35667789235588,20.067575241089404,20.281261108541443,18563298
2020-12-30,19.8790283203125,20.318968594111396,19.8790283203125,20.237264818330583,29055105
2021-01-04,19.42945671081543,20.114832338788855,19.39173040986764,20.108545074904494,35517057
2021-01-05,19.303693771362305,19.530055573875494,18.9704376498548,19.322556915199986,32007023
2021-01-06,19.869590759277344,20.158830474681885,19.360273891241036,19.479744034939497,48789132
2021-01-07,20.642993927001953,20.787614452460048,19.806709782601747,19.901028166466386,52265063
2021-01-08,20.63671112060547,21.02655792329515,20.391484884093895,20.705877773738464,59519322
2021-01-11,20.17142105102539,20.56126667438802,19.94505784884786,20.416646041623615,35762351
2021-01-12,20.234294891357422,20.404065898737763,20.133689195700043,20.234294891357422,37490176
2021-01-13,19.901037216186523,20.45436781943179,19.655810937208706,20.2342933020979,48404705
2021-01-14,20.49209213256836,20.71216662874,19.91360982330573,20.133685678297425,31976092
2021-01-15,19.718700408935547,20.36634845540925,19.712413144291364,20.15256243401339,42778794
2021-01-18,19.618083953857422,20.077096113976765,19.580356312737138,19.9073237671657,21439532
2021-01-19,19.38543128967285,19.87588380697347,19.209371690399824,19.80042988711647,30824398
2021-01-20,19.064754486083984,19.55520569642976,18.932708413845265,19.523766673066337,32848502
2021-01-21,18.80695152282715,19.152783507785887,18.64346778116638,19.0647550550334,39282922
2021-01-22,18.404537200927734,18.53029470541064,18.222190246189342,18.391961314597367,41696212
2021-01-26,17.79366111755371,18.801443638713366,17.724375720428593,18.259760652690918,57774842
2021-01-27,17.79366111755371,18.259760652690918,17.54801388131211,17.70548019799547,48685803
2021-01-28,18.51171112060547,18.662879425812005,17.78106862242544,17.818861039015356,58947950
2021-01-29,17.850345611572266,18.612480749854363,17.81885262652544,18.404625959623335,52468890
2021-02-01,18.326143264770508,18.54040949738897,18.111875670278856,18.275726719302735,52534944
2021-02-02,17.935428619384766,18.464794415647642,17.645537437086386,18.32615157647709,113671397
2021-02-03,17.84719467163086,18.212709215222745,17.77787259563757,18.12448161373068,46949933
2021-02-04,17.771575927734375,17.998446379594455,17.569912395942957,17.979540849074535,74160061
2021-02-05,17.695951461791992,17.92912603195382,17.576214162805925,17.84089704326156,44519988
2021-02-08,17.36824607849121,17.771573077385185,17.336736412053895,17.645533049762452,32786187
2021-02-09,17.576215744018555,17.903919360164213,17.16028585499095,17.32413698212686,42778341
2021-02-10,17.45018196105957,17.765281523617197,17.254821103873343,17.58252345048396,32474159
2021-02-11,17.45018196105957,17.727469085835562,17.330444617562392,17.6392414262193,25381012
2021-02-12,17.494291305541992,17.708559007620487,17.267419460767833,17.349345707352697,28173404
2021-02-17,17.71485710144043,17.82199025160613,17.41866456976997,17.519496330697415,27915647
2021-02-18,17.58881378173828,17.960631086212953,17.525794453606316,17.595116531675497,55882732
2021-02-19,17.40606117248535,17.77157581074857,17.22960592379784,17.57621366979192,30505118
2021-02-22,16.139362335205078,16.76955980498023,16.088945774973855,16.731747384806813,97990677
2021-02-23,17.172889709472656,17.286324265204257,16.29061201483186,16.328424441324938,86633938
2021-02-24,16.920808792114258,17.34304001042269,16.769560467320392,17.286322058859195,40386578
2021-02-25,16.391443252563477,17.053151842305656,16.37253772087403,16.952320070172313,46423088
2021-02-26,16.19306182861328,16.725436103847407,16.167710281331587,16.605018308679725,54721294
2021-03-01,15.707940101623535,16.468922552287296,15.707940101623535,16.42453195501253,51129457
2021-03-02,16.342084884643555,16.6908685910863,15.168904323276475,15.428906872124847,75324899
2021-03-03,16.380130767822266,16.671840634416775,15.739638616333155,16.342082488955537,69736603
2021-03-04,16.893800735473633,17.18551072707649,16.443553896624316,16.500627709800384,74479227
2021-03-05,17.52161407470703,17.642102645793436,16.817705428357748,16.950878593727378,87989913
2021-03-08,16.963560104370117,17.743566707726238,16.843071535718572,17.058683596223496,64742225
2021-03-09,17.198196411132812,17.47722322081937,16.709899836785983,16.881121300827235,42477076
2021-03-10,17.32501792907715,17.432823216551654,16.874769898299263,17.19184620793177,42320722
2021-03-11,17.350379943847656,17.68013941237647,17.10940297756772,17.502577148713865,39134159
2021-03-12,17.236236572265625,17.445506221463667,17.16013864259523,17.217212432452474,27834637
2021-03-15,17.439170837402344,17.49624327496928,17.109411210201202,17.217217901025727,31826649
2021-03-16,17.084041595458984,17.464534034823863,16.87477191866358,17.445508522083937,24795138
2021-03-17,17.749902725219727,17.787951012165607,16.976237322164085,17.033311123000967,40771231
2021-03-18,17.85136604309082,18.212831599608656,17.654778214062336,17.71185201149525,51899784
2021-03-19,17.889413833618164,18.124049940842053,17.597703930537875,17.908437975430985,53595885
2021-03-22,17.990863800048828,17.99720608918609,17.43915316594905,17.74988696200336,40546557
2021-03-23,17.534290313720703,18.086002794754467,17.52794938952359,17.756243216890027,35929469
2021-03-24,17.22989845275879,17.62941507854473,17.22989845275879,17.527950690931267,45459132
2021-03-25,17.534290313720703,17.553314456730067,17.039651632133058,17.122091869203672,58976162
2021-03-26,17.833293914794922,17.858706894067154,17.4648112070773,17.48387025506526,37105863
2021-03-29,17.82694435119629,17.922240980077415,17.53469915926858,17.865062453575675,25971872
2021-03-30,18.119192123413086,18.13825117731691,17.68082427309513,17.687176833418786,27019104
2021-03-31,17.76976203918457,18.09377270504834,17.585520007157932,17.98576823447217,33286180
2021-04-01,17.226276397705078,17.881002814138686,17.226276397705078,17.881002814138686,36071207
2021-04-05,17.448759078979492,17.537749494842252,17.23899154050893,17.391548501515462,27186335
2021-04-06,17.245342254638672,17.563169363542592,17.130923891019016,17.480534947115192,26249344
2021-04-07,17.092796325683594,17.385197014019884,16.940237951693337,17.1754307951616,35444885
2021-04-08,16.959306716918945,17.22628214618569,16.95295074779479,17.16907292939002,30197509
2021-04-09,16.93387794494629,17.156358814782138,16.844887520149108,16.86395679877212,23231598
2021-04-12,17.353408813476562,17.353408813476562,17.016510954084442,17.035580229546134,28113582
2021-04-13,17.347055435180664,17.442403200388505,17.08643601240823,17.27077557461114,30517241
2021-04-14,17.569534301757812,17.855578960860438,17.194496475161102,17.39154934043897,45978612
2021-04-15,17.569534301757812,17.84922161920477,17.410619991736652,17.582246237730498,33895961
2021-04-16,17.766584396362305,17.861933516973174,17.474182441203673,17.474182441203673,22814088
2021-04-19,17.49961280822754,17.77294554733087,17.44876094035707,17.72209230579099,30561428
2021-04-20,17.41062355041504,17.658529704932217,17.3343450506412,17.423336862655614,22424902
2021-04-22,17.416973114013672,17.620383287712606,17.308912060216347,17.49960892635046,27442166
2021-04-23,17.49961280822754,17.73480561617596,17.41697697755994,17.44876094035707,19459161
2021-04-26,17.486900329589844,17.703023869075217,17.340699313712893,17.588605443837697,23160786
2021-04-27,17.219921112060547,17.639453413603086,17.175425220270608,17.461469846443322,33665508
2021-04-28,17.96932029724121,18.026649024043632,17.478842872590572,17.52980097611541,42502908
2021-04-29,17.402400970458984,18.058493799225833,17.37055199111636,17.950206994153138,37968076
2021-04-30,17.53615951538086,17.574377722553866,17.166709045658532,17.313215385077577,48196913
2021-05-03,17.78154754638672,17.966374336241802,17.577601218715543,17.65408074726977,46978032
2021-05-04,17.023122787475586,18.068346718270682,16.984883710583148,17.90901493573568,89509379
2021-05-05,17.50749397277832,17.622213951387433,16.902029102362224,17.144215876902557,56856659
2021-05-06,17.399150848388672,17.603097203278203,17.265311311234303,17.437389929124183,27016611
2021-05-07,17.609466552734375,17.65407972324404,17.36090706638345,17.46925432139962,30255405
2021-05-10,17.87076759338379,17.9982329702811,17.539354583414156,17.634954993376514,32535114
2021-05-11,17.83252716064453,17.947247101726735,17.66682134424211,17.679568157394506,28633629
2021-05-12,17.571226119995117,17.717812437085367,17.45013343473526,17.654078357509384,26098428
2021-05-13,18.081090927124023,18.208557712047725,17.57122654200863,17.596720174451313,48363464
2021-05-14,18.482601165771484,18.597321083114604,18.061963305232165,18.265909518889025,50573834
2021-05-17,18.469865798950195,18.501730776670264,18.08109268687573,18.399758991554492,42125619
2021-05-18,18.43162727355957,18.641946340445337,18.278668202604464,18.355147738082017,29956293
2021-05-19,18.565465927124023,18.635572738534364,17.972747833586407,18.183066890527513,29980879
2021-05-20,18.66742706298828,18.94147865695461,18.520840814201073,18.603693013109694,36382216
2021-05-21,18.756669998168945,18.788536362738487,18.44437769718106,18.69293726902986,31633020
2021-05-24,18.705673217773438,18.86500633703177,18.61007417259217,18.81402045505967,28429122
2021-05-25,18.513349533081055,18.755939089314758,18.372904109645035,18.717635039515628,38124430
2021-05-26,18.76870346069336,18.877229511342584,18.564417993934715,18.564417993934715,23792660
2021-05-27,18.609111785888672,18.832548661269122,18.43036228558431,18.768709948183453,67821833
2021-05-28,18.915538787841797,18.985760815562436,18.513351060304597,18.55165511326355,29988923
2021-05-31,18.858083724975586,19.107056624571815,18.762324280709098,18.941073771787305,17563652
2021-06-01,19.54470443725586,19.54470443725586,19.03373247590253,19.059280107773084,48906171
2021-06-02,20.196191787719727,20.304772996483155,19.563862839586264,19.576637343019836,64182184
2021-06-04,20.617746353149414,20.681617498875852,20.081225416371772,20.16425762975984,41730769
2021-06-07,21.103168487548828,21.192588634518046,20.35587036192207,20.617744241023924,67509805
2021-06-08,20.95626449584961,21.17342692877768,20.604970457497018,20.962651057878684,81765550
2021-06-09,21.24368667602539,21.837692174538187,20.707165758695307,20.866844997504913,101547730
2021-06-10,21.167041778564453,21.63969156924579,21.026524982019957,21.460851257126528,56582926
2021-06-11,20.91794204711914,21.173428006064768,20.66884265052753,21.10317029904471,26202324
2021-06-14,20.847686767578125,21.115947262749174,20.668845057182462,21.039300223887476,26905690
2021-06-15,20.847686767578125,20.969042508686698,20.624134974653952,20.92433242615819,19955642
2021-06-16,21.26285171508789,21.46723967497389,20.72632935207751,20.87323410405538,75863980
2021-06-17,21.013751983642578,21.933502620573805,20.98820297142738,21.4991749340418,56128933
2021-06-18,20.630521774291992,21.058461506277798,20.490004971398957,20.91794332310321,46601083
2021-06-21,20.726327896118164,20.91155615397136,20.47722849155494,20.57942315445989,31004431
2021-06-22,20.45806884765625,20.73271728213399,20.317552039056704,20.58581253024988,46060415
2021-06-23,20.31116485595703,20.834911351658086,20.215358125637263,20.47084412010497,32356327
2021-06-24,20.317550659179688,20.56664868388315,20.106773390173007,20.547487615894003,26939907
2021-06-25,19.672452926635742,20.521944675676355,19.551097159670213,20.42613792710839,44105310
2021-06-28,19.448896408081055,19.736317944535816,19.193410444534436,19.697995809158645,40825275
2021-06-29,19.257274627685547,19.4425028159757,19.052885378634684,19.327533690849467,34621647
2021-06-30,19.033723831176758,19.333919756636067,19.014562770906004,19.1614660733564,25504056
2021-07-01,18.973026275634766,19.158347852478137,18.736582314717616,19.03693098194812,22975087
2021-07-02,19.177507400512695,19.235020912197225,18.896330999486164,19.09443202119591,28580038
2021-07-05,18.915508270263672,19.081659086524,18.88355661512948,18.99219251878105,13798920
2021-07-06,18.883554458618164,18.998581508746373,18.679062231940552,18.838821870343462,27612682
2021-07-07,18.966629028320312,19.132779830442058,18.627940407937274,18.90272572348977,44403516
2021-07-08,18.7174015045166,18.960235114687812,18.506518158815318,18.627936344877085,55591098
2021-07-12,18.973026275634766,19.1711274127639,18.736582314717616,18.7877060797683,30539448
2021-07-13,19.088041305541992,19.190287390063865,18.63432439178717,18.85159749401816,35688706
2021-07-14,19.113609313964844,19.71430512433983,19.056097163449817,19.298930846657417,48257302
2021-07-15,18.883554458618164,19.215853291236964,18.77491856737287,19.081656907389284,25655652
2021-07-16,18.57682228088379,19.03693063402324,18.544870618799525,19.024149692994158,21614354
2021-07-19,18.468175888061523,18.58959268756805,18.282855800599158,18.340367931173752,39053943
2021-07-20,18.711008071899414,18.832426243198782,18.289244193728532,18.385099118412462,29845712
2021-07-21,18.787700653076172,18.953850079546015,18.679063374211015,18.698234090079247,15188431
2021-07-22,18.595989227294922,18.864384771564037,18.50013288664081,18.800480084135796,19526235
2021-07-23,18.544864654541016,18.742967105314268,18.404277110389565,18.666282864779255,18986587
2021-07-26,18.87078094482422,19.00497876243627,18.583214587363244,18.583214587363244,27382004
2021-07-27,19.05609703063965,19.183905030949866,18.742968879905014,18.85160478253393,41281308
2021-07-28,19.675960540771484,19.95074723530779,19.235025807271207,19.266977459454775,78928065
2021-07-29,19.573720932006836,19.797383936839605,19.362837486612953,19.733480615737903,26288092
2021-07-30,19.362836837768555,19.86767637189929,19.20946831987309,19.426741537705638,48144908
2021-08-02,19.48111915588379,20.146046189943842,19.48111915588379,19.692105671755183,42392667
2021-08-03,19.672922134399414,20.09489509489105,19.282915273295274,20.07571488259432,62356921
2021-08-04,19.12307357788086,19.647344608644584,19.071925892315324,19.551442180086564,57249470
2021-08-05,19.180614471435547,19.545046718400183,18.98880962548187,19.308485750398294,55969180
2021-08-06,19.717681884765625,19.84555322304777,19.14865588015406,19.257347001275214,37719836
2021-08-09,19.947851181030273,20.094901363390875,19.67292827126693,19.67292827126693,38432832
2021-08-10,19.570627212524414,19.928665244700525,19.545052672608772,19.922272300551978,35944764
2021-08-11,19.788002014160156,20.005382789119754,19.2701253015067,19.436358390296014,39474399
2021-08-12,19.41718101501465,19.877515817139688,19.41718101501465,19.717678399614858,30945175
2021-08-13,19.679309844970703,19.781606586118944,19.257336996686917,19.449143213632336,34220225
2021-08-16,19.463659286499023,19.98970499385735,19.41875304706629,19.668945348573622,40491380
2021-08-17,19.393091201782227,19.61762377670466,19.078747537763032,19.444413408508712,44072680
2021-08-18,19.431583404541016,19.96404368948153,19.251958448609855,19.32252579167919,53791214
2021-08-19,19.181392669677734,19.778004377147692,19.021012835564722,19.181392669677734,45082749
2021-08-20,19.110828399658203,19.20064089290135,18.73233190217811,18.988938827681732,39317932
2021-08-23,19.316116333007812,19.393098284876974,19.104415618783168,19.155737844254478,24393150
2021-08-24,19.854984283447266,19.89347593878838,19.399507320099264,19.405923289158103,34165275
2021-08-25,19.880643844604492,19.919135496959303,19.57913075333868,19.726680007859652,19855031
2021-08-26,19.399513244628906,19.84857576239718,19.35460699285208,19.82291465099964,39789600
2021-08-27,19.73309326171875,19.797246011324887,19.309692046003768,19.514978072069198,25233269
2021-08-30,19.591968536376953,19.758762985477865,19.4636643675021,19.68819562327981,21302552
2021-08-31,19.848573684692383,20.06027436571739,19.585550786244593,19.64970355802307,49407297
2021-09-01,19.93522071838379,20.301064035335056,19.896711771553157,19.93522071838379,32612838
2021-09-02,19.216371536254883,19.83252714576781,19.113678703501062,19.826109450537565,36876544
2021-09-03,19.107261657714844,19.357573972362125,18.786346371075197,19.338319499006957,56222519
2021-09-06,19.351158142089844,19.42817742994411,19.010988349307507,19.043079603662605,30840146
2021-09-08,18.433332443237305,19.319057280627778,18.337058728047637,19.280546962346218,54336867
2021-09-09,18.67723846435547,18.940387593893558,18.20228455010251,18.58738100637901,63103001
2021-09-10,18.49110221862793,19.036657579664602,18.349900454165294,18.933964756869116,40810093
2021-09-13,18.722156524658203,18.882612718027957,18.580953410081428,18.82484932062054,35205595
2021-09-14,18.606630325317383,18.84410719892093,18.54886553043979,18.677231895391078,27397073
2021-09-15,18.304969787597656,18.657974841284368,18.304969787597656,18.64513945392202,29908367
2021-09-16,18.29214096069336,18.39483381327717,18.073918475576477,18.176611328160288,52599525
2021-09-17,17.855693817138672,18.292138734250173,17.855693817138672,18.2728828731649,49421346
2021-09-20,17.451339721679688,17.733744655742722,17.239536367884895,17.521941301947933,49865822
2021-09-21,17.40640640258789,17.68239355770916,17.374315163226946,17.534772747041195,38037755
2021-09-22,17.81077003479004,17.964810025165782,17.521947306727455,17.541201785395515,43868060
2021-09-23,18.426925659179688,18.58096424947845,17.849278865043882,17.926298160193262,56944126
2021-09-24,18.170190811157227,18.407669140967457,18.144518640294354,18.292139517549007,46899175
2021-09-27,18.6451416015625,18.82485368945141,17.990475742250105,18.247207098232856,66204022
2021-09-28,18.221534729003906,19.004567010626857,18.208697952320264,18.561704456585765,69369851
2021-09-29,18.548870086669922,18.593798117387255,18.221537093299336,18.38841243781942,59439332
2021-09-30,18.568124771118164,18.760673674518873,18.42050389894395,18.670817612065882,47356794
2021-10-01,19.052955627441406,19.181388604594915,18.584177828130663,18.699765981066378,48506222
2021-10-04,15.630232810974121,15.93204875688081,15.3091524012965,15.893519829338942,66781965
2021-10-05,16.00910186767578,16.29807423942336,15.630225469190652,15.79718870254562,55746545
2021-10-06,16.06047821044922,16.1375374362634,15.643072798537121,15.765083355053692,44244216
2021-10-07,15.72012996673584,16.214595927470626,15.668757618827005,16.137535324013548,43538924
2021-10-08,15.835726737976074,16.278819166037707,15.816462272152044,15.835726737976074,55105154
2021-10-11,15.559601783752441,15.932056119240299,15.553180755438145,15.784359978438362,48452065
2021-10-13,15.578855514526367,15.70086605934389,15.27061725309584,15.604540995515295,47860412
2021-10-14,15.50180435180664,15.80362035903543,15.30915551176635,15.68803077746526,41792857
2021-10-15,15.899942398071289,15.970580622394408,15.463272387921702,15.55317507788573,59503573
2021-10-18,16.00910186767578,16.0861610742932,15.649491311641796,15.78434527015454,32581454
2021-10-19,15.630232810974121,15.919206706186658,15.521065665965889,15.86141192714415,47718221
2021-10-20,16.047636032104492,16.086166341894923,15.610966126460465,15.765084590163179,42786725
2021-10-21,15.72012996673584,16.15037875792306,15.488952319552252,15.65591418491749,80104912
2021-10-22,15.116495132446289,15.585272739804081,14.711933293505721,15.488949087178248,105874771
2021-10-25,15.41189193725586,15.604540673204635,15.199978744030977,15.199978744030977,45016582
2021-10-26,15.2449312210083,15.405472077713476,15.077969340635827,15.212823327213133,32568991
2021-10-27,15.360513687133789,15.694438682092052,15.2706110707467,15.334828216543697,33442194
2021-10-28,15.328420639038086,15.399058873896108,15.013761177236049,15.19998761090805,41697345
2021-10-29,14.968802452087402,15.501797382844213,14.962381428322345,15.373364417978804,39933604
2021-11-01,15.564955711364746,15.661353775741842,15.198646677562293,15.237204792288358,40188416
2021-11-03,15.712763786315918,15.98267612267216,15.429998283164494,15.429998283164494,70258916
2021-11-04,14.883749008178711,15.892708200772782,14.793778213220074,15.732045670123473,81180809
2021-11-05,14.703813552856445,15.134388648022396,14.48531375324269,15.102256406242825,126468405
2021-11-08,14.626687049865723,14.896599384132353,14.543142160734263,14.65239338325707,37621718
2021-11-09,14.47887897491455,14.903027957626403,14.382482299486973,14.690952771879996,49238027
2021-11-10,14.845184326171875,15.121522479033251,14.408182324914064,14.478874029349958,54292566
2021-11-11,14.813055992126465,15.082969742453573,14.665248032139667,15.057263406464136,44943164
2021-11-12,14.78093147277832,15.03799077619856,14.626694779700914,14.800210538619904,41650213
2021-11-16,14.626687049865723,15.04440871796134,14.498156771689825,14.832334939434825,28013991
2021-11-17,14.684525489807129,14.896599266661282,14.562422490332363,14.735936767403565,33810419
2021-11-18,14.440322875976562,14.761647980720497,14.260382650511264,14.65882400275369,37668284
2021-11-19,14.318218231201172,14.446748536447998,14.196115205046311,14.395335858836814,32752424
2021-11-22,14.3536958694458,14.620348568151329,14.230125586547453,14.314673009097618,31671315
2021-11-23,14.594331741333008,14.594331741333008,14.249634764873468,14.470761471868293,43766770
2021-11-24,14.984557151794434,15.069105984566516,14.399222646487383,14.444748616717833,52266989
2021-11-25,15.121131896972656,15.277221908993157,14.991057121200454,15.023576869245458,20130804
2021-11-26,14.834976196289062,14.932532680000866,14.620353899781092,14.802457836875128,36577772
2021-11-29,14.73741340637207,15.082110365635527,14.698390552212913,15.004066062786478,38197962
2021-11-30,14.555309295654297,14.795946711516756,14.340685709948067,14.75042075190681,69161379
2021-12-01,14.462654113769531,14.91827298274884,14.449636230858925,14.683953903514693,27021256
2021-12-02,15.009405136108398,15.074493180420893,14.540768122584282,14.605856166896775,35524082
2021-12-03,14.957324981689453,15.36087227451512,14.853183336469797,14.950815337662974,40226598
2021-12-06,15.13306999206543,15.471529443492974,14.970349913443853,15.035437944892484,42204929
2021-12-07,14.944308280944824,15.386909253164015,14.840166627497071,15.373891370660754,34780267
2021-12-08,14.801115036010742,15.061469909085195,14.612359229939223,15.028924495016991,42979561
2021-12-09,14.404074668884277,14.833657781732798,14.28691512662435,14.827149543419875,31683098
2021-12-10,14.423600196838379,14.599339502996209,14.234844414590357,14.501706086271296,23448341
2021-12-13,14.039583206176758,14.592834243065353,14.039583206176758,14.44964030384274,54986869
2021-12-14,14.176267623901367,14.423603226826835,14.111178196885204,14.163249738498134,35664007
2021-12-15,14.13070011138916,14.29992974120586,13.915907197483023,14.26087610051981,35939779
2021-12-16,14.27389144897461,14.293418969143065,14.039573866153718,14.254365335383996,28503900
2021-12-17,13.961475372314453,14.221830281164955,13.876861222529957,14.078634940639306,39972240
2021-12-20,13.746679306030273,13.987506604269985,13.609993656211376,13.980998366621677,25313939
2021-12-21,13.766210556030273,13.870352232622462,13.688103243652145,13.792244920244334,28202409
2021-12-22,13.818283081054688,13.870354631646428,13.649053354789311,13.818283081054688,20497442
2021-12-23,13.889878273010254,14.039581844290517,13.779228357681701,13.883368627062314,25353141
2021-12-27,14.033068656921387,14.124192424567177,13.870348647966965,13.98099853537163,15891231
2021-12-28,13.981006622314453,14.12420059433676,13.928936470646095,14.078638684159785,17328328
2021-12-29,13.86384391784668,14.046091517737832,13.81828201787389,14.013547504411381,14565961
2021-12-30,13.636033058166504,13.95496632617127,13.636033058166504,13.95496632617127,45316940
2022-01-03,14.012331008911133,14.207761089535195,13.73872917759033,13.790844616564438,37222335
2022-01-04,14.409710884094238,14.44879606798377,13.960221415010528,14.08399351026883,49793763
2022-01-05,14.1361083984375,14.474854656286238,14.025365160480293,14.390167739882815,35851405
2022-01-06,14.422733306884766,14.487876195809955,14.01884429846696,14.097017454494443,40624734
2022-01-07,14.741933822631836,14.75496268054608,14.253359393550866,14.390160290004106,48590177
2022-01-10,14.878745079040527,14.904801402782269,14.533485063752972,14.702857503017128,47125888
2022-01-11,15.210968971252441,15.210968971252441,14.787537332045131,14.846166501506392,63361665
2022-01-12,15.14582347869873,15.308682098418995,14.937364558077936,15.152338611835544,47231371
2022-01-13,15.425943374633789,15.517143993919438,15.015539180083808,15.041596902098153,49188741
2022-01-14,15.308682441711426,15.536683951326943,15.250053280986819,15.35428274363453,33902872
2022-01-17,15.308682441711426,15.471541065083745,15.08068093209591,15.28262613187274,19948957
2022-01-18,15.39989185333252,15.608350897853477,15.158861347061126,15.237033136815203,49389056
2022-01-19,15.29565143585205,15.68651151397467,15.243537415725628,15.517139188858636,35038364
2022-01-20,15.171884536743164,15.41942867963978,15.100226503044027,15.334743192326801,29391946
2022-01-21,15.178401947021484,15.40640353591715,15.061142177034668,15.100228767030274,42676371
2022-01-24,15.158856391906738,15.341257644297642,14.898283375314687,15.210970432119282,44921297
2022-01-25,15.70605754852295,15.732115268197004,14.982967793565606,15.022052965312255,44585362
2022-01-26,15.875434875488281,15.960120371755867,15.510630941611472,15.849377149976062,63314645
2022-01-27,15.953598976135254,16.2337158960589,15.764684059715744,15.953598976135252,47070145
2022-01-28,16.149038314819336,16.162065771056845,15.719091433799875,15.738634025921023,33360845
2022-01-31,16.500802993774414,16.618061297946845,15.97314203276259,16.07085775549432,50129358
2022-02-01,16.616613388061523,16.7469900073231,16.414527374212575,16.486235360054007,32598902
2022-02-02,16.355859756469727,16.629652364416327,16.24503793272037,16.603576475446356,39095411
2022-02-03,16.544906616210938,16.642689087831958,16.10814181039575,16.427566523268876,47261735
2022-02-04,16.597055435180664,16.79262034354991,16.427563593934053,16.45363947854827,39194888
2022-02-07,16.505794525146484,16.655728778330296,16.447124477487943,16.590539053850765,26166974
2022-02-08,16.688318252563477,16.766545906587652,16.316743235304738,16.47971540140307,42299308
2022-02-09,16.023395538330078,16.564461024782887,16.016875862351096,16.26459255714284,100922428
2022-02-10,16.32978630065918,16.49927678672623,15.945171811655165,16.003841866206496,68333609
2022-02-11,17.294580459594727,17.600967273766432,17.05990023852959,17.17724034906216,182038996
2022-02-14,17.255464553833008,17.398880540367408,17.125087921070193,17.340210492125706,43043123
2022-02-15,17.41844367980957,17.535783822952155,17.275029044993804,17.470594071902582,33336032
2022-02-16,17.235916137695312,17.51622715193679,17.196802284924846,17.45755707715445,44408048
2022-02-17,16.994709014892578,17.261981943705504,16.923001025273788,17.209831575002937,38194109
2022-02-18,17.059894561767578,17.307611238244082,16.98818658377593,17.09248871301493,29924682
2022-02-21,16.64269256591797,17.131609252437833,16.447127581805628,17.09901508841911,25401293
2022-02-22,16.795093536376953,17.04946607096176,16.62551231648721,16.795093536376953,34318570
2022-02-23,16.56028938293457,17.01033158785311,16.521154604050153,16.808138754034648,25506096
2022-02-24,16.279823303222656,16.390703037358556,15.87543631769747,16.142853722407686,49889615
2022-02-25,16.612464904785156,16.632031586210058,16.181988046936098,16.221122819286077,44070414
2022-03-02,16.33680534362793,16.584826599666197,16.25848291595679,16.42818174432391,36789303
2022-03-03,16.349857330322266,16.872007725012864,16.121416356335413,16.343329639363933,50467105
2022-03-04,16.101842880249023,16.40207870777591,15.847293856267282,16.36291818745769,34369894
2022-03-07,15.755904197692871,15.958237144043121,15.677581812346874,15.840752860785555,59892079
2022-03-08,15.605788230895996,15.96476600604688,15.527465832871755,15.814647488801514,49265672
2022-03-09,16.382503509521484,16.51956819394248,15.768974867009337,15.8016105246628,58459174
2022-03-10,16.395544052124023,16.395544052124023,15.977822645517957,16.147522848500177,33553115
2022-03-11,16.212785720825195,16.702301680046915,16.173623823477524,16.467334527392254,48649207
2022-03-14,16.44123077392578,16.669671706979873,16.323746462504396,16.330274152293075,36267443
2022-03-15,16.382503509521484,16.60441836497971,16.121428121645124,16.38902979476492,41720798
2022-03-16,16.702306747436523,16.74799493629846,16.408597364889076,16.545661931474893,45741022
2022-03-17,17.06782341003418,17.09393136657861,16.61746891727439,16.73495190076737,49108185
2022-03-18,17.19182586669922,17.361524668207686,17.015599374472533,17.028653345431287,73408542
2022-03-21,17.616079330444336,17.68134779608202,17.204884047588124,17.257099948480786,40745625
2022-03-22,17.857566833496094,17.968524879739732,17.68786803453705,17.753136477872605,41741192
2022-03-23,17.77924346923828,18.040320049583357,17.73355527924953,17.87714753948708,30594059
2022-03-24,17.896728515625,18.099062944127382,17.772717910691206,17.837986353187382,53835967
2022-03-25,17.929363250732422,17.961997472915815,17.707449975694278,17.961997472915815,36342901
2022-03-28,17.91631317138672,18.08601199652776,17.700924736288368,17.975055343642826,24411278
2022-03-29,18.12516975402832,18.32750134894682,17.8771471491635,18.086007844688332,33838857
2022-03-30,18.164335250854492,18.249185372532423,17.962000779308028,18.170861532301437,37371325
2022-03-31,17.935890197753906,18.27528778696148,17.811879594407973,18.196965374873397,46340719
2022-04-01,17.986602783203125,18.20865864933996,17.84944872106968,18.09109883115929,45495048
2022-04-04,17.823328018188477,17.967011163653687,17.646988265159894,17.927825492792355,28469684
2022-04-05,17.464120864868164,17.810268540899845,17.385748099072853,17.784143815173266,41644661
2022-04-06,17.45758819580078,17.575146624031785,17.2812484363779,17.353090717407692,38196035
2022-04-07,17.444530487060547,17.477187107159807,17.24859782338869,17.31390965220247,26732002
2022-04-08,17.41187286376953,17.56861839571097,17.248594033305185,17.346561049306906,29650496
2022-04-11,17.346561431884766,17.45759081322776,17.268188664185537,17.372686158245994,30882294
2022-04-12,17.039602279663086,17.568620270653362,16.987352822516865,17.503308449220587,33798183
2022-04-13,17.085317611694336,17.333498266486504,16.961227284298253,17.163690375766368,38370517
2022-04-14,17.196352005004883,17.287787165834075,16.987356948428175,17.026544050805654,26768711
2022-04-18,17.294309616088867,17.346559061672025,17.117971265706373,17.137564102107927,23802743
2022-04-19,16.98733901977539,17.379203984431236,16.81753124479344,17.320424098594515,39035022
2022-04-20,17.098384857177734,17.14410102217288,16.88938981904519,16.99388733811146,28485092
2022-04-22,16.765289306640625,16.99387705015517,16.628136660531897,16.915504311147888,34773809
2022-04-25,16.69998550415039,16.7522349627414,16.38649439814282,16.654267933575568,42282427
2022-04-26,16.131771087646484,16.654256857773177,16.099114492052845,16.497511409011906,47838319
2022-04-27,16.00115966796875,16.393024963995618,15.935849255759148,16.321182663734277,27688480
2022-04-28,15.870534896850586,16.05993703793996,15.713789368033753,16.007688998795818,41170160
2022-04-29,15.589691162109375,16.295047096729427,15.589691162109375,15.975024313805777,50954295
2022-05-02,15.522801399230957,15.738486297769155,15.320187114301172,15.601232143024072,44535284
2022-05-03,15.60123348236084,15.790774345096883,15.477051342991892,15.55548209351814,29699668
2022-05-04,15.581622123718262,15.581622123718262,15.29404183777356,15.529334028585614,53745441
2022-05-05,15.222145080566406,15.418222595291768,14.967244170180619,15.418222595291768,45795293
2022-05-06,15.548943519592285,15.829987100971394,15.209075122140739,15.215610428133035,68490643
2022-05-09,15.326722145080566,15.62083775501092,15.039141841234464,15.516262970664302,63819963
2022-05-10,15.24829387664795,15.516265480734386,15.143719075384242,15.418227399040749,40331174
2022-05-11,15.758090019226074,15.82998543973824,15.274432228844926,15.2809689465796,64249824
2022-05-12,16.006454467773438,16.124102676966878,15.640443466662312,15.640443466662312,61754278
2022-05-13,16.195999145507812,16.287501909680177,16.01299361716308,16.137175738192944,29721422
2022-05-16,16.365934371948242,16.542404612475075,16.09142605052556,16.241752237842064,30939624
2022-05-17,16.50972557067871,16.745019229253725,16.477046209749652,16.57508429253683,30953220
2022-05-18,16.274429321289062,16.581615520945164,16.235213250363532,16.457433414990057,43092975
2022-05-19,16.222145080566406,16.42475796407842,16.137177612923104,16.287503801874422,25636391
2022-05-20,16.424762725830078,16.490122878515454,16.24175712316905,16.39862007718494,43072014
2022-05-23,16.849594116210938,16.99338358750585,16.522797680423714,16.529332987670863,43627637
2022-05-24,17.1044979095459,17.189465399253116,16.699272037294932,16.784238114573178,44474328
2022-05-25,16.797306060791016,17.078351109436905,16.77116200686381,17.026063001582497,32876147
2022-05-26,17.006454467773438,17.10449254444224,16.810376902007302,16.81691220881381,39868230
2022-05-27,17.097963333129883,17.26789690739494,16.90842100659764,17.03260317962099,27475589
2022-05-30,16.94109344482422,17.280961866708854,16.94109344482422,17.16985176985365,20339502
2022-05-31,17.097963333129883,17.254824876693164,17.006460530646464,17.12410739453344,75013550
2022-06-01,16.86096954345703,17.214146895409662,16.86096954345703,17.194524910636275,32284608
2022-06-02,16.93290901184082,17.057174963554537,16.67129625875164,17.017933827951214,20319901
2022-06-03,16.77594757080078,16.978697278748974,16.730165287497485,16.841350428839085,22647423
2022-06-06,16.71708106994629,16.991774714501148,16.71708106994629,16.906749885451347,15100624
2022-06-07,16.71708106994629,16.802104485613953,16.592813685939163,16.65821794420137,23796625
2022-06-08,16.3966121673584,16.730169080386148,16.305047579993243,16.64514421495447,33085526
2022-06-09,16.115375518798828,16.42931181853008,16.036891797211663,16.39007066442779,43419279
2022-06-10,15.762194633483887,16.049969158909096,15.605227224481872,16.049969158909096,40198953
2022-06-13,15.572521209716797,15.781811987961431,15.323989293915039,15.696787167617677,38005578
2022-06-14,15.467880249023438,15.657549082078352,15.343614266900248,15.579065378283827,22637566
2022-06-15,15.53327751159668,15.794890234586266,15.441712987881235,15.64446260085636,48238381
2022-06-17,15.337071418762207,15.422094832789549,14.99043380349754,15.265127442752837,51504593
2022-06-20,16.00418472290039,16.030346425335043,15.422094617330803,15.422094617330803,50406830
2022-06-21,15.834132194519043,16.121905189816847,15.755647108475964,16.063043495357093,37577078
2022-06-22,15.716411590576172,15.906080416116295,15.579064761031947,15.873378991946081,41717966
2022-06-23,15.356698989868164,15.781820493952393,15.278215259071233,15.736038199872288,30701240
2022-06-24,15.330527305603027,15.520197493952745,15.238964190369638,15.4940357962393,30073785
2022-06-27,15.422089576721191,15.480952681269097,15.323985344729095,15.38938816605716,26288885
2022-06-28,15.252049446105957,15.592147406018379,15.055839465144043,15.520203416543124,39383080
2022-06-29,15.095080375671387,15.487500294674453,15.042758379382681,15.3501534643616,34774375
2022-06-30,14.826923370361328,14.964270172289439,14.735358835742586,14.92502903652822,41362317
2022-07-01,14.956296920776367,15.034841773010305,14.557025015655036,14.609389193466635,39467601
2022-07-04,14.812296867370605,14.923570038136978,14.733752015024821,14.83847895631369,9918395
2022-07-05,14.917031288146973,14.917031288146973,14.537396466054984,14.727214584343066,32430425
2022-07-06,14.779569625854492,14.96938764463103,14.629026154078977,14.799206899355003,31863245
2022-07-07,14.989026069641113,15.087206796017641,14.87120806640234,14.917026021608121,45776032
2022-07-08,14.995572090148926,15.22466186297053,14.910480996893618,15.205026000866866,25028649
2022-07-11,14.753384590148926,14.864656310992753,14.615929374217762,14.786111483662815,18746051
2022-07-12,14.720660209655762,14.864660276916023,14.471934621003264,14.746842297245516,22335508
2022-07-13,14.661747932434082,14.88429279808228,14.589749329430523,14.64865830605749,38407906
2022-07-14,14.498120307922363,14.596301039033381,14.164303558970913,14.543938265337587,54813633
2022-07-15,14.759930610656738,14.858111299231158,14.413022964957486,14.530840922833294,35260546
2022-07-18,14.956296920776367,15.054479046931386,14.714116134606373,14.845025164651911,23331189
2022-07-19,15.46030044555664,15.558481195921853,14.943211765538198,14.943211765538198,39625655
2022-07-20,15.26392936706543,15.486474262485343,15.211566611104825,15.38174733608087,33584725
2022-07-21,15.38829231262207,15.466838569117206,15.021748773577896,15.237747442731317,24553356
2022-07-22,15.224663734436035,15.512662543454047,15.113390535042008,15.447207304256434,25588351
2022-07-25,15.447202682495117,15.551929619393452,15.178841232771324,15.316295072234752,36454048
2022-07-26,15.362119674682617,15.643572290274367,15.263937509964459,15.466846656956111,24585080
2022-07-27,15.414472579956055,15.578108473294854,15.316291892642642,15.460290516932268,27262812
2022-07-28,15.512659072875977,15.532294933000303,15.244296188414967,15.414476943287323,26772676
2022-07-29,15.46030044555664,15.695936509607586,15.362119695191426,15.538845328745614,33518445
2022-08-01,15.3735990524292,15.622510612102268,15.222941608772027,15.622510612102268,28369526
2022-08-02,15.537360191345215,15.615963781751827,15.314648838908765,15.478407144654941,24247559
2022-08-03,15.648711204528809,15.681462574291775,15.41945020064715,15.52425543321318,22712684
2022-08-04,16.028640747070312,16.094143531979334,15.701123991441454,15.753527351802173,38418670
2022-08-05,16.32994842529297,16.460953935767446,15.871424892008589,16.041732904950152,64015406
2022-08-08,16.53300666809082,16.565758043435757,16.231691750051574,16.42820141766234,46382867
2022-08-09,16.9653263092041,17.214237862070895,16.56575590125878,17.05703071452776,117640069
2022-08-10,17.279733657836914,17.358338615550245,16.965319489145145,17.135627399776585,55029810
2022-08-11,17.305944442749023,17.541755193705104,17.24699140112472,17.443501068025355,45877889
2022-08-12,17.515560150146484,17.54831153510991,17.27319820276728,17.417304579714656,43155063
2022-08-15,17.66620445251465,17.757908828103666,17.253534762364055,17.253534762364055,41430750
2022-08-16,17.869274139404297,17.915126353891488,17.443503374088763,17.64656277666309,29105976
2022-08-17,17.915128707885742,18.000283438354455,17.685867605325562,17.738270951934467,28593294
2022-08-18,17.862720489501953,18.0264773511619,17.757915248714983,17.934774357956936,37051026
2022-08-19,17.648408889770508,17.820654245990912,17.469540804542042,17.754405481432347,26106699
2022-08-22,17.44966697692871,17.515914310181675,17.27742161986001,17.489414804227742,24991487
2022-08-23,17.496042251586914,17.5887891082166,17.409920988506286,17.456294416821127,16685011
2022-08-24,17.568906784057617,17.65502943756043,17.4562860639344,17.4562860639344,22899063
2022-08-25,17.787532806396484,17.800781129334926,17.575539596532806,17.628537183182704,31242248
2022-08-26,17.681537628173828,17.979652119352213,17.595414932332524,17.820657914941364,28445551
2022-08-29,17.62191390991211,17.7411588437927,17.43642019983995,17.58216464419717,21271281
2022-08-30,17.542409896850586,17.820651806646236,17.482788164356876,17.694779887030624,34434249
2022-08-31,17.098560333251953,17.661667184725722,17.098560333251953,17.661667184725722,56502823
2022-09-01,17.362159729003906,17.375418542965466,16.931254722002315,17.275978154559223,54988228
2022-09-02,17.600826263427734,17.740043190066075,17.454982074138467,17.46824089727602,52927981
2022-09-05,17.885889053344727,18.05162220915769,17.633975687989686,17.660491904134616,28039710
2022-09-06,17.72014808654785,17.912397358220204,17.600818729388877,17.700259144049046,60187679
2022-09-08,17.594196319580078,17.899144932267163,17.561049980394404,17.832852253895812,32229771
2022-09-09,17.733409881591797,17.925660633687052,17.647229695572527,17.700263545998872,27710574
2022-09-12,17.952177047729492,18.111280020741546,17.812960155579514,17.899141768317776,30293474
2022-09-13,17.766559600830078,18.011844250066197,17.700266917018777,17.819594893968652,36812756
2022-09-14,17.70026206970215,17.826220140105978,17.547787792602563,17.72677970900943,32836152
2022-09-15,17.746660232543945,17.972057212658697,17.640591149702352,17.653849964133922,24907645
2022-09-16,17.6870059967041,17.812962654056506,17.541161823088622,17.63397214246531,49605006
2022-09-19,18.349931716918945,18.42948462405654,17.620708195714975,17.640595706193707,46524605
2022-09-20,18.9598331451416,18.999609607946557,18.40960138831556,18.44274629173553,71309887
2022-09-21,18.760950088500977,19.012864772597702,18.68139861080094,18.959829499056752,54495600
2022-09-22,19.138822555541992,19.22500273133971,18.767579916142864,18.953201952148166,49376706
2022-09-23,18.760950088500977,18.926683169399354,18.54881185955996,18.827242747815774,38830402
2022-09-26,18.356565475463867,18.68140156309746,18.323419140568223,18.648255228201812,16535115
2022-09-27,18.250497817993164,18.34330813624023,18.17757501576712,18.263756639544418,43896612
2022-09-28,18.24386978149414,18.562077237352796,18.1046557207826,18.28364625070593,47539207
2022-09-29,18.51565933227539,18.634987225189278,18.13778814891838,18.204082218654378,58853685
2022-09-30,18.601852416992188,18.654886272986115,18.36982661087164,18.436119289017,38351030
2022-10-03,19.7346248626709,19.754524902131855,18.90543887179327,19.09780926478156,80831732
2022-10-04,19.767784118652344,20.039757427073784,19.502445109724245,19.880552874906297,49601833
2022-10-05,19.767784118652344,19.95352156825334,19.674915393851844,19.814218481052592,34375446
2022-10-06,19.409564971923828,19.860642632043266,19.329964887036642,19.83410831473917,55358719
2022-10-07,19.449373245239258,19.449373245239258,19.004929725873605,19.369771699019584,63511108
2022-10-10,19.243730545043945,19.595305258931045,19.097793222217152,19.555503779929378,54805929
2022-10-11,19.111068725585938,19.336607671371457,19.051367197774674,19.1707702533972,36485999
2022-10-13,18.99829864501953,19.217203276058118,18.805926909537035,18.905429926790237,42127432
2022-10-14,19.00493812561035,19.34988022303599,18.87890216893151,19.071273971373177,45494368
2022-10-17,19.15750503540039,19.303442436777303,19.038101967639903,19.19730653582503,23093825
2022-10-18,19.628477096557617,19.628477096557617,19.270269434638422,19.436105386027773,52346412
2022-10-19,19.635112762451172,19.74124864659003,19.44274245798982,19.60857986655136,32142870
2022-10-20,19.940250396728516,20.066287726647904,19.648377115491773,19.767780147250665,77600529
2022-10-21,20.60360336303711,20.749540754839394,19.78105197651456,19.854020672415704,55808067
2022-10-24,19.668285369873047,20.490838339924935,19.528982252390428,20.437771100008813,57756261
2022-10-25,19.509082794189453,19.747888964666004,19.509082794189453,19.668285952164727,29513856
2022-10-26,19.09116554260254,19.456007515215493,19.024831159768564,19.23710147153989,55085780
2022-10-27,19.442739486694336,19.655011222532075,19.177400533653653,19.310069293417502,44860228
2022-10-28,19.595306396484375,19.66827362862103,19.303433167399525,19.376401833048924,32422834
2022-10-31,20.165794372558594,20.278563134537478,19.2039384452829,19.237105643893553,94899400
2022-11-01,20.21733283996582,20.768232208882033,19.965114543038474,20.575750126352457,47491734
2022-11-03,20.071313858032227,20.137686797917798,19.573512505851593,19.91201679422206,36849352
2022-11-04,20.14432144165039,20.529287007716086,20.07794851333266,20.36998997166909,35511052
2022-11-07,19.686344146728516,20.124409188525824,19.513773678167265,19.958474004493798,52676342
2022-11-08,19.62661361694336,19.68634984148433,19.381031997984433,19.546965795670864,31659758
2022-11-09,18.684104919433594,19.294738948232126,18.484984722075456,19.02260911150784,147203325
2022-11-10,18.33232879638672,18.551360618304734,17.894263718204577,18.159756879145995,99105549
2022-11-11,17.741609573364258,18.71729787494652,17.66196031930555,18.58455055252838,111377525
2022-11-14,17.688505172729492,18.11993205819382,17.522571424240294,17.953998309704623,59148831
2022-11-16,17.43629264831543,17.715060749070194,17.263720689836955,17.688510996327896,50719991
2022-11-17,17.542482376098633,17.549119094141588,17.124328977709805,17.190703329868402,77606874
2022-11-18,17.68186378479004,18.02036937301466,17.5159315010029,17.715051675893182,56028889
2022-11-21,17.734968185424805,18.013736220774216,17.49602333549896,17.920813542324414,43986685
2022-11-22,17.44292449951172,17.887626279231757,17.31681536071336,17.788065451417335,64036253
2022-11-23,17.263717651367188,17.403101677212533,17.15752009343556,17.316817147506097,55607979
2022-11-24,17.88099479675293,18.013742138582074,17.33009669887644,17.389832930982227,30856235
2022-11-25,17.250436782836914,17.801335974937558,17.18406387007394,17.77478623609409,46086134
2022-11-28,16.938486099243164,17.396462740523052,16.91857450790152,17.32345165980901,45835061
2022-11-29,17.084508895874023,17.33009045748707,16.540246281301286,16.951761601853487,77138265
2022-11-30,17.257083892822266,17.283633645447633,16.878754938123326,17.124336564041872,60017162
2022-12-01,17.255521774291992,17.33522369814624,16.996489445275152,17.009773338470982,50130944
2022-12-02,17.48798179626465,17.700521161814912,16.989843824454,17.315294100000187,63158518
2022-12-05,16.976566314697266,17.361793521285176,16.89686438149302,17.361793521285176,37424462
2022-12-06,17.368436813354492,17.368436813354492,16.976568330518912,17.082838065850147,53504452
2022-12-07,17.242233276367188,17.487981646558378,17.19574038025859,17.41492097115335,25238368
2022-12-08,16.637826919555664,17.16917393484296,16.538199892434463,17.135964925802558,69736150
2022-12-09,16.479454040527344,16.81134583067718,16.432040927648796,16.716519604920084,22514069
2022-12-12,16.323665618896484,16.594597445704228,16.045959654774435,16.47267761133563,101446780
2022-12-13,15.707295417785645,16.479451938116174,15.659880847227043,16.42526469389429,63557901
2022-12-14,15.775030136108398,15.964682588995924,15.32121849134779,15.517645082540788,76898069
2022-12-15,15.863079071044922,16.20174343960658,15.477000139332226,15.60569262866023,55898707
2022-12-16,16.0391902923584,16.15433601318365,15.842763689354998,15.930817246516728,64978909
2022-12-19,16.520097732543945,16.581057675613643,16.018874298793282,16.113700551628476,54924554
2022-12-20,16.696199417114258,17.0551848492419,16.452361167047602,16.520093770333478,44636914
2022-12-21,16.763931274414062,16.933264224037522,16.547185215994354,16.75715860046987,69855681
2022-12-22,16.797794342041016,17.000993549776194,16.574275652650922,16.79102166939894,25305328
2022-12-23,17.06196403503418,17.278710186141268,16.845217883927088,16.953590959480636,28695830
2022-12-26,16.72329330444336,17.055185114935348,16.62846707287422,16.89939895396759,17822996
2022-12-27,16.628467559814453,16.75038742218193,16.438815091122482,16.702974305008937,19491678
2022-12-28,16.967134475708008,17.06873339092413,16.608149007231617,16.763935181546454,25715021
2022-12-29,16.933259963989258,17.25837896982579,16.90616634757073,17.095818735043224,28098060
2023-01-02,16.59954833984375,16.626661112653057,16.294534772411392,16.558880645393316,26445013
2023-01-03,16.253868103027344,16.707999020024054,16.15219593096215,16.599549386710873,33847015
2023-01-04,16.30130958557129,16.619879459040863,16.18608252734601,16.308087044682065,33855739
2023-01-05,16.809663772583008,16.884223137219735,16.28097369139532,16.335197751736505,41153732
2023-01-06,17.10112953186035,17.155353615106527,16.80967087321684,16.897786656350913,42632750
2023-01-09,17.223134994506836,17.392587643836805,16.870674772892524,16.9452341729599,29083430
2023-01-10,17.55526351928711,17.62304399576843,16.891009283668026,17.033349163137032,35564190
2023-01-11,17.86026954650879,17.94838383557713,17.460361389597608,17.541699684563444,38743614
2023-01-12,17.60948371887207,17.83316041367758,17.216354405519233,17.284134867032805,57811778
2023-01-13,17.521371841430664,17.548484617967596,17.04012811410062,17.358698111736526,23525385
2023-01-16,17.331581115722656,17.52136757574908,17.141794655696234,17.453587115672033,27737426
2023-01-17,17.690826416015625,17.72471665797995,17.277363120428657,17.392590236060137,36595560
2023-01-18,18.009387969970703,18.05683311071517,17.758598560178974,17.873825612193553,45007971
2023-01-19,18.009387969970703,18.07039095773227,17.65014896690987,17.778932401178473,40213569
2023-01-20,17.690826416015625,18.083955859376776,17.643379784312796,18.07040093440215,37996401
2023-01-23,17.148569107055664,17.738262178373546,17.080787199897355,17.65014789621222,52002547
2023-01-24,17.30447006225586,17.6433753257846,17.1756865894298,17.27735875439383,34378279
2023-01-25,17.365468978881836,17.45358326458715,16.95878337862688,17.304464527604242,43609396
2023-01-26,17.2637996673584,17.44680865680589,17.107903446294966,17.385805660323392,33862197
2023-01-27,16.897783279418945,17.25702233651906,16.82322389818761,17.22313064340424,34365362
2023-01-30,16.904558181762695,16.98589647521698,16.626656007701584,16.93844840498711,39913324
2023-01-31,17.168907165527344,17.345137237915836,17.006233477901556,17.019788397900918,32928039
2023-02-01,16.943477630615234,17.296183485070426,16.80782074347929,17.085916702504964,31850216
2023-02-02,17.099485397338867,17.61497989572008,16.753561669788738,16.821389391807283,52480220
2023-02-03,17.038436889648438,17.201223980416227,16.841735943786066,16.889215634075374,41535326
2023-02-06,17.04522705078125,17.119838446374914,16.767130963613603,17.119838446374914,31860299
2023-02-07,16.651817321777344,17.146963758077895,16.45511635695657,17.09270041206899,34547549
2023-02-08,18.02872085571289,18.04906886732251,17.17408677870243,17.2622624728667,120349072
2023-02-09,17.581064224243164,18.225431968140445,17.492888480504714,18.076210689468237,40856546
2023-02-10,17.49967384338379,17.62176493541735,17.302972831360787,17.44541195013829,59102038
2023-02-13,18.116899490356445,18.198294481573544,17.486099301804696,17.486099301804696,49663922
2023-02-14,17.893083572387695,18.23222528722912,17.845603849572733,18.14404803095042,39640950
2023-02-15,18.157602310180664,18.36108691632145,17.71671924117305,17.825244462167102,41791724
2023-02-16,18.293262481689453,18.37465604557756,17.92020705926878,18.035514485961528,34692120
2023-02-17,18.23221206665039,18.415348635762655,18.11012102057555,18.286473939470095,21326685
2023-02-22,17.893083572387695,17.981260828666397,17.811689971245684,17.83882166022151,20794515
2023-02-23,17.960905075073242,18.354310030883116,17.87951150227239,17.913425368790666,43189053
2023-02-24,17.41149139404297,17.845590770578365,17.330097852554104,17.80489326694174,35419959
2023-02-27,17.18766212463379,17.499672008997894,17.14696607541183,17.492889822722503,20098513
2023-02-28,17.248706817626953,17.52001917366737,17.079136045432417,17.22835879401472,29465137
2023-03-01,16.968820571899414,17.20638390442494,16.554780363667067,17.186021752152037,49786059
2023-03-02,16.412246704101562,17.10457320380224,16.317219887653348,16.90094871182147,52237191
2023-03-03,16.432605743408203,16.690531224442445,16.351154201900307,16.520842713171376,29015336
2023-03-06,16.805923461914062,16.9959741789203,16.36473408789203,16.588723690194715,35169906
2023-03-07,16.853429794311523,16.88736573026867,16.493689218016137,16.8670035819735,31883639
2023-03-08,17.063852310180664,17.19281510098874,16.805925261761466,16.96203857699326,40035234
2023-03-09,16.738046646118164,17.0231226879252,16.70410923163676,16.9688231181155,47884998
2023-03-10,16.33758544921875,16.704111631806878,16.215409566088397,16.663385848495786,37246581
2023-03-13,16.1407413482666,16.337580372905204,15.930328533544795,16.13395298642253,38429660
2023-03-14,16.08644676208496,16.256135325426552,15.930333459827047,15.991421401302137,43849139
2023-03-15,16.04572105407715,16.127171154158237,15.624893825721434,15.862457228792499,57389962
2023-03-16,16.310426712036133,16.391876770831928,15.964262862052365,16.05928817511449,45421743
2023-03-17,15.842098236083984,16.23577502081059,15.814949175167245,16.222199756950605,68565874
2023-03-20,15.882814407348633,16.195040886601124,15.733488062139902,15.882814407348631,36932854
2023-03-21,16.208614349365234,16.39187661319281,15.95068745438979,15.95068745438979,43704795
2023-03-22,16.113595962524414,16.45975998946458,16.072871645709654,16.256135471784898,41241539
2023-03-23,15.71312427520752,16.459751523066032,15.536647437108105,16.120376034694775,59823759
2023-03-24,15.941058158874512,16.078363256247783,15.611526815334775,15.899866184584472,34011300
2023-03-27,16.21566390991211,16.32550767104041,16.050899010016288,16.1332814599642,44616067
2023-03-28,16.29117774963379,16.42161672012987,16.13327747474078,16.22939055653714,32135279
2023-03-29,16.449079513549805,16.531461950605223,16.188200065349115,16.304909877804565,25802715
2023-03-30,16.902183532714844,17.02575792917009,16.627574916719976,16.69622669982044,43270629
2023-03-31,16.98457145690918,17.224854238001182,16.81293899150914,16.98457145690918,65512439
2023-04-03,16.508913040161133,16.969211617979877,16.35776951447635,16.955471162494703,38304803
2023-04-04,16.838680267333984,16.97608185899717,16.570745085077693,16.584485541174452,25918394
2023-04-05,16.824934005737305,17.044778277522358,16.611962187214,16.879895816009476,36165246
2023-04-06,16.769973754882812,16.94859815441192,16.646311165870916,16.87302640727667,24650907
2023-04-10,16.948612213134766,17.00357258458929,16.838689985572664,16.928000774767895,16023452
2023-04-11,17.498218536376953,17.60127125464118,17.182192377857398,17.31272453429301,54871529
2023-04-12,17.61501121520996,17.876077027314654,17.42951720276606,17.61501121520996,47390217
2023-04-13,17.61501121520996,17.800505227653858,17.48447905148404,17.697452503634075,40614537
2023-04-14,17.869199752807617,17.95164249681338,17.477603399715743,17.553175172728192,38988116
2023-04-17,17.8348445892334,18.027207971240692,17.66996211455627,17.896675888400306,24167003
2023-04-18,17.82111358642578,18.027216029575953,17.642489093584807,17.869202968772075,27411575
2023-04-19,17.539432525634766,17.759276864840785,17.511953096723218,17.690576065583507,31036155
2023-04-20,17.587526321411133,17.64248815772443,17.319592565667637,17.443255212720032,24745399
2023-04-24,17.429506301879883,17.711183373411764,17.29897421979227,17.580649806672223,28674303
2023-04-25,17.587526321411133,17.669969075881077,17.312721593802213,17.312721593802213,25980256
2023-04-26,17.408903121948242,17.628747495361264,17.381423688760993,17.539435254708316,19299068
2023-04-27,17.718063354492188,17.724932843028796,17.402037188751972,17.402037188751972,23660439
2023-04-28,17.80736541748047,17.81423638730865,17.525691286174947,17.81423638730865,23245081
2023-05-02,17.118268966674805,17.853873006388607,17.090769333695714,17.688876694177644,49467233
2023-05-03,17.09078025817871,17.27639918527684,16.967033316336934,17.152652243435064,26517638
2023-05-04,17.2282657623291,17.379510770186958,16.85702517950211,17.180140662483915,45003213
2023-05-05,17.86762809753418,17.86762809753418,17.200772887959612,17.427641231715093,49402765
2023-05-08,18.115123748779297,18.266370317022428,17.743884468209167,18.183871378527467,59838715
2023-05-09,18.225122451782227,18.417617020550136,18.032627883014317,18.067001700913668,43258053
2023-05-10,18.493227005004883,18.589474220136648,18.07386286564789,18.190735545210288,35088896
2023-05-11,18.671977996826172,18.795724883012635,18.29386317155147,18.396986071928147,35897745
2023-05-12,18.500104904174805,18.596352138736965,18.33511006940072,18.43135730396288,20136809
2023-05-15,18.56885528564453,18.630728729368183,18.36261096845366,18.527607313604687,20327832
2023-05-16,18.50698471069336,18.781976658944593,18.445111262345634,18.582606493639254,29875057
2023-05-17,18.692596435546875,18.85071707971479,18.527601626703586,18.630723010814787,27183049
2023-05-18,18.62386131286621,18.65823513057962,18.39699292742618,18.630735482143123,26807799
2023-05-19,18.472604751586914,18.56197781788604,18.266361956737153,18.500104385165663,55195001
2023-05-22,18.121990203857422,18.658225647504384,18.080742237831448,18.472605343396513,29853077
2023-05-23,18.26636505126953,18.54135697665296,18.05324508342468,18.211365774794523,31465336
2023-05-24,18.163244247436523,18.355738765992463,18.04637151426753,18.14949442673052,32566612
2023-05-25,18.733858108520508,18.80947991196308,18.34199332466111,18.472614424059444,51557618
2023-05-26,18.58949089050293,19.08447722444645,18.41762028487949,18.836983314642342,33629706
2023-05-29,18.50698471069336,18.596356313901413,18.355738173473586,18.534482865553688,11247177
2023-05-30,18.245738983154297,18.692601404414663,18.018870689272777,18.61697963023004,48896654
2023-05-31,18.10137176513672,18.25949248321583,18.012000154264257,18.211368851003236,38429660
2023-06-01,18.368053436279297,18.51252118209309,18.09975576929347,18.209826645150752,28928095
2023-06-02,18.636350631713867,18.725783680666492,18.478123844588897,18.574435672694467,28470477
2023-06-05,18.677623748779297,18.76705529183315,18.457482049990677,18.677623748779297,27870213
2023-06-06,18.808332443237305,18.88400643104685,18.677623773986536,18.8014521788944,29698762
2023-06-07,18.863365173339844,19.000954092700503,18.69825965943525,18.918401335748207,31760369
2023-06-09,19.124784469604492,19.124784469604492,18.80145072368407,18.96655772854947,33168008
2023-06-12,18.91840362548828,19.28989182006585,18.863367456418757,19.21421783092547,33613277
2023-06-13,19.131662368774414,19.193577306925036,18.945919040982766,19.014712755967807,37732299
2023-06-14,19.393085479736328,19.41372330149498,19.104150028473043,19.241737489078105,56524690
2023-06-15,19.647619247436523,19.67513732955537,19.317406721991286,19.331167249711005,30322705
2023-06-16,19.709537506103516,19.84024618817661,19.434361098582176,19.599468132423418,47145602
2023-06-19,19.97783660888672,20.01911374205688,19.633864959117357,19.661383047897463,18433003
2023-06-20,19.968320846557617,20.00303604980616,19.690597720149896,20.00303604980616,28148931
2023-06-21,20.162731170654297,20.252991917277864,19.919723199459707,19.954438409570407,29839027
2023-06-22,19.968320846557617,20.134954422318376,19.829458533144066,20.04469519395604,27091956
2023-06-23,19.90583610534668,20.03081205762341,19.773917711463298,20.03081205762341,18796809
2023-06-26,19.878063201904297,20.093299896110754,19.739202367365543,19.878063201904297,15397130
2023-06-27,19.6558837890625,20.01692525469705,19.42676221496764,19.982210046551717,29488704
2023-06-28,19.544795989990234,19.697543207998912,19.440648863712834,19.64894161584802,21198769
2023-06-29,19.78085708618164,19.822514727042243,19.58644926062813,19.600335641054755,70141424
2023-06-30,19.732263565063477,20.079417215856157,19.683660463507415,19.975270070324427,31561301
2023-07-03,20.119672775268555,20.154411045875605,19.70283004285027,19.827882111900013,19990991
2023-07-04,19.99462890625,20.161366067598173,19.95989212274847,20.05715571709359,9245166
2023-07-05,20.16830825805664,20.286415096847332,19.91125581806644,19.952939348291117,19998696
2023-07-06,19.869571685791016,20.084942106656012,19.869571685791016,20.02936206203853,32074550
2023-07-07,20.24473762512207,20.467053356005312,19.90431351875092,19.987682105501165,31476099
2023-07-10,20.11273193359375,20.404524184078824,20.0432583746626,20.404524184078824,15000240
2023-07-11,19.75840950012207,20.050200177176535,19.522198857564582,20.0154634062917,31780310
2023-07-12,19.64031219482422,19.90431296237925,19.5916803954666,19.800102607192425,20884135
2023-07-13,19.855676651000977,20.001572015920452,19.563885921162026,19.605570954575516,24777803
2023-07-14,19.647254943847656,20.001572481376236,19.563886376432436,19.904308902499835,27914740
2023-07-17,20.02936363220215,20.02936363220215,19.563887478123863,19.61251927030064,18054808
2023-07-18,19.64031219482422,20.105788417633487,19.570838624699668,20.02936658968518,44289196
2023-07-19,19.431888580322266,19.73757436869606,19.37630852715318,19.64031077700222,44539023
2023-07-20,19.79315185546875,19.79315185546875,19.244305657672147,19.52914963985046,42807912
2023-07-21,20.147462844848633,20.147462844848633,19.751461872659192,19.800093650016745,36214305
2023-07-24,19.827884674072266,20.321150764755334,19.688937579095164,20.147465394682282,37238424
2023-07-25,19.869571685791016,20.112730627612926,19.67504453233349,20.112730627612926,39541700
2023-07-26,19.98072624206543,20.008516258766843,19.68198881725558,19.862620923111713,38028465
2023-07-27,19.53609848022461,19.952942864030565,19.515256711439918,19.952942864030565,22188332
2023-07-28,19.827884674072266,19.855674693608357,19.49441044504588,19.584727257862337,18444673
2023-07-31,19.89736557006836,20.064102733579908,19.793155218211673,20.00157592192505,17263407
2023-08-01,19.958293914794922,19.972197494810498,19.659370700154238,19.694130401332025,16807601
2023-08-02,19.895729064941406,19.9861015862162,19.680225822602353,19.944390845102205,20784091
2023-08-03,19.742794036865234,20.250268033522126,19.659374044856992,20.04866834241409,24826182
2023-08-04,19.38129997253418,19.8401105156293,19.256169278134635,19.69412670853304,50087777
2023-08-07,19.228364944458008,19.65936989824947,19.200559287838736,19.41606101359565,37391152
2023-08-08,19.186655044555664,19.471674657693505,18.84602261782578,19.019813599224392,50438327
2023-08-09,19.117141723632812,19.186658127361767,18.7139438779048,19.117141723632812,39723999
2023-08-10,19.179698944091797,19.423009277445473,19.13103717787652,19.221409673252303,34693139
2023-08-11,19.214468002319336,19.325695165354574,19.08933725611994,19.20751545959824,22008185
2023-08-14,18.936389923095703,19.20055486724158,18.88772815736847,19.10323133578712,28513531
2023-08-15,18.83212661743164,19.019821253331212,18.679188689521283,18.97811200192161,28083444
2023-08-16,18.818220138549805,19.131045485120726,18.762607311131088,18.804316556125638,38445182
2023-08-17,18.595762252807617,19.005912597574028,18.58881121406953,18.99200901782019,43034739
2023-08-18,18.741748809814453,18.894686694809096,18.44977812276405,18.561005265775314,23685478
2023-08-21,18.665283203125,18.825172143017557,18.574910671089068,18.6722342429995,37088868
2023-08-22,18.957244873046875,19.012857672339887,18.720887095927893,18.769548858663228,24097210
2023-08-23,19.193603515625,19.270070930316237,18.846018621969847,18.957245727848406,27395600
2023-08-24,18.971155166625977,19.186656905832386,18.866879065393523,19.186656905832386,21142233
2023-08-25,18.67223358154297,18.978107868465695,18.54015181038317,18.943349665768682,25293885
2023-08-28,19.304838180541992,19.457774572085786,18.57490991850955,18.68613706794042,38836520
2023-08-29,19.610708236694336,19.874873243213806,19.388253968765614,19.46472290504317,40091091
2023-08-30,19.235322952270508,19.708037276481754,19.172757578109334,19.680230109681666,19884943
2023-08-31,19.0684757232666,19.214462553955904,18.894684738689058,19.15189719859695,41890409
2023-09-01,19.233789443969727,19.421606359568802,19.011191952128936,19.101622652953274,33312919
2023-09-04,19.059890747070312,19.27553278930922,19.004242109126746,19.150321474879572,11195852
2023-09-05,18.774688720703125,19.108583549268484,18.74686365057425,19.0598904281656,23401321
2023-09-06,18.593822479248047,18.899892134111248,18.503391783553393,18.823375472017833,21773767
2023-09-08,18.621646881103516,18.858156901398324,18.45469951574532,18.53817319842442,25732129
2023-09-11,19.094669342041016,19.1224929042976,18.705124437998506,18.78164111326041,31296405
2023-09-12,19.205965042114258,19.26856917465519,19.00423560422195,19.115534345258258,18673652
2023-09-13,19.303348541259766,19.505077966526724,19.122488662111774,19.24074290939225,26195186
2023-09-14,19.226839065551758,19.456392132657093,19.108583270849714,19.338137841200307,34267698
2023-09-15,19.18509864807129,19.477257327595822,19.08771242156311,19.421608699553307,40731689
2023-09-18,19.136404037475586,19.338133492740937,19.032060801098357,19.233790256363708,16235663
2023-09-19,19.079715728759766,19.26236363161562,19.009466885685853,19.1780647163057,21474768
2023-09-20,19.402864456176758,19.55741222746667,19.128891819960824,19.156991966779447,27867381
2023-09-21,18.96028709411621,19.2483081811054,18.93921123259805,19.178059357660093,25385884
2023-09-22,18.911117553710938,19.121865597200447,18.89004320479382,19.051615237299874,18539052
2023-09-25,18.967315673828125,19.10078907590812,18.918141182635175,18.925165459331573,16063674
2023-09-26,18.686317443847656,18.967314299140796,18.67226737336711,18.946239952472943,27469811
2023-09-27,18.65119171142578,18.911115740983693,18.517718317567958,18.833841111553284,26052315
2023-09-28,19.14293098449707,19.2342556505618,18.580935958916797,18.63713622052752,32463735
2023-09-29,19.11484146118164,19.36773974256116,18.98136804294522,19.318565245415833,19969351
2023-10-02,18.93744659423828,19.113184178501538,18.810916931132635,19.078036965467128,14289396
2023-10-03,18.698450088500977,18.930422973698544,18.66330134669356,18.860128528266944,24198953
2023-10-04,19.127246856689453,19.21160048717791,18.712507540499757,18.768742787794906,26973104
2023-10-05,19.42951202392578,19.56307204033641,19.028830455602705,19.09209604634273,32443908
2023-10-06,19.612276077270508,19.886426431056417,19.141300140067226,19.253772119033012,50011299
2023-10-09,19.443574905395508,19.50684051309309,19.260808438208937,19.43654606858093,16544632
2023-10-10,19.4224853515625,19.71772381825285,19.324072529332383,19.48575095429493,27848800
2023-10-11,19.668519973754883,19.696638360658895,19.387340661989786,19.47169430361015,17994759
2023-10-13,19.46466064453125,19.745839886640994,19.39436469468534,19.64039824050908,25238141
2023-10-16,19.492773056030273,19.612273855541748,19.380301089805602,19.598214669877308,12962992
2023-10-17,19.204570770263672,19.436543623242247,19.120215624552003,19.401396405408086,30382867
2023-10-18,18.803890228271484,19.183483848568695,18.705477405029576,19.02883425827913,63292779
2023-10-19,19.021804809570312,19.26080650455414,18.684388775421365,18.754683212876436,26245718
2023-10-20,18.951507568359375,19.141304359532064,18.796859512623044,18.923390706738168,27017857
2023-10-23,18.97259521484375,19.197539199851214,18.85309286831974,18.909329624117202,18187709
2023-10-24,18.97259521484375,19.246745601628394,18.85309286831974,19.155361633003118,17958163
2023-10-25,19.00774383544922,19.563073485077187,18.958537430027643,19.014772670898886,28965258
2023-10-26,19.478717803955078,19.556041062088124,19.0428890367083,19.120212294841345,32592557
2023-10-27,19.190515518188477,19.61228525694995,19.11319071162747,19.570107675437114,34189408
2023-10-30,19.03586196899414,19.324070043251513,18.972596374400958,19.324070043251513,17119856
2023-10-31,18.853086471557617,19.10614874860099,18.740616036305756,19.035854346795908,28770042
2023-11-01,19.118738174438477,19.23128423881473,18.89364604568597,18.92178294180294,29703861
2023-11-03,19.646299362182617,19.77291389231486,19.37900337198508,19.519684832050377,40014727
2023-11-06,19.829187393188477,19.85028930786147,19.611128701230857,19.730708244500253,20420512
2023-11-07,20.3848819732666,20.52556342550154,19.660366717907962,19.829186588718358,68857281
2023-11-08,20.476322174072266,20.560731339376808,20.244196589461882,20.441151815203003,26848927
2023-11-09,20.567766189575195,20.701414160446696,20.24419645793373,20.4833555047275,29266749
2023-11-10,20.813955307006836,21.010910484976954,20.588863240729218,20.694374291745547,27757367
2023-11-13,20.673276901245117,20.764721048173143,20.51852702193409,20.736584153719665,17013694
2023-11-14,20.982776641845703,21.15159495600848,20.701412278210597,20.743616096705576,47389424
2023-11-16,21.320425033569336,21.496278415363566,20.940582884163845,21.102366292911313,46722314
2023-11-17,21.418903350830078,21.51738100448525,21.18677767008463,21.306357243782422,27884376
2023-11-20,21.629915237426758,21.686187500012878,21.27821017605793,21.43999502111866,26508121
2023-11-21,21.594749450683594,21.70026053538289,21.461101468694473,21.545510640472248,18805760
2023-11-22,21.728395462036133,21.9675560271258,21.64398629791377,21.73542892567485,44180768
2023-11-23,21.70026397705078,21.897219249133315,21.5103436904523,21.728400878803125,25892449
2023-11-24,21.580686569213867,21.72840303795435,21.383731277559885,21.615856939853206,23216076
2023-11-27,21.524404525756836,21.777633529632332,21.46109879487947,21.686189384879178,20472630
2023-11-28,21.735431671142578,21.84094427969182,21.44000031944326,21.517374509608718,23380701
2023-11-29,21.883146286010742,22.0730680535398,21.69322603857331,21.946455061945386,25551189
2023-11-30,22.22079086303711,22.27002968505527,21.967563286983168,22.01680210900133,48828674
2023-12-01,22.169864654541016,22.296549951758962,21.90945666401144,22.205054676892345,34579613
2023-12-04,22.198020935058594,22.345819965829868,22.03614558884124,22.04318298609343,14713024
2023-12-05,22.381006240844727,22.49361522458796,22.183940899529432,22.233207234858256,29425256
2023-12-06,22.183940887451172,22.521767838496938,22.043179277613408,22.4654641071267,26385417
2023-12-07,22.430265426635742,22.430265426635742,22.139423446767697,22.309671588025758,22783950
2023-12-08,22.714006423950195,22.78494287394342,22.302572254651395,22.36641567283154,20982366
2023-12-11,22.55794906616211,22.749479360368504,22.508293234289997,22.593418831470114,21996515
2023-12-12,22.444448471069336,22.657259385459938,22.267107319882022,22.61469812236131,16825276
2023-12-13,23.125442504882812,23.246034786433018,22.444447009978084,22.444447009978084,53507397
2023-12-14,23.316974639892578,23.43756847198068,22.99066597562286,23.224757540434204,48235322
2023-12-15,23.217668533325195,23.437572536439603,22.912638916457265,23.35244845565229,31684684
2023-12-18,23.331161499023438,23.430473161727853,23.175100971759022,23.288600233844914,31521986
2023-12-19,23.345348358154297,23.657470935752023,23.288599495393733,23.42337938579519,27090256
2023-12-20,23.104164123535156,23.38791150754748,23.040320693863357,23.260224648203877,25825488
2023-12-21,23.260223388671875,23.316972249215063,23.089973741110736,23.231848191917386,24714129
2023-12-22,23.629098892211914,23.79225400225667,23.267321969507606,23.281508037367104,36993016
2023-12-26,23.870283126831055,23.962501758321704,23.57234813227563,23.671659797127436,26212408
2023-12-27,24.033437728881836,24.08309356028519,23.813532237691344,23.841907436483517,20593974
2023-12-28,24.097280502319336,24.097280502319336,23.93412541316398,24.033437073261513,14225154
2024-01-02,23.79042625427246,24.05302791682471,23.591698143164532,24.05302791682471,21468310
2024-01-03,23.527820587158203,23.967858648224063,23.527820587158203,23.78332705286184,20995509
2024-01-04,23.371685028076172,23.584606627039392,23.208445084412265,23.52782671597553,30121031
2024-01-05,23.918184280395508,23.918184280395508,23.33619936916611,23.357491069862874,31414011
2024-01-08,23.662673950195312,23.89688875543063,23.62718881055493,23.79042873522063,13381523
2024-01-09,23.648481369018555,23.733649695040604,23.272319856471746,23.563313042996505,21458906
2024-01-10,23.627187728881836,23.804621087775452,23.556212851561508,23.570407827025573,11422452
2024-01-11,23.66976547241211,23.833005350645212,23.51362384709839,23.570402201640874,23114559
2024-01-12,23.698158264160156,23.762034879297506,23.39297016225535,23.60589170145894,27608377
2024-01-15,23.74074935913086,23.825916156444123,23.54911946388673,23.68396944923789,11169567
2024-01-16,23.407163619995117,23.825908417508604,23.385871927582595,23.563306787720553,40226258
2024-01-17,23.42136573791504,23.534924021695577,23.300710732419564,23.350392385713356,30594852
2024-01-18,23.32199478149414,23.56330624709574,23.236826480035507,23.56330624709574,25613957
2024-01-19,23.3787784576416,23.449753336476025,23.21553853696679,23.3858767124065,36066109
2024-01-22,22.995512008666992,23.54200994420893,22.69032397342222,23.385868334237962,41153165
2024-01-23,23.10197639465332,23.151658034633513,22.83227650155018,23.123269621618157,24343524
2024-01-24,22.995512008666992,23.47103662456416,22.931635407481753,23.2155302198232,26632184
2024-01-25,22.945837020874023,23.18714852479209,22.88905865547361,23.12327190511487,17399934
2024-01-26,23.28651237487793,23.357485716776885,22.960032548122182,22.9813242439393,16393377
2024-01-29,23.165857315063477,23.33619394859792,23.03100581860563,23.21553742722842,9956124
2024-01-30,23.01681137084961,23.236831189115495,22.94583802754468,23.11617619874454,23823364
2024-01-31,23.26522445678711,23.655580993876097,23.045206126412094,23.05230438248024,27023862
2024-02-01,23.21384048461914,23.47658513031692,22.894285356289984,23.277749975696032,26301462
2024-02-02,23.249347686767578,23.355865046313674,22.858780965920488,23.256448230235037,25338865
2024-02-05,23.689626693725586,23.696727238355425,23.291959364311555,23.34876832511815,21139400
2024-02-06,24.705095291137695,24.761904241759442,23.632811961380266,23.831645590439894,76215210
2024-02-07,24.527565002441406,24.76190596839272,24.21511345035122,24.499161292444462,53422083
2024-02-08,24.04468536376953,24.740603167442366,24.04468536376953,24.449454759140437,55241227
2024-02-09,24.35003662109375,24.435250822225505,23.95946987010161,24.05888669385352,30560069
2024-02-14,24.35003662109375,24.456553988861156,24.229315096117034,24.28612558659764,14313415
2024-02-15,24.555965423583984,24.591472739636536,24.243512398278753,24.413940763140218,32298657
2024-02-16,24.527565002441406,24.70509701380972,24.342933981810255,24.626981823903495,25879532
2024-02-19,24.797409057617188,24.81161167836425,24.534664410268853,24.555967574094975,32035461
2024-02-20,25.337108612060547,25.528840213479583,24.77611336365369,24.77611336365369,62343778
2024-02-21,25.195079803466797,25.44362186462697,25.195079803466797,25.31579979471912,32185244
2024-02-22,25.05216407775879,25.470189705010263,25.05216407775879,25.448187271838442,24314973
2024-02-23,25.125499725341797,25.21350469798826,24.83948396045256,25.0814980314421,25725331
2024-02-26,25.198833465576172,25.257502907282536,25.052157484040137,25.14749710976557,15356342
2024-02-27,25.50685691833496,25.55819328484862,25.228174238645686,25.389516425611298,17802262
2024-02-28,25.521522521972656,25.58752664260663,25.272173797893977,25.44818372968661,15121697
2024-02-29,24.89081382751465,25.48484921883301,24.744137854836623,25.426178195823137,48078175
2024-03-01,24.999160766601562,25.145913105326397,24.881759212756055,25.035848454864823,16520612
2024-03-04,24.808380126953125,25.094546272560336,24.808380126953125,25.006495516759248,17674233
2024-03-05,24.786367416381836,24.977144315011877,24.654290492071986,24.88909356069582,20542423
2024-03-06,25.0578556060791,25.160581739893768,24.771689494546425,24.91844020818374,36605983
2024-03-07,24.793699264526367,25.197266857354737,24.580908531439537,24.984476124267907,18729056
2024-03-08,25.02116584777832,25.138565774660723,24.69097359819895,24.71298747195173,19630131
2024-03-11,25.145906448364258,25.145906448364258,24.940454179942652,24.95512956849725,22865412
2024-03-12,25.248634338378906,25.395385062787252,25.043182055670037,25.285322019480994,24434504
2024-03-13,25.498109817504883,25.62284823584555,25.094542201082742,25.17525604150143,30214957
2024-03-14,25.483440399169922,25.63019114084813,25.3513634631222,25.53480347589163,32383745
2024-03-15,25.344026565551758,25.60818045422889,25.241301991331703,25.58616815872972,42577460
2024-03-18,25.44675064086914,25.64486604114756,25.22662294689478,25.43941373819437,14672010
2024-03-19,25.483440399169922,25.57149116131118,25.417401931146063,25.50545269328732,11934228
2024-03-20,25.534799575805664,25.681550295069737,25.358698078420208,25.483436506928953,19759180
2024-03-21,25.270652770996094,25.630194353109797,25.145914307801668,25.534806676198247,38034356
2024-03-22,24.917285919189453,25.271980840984124,24.83600136686256,25.198086664441462,13144839
2024-03-25,24.917285919189453,24.93206507387464,24.79166549969027,24.858170897331977,13844693
2024-03-26,25.412376403808594,25.412376403808594,24.813829516397526,24.887725278158968,19262812
2024-03-27,25.55277442932129,25.626668589785314,25.235028261819654,25.345869502515686,19398772
2024-03-28,25.59712028503418,25.7079631589932,25.412383226358113,25.545394036355557,18913508
2024-04-01,24.722972869873047,25.721060584375476,24.715578728099153,25.565801181790885,35605204
2024-04-02,24.75255012512207,24.811695280107713,24.501179621614256,24.730370891714614,20491664
2024-04-03,24.56770896911621,24.826471913056544,24.40505706281279,24.722966735480412,33775409
2024-04-04,24.24241828918457,24.90780971779205,24.1093396839236,24.671225885705294,54117291
2024-04-05,24.19805908203125,24.390282840609093,24.050193792057428,24.249811693867493,28261098
2024-04-08,24.56032371520996,24.789513362799244,24.316345783353782,24.36809838749956,19296916
2024-04-09,24.819087982177734,24.863448046970227,24.60468499659054,24.678616840214087,20178616
2024-04-10,24.294164657592773,24.767330602437905,24.16108608654069,24.73036628544195,31255391
2024-04-11,24.24981117248535,24.345922250859175,24.064978365719064,24.190664418688574,20688126
2024-04-12,23.99843978881836,24.1980576790548,23.946685582285443,24.17587684834148,25841237
2024-04-15,23.591812133789062,24.12412492518559,23.503093601505853,23.998440470925818,35825686
2024-04-16,23.414369583129883,23.562234844177617,23.199966632192538,23.443942954878832,34875666
2024-04-17,23.429161071777344,23.4883062256692,23.19996980591547,23.429161071777344,28706141
2024-04-18,23.458728790283203,23.658346645806166,23.1851791057652,23.473515475621603,24583607
2024-04-19,23.32564926147461,23.636164847730928,23.251717435517453,23.49569373933358,30496961
2024-04-22,23.310869216918945,23.46612544593438,23.126038014347504,23.3921936039847,24603774
2024-04-23,23.65835189819336,23.88754157757853,23.214757630346895,23.214757630346895,53107109
2024-04-24,23.55484962463379,23.724894168521264,23.37741253435882,23.658354860243772,27387442
2024-04-25,23.421764373779297,23.658348158931048,23.251719878057543,23.495696207502824,23076377
2024-04-26,23.81361198425293,23.91711721669257,23.45134367071419,23.525275523114658,30762989
2024-04-29,23.62877655029297,23.88014704049409,23.44394535448912,23.843181120872757,25020378
2024-04-30,23.185192108154297,23.806223654463412,23.185192108154297,23.591820591060536,53143478
2024-05-02,23.523719787597656,23.75304006792016,23.316592823820294,23.612489856585036,31652054
2024-05-03,23.819618225097656,24.108116989190943,23.730851342111166,23.864003265187698,32765680
2024-05-06,23.96756362915039,24.167293885568785,23.745641654884373,23.804821700606826,21100312
2024-05-07,24.46319007873535,24.588945281909297,23.804822440488078,24.041539433542145,43603391
2024-05-08,24.618541717529297,24.6851184890778,24.13031259237262,24.285659458383833,27721450
2024-05-09,23.878803253173828,24.381825819337337,23.864008236728264,24.33004406107643,31837186
2024-05-10,24.15250015258789,24.42620388205055,23.90098814214751,23.91578315436126,26443200
2024-05-13,24.448402404785156,24.54456921163831,24.204288631815903,24.270865406006994,26666401
2024-05-14,24.714706420898438,24.825666631654485,24.270862380680406,24.278259088625376,34497357
2024-05-15,24.648128509521484,24.833062185520383,24.544565011523364,24.788678742719387,23867664
2024-05-16,24.57415008544922,24.87004550599752,24.500175031364755,24.75908372416908,20274355
2024-05-17,24.581546783447266,24.68511026053482,24.455791589439954,24.52976504490349,21065189
2024-05-20,24.507577896118164,24.707306582817797,24.411411107213173,24.55196133823061,17755129
2024-05-21,24.381816864013672,24.618533843003426,24.28565169033421,24.537162081738845,18694273
2024-05-22,24.004560470581055,24.300456028052402,23.908395253666427,24.256072573660195,23786768
2024-05-23,23.790029525756836,23.99715651328882,23.708657752484477,23.96756648689946,21792348
2024-05-24,23.56070899963379,23.849206139579042,23.471938927315772,23.83441112752604,23438031
2024-05-27,23.479339599609375,23.575506394897747,23.375777694940485,23.560712978942853,13641546
2024-05-28,23.35359001159668,23.775242433025294,23.30180824746315,23.767844124664897,28440452
2024-05-29,23.190839767456055,23.323993284647585,22.89494270734227,23.198236474590367,28148705
2024-05-31,22.954126358032227,23.235226850760725,22.931934634552867,23.183445096910894,38825757
2024-06-03,23.27805519104004,23.42608793102288,23.011596578972252,23.06340939754689,25750257
2024-06-04,23.35947608947754,23.44089258673582,23.070813091497097,23.196639895947307,25163703
2024-06-05,23.315067291259766,23.418689748573975,23.18924047866592,23.278059499291395,25288786
2024-06-06,23.611127853393555,23.68514502626303,23.285458690794695,23.32246487796937,14607995
2024-06-07,23.27805519104004,23.537111286380032,23.18923618685299,23.374276711954884,26331259
2024-06-10,23.093015670776367,23.38907954361147,22.878368283303967,23.30766145874217,23061082
2024-06-11,23.352069854736328,23.455693888356215,23.122620636201592,23.226243070314904,16807035
2024-06-12,23.315067291259766,23.492705332510717,23.05601114797424,23.440894103853612,39355661
2024-06-13,23.070812225341797,23.440891706686504,23.070812225341797,23.315064906960252,23094958
2024-06-14,23.048603057861328,23.21884012755249,22.90057033654097,23.041200542066772,17478111
2024-06-17,23.611127853393555,23.68514502626303,23.15963029666994,23.248449304606602,30480419
2024-06-18,23.596328735351562,23.855384871457257,23.47790284463083,23.566721862794655,24588705
2024-06-19,23.7813663482666,23.89979223230548,23.389082506802154,23.492703355891017,16497726
2024-06-20,23.6185302734375,24.025619124274307,23.5815224869081,23.966405386221908,23141638
2024-06-21,23.783405303955078,24.007214094267972,23.604357304391897,23.783405303955078,58654050
2024-06-24,24.12657356262207,24.514507853672544,23.85800242867347,23.86546202142193,36808677
2024-06-25,24.201175689697266,24.380222035694477,24.05196932657443,24.11911210937032,27162088
2024-06-26,24.156415939331055,24.156415939331055,23.73118041802851,24.044512363889726,26776528
2024-06-27,24.201175689697266,24.328000050429647,24.081810921636546,24.208635282368924,17012674
2024-06-28,24.178802490234375,24.27578528474718,23.910231279178138,24.231024491029952,32848049
2024-07-01,24.065078735351562,24.378581426973412,24.01282828674792,24.169579632558847,17694174
2024-07-02,24.37858009338379,24.37858009338379,24.05761376083354,24.094935277356466,34497357
2024-07-03,24.527870178222656,24.848838155319644,24.45322713785586,24.527870178222656,28588875
2024-07-04,24.5651912689209,24.811514588277973,24.55772761024132,24.759264138321427,11373280
2024-07-05,24.580123901367188,24.69208847682288,24.341264204714957,24.632374359193193,19063291
2024-07-08,24.535337448120117,24.63237470533203,24.333800886854494,24.505481195419097,19708195
2024-07-09,24.707012176513672,24.707012176513672,24.29647226066231,24.438296284494406,19027715
2024-07-10,24.9682674407959,24.990660029802108,24.70701357910203,24.766729300540568,38936224
2024-07-11,25.1175537109375,25.125017369641327,24.916015569136157,24.968267632328953,22220282
2024-07-12,24.975732803344727,25.147413094593215,24.87123189676448,25.117555231836974,24991940
2024-07-15,25.07276725769043,25.13248298039248,24.916015905197327,25.00558787618388,22336415
2024-07-16,25.222055435180664,25.266842228066288,25.020518899861734,25.05037514871893,22061662
2024-07-17,25.498233795166016,25.56541317050469,25.08769388501473,25.169802189658263,18500757
2024-07-18,25.378803253173828,25.535554586824393,25.207122990642304,25.431053697724018,17774957
2024-07-19,25.572879791259766,25.841597323745574,25.423593707049037,25.490773090170492,26942513
2024-07-22,25.557950973510742,25.71470070750706,25.505700524489814,25.58780722076094,14046027
2024-07-23,25.5206241607666,25.67737709828753,25.453446404342795,25.53555308877175,19171379
2024-07-24,25.483306884765625,25.625130917864542,25.416127504104693,25.602736715599896,17873754
2024-07-25,25.371341705322266,25.535556710537396,25.259375535936364,25.431055812746003,22461951
2024-07-26,25.557950973510742,25.632594011235934,25.319091317110367,25.319091317110367,12668639
2024-07-29,25.744558334350586,25.834130301421794,25.565414400208166,25.587806988709353,17147388
2024-07-30,25.64752197265625,25.759486525015003,25.483305360183728,25.69230714837319,19972297
2024-07-31,25.289230346679688,25.684841301489914,25.266837760729302,25.572875145605455,28667619
2024-08-01,24.921533584594727,25.4816513719287,24.84685002941826,25.40696943065942,25644208
2024-08-02,24.607866287231445,25.048491978571697,24.488374218718963,25.01115100976913,27354812
2024-08-05,24.607866287231445,24.667611514534133,24.159771433786418,24.234453371391552,30036736
2024-08-06,25.15304946899414,25.34722347911292,24.652675312226243,24.652675312226243,29244996
2024-08-07,25.22026824951172,25.526466855143635,24.697491323243227,25.429379020019116,46066533
2024-08-08,25.13064193725586,25.49658567437575,25.048490841275914,25.280007419591485,22235464
2024-08-09,25.81025505065918,25.81025505065918,25.205325533567613,25.24266650313711,27350166
2024-08-12,25.847593307495117,26.00442795527112,25.743039565489575,25.892403437417844,23753798
2024-08-13,26.579490661621094,26.579490661621094,25.922284902235923,26.026840290596855,44797573
2024-08-14,27.236684799194336,27.468199755808755,26.57948089520112,26.57948089520112,61454486
2024-08-15,27.669851303100586,27.69972472866455,27.30390748861786,27.38605860196507,36976474
2024-08-16,27.43833351135254,27.998449693561728,27.363651568912275,27.811743223553854,39069012
2024-08-19,27.602636337280273,27.82668216959998,27.46820431894815,27.542889490869218,25227717
2024-08-20,27.804275512695312,27.90136170888453,27.43833175864372,27.63250415102215,17856533
2024-08-21,27.692251205444336,27.91630024799234,27.565291587647117,27.878957664962922,16012462
2024-08-22,27.43833351135254,27.445799446126465,27.109729091238066,27.124667416414773,24315199
2024-08-23,27.229223251342773,27.669848978815182,27.162007242516356,27.475673342867676,24645695
2024-08-26,27.288965225219727,27.363650392262922,27.079854504253074,27.28149929076684,16314180
2024-08-27,27.3188419342041,27.415931371918926,27.1321354497552,27.281502574003127,16586780
2024-08-28,27.908830642700195,27.983512579759015,27.057451072945508,27.154535654433456,36121512
2024-08-29,27.602636337280273,27.91630243921656,27.602636337280273,27.774404485943933,25176619
2024-08-30,27.408456802368164,27.610098345560235,27.19187693579058,27.50554299311782,69846390
2024-09-02,27.190021514892578,27.421647900188677,27.15266096206594,27.324514983953947,11520344
2024-09-03,27.630859375,27.638332131473845,27.1676033728697,27.26473951892708,17829227
2024-09-04,27.825122833251953,28.236075963721813,27.660744810431265,27.757877718829935,23012702
2024-09-05,28.00445556640625,28.094115738080472,27.75041087813742,27.869962079526974,13102351
2024-09-06,27.608436584472656,28.079161981563264,27.54866100819767,28.079161981563264,18068290
2024-09-09,27.877429962158203,27.98203887188363,27.623388518251787,27.660749073822853,15484371
2024-09-10,27.877429962158203,27.929736031704795,27.660749073822853,27.68316411541839,15099944
2024-09-11,27.929737091064453,28.049285060564284,27.750410292762886,27.929737091064453,22282257
2024-09-12,27.623394012451172,27.855020460831764,27.42165536859846,27.80271761025007,16309421
2024-09-13,27.653274536132812,27.89237368003493,27.331984758761138,27.765352966261084,22909713
2024-09-16,27.64580726623535,27.810188565797716,27.518786527252864,27.690640584804843,12252828
2024-09-17,27.57855987548828,27.63086271839889,27.391763546612104,27.57855987548828,19981701
2024-09-18,27.421646118164062,27.66821800031409,27.31704045228841,27.533721310625612,18703790
2024-09-19,27.346927642822266,27.556138969953487,27.175073635897487,27.496363382382498,27012532
2024-09-20,27.048059463500977,27.462097574660632,27.033003265979552,27.341651248124577,34731661
2024-09-23,26.889965057373047,27.085692334062596,26.777046037796623,26.905021252013377,17373195
2024-09-24,26.88243865966797,27.349172574817697,26.739407246095716,27.138389096539132,27208315
2024-09-25,27.2211971282959,27.228724411942604,26.935132693826954,26.935132693826954,24582587
2024-09-26,27.567480087280273,27.77073461862529,27.35669664629011,27.477146186075487,42599440
2024-09-27,27.67287826538086,27.748157618496414,27.492207167176527,27.507261736345637,31411178
2024-09-30,27.183563232421875,27.85355347849242,27.183563232421875,27.55243602154502,28491777
2024-10-01,26.737417221069336,27.347482306159318,26.684695587237183,27.309822601182525,30144937
2024-10-02,26.90311622619629,27.309825787842442,26.75248389916371,27.016092099083714,23530370
2024-10-03,26.240325927734375,26.60184639406511,26.09722458510745,26.526530240600994,35700490
2024-10-04,26.293054580688477,26.46628308199659,26.082169620207143,26.12735867330557,17541559
2024-10-07,26.466279983520508,26.60185038217062,26.247862454684675,26.51147065894155,26410683
2024-10-08,26.62444496154785,26.744951794608507,26.564190731211063,26.647039484117688,26176152
2024-10-09,26.134883880615234,26.511467920722986,26.082163872822026,26.44368272839908,23707005
2024-10-10,26.27798843383789,26.33824103751076,26.03697476392053,26.142418041057756,23211884
2024-10-11,26.082162857055664,26.338238431847774,26.02190863173085,26.232795165142132,19225310
2024-10-14,26.247867584228516,26.413563504594443,26.074639069347167,26.165018810238887,16356101
2024-10-15,26.549123764038086,26.594314430987037,26.157477827598036,26.285515609200992,32631872
2024-10-16,26.390960693359375,26.56418915387223,26.24785934622601,26.549125597182485,39642197
2024-10-17,26.443687438964844,26.68470113735793,26.014381686976336,26.127357570178845,22310809
2024-10-18,26.57172203063965,26.647038187282288,26.375897419188234,26.511467803235263,17703125
2024-10-21,26.436153411865234,26.67716709718943,26.36083724555632,26.654572572819365,16873089
2024-10-22,26.481346130371094,26.549131336321707,26.217737900348254,26.360839278415913,24850542
2024-10-23,26.647045135498047,26.662108696276967,26.36084073592511,26.3683733301212,17395402
2024-10-24,26.888050079345703,26.98596075104119,26.579251253169986,26.647036440750643,24236796
2024-10-25,26.586780548095703,26.94830098329093,26.526527956036148,26.888048391231376,17380220
2024-10-28,26.910646438598633,27.046216823025784,26.72988538349148,26.842861246385056,11933889
2024-10-29,26.62444496154785,27.068812586023522,26.62444496154785,27.008558355686734,13225282
2024-10-30,26.549123764038086,26.805200954856712,26.4587440577529,26.616908950655155,12081065
2024-10-31,26.375898361206055,26.82026760753915,26.375898361206055,26.549126829761274,22748147
2024-11-01,26.2309513092041,26.600188828543246,26.21588178584752,26.374124808559394,25777562
2024-11-04,26.585121154785156,26.781042884819705,26.291237745516543,26.472088322712498,23226386
2024-11-05,27.38388442993164,27.617483272223105,26.82625981113857,26.901615589647022,59510598
2024-11-06,27.255779266357422,27.451702642042118,26.765974084013145,27.029715210780545,44058971
2024-11-07,26.856395721435547,27.489374339435443,26.796111112997362,27.225633248602154,16816325
2024-11-08,26.434419631958008,26.65294734628556,26.283709684245345,26.42688323893362,26247984
2024-11-11,26.464553833007812,26.69061624261366,26.306307540789955,26.3439862374912,20677703
2024-11-12,26.14806365966797,26.585122224268705,26.117922981211848,26.487160541093772,26591283
2024-11-13,26.01242446899414,26.261094409995234,25.846643422704393,26.22341734359307,29706013
2024-11-14,25.93706703186035,26.08024052631098,25.748681712021853,25.95967294455429,35013665
2024-11-18,25.84664535522461,26.05010348312882,25.786360741726927,25.906928340288648,20962992
2024-11-19,26.080245971679688,26.148065352355115,25.7411506967363,25.846647149246134,18019798
2024-11-21,25.62812042236328,25.944609791515074,25.62812042236328,25.801436261913143,28727441
2024-11-22,25.70347023010254,25.921999497686965,25.575367877098003,25.921999497686965,14604143
2024-11-25,25.695941925048828,25.778830841591965,25.597980223854638,25.6884055327233,27017291
2024-11-26,26.18574333190918,26.494696289508177,25.748686379478524,25.77129229627023,30264922
2024-11-27,25.545230865478516,26.261100169420295,25.40959209393644,26.13299616143772,26816070
2024-11-28,24.625898361206055,25.4924774147803,24.58822129425649,25.44726395738069,44303925
2024-11-29,24.56561851501465,24.814288491365687,24.24912915812537,24.6861861217011,41721478
2024-12-02,24.217021942138672,24.616618095310294,24.126547679580398,24.420588625565905,25024231
2024-12-03,24.488449096679688,24.518606101359985,24.262262600340964,24.28488076118012,23357474
2024-12-04,24.63923454284668,24.7674062701286,24.397968773232712,24.435667873553676,25113058
2024-12-05,25.167007446289062,25.257481720722605,24.729715391412885,24.865425988405327,36947243
2024-12-06,24.654321670532227,25.17455084563615,24.639242351488004,25.0916154055509,24236456
2024-12-09,24.77495002746582,24.978518353070598,24.69201460266584,24.69201460266584,18324009
2024-12-10,25.110288619995117,25.247294081909686,24.889554765204345,24.920001154457207,21447916
2024-12-11,25.353849411010742,25.688754687030258,24.85149231941212,25.13311724799356,35985666
2024-12-12,24.72209930419922,25.254902814017864,24.63837256841017,25.11789572724695,27479555
2024-12-13,24.40241241455078,24.83626758523117,24.394801641758672,24.76015327786525,27998356
2024-12-16,24.13601303100586,24.440473579672947,24.13601303100586,24.36435762007549,37414605
2024-12-17,24.265405654907227,24.49375020930009,24.05228429012204,24.204512896476537,45447689
2024-12-18,23.572763442993164,24.234961561795362,23.496647487774723,24.18168121557309,58162101
2024-12-19,23.702157974243164,24.006616858923245,23.527093745458334,23.740215129220516,53287369
2024-12-20,23.976173400878906,23.99139659369856,23.64126809343091,23.64126809343091,60210112
2024-12-23,23.511871337890625,23.831553424185433,23.40531064245902,23.694546345812995,31425454
2024-12-26,23.664098739624023,23.770661074408505,23.43575416909402,23.481423741144514,23278278
2024-12-27,23.428144454956055,23.770662148660854,23.428144454956055,23.709769383174976,15418543
2024-12-30,23.390085220336914,23.64887616093115,23.390085220336914,23.4966459056061,32151480
2025-01-02,23.28167152404785,23.494915356077087,23.030348671414295,23.34259927365981,29053972
2025-01-03,22.710487365722656,23.319755106182008,22.710487365722656,23.296908018511605,40039200
2025-01-06,23.73101806640625,23.799559345324003,22.931351708488645,23.007511428075617,35104078
2025-01-07,23.989952087402344,24.26412373957924,23.791940141833884,23.852866261313896,28624338
2025-01-08,23.601543426513672,23.92140925796687,23.50253827628677,23.776708283615196,21783171
2025-01-09,23.6624698638916,23.738627920684902,23.548231132895,23.61677404233163,11465733
2025-01-10,23.334989547729492,23.715783160686993,23.266446631564868,23.654855392626523,21853643
2025-01-13,23.502532958984375,23.708160006507164,23.327368141512803,23.327368141512803,17535780
2025-01-14,23.51777458190918,23.571083917904044,23.16744480269463,23.555853619509534,22928521
2025-01-15,24.53829002380371,24.591600987439655,23.662467520015056,23.738625569264553,40308287
2025-01-16,24.462133407592773,24.667760481773737,24.256506333411814,24.484980494544754,24765227
2025-01-17,24.637298583984375,24.804848279402883,24.439286654149722,24.576372469345483,23627808
2025-01-20,24.873388290405273,25.056169916743755,24.523058622880246,24.523058622880246,10462575
2025-01-21,24.92670249938965,25.056171523417838,24.774384741974945,24.873389885358872,15918423
2025-01-22,24.835309982299805,25.101864814027596,24.759151929179456,25.01808996811127,23835940
2025-01-23,24.78200340270996,25.03332633913999,24.622070475362957,24.911472445093672,22913792
2025-01-24,24.7210750579834,24.827696999970595,24.606836322536136,24.69822632340992,9909218
2025-01-27,25.315107345581055,25.368418309117708,24.606832880621717,24.721071600089683,22917984
2025-01-28,25.360803604125977,25.47504232558313,25.109480721049355,25.315107786381812,16244500
2025-01-29,25.29987907409668,25.551201972880126,25.28464713389668,25.46742712468344,13655935
2025-01-30,25.916763305664062,26.03100204021676,25.307495540738678,25.307495540738678,29709865
2025-01-31,25.749208450317383,26.061457397961497,25.749208450317383,26.008148087262057,20432975
2025-02-03,25.51120376586914,25.747417990429945,25.328326696747506,25.663601049026184,25677405
2025-02-04,25.60264015197754,25.823614472119047,25.31308714029809,25.450242876708142,23154667
2025-02-05,25.991254806518555,26.21984992394319,25.71694000694258,25.770278812786128,45348664
2025-02-06,26.036977767944336,26.204613330280356,25.1073572871126,25.374051349919608,44044581
2025-02-07,25.846481323242188,26.26557269559417,25.67884411563491,26.12841527967298,40083613
2025-02-10,26.12841033935547,26.31890488470959,25.91505513122613,25.95315404029695,42687021
2025-02-11,26.40273094177246,26.593227187682253,26.212236342529042,26.212236342529042,35512412
2025-02-12,25.671228408813477,26.372252184261598,25.54931087250371,26.21223737327142,34311545
2025-02-13,25.808380126953125,25.831239145365128,25.564545108338187,25.686462617645656,15168830
2025-02-14,26.494163513183594,26.593222002809867,25.945535551662356,25.983636110748957,33546090
2025-02-17,26.547504425048828,26.898017081778253,26.547504425048828,26.577984216068653,20231641
2025-02-18,26.503095626831055,26.62283771036825,26.23167782231654,26.590905798044936,34668327
2025-02-19,26.25562858581543,26.40730259722606,26.14386860634265,26.383354523086748,25496918
2025-02-20,26.183788299560547,26.375376371710125,26.064044460629116,26.255632532778698,17946380
2025-02-21,26.103952407836914,26.1917643058822,25.976226481166552,26.159832392935392,34362303
2025-02-24,25.96026039123535,26.319490097248014,25.80060427755581,26.2396603152914,29019415
2025-02-25,26.223697662353516,26.455201471515448,26.048075570159167,26.167817670502988,29667378
2025-02-26,26.15983009338379,26.487127859525636,26.143864138313855,26.46317806436239,24486962
2025-02-27,26.135887145996094,26.4392351764312,26.135887145996094,26.319493077612197,23485390
2025-02-28,25.49725341796875,26.271591055116293,25.49725341796875,26.135883019524318,40016653
2025-03-05,25.87877082824707,26.01455564986342,25.559280277867348,25.886759084497346,29404182
2025-03-06,25.926694869995117,26.14235189504738,25.72701263117683,25.8787705112932,21081617
2025-03-07,26.038516998291016,26.294110129335497,25.75896255060828,25.862796073421336,23391804
2025-03-10,26.270143508911133,26.270143508911133,25.76694557161244,25.91870343310512,31361893
2025-03-11,26.038516998291016,26.31807144597375,25.88675911613052,26.31807144597375,21005253
2025-03-12,26.118385314941406,26.19825923529239,25.886755261100234,26.134360099011605,20300754
2025-03-13,26.541711807250977,26.621584003805413,26.07046343108079,26.118386058585163,32681045
2025-03-14,27.404340744018555,27.59603472474865,26.621586582883726,26.67749747110258,35848233
2025-03-17,28.227031707763672,28.314892175680757,27.356418737493378,27.388368312385232,30713817
2025-03-18,28.3787841796875,28.63357810713034,28.24699522905162,28.38757160565784,30775164
2025-03-19,28.449077606201172,28.651155639253037,28.32607261047731,28.554509473352496,25414117
2025-03-20,28.185495376586914,28.59843538033898,27.983417361901605,28.40514479217675,32136515
2025-03-21,28.24699592590332,28.37878487979043,28.097633845712718,28.211851399367077,49041184
2025-03-24,28.27335548400879,28.396358748471997,28.062491758602782,28.185496749136888,32838563
2025-03-25,28.501787185668945,28.949873384202487,28.378782217367466,28.378782217367466,19574017
2025-03-26,28.194276809692383,28.64236302700712,28.080059261966273,28.59843280263462,32860090
2025-03-27,28.229421615600586,28.290923239906448,28.08005954167453,28.24699474116703,29373952
2025-03-28,27.842836380004883,28.238204917582816,27.649544097681584,28.09763028141181,22939851
2025-03-31,27.59682846069336,27.763761921652947,27.31567573332617,27.763761921652947,26139340
2025-04-01,27.60355567932129,27.840911591610126,27.401364053641487,27.594765039429337,12749134
2025-04-02,27.612348556518555,27.796958905825974,27.410156927102342,27.577184269259696,12147820
2025-04-03,28.104646682739258,28.306838360643255,27.331044266814903,27.383789846831526,32876673
2025-04-04,27.37499237060547,27.902448039094377,27.17280074317785,27.761794345524834,32585286
2025-04-07,27.427736282348633,27.796956955051776,26.847533354981486,27.164008464018632,33261069
2025-04-08,27.4365234375,27.928816453891617,27.243122486271798,27.726624864342302,37102660
2025-04-09,27.937612533569336,28.438696285877214,27.093683457717134,27.251920159439422,37906369
2025-04-10,27.823335647583008,28.166182758406443,27.366206742165613,27.83212628916076,36347258
2025-04-11,27.963985443115234,28.245294551965564,27.63871968117555,27.9200305170671,28350853
2025-04-14,28.421117782592773,28.588145140667113,28.104642621186876,28.271671706302648,27027200
2025-04-15,28.78154754638672,28.82550248002359,28.306835644741703,28.38595487069638,25716216
2025-04-16,28.73758888244629,28.93978051470536,28.570561537940492,28.65846966676174,32431301
2025-04-17,28.790332794189453,28.860661365649857,28.447485757683253,28.632096098965327,20502356
2025-04-22,29.35295295715332,29.484815999578515,28.676049558417205,28.746376399241235,21624747
2025-04-23,29.968324661254883,30.03864978966683,29.493612774059578,29.61668520286342,28074813
2025-04-24,30.548524856567383,30.601268697975364,29.950737142032033,30.021065717991945,27701953
2025-04-25,30.43423843383789,30.741921192253013,30.32874730106935,30.548523660579413,32716096
2025-04-28,30.759506225585938,30.82983134539466,30.302375676416723,30.42544809016449,15664343
2025-04-29,31.00564956665039,31.137512614052646,30.636428889025265,30.76829539050986,25215842
2025-04-30,31.278165817260742,31.366075655822094,30.79466343221424,30.812244709110132,32424606
2025-05-02,31.196950912475586,31.38165291060009,30.563689881017833,31.152972436075927,39184393
2025-05-05,30.642841339111328,31.126583788224117,30.56368631127215,31.003450289121833,28440154
2025-05-06,30.484529495239258,30.67802648546929,30.27344249786051,30.62525300822606,17773062
2025-05-07,30.81874656677246,30.90670004851945,30.546091118936456,30.71320307983541,13799837
2025-05-08,31.065021514892578,31.663099057129408,30.906704533614135,31.31128853488438,34181683
2025-05-09,32.74491882324219,32.76250882898448,31.47839694023535,32.01490939435935,59744738
2025-05-12,32.08527755737305,32.929625602647086,31.8829855502097,32.929625602647086,27701747
2025-05-13,32.481056213378906,32.63937316614288,32.120450752211184,32.26117424460405,25374256
2025-05-14,32.700950622558594,32.841674153615344,32.375525081129055,32.489863598074706,18405585
2025-05-15,33.14071273803711,33.21987123152723,32.736128722195744,32.85926223662631,27141221
2025-05-16,33.334197998046875,33.42215146473885,32.86804566131822,33.14070106248374,30524874
2025-05-19,33.72999572753906,33.941082720711435,33.16709477521473,33.263843268401814,25052690
2025-05-20,33.68601989746094,33.75637992295543,33.299025934053496,33.75637992295543,18517546
2025-05-21,33.00878143310547,33.598067398748974,32.73612595889795,33.58926893950625,20822892
2025-05-22,32.78010177612305,33.193480727767245,32.66575982899883,33.10552724463918,23576494
2025-05-23,33.1758918762207,33.1758918762207,31.97972653755214,32.19081697787968,20729677
2025-05-26,33.246253967285156,33.64204295183358,33.017576962460716,33.087936991146954,6695412
2025-05-27,33.51011276245117,33.96746674917377,33.30782077852459,33.68601973694305,15157789
2025-05-28,33.23745346069336,33.55408390474931,33.158294985730244,33.49251888984195,14984646
2025-05-29,32.973594665527344,33.386970110196565,32.850457730915046,33.1231131492761,18040759
2025-05-30,32.92082595825195,33.175891410191724,32.62178549173471,33.09673292815546,32129614
2025-06-02,32.689971923828125,33.22673745964772,32.584375189560795,33.14754163766071,23768074
2025-06-03,32.58437728881836,32.68997402988879,32.36439156934721,32.566778984449016,24216330
2025-06-04,32.50518798828125,32.8131687161057,32.26760048458067,32.70757542249239,17784701
2025-06-05,32.10921096801758,32.55798158328009,32.01241683135328,32.55798158328009,25542146
2025-06-06,32.18840789794922,32.33799695566637,31.942021242836713,32.09161030055387,18733537
2025-06-09,32.021217346191406,32.23240393381967,31.56364410137849,32.09161057044915,24664895
2025-06-10,31.9715633392334,32.4866640325609,31.944921282860406,32.41561505943576,20974508
2025-06-11,32.26464080810547,32.495545640280966,31.740662847646778,31.94492561983225,16665400
2025-06-12,32.5133056640625,32.708687720505594,32.024850522954765,32.05149257897961,22525482
2025-06-13,32.12254333496094,32.28240265891466,31.891638524329103,32.12254333496094,14821597
2025-06-16,32.70869445800781,33.05505172606656,32.43338268731629,32.4422633744872,17874002
2025-06-17,32.90407180786133,32.93959455142033,32.65540213455632,32.85078420305882,20133513
2025-06-18,32.70869445800781,32.930718616209404,32.60212272249247,32.797501329716845,20285232
2025-06-20,32.53995895385742,32.566601019079904,32.31793476474007,32.43338720350249,21841974
2025-06-23,32.468910217285156,32.539959214579376,32.104791521265454,32.539959214579376,14711387
2025-06-24,33.081687927246094,33.3747610203623,32.48666454487986,32.61099763271173,20742037
2025-06-25,32.486671447753906,32.984003904756236,32.36233484403869,32.94848115481739,20384627
2025-06-26,32.24687957763672,32.67316649722285,32.14918853444287,32.53107202051558,23717707
2025-06-27,32.21134948730469,32.29127564940733,31.918276424537737,31.971560532606166,14240265
2025-06-30,32.81526184082031,32.82414252681326,31.900519778370516,32.10478253513635,30712643
2025-07-01,32.96422576904297,33.02642377836798,32.7065557828367,32.8131749568817,18712010
2025-07-02,32.697662353515625,33.124156440046704,32.475532126006,32.964220721206104,20331479
2025-07-03,33.50621795654297,33.58618581372286,32.73320464682124,32.73320464682124,13945170
2025-07-04,33.52398681640625,33.75500545149895,33.390709385833375,33.497332028517945,7528785
2025-07-07,33.079742431640625,33.56843123561019,33.00866296279636,33.53289150118806,13885121
2025-07-08,32.999759674072266,33.15969538919858,32.78651438132483,33.01752953327931,21526588
2025-07-09,32.31560134887695,32.955337270692645,32.21786362544969,32.946452340483965,16093132
2025-07-10,31.320457458496094,31.89799543680558,31.311572527378413,31.89799543680558,39571879
2025-07-11,31.062780380249023,31.2760256846068,30.858420005978513,31.231601034170456,43139284
2025-07-14,31.009477615356445,31.124985223010235,30.66295130126264,31.036132411476757,26665052
2025-07-15,31.1160945892334,31.293800179737445,30.82288141224126,31.00947193315733,27356285
2025-07-16,31.26714515686035,31.364882892713215,30.991705303110407,31.17829584347789,27655294
2025-07-17,31.738067626953125,31.844690306418027,31.267148756155805,31.28492211201042,25587775
2025-07-18,31.160520553588867,31.738062001483726,31.08944110729924,31.471503604501805,32227155
2025-07-21,31.52481460571289,31.61366739885949,31.107208921716072,31.142748642522026,12354541
2025-07-22,31.098325729370117,31.7558315478137,31.045012654050197,31.542586228797838,23330324
2025-07-23,31.444849014282227,31.569241537220655,30.97393371505847,31.06278302349166,13271962
2025-07-24,31.151634216308594,31.338224736658198,30.965043695958993,31.338224736658198,11460089
2025-07-25,31.284915924072266,31.533700963238243,31.1249801909428,31.1249801909428,18518061
2025-07-28,30.627405166625977,31.3826521611158,30.34307692741959,31.347108949257688,17849385
2025-07-29,30.805112838745117,30.97393350589206,30.538554441849723,30.600752448464895,16655821
2025-07-30,31.160520553588867,31.329341220790614,30.485244867045772,30.66294697390178,19531787
2025-07-31,31.240488052368164,31.293801127586878,30.77845420128958,30.813997415146027,22001830
2025-08-01,31.051713943481445,31.789557985696216,30.882808496887588,31.647324210012272,16498643
2025-08-04,31.380630493164062,31.611761677744038,31.140609916322166,31.505085477715976,17430072
2025-08-05,31.727325439453125,31.940677803711274,31.167272863612187,31.309510101707215,49690805
2025-08-06,32.12736892700195,33.0252290244804,32.091807863363854,32.26071331021068,41157358
2025-08-07,32.69630432128906,32.90076731886431,32.100694112198596,32.21626319159748,26887326
2025-08-08,32.91855239868164,33.025232106667026,32.669642394410324,32.70519996848181,18329262
2025-08-11,33.123008728027344,33.22079552980778,32.6607463871633,32.72297562207258,22695226
2025-08-12,33.807525634765625,34.02087808041636,33.238583451106514,33.3008127031237,27812781
2025-08-13,33.48749542236328,33.887532112736324,33.469716634859694,33.70973725192929,22618491
2025-08-14,33.44303894042969,33.78084981372873,33.140792621506755,33.20301836656768,26818728
2025-08-15,33.32748031616211,33.62972666658799,33.20302182729816,33.32748031616211,19527976
2025-08-18,33.567501068115234,33.83418984744488,33.34525925437876,33.425263792446465,21658634
2025-08-19,32.5921630859375,33.139706623652565,32.215169885397884,33.13072732015679,40817973
2025-08-20,32.6101188659668,32.789641476250935,32.35879003303158,32.55626419897849,16894884
2025-08-21,32.64601516723633,32.69986981717235,32.30492161033312,32.358779787096246,16147619
2025-08-22,33.56157684326172,33.58850769859756,32.66397101169883,32.762708076390055,32623087
2025-08-25,33.391029357910156,33.73211938981239,33.31024385574651,33.642358112611355,11064054
2025-08-26,33.16663360595703,33.47182058995319,32.80758843568968,33.435913956829815,22088247
2025-08-27,33.72315216064453,33.74110371526846,32.897352433319554,33.03199261982706,12612968
2025-08-28,34.42327880859375,34.75539306597102,33.85778734622998,33.96550017367199,25167947
2025-08-29,34.54894256591797,34.692558490986755,34.39635086595907,34.530991016137754,32600942
2025-09-01,34.825225830078125,35.085649818615394,34.5647983130952,34.65460078348774,14863209
2025-09-02,34.23252868652344,34.55581543495287,34.08884333492456,34.25946836678122,24358676
2025-09-03,33.93617630004883,34.38518501442693,33.792494499412385,34.2325233217785,20686108
2025-09-04,34.070884704589844,34.43907446105879,33.68473868911823,33.92720287655918,15877244
2025-09-05,34.44804763793945,34.86113678248269,34.2055834977753,34.412128070046926,15664343
2025-09-08,34.286415100097656,34.49295972686396,33.91822531827698,34.44805672670632,11800195
2025-09-09,33.99007034301758,34.45703899477369,33.94516733976659,34.45703899477369,19497179
2025-09-10,34.016998291015625,34.43906732234023,33.9451556276695,33.99903850729028,14517129
2025-09-11,34.07986831665039,34.789301095478024,34.07986831665039,34.16966725439149,18078972
2025-09-12,33.567996978759766,33.90924353004839,33.4602311957786,33.87332395468502,22589754
2025-09-15,34.12476348876953,34.28640861324127,33.59493218058224,33.68473463546153,14196181
2025-09-16,34.03495788574219,34.349264684524606,33.82841331715818,34.29538180520304,19993536
2025-09-17,34.519893646240234,34.86114015961145,33.9990422191178,34.06190146901913,25226348
2025-09-18,34.56479263305664,34.61867551781584,34.268445587993725,34.51989316946154,15433005
2025-09-19,35.02278518676758,35.02278518676758,34.52887343959737,34.57377290368324,26702853
2025-09-22,34.519893646240234,34.89705973098364,34.376208303861205,34.780317595578886,18325039
2025-09-23,35.067684173583984,35.23830919167835,34.54683275505101,34.54683275505101,16930110
2025-09-24,34.83421325683594,35.14852020695284,34.76237055929748,35.07667750941439,18713452
2025-09-25,34.55581283569336,35.04074468608402,34.54683294294956,34.85215988157403,15146768
2025-09-26,34.726436614990234,34.89705809947638,34.56479149448234,34.609694485043406,12786935
2025-09-29,34.92400360107422,35.34607268649199,34.89706039358837,35.09462509677692,19124422
2025-09-30,35.08565139770508,35.471800979238616,34.77134450140811,35.381998504804365,33263438
2025-10-01,34.45463180541992,35.40696230319966,34.40971205412628,35.27219951927935,25519177
2025-10-02,34.077293395996094,34.76908230911336,34.04135759325114,34.517521099780005,17094601
2025-10-03,34.328857421875,34.328857421875,33.88862968197216,34.05932828905539,17766985
2025-10-06,33.93355178833008,34.36479560666486,33.93355178833008,34.319875846438364,14832309
2025-10-07,33.394500732421875,33.89761622311887,33.21481461143553,33.88863580011409,20705472
2025-10-08,33.45738983154297,33.64605991362614,33.286691186357764,33.46637378497163,15395204
2025-10-09,33.40348434448242,33.619106275448765,33.2058303194232,33.619106275448765,18067539
2025-10-10,33.3675422668457,33.744882380119165,33.26871526241885,33.57418022791638,23250808
2025-10-13,33.502315521240234,33.71793747900768,33.493331567169996,33.493331567169996,8194989
2025-10-14,33.64604949951172,33.996437694940035,33.41245972258588,33.41245972258588,21154861
2025-10-15,33.64604949951172,33.87065532578961,33.29566483412295,33.5292546110488,21972166
2025-10-16,33.56519317626953,33.96050115747396,33.33160338011776,33.52925737071998,15847580
2025-10-17,33.68198776245117,33.798779117165424,33.25074049484755,33.3765228600033,17469315
2025-10-20,34.283931732177734,34.45463385733839,33.762844935941615,33.79878073911665,19114019
2025-10-21,33.96049880981445,34.34682281292526,33.933546957515446,34.28393162752132,14013871
2025-10-22,34.239013671875,34.239013671875,33.906596885943735,34.07729548950856,13890374
2025-10-23,34.212059020996094,34.445648794169614,34.0323729508444,34.364789709597396,11432588
2025-10-24,34.167144775390625,34.60737611670411,34.12222501099151,34.481593716305724,10169911
2025-10-27,34.45463180541992,34.68822157222564,34.31088154120148,34.427679954643736,11194349
2025-10-28,34.571434020996094,34.571434020996094,34.310888818116375,34.355812108977084,10478499
2025-10-29,35.34408187866211,35.49681259433076,34.6343249528134,34.6343249528134,27235466
2025-10-30,35.299156188964844,35.649540887006644,35.05658243878513,35.28118828599448,18657008
2025-10-31,35.43392562866211,35.60462425188971,35.326111141305475,35.43392562866211,16449821
2025-11-03,36.025028228759766,36.06997162086083,35.548651581178454,35.86324119940713,17968144
2025-11-04,35.91716766357422,36.10592213364399,35.78234455564704,35.99806294097834,20386481
2025-11-05,36.06998062133789,36.096944544354976,35.32395049823404,35.91717799433328,36312135
2025-11-06,36.06998062133789,36.663204585816565,35.962121397648986,36.03402519236121,23226500
2025-11-07,36.105926513671875,36.132890432204405,35.74639347342488,36.06997462229517,12706904
2025-11-10,36.34861755371094,36.42052488531506,36.1508750405152,36.26772224710889,16552409
2025-11-11,37.049705505371094,37.18452866625635,36.348618711850094,36.49243337964057,37289193
2025-11-12,36.20478820800781,37.166532833531825,36.06996511924588,37.04968568572228,36789128
2025-11-13,36.34861755371094,36.89690168668775,36.11492314052355,36.36659350370676,33686974
2025-11-14,36.492431640625,36.564335439472785,36.141886494758964,36.33064102997594,17006742
2025-11-17,36.222774505615234,36.582307553935216,36.123903270489244,36.49242429185522,43985120
2025-11-18,36.043006896972656,36.26771327960152,35.86324390984153,35.90818377371932,17147337
2025-11-19,35.81830596923828,36.132895659152645,35.71943472202974,35.99807251536663,25766686
2025-11-21,35.9261589050293,35.98009027208028,35.548653462151876,35.81829970254719,16502454
2025-11-24,35.79133605957031,36.105925696859586,35.70145280154196,35.881219317598664,29014997
2025-11-25,35.87224197387695,36.15087627154209,35.7104513551635,35.95313375161273,30345963
2025-11-26,36.717132568359375,36.77106040940701,35.926162646698764,36.04300983392222,22251296
2025-11-27,36.59128952026367,36.74409211494985,36.474445878569256,36.54634965807351,9469408
2025-11-28,37.42721176147461,37.66989413902716,37.0317267524107,37.0946461062602,45311657
2025-12-01,37.13734817504883,37.54199263981508,37.00246433138145,37.50602196604874,15912985
2025-12-02,37.96461868286133,37.96461868286133,37.263234745194325,37.28121831457491,21175667
2025-12-03,37.96461868286133,38.18042858166383,37.69485454279933,38.036556493501415,23159653
2025-12-04,38.89979553222656,38.89979553222656,38.08151487217401,38.09050665673567,23199514
2025-12-05,37.101375579833984,39.0256846341059,37.002462415055575,38.94475503872034,39832160
2025-12-08,37.281211853027344,37.83872007278733,37.065401991628825,37.72182335895623,40458400
2025-12-09,37.200279235839844,37.31717947324796,36.62478749678157,37.200279235839844,24725047
2025-12-10,37.49306106567383,37.68318535069612,36.97021087771249,37.26490520032705,25643189
2025-12-11,37.46453857421875,37.797260735995984,37.28391658475938,37.45503254689749,21275268
2025-12-12,37.797264099121094,38.082456149667856,37.40750573873639,37.74022793011858,17595593
2025-12-15,38.36764907836914,38.57678917318793,37.93035683196224,38.19653309708899,17767809
2025-12-16,37.37898635864258,38.225052802157286,37.37898635864258,38.17752265821974,20379168
2025-12-17,37.0462646484375,37.39800265906329,36.83712827709504,37.169850494709365,31625017
2025-12-18,37.23638916015625,37.32194714745667,36.90366697414617,36.90366697414617,21898830
2025-12-19,37.57861328125,38.025411489937625,37.25539715845708,37.4075010604641,35446214
2025-12-22,37.65467071533203,37.75924076249721,37.35046660219896,37.521582583079486,15858704
2025-12-23,38.2725944519043,38.35814872836229,37.77826217869615,37.83530209818054,10490138
2025-12-26,38.284934997558594,38.40243621320346,37.90306538465668,38.20660458897291,12196300
2025-12-29,38.167449951171875,38.45140571205357,38.04995243242657,38.363281639199904,10657000
2025-12-30,38.412227630615234,38.84305423279521,38.333897218936016,38.412227630615234,13764900
2026-01-02,38.351680755615234,38.95903708199364,38.351680755615234,38.82189246670599,18846800
2026-01-05,38.91004943847656,39.32148320019593,38.263508000839174,38.439837823550256,24438700
2026-01-06,39.1451530456543,39.65454989173377,39.1451530456543,39.27250319140159,21959800
2026-01-07,38.51820755004883,39.16474903791579,38.390857393328204,39.08638229779466,20894500
2026-01-08,39.11576461791992,39.272501816077764,38.43003797463825,38.547589939029244,17209400
2026-01-09,39.03739547729492,39.468425589562194,38.95902874400704,39.1157659474925,17023600
2026-01-12,38.68473815917969,39.0961719019603,38.68473815917969,39.037394051458975,10672200
2026-01-13,38.37126922607422,38.763114182873544,38.37126922607422,38.66515481212894,17397400
2026-01-14,38.79249954223633,38.85127740424676,38.42025096023446,38.66515311324583,21222100
2026-01-15,39.12556457519531,39.39985751333312,38.8512753739676,38.988419974581454,19093500
2026-01-16,38.80229949951172,39.27251120641624,38.65535670620573,39.15495921391773,19742500
2026-01-19,38.74351501464844,39.05698943235431,38.723922396428094,38.91005040106646,7190900
2026-01-20,39.1059684753418,39.27250385905943,38.27330276748297,38.54759194430051,20693900
2026-01-21,40.82028579711914,40.918248892614876,39.41944903217508,39.4488360923688,39510800
2026-01-22,42.2015380859375,42.68154418229267,41.04559969912907,41.10437382044845,42959700
2026-01-23,42.681541442871094,43.01460847764058,42.162350141019466,42.309289171797005,41025100
2026-01-26,43.249717712402344,43.43584198617142,42.397455608251974,42.622765119733465,25371700
2026-01-27,44.39585876464844,45.130565170158164,43.77870433768546,43.866869255823026,40280000
2026-01-28,45.395057678222656,45.47342441440588,44.699536545615985,44.709330986297694,36337500
2026-01-29,45.20893859863281,46.090584100657445,44.71913429631571,45.72812996327766,36252700
2026-01-30,44.57219314575195,45.43424979578492,44.0627962042284,45.1501623931623,38117000
2026-02-02,44.96240234375,45.177999807854924,44.521401583348116,44.874202191669625,28095400
2026-02-03,45.21720504760742,46.040405299927095,44.97220501701709,45.37400491764909,48570600
2026-02-04,43.72760009765625,45.06040073068194,43.169000382109225,44.98200267259988,48683500
2026-02-05,44.6096076965332,44.96240835199885,43.84520876862691,44.335208848239446,36014400
2026-02-06,45.815006256103516,46.00120493570401,44.20780663478268,44.67820625040801,38175900
2026-02-09,47.34381103515625,47.43201120274333,45.80521101934037,46.060009426589666,41656900
2026-02-10,47.45160675048828,48.20620733498256,47.2262071585075,47.34380987133538,43939300
2026-02-11,48.38260269165039,48.67660196668632,47.628002184735884,47.82400294756104,45819200
2026-02-12,47.27520751953125,48.11800448400227,46.912604782822186,48.06900522559406,42023800
2026-02-13,46.81460952758789,47.10860883692391,45.668007361252165,47.10860883692391,32353500
2026-02-18,47.03020095825195,47.45159751276847,46.569599768687716,47.10859901313761,23368500
2026-02-19,47.579002380371094,48.18660137356438,46.97140338717781,47.13800160369711,32026400
2026-02-20,48.24540710449219,48.304208459523075,47.059607816065174,47.08900662437866,31655900
2026-02-23,46.50100326538086,47.912201995962086,46.34420340642739,47.824001841650535,34148200
2026-02-24,47.20660400390625,47.38300432464559,46.30500568759743,46.68720513639807,38465900
2026-02-25,46.83420944213867,47.530008671870746,46.12860811711234,47.37320879279868,28980200
2026-02-26,46.71660614013672,47.187009509827185,46.216807700146035,46.83420885176131,26516600
2026-02-27,45.84440231323242,46.66760252578691,45.3544022757215,46.648002075678036,44765800
2026-03-02,45.01910400390625,45.421063895946645,44.68577797806166,44.93087328402332,47144000
2026-03-03,43.509315490722656,43.98970014893407,42.58775483725575,43.35245465989851,54352300
2026-03-04,44.126956939697266,44.597543215017915,43.6465722375997,44.35244791072312,27146100
2026-03-05,42.65637969970703,44.11714917343108,42.479914543681815,43.921072206911084,37085400
2026-03-06,42.087764739990234,42.7348161750903,41.81325920384398,42.60736557336921,26063600
2026-03-09,42.31324768066406,42.430892364264764,41.51913765168092,41.68580438165089,40970400
2026-03-10,42.940696716308594,43.33285070050989,41.97992356885875,42.72501539086969,50383100
2026-03-11,43.02892303466797,43.568131856033,42.35246146675804,42.42108784003049,18482600
2026-03-12,41.85247039794922,42.3720749561489,41.47012234370807,42.24462435811607,27095200
2026-03-13,41.56816482543945,42.4995239836247,41.49953843988596,41.98972904518663,24896600
2026-03-16,42.15639114379883,42.61717149956682,42.00933246944725,42.401486441146496,17777300
2026-03-17,41.872074127197266,42.52893138137245,41.44070780763859,42.0583489218929,22436600
2026-03-18,41.45051574707031,42.195607549936064,41.44071358065305,41.66620080682474,23872800
2026-03-19,41.744632720947266,41.76423705360491,40.5583686428586,40.881896229571176,32908000
2026-03-20,41.07135772705078,41.783064784629616,40.725391113368445,41.6249080796958,37660900
2026-03-23,42.28718185424805,42.64303533045114,41.57547867259459,42.04994871728114,27535500
2026-03-24,42.049949645996094,42.31683975904295,41.47662930595038,42.010409532044086,18609000
2026-03-25,42.60350036621094,42.99889400327799,42.35638028573233,42.652927398909206,35148900
2026-03-26,41.45686340332031,42.34649720262569,41.45686340332031,42.19822364582373,18260900
2026-03-27,40.972511291503906,41.32836482108371,40.70562114431905,41.32836482108371,27910700
2026-03-30,41.12077331542969,41.57547705665636,40.75503671054857,41.516166889343516,18528100
2026-03-31,42.9791259765625,43.13728268471692,41.66444904704513,41.80283569533608,33419700
2026-04-01,43.34321594238281,43.78821512299555,43.016879186114394,43.35310322030138,26681100
2026-04-02,42.8191032409668,43.52121697386973,41.99832330151157,42.14665511661927,17811800
2026-04-06,43.006996154785156,43.254219622794814,42.72021602653458,42.86854784394192,11004600
2026-04-07,42.977325439453125,42.98721649037172,42.16643279133745,42.8191025757313,20302000
2026-04-08,44.48044204711914,45.22211238671116,44.20355299415052,45.192446780273215,35777600
2026-04-09,45.24189376831055,45.449560572051624,44.49033609996302,44.698002903704094,22162900
2026-04-10,45.55833435058594,45.864892768365124,45.26166698272267,45.321001965227424,29705900
2026-04-13,45.32100296020508,45.52866974503546,44.7375554892552,45.25177692626462,31011600
2026-04-14,46.01322937011719,46.31978781990244,45.34078125417774,45.489116839761394,23343300
2026-04-15,46.5175666809082,46.88345634185277,45.85500585302041,45.85500585302041,28907200
2026-04-16,46.458229064941406,46.94278867418428,46.00333883411284,46.74500916485391,22566300
2026-04-17,46.28022766113281,47.368013071051514,46.23078372712068,46.97245405429374,39165500
2026-04-20,45.855003356933594,46.50767309848599,45.71655883180588,46.280227982586105,19194500
2026-04-22,44.52989196777344,45.7462310355279,44.480448026287014,45.7462310355279,25440000
2026-04-23,43.689327239990234,44.61888602957266,43.62999225550738,44.401331964462955,20444200
2026-04-24,43.87721633911133,44.02555191631721,43.402547773315106,43.96621693096878,18234600
2026-04-27,43.50143814086914,44.065107282006,43.49154709076902,44.00577229839621,13718400
2026-04-28,43.6102180480957,44.11455603302913,42.72021583073847,43.19488443446181,27131800
2026-04-29,42.39387512207031,43.521213423169435,42.285096203134366,43.362990569898166,18628100
2026-04-30,42.710323333740234,43.07621676840957,42.650992117989986,42.83888058841678,22735500
2026-05-04,41.94676208496094,42.7876744076828,41.79836401675372,42.649171556779876,25336300
2026-05-05,42.00611114501953,42.24354725896316,41.66974551838546,42.0456844596633,29386700
2026-05-06,41.33338165283203,42.82724226597148,41.09594930269118,42.77777750751873,38718400
2026-05-07,40.35396957397461,41.4224227760791,40.08685532996863,41.34327991151405,36335300
2026-05-08,40.81894302368164,41.10584392841455,40.541937335757154,40.72001349911417,35920000
2026-05-11,39.898887634277344,40.670548488159966,39.681238152856324,40.512258985468165,41215600
2026-05-12,39.44380187988281,39.89888750077857,39.34487235625123,39.85931418175817,43381700
2026-05-13,39.20636749267578,40.136317798203635,38.949144706221354,39.50315982219154,48564700
2026-05-14,39.9681396484375,40.215467235930504,39.56252255590575,39.720812060944496,34925200
2026-05-15,39.27561569213867,39.62187275254779,39.156899524843965,39.35475854569551,46869600
2026-05-18,39.196475982666016,39.42401691594038,38.879896964726065,39.24594074660921,22993100
2026-05-19,38.36545181274414,38.998609794091244,38.28630895203538,38.63256604373481,41150400
2026-05-20,39.245941162109375,39.55262874007545,38.682034544563734,38.800754507987804,38261500
2026-05-21,39.69112777709961,40.0176019842726,38.83042888151875,39.00850503562779,40949800
2026-05-22,39.008506774902344,39.61198668252157,38.88979059150953,39.58230480623379,21539700
2026-05-25,39.88898849487305,40.0571731977736,39.433906691126474,39.433906691126474,11436200
2026-05-26,39.631771087646484,39.92856341620539,39.22615402470149,39.79006058113919,23046600
2026-05-27,39.88898849487305,40.383643613880814,39.85931039538668,40.1659941538633,21601400
2026-05-28,39.57241439819336,40.01760481495694,39.295408705060254,39.88899341146534,20196600
2026-05-29,39.61198425292969,39.73070042904107,39.11732911622653,39.443799544012634,80334400
2026-06-01,38.95694351196289,39.649776076934735,38.84806933774298,39.639876365296345,32832400
2026-06-02,39.15489959716797,39.580496619196296,39.06582106289148,39.22418248209034,23121000
2026-06-03,38.3234977722168,38.897556449567226,38.24431518188779,38.82827357084621,40844400
2026-06-05,38.432373046875,38.768887738510514,38.17503339656877,38.353190454278064,34727700
2026-06-08,38.12554168701172,38.67980844320246,38.036463168617374,38.32349436962508,23153100
2026-06-09,38.81837844848633,38.93714856083548,38.37298580763474,38.52144750416274,28212000
2026-06-10,38.95694351196289,39.18458779640738,38.254215010986385,38.63032098930316,41470600
2026-06-11,40.08526611328125,40.20403621495805,38.81837496037284,38.83817060659122,57558800
2026-06-12,40.18423843383789,40.6989138812717,39.699258341970726,39.808132502570814,30651000
2026-06-15,39.98629379272461,41.06513202760871,39.90711120362348,40.857279619035076,25132500
2026-06-16,40.0357780456543,40.213935082248724,39.71905526407162,39.867516944144725,20052700
2026-06-17,40.38219451904297,41.20369687246377,40.21393718437138,40.53065998251026,28205700
2026-06-18,40.07537841796875,40.95626408982316,40.04568305471874,40.50097168445383,20051100
2026-06-19,39.817588806152344,40.31693154345939,39.707732794395554,40.306946364973655,48413400
2026-06-22,40.88618469238281,40.96608136434061,40.047288685240986,40.10721118920933,25404800
2026-06-23,40.996036529541016,41.32560455322369,40.33690429185828,40.46673446570442,21074900
2026-06-24,40.91614532470703,41.42547324312224,40.75635580033336,40.75635580033336,22041600
2026-06-25,41.64518737792969,42.05464829298978,41.16581878051906,41.245711641912685,20778400
2026-06-26,42.184478759765625,42.484083658933464,41.34558275628587,41.455434965223795,23047700
2026-06-29,42.354251861572266,42.55398972331529,41.98473929364151,42.18447715538454,21151300
2026-06-30,42.12455749511719,42.46411074007721,41.585266374942485,42.03467564175474,40172400
2026-07-01,42.402488708496094,42.76217113803032,41.43334861927966,41.66314488007637,26405300
2026-07-02,42.43246841430664,43.1218572556583,42.27260996654426,42.672254180287204,15005100
2026-07-03,42.70222854614258,42.85209369103572,42.492411245170764,42.75218359444029,9878400
2026-07-06,42.52238845825195,42.632288042910105,42.012837042566616,42.452450626503136,19170500
2026-07-07,42.39250183105469,43.14183900156168,42.322564000046775,42.6322875912744,21184500
2026-07-08,41.85297775268555,42.2925913277541,41.52327138271003,42.2925913277541,18564500
2026-07-09,42.5523567199707,42.71221515053723,41.90292970192351,41.912922997704584,18657300
2026-07-10,44.26084518432617,44.300810745497245,43.19179119661704,43.35164962997563,28815100
2026-07-13,43.481536865234375,44.600545926207005,43.441571303082476,44.07101556733461,17749900
2026-07-14,43.5914421081543,43.96111404545619,43.20178738892718,43.77128333415542,15398000
2026-07-15,43.101871490478516,43.58144680057745,43.0119508816271,43.48153670688734,18975900
2026-07-16,42.512393951416016,43.191793278773396,42.302580462141904,43.191793278773396,18156600
2026-07-17,41.92291259765625,42.57233961749259,41.832991992006995,42.46243623155177,19576400
2026-07-20,42.26261520385742,42.49241147633775,42.0627911982536,42.10275676163955,12612200
2026-07-21,42.492408752441406,42.54236760913427,42.14271962354531,42.34254361633979,9834900
2026-07-22,42.86208724975586,42.94201456525609,42.232642965640736,42.6422804623099,21986300
2026-07-23,42.52238845825195,42.832112052760706,42.232643834534876,42.602315775396605,22570600
2026-07-24,42.06278991699219,42.412482868978465,42.00284538506512,42.26261391650923,10443700
2026-07-27,42.65226745605469,42.82211918497572,42.2925888403247,42.412481712234694,14920100
2026-07-28,42.822120666503906,43.63140234405241,42.56234832183154,43.46155442058078,19096400
2026-07-29,41.78303909301758,42.692234680691534,41.78303909301758,42.612307366745625,20532400
2026-07-30,42.70222854614258,42.8121281278672,41.793032946351,42.15271158089007,12531700
2026-07-31,42.85209274291992,43.26173022801924,42.85209274291992,43.21177518082679,10285400
2026-08-03,43.1501350402832,43.4500000563804,42.810295139531576,43.33005252476469,17043500
2026-08-04,42.08062744140625,43.83981976623067,42.03065120997259,43.799837255906915,26508600
2026-08-05,42.360504150390625,43.36004410043231,42.26054786762107,42.59039788134714,30166400
2026-08-06,41.81075668334961,42.8802640927024,41.81075668334961,42.280537852943716,22055300
2026-08-07,40.73125076293945,42.110616887075054,40.48136578893369,41.99066935423397,25577700
2026-08-10,40.40140151977539,40.86119277834857,40.32144030933365,40.73125152182079,19652700
2026-08-11,38.9820556640625,40.531341729148366,38.78214692370966,40.43138926544299,44710200
2026-08-12,38.41231918334961,39.32190035217634,38.37233667170088,39.191959095789045,49492600
2026-08-13,38.29237365722656,38.89209605193336,38.14244115207887,38.362341142844286,24129000
2026-08-14,38.9820556640625,39.11199691723316,37.85257452206973,38.24239446863962,39681400
2026-08-17,38.362342834472656,38.96206525562485,38.152436555421446,38.902091488332765,21823400
2026-08-18,38.172428131103516,38.72217813686627,38.08246938588254,38.46229562269802,14745300
2026-08-19,38.35234451293945,38.98205571128398,38.14244205113864,38.70218576221623,35577300
2026-08-20,37.492740631103516,38.3223605929154,37.33281439680682,38.20241687042843,27458900
2026-08-21,38.582237243652344,38.70218477270787,37.54271868243172,37.78260611465879,29492600
2026-08-24,38.712181091308594,39.121992310725666,38.13244991374061,38.23240238171853,18970400
2026-08-25,39.421852111816406,39.55179336587483,38.412318494903424,38.83212342086463,18255700
2026-08-26,39.43185043334961,40.14152285832562,39.28191792083144,39.4818266665416,20036200
2026-08-27,39.082008361816406,39.42185207856881,38.85211464356362,39.23194087121445,24225700
2026-08-28,39.171966552734375,39.36188157035397,38.71217912270954,39.30190780485167,20889700
