Price,Close,High,Low,Open,Volume
Ticker,PETR4.SA,PETR4.SA,PETR4.SA,PETR4.SA,PETR4.SA
Date,,,,,
2019-01-02,6.2876787185668945,6.324265717537793,5.822505788721128,5.893065397082368,104534800
2019-01-03,6.441864967346191,6.486291642919075,6.219731589481774,6.261544872555823,95206400
2019-01-04,6.460158824920654,6.517652468403516,6.394825501656455,6.494132432152109,72119800
2019-01-07,6.562078475952148,6.773758282076965,6.454931876651091,6.494131766903294,121711900
2019-01-08,6.522881031036377,6.643094646976596,6.473228046920124,6.637867859663136,68761800
2019-01-09,6.658769607543945,6.663996391008872,6.5725296741866766,6.611729553266616,70177600
2019-01-10,6.601279258728027,6.640479154280239,6.551625791853245,6.601279258728028,54763700
2019-01-11,6.530719757080078,6.582986621662819,6.4915198578699025,6.5725330493647665,53980700
2019-01-14,6.4941325187683105,6.5568524501240315,6.444479052858226,6.486292340428706,46577300
2019-01-15,6.4889068603515625,6.5646937687710425,6.454933745219452,6.488906860351562,53731500
2019-01-16,6.486291885375977,6.507198527694489,6.444478600738951,6.48106510018293,40425000
2019-01-17,6.575146675109863,6.611733182540189,6.449706793816937,6.468000047532099,50359400
2019-01-18,6.637866497039795,6.6796797900562845,6.606506776504314,6.648320069520803,67021300
2019-01-21,6.671840667724609,6.671840667724609,6.559467246414579,6.614347011173164,45336500
2019-01-22,6.5673065185546875,6.664000072256107,6.5385601905248985,6.601280131390503,61307000
2019-01-23,6.6457061767578125,6.6744530004655465,6.57514606317723,6.619572745973849,52931600
2019-01-24,6.674453258514404,6.674453258514404,6.6169596088761065,6.637866254620828,40109000
2019-01-28,6.473227024078369,6.671840424521875,6.465386844347014,6.609120482032419,65079900
2019-01-29,6.6300249099731445,6.6796778696211865,6.562078203742867,6.598664700000082,59419200
2019-01-30,6.695358753204346,6.7763719292307725,6.6561583630252255,6.74501171677821,62607500
2019-01-31,6.6849045753479,6.784210991923877,6.679677790671896,6.7606914577891,63253600
2019-02-01,6.742399215698242,6.755466180303583,6.630026310814716,6.663999421881134,47957400
2019-02-04,6.802505970001221,6.826026006848329,6.6901325713880855,6.752852503495803,53874900
2019-02-05,6.815572261810303,6.8207990472994275,6.745012153068222,6.771145582060145,40989100
2019-02-06,6.661386489868164,6.752853254619291,6.616959804043546,6.742399682211725,64527000
2019-02-07,6.556854248046875,6.755467667694323,6.444480819967702,6.6901343256439985,55614100
2019-02-08,6.5673065185546875,6.606506917742748,6.462773283778681,6.481066537557759,40153900
2019-02-11,6.491520404815674,6.57776038972575,6.413120599789715,6.57776038972575,39617300
2019-02-12,6.721491813659668,6.755465419352957,6.593438565673936,6.616958600860466,72467200
2019-02-13,6.807730674743652,6.849543953096156,6.755464326029821,6.799890996586056,69042200
2019-02-14,7.042932033538818,7.042932033538818,6.794665220337333,6.839091897485377,81125500
2019-02-15,7.014187812805176,7.0612278999768385,6.980214194979483,7.019414599925105,63841800
2019-02-18,6.993278980255127,7.00111915848819,6.9018122280175165,6.948852300508499,43379000
2019-02-19,7.1553053855896,7.160532171109583,7.0141856657259565,7.01941245124594,58041900
2019-02-20,7.066453456878662,7.228479841758049,7.022026771001328,7.1866665489857064,55114500
2019-02-21,7.1605329513549805,7.1840529903040595,7.0089596439352295,7.103039799731543,46559400
2019-02-22,7.089973449707031,7.238933875461124,7.08997344970703,7.199733474842057,36602000
2019-02-25,6.977599143981934,7.063839110999522,6.959305394714457,7.055998932742032,54190800
2019-02-26,6.946238040924072,7.092584527169048,6.94362464850585,6.9932781075447945,46504200
2019-02-27,7.076906681060791,7.121333367881136,6.959306481108765,7.0141867405709695,49131400
2019-02-28,7.071681022644043,7.252001191846219,6.951467908811831,7.244161011114347,93065100
2019-03-01,6.977599143981934,7.121332256193347,6.959305394714457,7.092585434369584,41978700
2019-03-06,6.993278980255127,6.993278980255126,6.917492086029944,6.938398729531081,18423400
2019-03-07,6.9958930015563965,7.032479506357132,6.92271949350118,7.003732682040129,32835300
2019-03-08,6.969759464263916,6.99066610932562,6.852159274258253,6.922719388261651,49564400
2019-03-11,7.251999378204346,7.259839556975478,7.058612787933344,7.061226180857054,66742800
2019-03-12,7.186665058135986,7.306878125305229,7.121331739425659,7.262451947097724,64287300
2019-03-13,7.3434648513793945,7.3513045303246,7.191891577510443,7.210184826320785,61057200
2019-03-14,7.3669867515563965,7.369600144684787,7.293813239322794,7.356533179042837,42777800
2019-03-15,7.382666110992432,7.419252615400119,7.346079606584746,7.359146072886422,61041100
2019-03-18,7.51071834564209,7.523785308606874,7.385278491902176,7.408798526785119,91920600
2019-03-19,7.630932807922363,7.709332601094374,7.4741327231246135,7.539466050252532,69423600
2019-03-20,7.570825099945068,7.735465348910498,7.552531849716394,7.630932134422589,68878000
2019-03-21,7.463677883148193,7.570824481553178,7.296424753628929,7.536851376539694,80121300
2019-03-22,7.056000709533691,7.353920579986556,7.056000709533691,7.30165420713638,104731100
2019-03-25,7.1448540687561035,7.21018740844959,7.008960602564731,7.01157399596693,104772900
2019-03-26,7.481971740722656,7.495038704063191,7.2441584909154555,7.24938527625167,91549100
2019-03-27,7.1448540687561035,7.372213811755298,7.144854068756103,7.372213811755298,66415400
2019-03-28,7.333011627197266,7.333011627197265,7.0429320281162395,7.121331811985994,69412700
2019-03-29,7.333011627197266,7.455838586634528,7.249385058148548,7.434931944372349,51587400
2019-04-01,7.317333221435547,7.427093239695231,7.283360107941397,7.421866453479587,42289800
2019-04-02,7.393119812011719,7.395732706554731,7.280746405419805,7.353919415514077,38460600
2019-04-03,7.19711971282959,7.463679314507407,7.19711971282959,7.455839634091252,55120900
2019-04-04,7.440159320831299,7.440159320831298,7.1526930722355955,7.2572262988571,52248100
2019-04-05,7.521172046661377,7.549918368775905,7.372211656997316,7.458452118701937,54708900
2019-04-08,7.643998622894287,7.680585123464498,7.573438515977147,7.594345158939223,55270000
2019-04-09,7.620479106903076,7.641385751290797,7.492425847721574,7.586505996693176,43863700
2019-04-10,7.521172046661377,7.7276250805544935,7.521172046661377,7.722398295277787,62005200
2019-04-11,7.317333221435547,7.500266751352943,7.283360107941397,7.500266751352943,56126400
2019-04-12,6.750239849090576,7.04815968380499,6.68229312392779,6.917493019673578,227307600
2019-04-15,6.776373386383057,6.946239952689594,6.6770664409736025,6.886133405888689,117567200
2019-04-16,6.982824802398682,7.07167815416967,6.697971497918805,6.781598563109001,95149300
2019-04-17,6.990666389465332,7.144853089894326,6.852159548847527,7.087359938284132,103988400
2019-04-18,7.212798118591309,7.288584505246183,7.121331377356552,7.150078195632696,100942100
2019-04-22,7.170986175537109,7.288585866121814,7.139625958975616,7.2363195031243,45321900
2019-04-23,7.233704566955566,7.317331128673541,7.233704566955566,7.244157637943501,52199500
2019-04-24,7.212798118591309,7.288584505246183,7.11087780763663,7.244157830843795,57704700
2019-04-25,7.265065670013428,7.335625781899034,7.16837262642535,7.1735994121473325,55201700
2019-04-26,7.12632942199707,7.262318213248931,7.076641113885145,7.23878167250136,52616600
2019-04-29,7.157711982727051,7.223091154842995,7.149866302503878,7.204784567655592,27689800
2019-04-30,7.089716911315918,7.233550876805026,7.055719465710779,7.196938703510369,39570700
2019-05-02,6.990340232849121,7.013876772256973,6.935421973433099,7.008646319321129,37820300
2019-05-03,7.021724224090576,7.079257724497178,7.021724224090576,7.034799860927304,33334800
2019-05-06,7.0008015632629395,7.00080156326294,6.893579765593234,6.901424946669301,31715900
2019-05-07,6.890964984893799,6.972035020348029,6.830816265002063,6.969419793552278,52454400
2019-05-08,7.157711982727051,7.18386325253063,6.875273979138314,6.880503933816931,71780300
2019-05-09,7.016493320465088,7.09233340591095,6.966805005821368,7.087102951989814,46663300
2019-05-10,6.977264404296875,7.0400283413623965,6.9092700144417005,7.0269527081917,33336000
2019-05-13,6.773283004760742,6.92234745659608,6.752361686938301,6.854353048972256,43146100
2019-05-14,6.799435615539551,6.859584349348761,6.760208202133701,6.843893483747147,34968600
2019-05-15,6.768050670623779,6.770665896975591,6.710517187294194,6.731438499305264,37053900
2019-05-16,6.608527183532715,6.809895163915972,6.600681502898365,6.739285534617398,46502200
2019-05-17,6.454232692718506,6.647755004561972,6.3993139224528495,6.550993599238462,67291200
2019-05-20,6.673904895782471,6.673904895782472,6.443769969001881,6.454230874220733,54472000
2019-05-21,6.927577495574951,6.927577495574952,6.647754699418565,6.720979556810441,57846700
2019-05-22,6.9013261795043945,6.948577134693965,6.81469817658953,6.914451361385898,48439300
2019-05-23,6.783198356628418,6.80419895058387,6.699195980806611,6.798948676921593,49527400
2019-05-24,6.8488240242004395,6.919701203612549,6.806822843962203,6.864574341616387,35915100
2019-05-27,6.8882012367248535,6.96695383855272,6.869825779839778,6.9039515568129675,33892000
2019-05-28,7.035204887390137,7.035204887390137,6.8593247401707025,6.8593247401707025,60774600
2019-05-29,6.956454277038574,7.011580655504764,6.893452487065622,6.9538291398696535,43124400
2019-05-30,6.864575386047363,7.050956089818845,6.822574199418733,6.9590783063086015,71847200
2019-05-31,6.707069396972656,6.896075201174647,6.672943627154821,6.770071665502349,63137200
2019-06-03,6.822573184967041,6.909200682094611,6.785822277304909,6.793697185693329,53470600
2019-06-04,6.877701759338379,6.922328087192094,6.833075431484663,6.901327491772327,37331100
2019-06-05,6.788447380065918,6.901325739547843,6.709694791716555,6.8724497404170535,65282100
2019-06-06,6.898702144622803,6.990579433852131,6.751697480468527,6.869826139040057,87836900
2019-06-07,7.024705410003662,7.043080867056147,6.922327577457732,7.0063299529511776,52235500
2019-06-10,6.995829105377197,7.058830884292979,6.961703329557927,6.982703922529854,39666800
2019-06-11,7.129708290100098,7.16383456765055,7.0115796381079845,7.05883109890483,52437000
2019-06-12,7.0483317375183105,7.119208935602581,6.993204860999312,7.0929580658646625,43392200
2019-06-13,7.134958267211914,7.190084635388583,7.108707401116232,7.127082857175122,48981600
2019-06-14,7.103458404541016,7.15333500901832,7.061457211516038,7.140209823958157,42802400
2019-06-17,7.116581916809082,7.200584277203752,7.077205372267214,7.108706507761996,49290000
2019-06-18,7.205835819244385,7.224211276230949,7.153334084402503,7.166459267766148,31332800
2019-06-19,7.224210739135742,7.242586194756154,7.145458142727903,7.17958441804605,33286300
2019-06-21,7.4237165451049805,7.452592046222227,7.337089040366027,7.337089040366027,58424700
2019-06-24,7.4158406257629395,7.4499663977179145,7.381714853807964,7.434216079945894,27365000
2019-06-25,7.221584796905518,7.392214652380564,7.187458525394374,7.386964379733687,56472100
2019-06-26,7.263586521148682,7.331838568593368,7.224210474732716,7.232085383599752,48901500
2019-06-27,7.14808464050293,7.232087025445708,7.090333126028196,7.203211518555196,55219200
2019-06-28,7.195335388183594,7.247837123873236,7.11658328534279,7.205835935598985,40262000
2019-07-01,7.155959606170654,7.358090645283847,7.1428339214072585,7.308214044570299,46759100
2019-07-02,7.040454864501953,7.155958366949316,6.995828545421854,7.155958366949316,57954200
2019-07-03,7.134958267211914,7.140208540569776,7.058830805603798,7.098207355094134,29291800
2019-07-04,7.1900835037231445,7.2399600913853766,7.171708050556414,7.187458367457391,28577400
2019-07-05,7.192710876464844,7.242587479635529,7.121833677331823,7.158585095786187,27414700
2019-07-08,7.258335113525391,7.276710565600919,7.203208757298804,7.218959073264469,25318200
2019-07-10,7.368590831756592,7.421092570415738,7.342339962427019,7.350215373433997,50715800
2019-07-11,7.455217361450195,7.484093363952956,7.392215583829862,7.402716130446728,48206900
2019-07-12,7.48934268951416,7.544469050195818,7.4578415543435295,7.491967825836176,40908900
2019-07-15,7.397463798522949,7.520842182774844,7.397463798522949,7.505091867926268,36592400
2019-07-16,7.3055877685546875,7.436841591561918,7.245211130137826,7.423716409538635,54789300
2019-07-17,7.266211032867432,7.350213391516654,7.255710487689503,7.347588255222171,28923500
2019-07-18,7.221584796905518,7.3003368838344445,7.200584207011566,7.287211702910809,35830700
2019-07-19,7.203211307525635,7.2452124987665325,7.184835848944454,7.2189616290675485,28418900
2019-07-22,7.216334819793701,7.2845868649176,7.1822090475785405,7.250461092702439,22304400
2019-07-23,7.224210739135742,7.253086240527697,7.192709600433884,7.221585602519453,21124400
2019-07-24,7.179583549499512,7.255710499388028,7.166457868005938,7.242585318588008,27939600
2019-07-25,7.058830261230469,7.218960081440739,7.037829670112203,7.211084672011294,26892300
2019-07-26,6.861950397491455,7.0352054212496915,6.851450350954352,7.0352054212496915,75644000
2019-07-29,6.924952030181885,6.940702850689995,6.814698790093313,6.882950843547538,26493300
2019-07-30,6.8882012367248535,6.953828154567918,6.872450916636739,6.917077240797769,38201600
2019-07-31,6.846199035644531,6.956452261323438,6.830448717888566,6.92757626152619,39890200
2019-08-01,6.890826225280762,6.972203461461288,6.604692829585042,6.903951408289556,91345800
2019-08-02,6.961702346801758,7.058829887825696,6.898700576779688,6.922326303124659,64112900
2019-08-05,6.707069396972656,6.859323794416736,6.699194488926602,6.772696301055338,48277000
2019-08-06,6.793696403503418,6.88294902671558,6.741195184415592,6.798946675620253,44208100
2019-08-07,6.72019624710083,6.754322022854424,6.562691549767679,6.678195061237807,67698500
2019-08-08,6.917076587677002,6.917076587677002,6.788447900933146,6.851449676030528,50256700
2019-08-09,6.898702144622803,7.006330255457451,6.851450681194191,6.903951917797568,36641500
2019-08-12,6.7333197593688965,6.8041969306880485,6.704444264185671,6.8041969306880485,36122000
2019-08-13,6.823275566101074,6.913229099908882,6.675115676542517,6.709510134865458,45330500
2019-08-14,6.5930986404418945,6.714800860713004,6.556058922033873,6.683052674828505,54401100
2019-08-15,6.410544395446777,6.614263842919485,6.386733005242004,6.6116180768269235,53894500
2019-08-16,6.3258819580078125,6.553412797807776,6.320590425773328,6.540183967221563,56782000
2019-08-19,6.357632160186768,6.481980169527808,6.31000936799663,6.429065843843564,50699300
2019-08-20,6.35498571395874,6.399962734592839,6.26503167269054,6.325882787481277,37141700
2019-08-21,6.7333197593688965,6.876187574017613,6.39731508666491,6.442292094071178,87840800
2019-08-22,6.672471046447754,6.804756360248587,6.656596950087613,6.746551003842454,40808800
2019-08-23,6.423773288726807,6.7121552354684075,6.410544458134634,6.5560585668787965,58032300
2019-08-26,6.339110374450684,6.529601500584914,6.288842331390414,6.503144343663127,39688800
2019-08-27,6.439648628234863,6.566642398749976,6.29942602456502,6.394671604765547,70475200
2019-08-28,6.5057902336120605,6.534893157242634,6.381442249730318,6.4026078747448345,41981500
2019-08-29,6.746550559997559,6.7465505599975595,6.529602740377396,6.587808092954291,61008800
2019-08-30,6.746550559997559,6.796819117230745,6.659242278818021,6.75448785996966,54958200
2019-09-02,6.6936354637146,6.767715407687458,6.680407136582601,6.717446856254863,19049900
2019-09-03,6.773008346557617,6.7888824433373545,6.622203165579019,6.643368796161481,47829600
2019-09-04,6.9476237297058105,6.9767266559853045,6.878835315990504,6.921166569872485,56179000
2019-09-05,6.982016563415527,7.087845185760001,6.968788237936603,7.037576640609203,48586800
2019-09-06,7.016410827636719,7.106364851423979,6.931748335749476,6.984662140864875,48502200
2019-09-09,7.124885082244873,7.1486964724159305,7.064033976086964,7.07726230190276,37303000
2019-09-10,7.169862270355225,7.2360049102946125,7.085199771973337,7.156633439590371,44109400
2019-09-11,7.109013080596924,7.236006862430239,7.098430013129932,7.236006862430239,51540400
2019-09-12,7.159282207489014,7.180447840958818,7.048162505615415,7.106368376128757,41028300
2019-09-13,7.111658096313477,7.196321119229321,7.095784000291688,7.175155489657463,24709400
2019-09-16,7.4238505363464355,7.471473322788169,7.325959701663624,7.439725134912578,167634600
2019-09-17,7.325960159301758,7.341834254231177,7.18573755764482,7.318022859522859,67414800
2019-09-18,7.201611042022705,7.273045220091479,7.201611042022706,7.2412970329242485,40567100
2019-09-19,7.2201313972473145,7.3682907813018526,7.201611032690703,7.362999248571392,42155100
2019-09-20,7.143405914306641,7.257171348497247,7.1434059143066415,7.236005721528879,51946900
2019-09-23,7.27039909362793,7.273044859865546,7.122239716719574,7.143405341992197,32643100
2019-09-24,7.214839935302734,7.286274113979793,7.1830912432368175,7.254525421913876,36643400
2019-09-25,7.233360767364502,7.236006534111204,7.085201361948066,7.151344016730383,29038400
2019-09-26,7.3286051750183105,7.3286051750183105,7.204256681031326,7.249233699246726,33705900
2019-09-27,7.31802225112915,7.394747962061339,7.280982531163727,7.288919325654411,31886800
2019-09-30,7.288919925689697,7.312731320378613,7.249234436084296,7.291565692280508,23143400
2019-10-01,7.278334617614746,7.336539946764777,7.238649142983899,7.302146003318892,32423200
2019-10-02,7.069324970245361,7.212193310596885,7.040222552662418,7.201610246291611,51261200
2019-10-03,7.074617862701416,7.093137724168355,6.952915627559608,7.0772636292864615,46076300
2019-10-04,7.01376485824585,7.122238735908524,6.950267991172203,7.103718879423908,47951600
2019-10-07,6.923811912536621,7.037577339616897,6.905292053175333,6.976726228964575,26252500
2019-10-08,6.884125709533691,6.995245358740252,6.865605852103975,6.9238111904014055,30418900
2019-10-09,7.016410827636719,7.066678866802109,6.918519505999434,6.971433815743089,35141400
2019-10-10,7.074617862701416,7.111657585635293,7.021704044885648,7.034932373182495,31056500
2019-10-11,7.21219539642334,7.238652560209875,7.124887109167669,7.124887109167669,37055300
2019-10-14,7.22542142868042,7.230712960680971,7.127530609811567,7.153987765186053,20809900
2019-10-15,7.302147388458252,7.3762268205870605,7.225421685606804,7.225421685606804,30455300
2019-10-16,7.389457702636719,7.400040265323954,7.238652525787549,7.288920581651656,31381300
2019-10-17,7.31802225112915,7.407976289298036,7.299502391146438,7.389456429315325,31405400
2019-10-18,7.302147388458252,7.405329742996683,7.302147388458252,7.378872586681415,36070900
2019-10-21,7.347126007080078,7.35770856913996,7.302148982911696,7.341834473735941,43337700
2019-10-22,7.558782577514648,7.587885507368442,7.347126282110006,7.355063077794922,64228700
2019-10-23,7.659318447113037,7.693712400271183,7.52703315790299,7.548198783991464,45930600
2019-10-24,7.492640018463135,7.7386907804275324,7.468828621845392,7.71223361700466,60529900
2019-10-25,7.73868989944458,7.818060876049077,7.67519301723531,7.725461571553285,74476900
2019-10-28,7.831289291381836,7.847163384931421,7.704295533728483,7.73075218810168,37461800
2019-10-29,7.8894944190979,7.92124310994659,7.741335039270105,7.778374758069973,49994200
2019-10-30,7.958281517028809,7.960927282882474,7.796893332352942,7.876264794078163,63001200
2019-10-31,8.040299415588379,8.058819274643666,7.841871489204632,7.900077337239317,67070400
2019-11-01,8.050882339477539,8.262538588726763,7.894785666420622,8.093213589327384,101210200
2019-11-04,8.03236198425293,8.259892311974737,7.926533361541459,8.172584051477564,81023400
2019-11-05,7.844517707824707,8.09585996425658,7.825997847701413,8.045591412044537,92980900
2019-11-06,7.860391139984131,8.12231643994339,7.434432879114167,7.9503451712648605,154003100
2019-11-07,8.175230979919434,8.220207999578474,7.815415327275467,7.937117554218546,96329000
2019-11-08,7.942408084869385,8.146127530833406,7.918596694840951,8.056173502865612,61567700
2019-11-11,8.056173324584961,8.056173324584961,7.881556804659518,7.897430896117758,30570500
2019-11-12,7.995164394378662,8.15229791005883,7.992501054183043,8.000491074769903,41655600
2019-11-13,7.963206768035889,8.02446208357932,7.885971915389897,7.97652347227163,41827700
2019-11-14,7.803407669067383,8.016470304838686,7.79541815676283,7.957877838710991,44595200
2019-11-18,7.744816780090332,7.9498894238871385,7.742153439627747,7.909940332908862,54468100
2019-11-19,7.664917945861816,7.854010530791641,7.651601244682118,7.790091889069719,33740200
2019-11-21,7.949891090393066,7.9498910903930655,7.6915525991505245,7.7048693042549825,53033100
2019-11-22,7.984511852264404,8.080390077216506,7.872654092480368,7.925919885893815,34786000
2019-11-25,7.91793155670166,8.016473143182688,7.891298654302974,7.968534020461127,29868400
2019-11-26,7.77411413192749,7.917930981667211,7.750144572307482,7.8886352483385656,54147800
2019-11-27,7.811398983001709,7.896623848232289,7.760796528778453,7.8167256640736875,33072500
2019-11-28,7.864663600921631,7.867326941059088,7.672907174866287,7.808734473995425,46602800
2019-11-29,7.763458728790283,7.872653134822825,7.726172982724593,7.8540102617899805,37699000
2019-12-02,7.742154598236084,7.856675715364005,7.742154598236084,7.830042814732807,31353600
2019-12-03,7.718184471130371,7.774113609142772,7.6516024784367405,7.768786927812011,29194000
2019-12-04,7.899287223815918,7.899287223815918,7.752807049548488,7.792756141805035,44960000
2019-12-05,8.003154754638672,8.093706298959704,7.862001265181965,7.893960334953944,50447000
2019-12-06,8.083052635192871,8.146971276313112,8.024460166514162,8.0297868469359,44348600
2019-12-09,8.045767784118652,8.11767645841877,8.021798733998905,8.06973734221869,34694100
2019-12-10,8.107023239135742,8.107023239135742,7.9632058970027595,8.016471692158738,27532700
2019-12-11,8.096368789672852,8.178930303895413,8.05908304285883,8.125665023872555,38458300
2019-12-12,8.248176574707031,8.269482790765167,8.11767593785342,8.16028836996969,47797800
2019-12-13,7.984511852264404,8.248176462902432,7.955216123069236,8.226870247133105,105004400
2019-12-16,7.832705020904541,8.035114325207042,7.832705020904541,8.003154747483382,68871000
2019-12-17,7.949891090393066,7.963207287517165,7.838033307417412,7.893961944915059,40679900
2019-12-18,8.133655548095703,8.141645061204724,7.9099400373989095,7.9232562312341,64201600
2019-12-19,8.152298927307129,8.189584678737942,8.10169647323655,8.109686494820409,39696000
2019-12-20,8.05908203125,8.149633554700685,7.995163398457776,8.149633554700685,93064900
2019-12-23,8.123002052307129,8.123002052307129,7.997828105193638,8.040440534337815,21970200
2019-12-26,8.232195854187012,8.237522534429546,8.123001449115998,8.146971002227215,24810500
2019-12-27,8.24082088470459,8.348826296264786,8.17871783743378,8.286723248993978,24995100
2019-12-30,8.149018287658691,8.292125302279441,8.140917686543897,8.248923126354999,22111600
2020-01-02,8.28942584991455,8.28942584991455,8.184120092504589,8.238123071433318,37774500
2020-01-03,8.22192096710205,8.435231615594375,8.22192096710205,8.338026476275576,71595600
2020-01-06,8.319125175476074,8.354227258479733,8.0869136537285,8.216520156333257,81844000
2020-01-07,8.286724090576172,8.338026344395898,8.227320721927363,8.321825659769168,32822000
2020-01-08,8.235421180725098,8.308325032812718,8.165217528530775,8.286723948676809,48215600
2020-01-09,8.208419799804688,8.267823168181705,8.167917830917933,8.227320684284473,36102700
2020-01-10,8.173318862915039,8.219221235206346,8.135516576021276,8.205720234526245,25397500
2020-01-13,8.189519882202148,8.216521369651346,8.157117994261004,8.194920282694095,30676800
2020-01-14,8.100414276123047,8.173318128210667,8.038311223608616,8.162517328637477,39796500
2020-01-15,7.978908061981201,8.081513600533754,7.976208377028671,8.073413000644715,34405700
2020-01-16,7.9708075523376465,8.019410119060876,7.9195047857953,7.9924086358801425,28997400
2020-01-17,8.059914588928223,8.059914588928223,7.976210428587239,8.024812495390941,34908000
2020-01-20,8.100414276123047,8.127415760045551,8.005909339899517,8.019410339366004,31241400
2020-01-21,7.997810363769531,8.084214712289274,7.978908961896614,8.046412423553981,28577400
2020-01-22,7.908705234527588,8.049112033061828,7.903304834388828,8.02751094751729,32491500
2020-01-23,8.005908966064453,8.03561064849334,7.781797535490328,7.85470138417371,53752100
2020-01-24,7.911403656005859,8.041010663583227,7.868201491816878,7.981607301565561,36898700
2020-01-27,7.568489074707031,7.733197187663402,7.47128391524973,7.730496987121744,66105300
2020-01-28,7.776398658752441,7.868203408773329,7.67379362255821,7.676493822854183,47259100
2020-01-29,7.7898993492126465,7.852002408508852,7.741296775846736,7.830401322014062,42297500
2020-01-30,7.814199447631836,7.841200930396983,7.608988899631344,7.635990382396491,44266800
2020-01-31,7.681892395019531,7.787197606445228,7.644090114884071,7.730494443747252,55446700
2020-02-03,7.6089887619018555,7.757496141906378,7.603588362444489,7.7007934926353405,39452800
2020-02-04,7.730494499206543,7.8412006257434355,7.711593616508429,7.735894898551841,57658400
2020-02-05,7.6656928062438965,7.889804274406041,7.6656928062438965,7.843901900685576,67994500
2020-02-06,7.879003047943115,7.96810758452668,7.592788553918702,7.7493965429143765,126114000
2020-02-07,7.811501979827881,7.924907835095399,7.757498995410729,7.830402869870696,54514600
2020-02-10,7.865503311157227,7.865503311157227,7.733196584990648,7.800700048239548,45328100
2020-02-11,7.960007667541504,8.00050963946042,7.900604809727797,7.938406581517382,37518200
2020-02-12,8.135518074035645,8.176020568523258,8.00051113243856,8.003211333071775,64851000
2020-02-13,8.024809837341309,8.157116535672797,8.003208754246584,8.03831083615704,55277100
2020-02-14,7.943806171417236,8.089613358453436,7.92220508759667,8.062612389935577,30399900
2020-02-17,7.927608013153076,8.038313667382177,7.914107009582072,8.000511372393992,38684900
2020-02-18,8.032910346984863,8.038310746450888,7.8168995184482695,7.846600685490527,33890900
2020-02-19,8.248922348022461,8.248922348022461,8.035611688898923,8.065313375173416,44181800
2020-02-20,8.078813552856445,8.340726774079952,8.032911182640934,8.31642548896524,73522900
2020-02-21,7.868204116821289,8.01401185586156,7.8385029409139175,7.9681094767204295,47805100
2020-02-26,7.077061176300049,7.3956775303436855,7.028459126793935,7.30117311601755,89207100
2020-02-27,6.8313493728637695,7.163466759608007,6.720643748952519,6.944755196749744,100112100
2020-02-28,6.842150688171387,6.901553547058581,6.6477409104410485,6.793548114986171,89095300
2020-03-02,7.1634674072265625,7.22287026700939,6.879952564375015,6.885352964812689,71596400
2020-03-03,7.0338592529296875,7.419979067626002,6.9555555190809635,7.174266551912066,86855700
2020-03-04,7.2606730461120605,7.274174049076986,7.085164127652855,7.266073447298031,42320500
2020-03-05,6.82865047454834,7.201269358807035,6.672041948036236,7.1094646091326155,69722300
2020-03-06,6.1644158363342285,6.515433616051223,6.088811777082799,6.507333530602851,138597600
2020-03-09,4.333722114562988,4.9223523937769205,4.160913414247174,4.80894655544203,254813800
2020-03-10,4.741442680358887,5.035757794382756,4.4201265955156215,5.035757794382756,170478000
2020-03-11,4.27971887588501,4.6253362137414165,4.050207040583203,4.509230711186816,132482400
2020-03-12,3.402174234390259,3.742391451825088,2.99175310446155,3.6883887393358488,151535900
2020-03-13,4.158213138580322,4.158213138580322,3.429175803570171,4.077209190527738,174972600
2020-03-16,3.5344812870025635,3.807195333392044,3.3886738203942235,3.485878712298027,126432800
2020-03-17,3.5101797580718994,3.7369914144096934,3.5101797580718994,3.672188157600396,149228500
2020-03-18,3.0484564304351807,3.3130701437817422,2.9350505900731227,3.183463358722842,162515200
2020-03-19,3.2968685626983643,3.5290803418279646,2.929649881341157,2.989052732917538,157065200
2020-03-20,3.240165948867798,3.645186692476272,3.1942635773250836,3.5398812064361773,149029900
2020-03-23,3.105158567428589,3.2887680259912524,3.045755461863277,3.269866885694663,107092400
2020-03-24,3.577683210372925,3.655987209960122,3.315769725889436,3.3940737254766336,114259200
2020-03-25,3.866598129272461,3.993504706924693,3.4642775670936636,3.5749832009477376,158286200
2020-03-26,3.885498523712158,4.1015093493138375,3.7288905463983317,3.8881984659032667,130618400
2020-03-27,3.591184139251709,3.6964893725102006,3.577683395691443,3.5911841392517094,101405900
2020-03-30,3.612785577774048,3.7099904773647014,3.464277899159359,3.550682254351051,110947200
2020-03-31,3.7774930000305176,3.926000641524949,3.672187782838552,3.672187782838552,156116500
2020-04-01,3.8611979484558105,3.928701408192782,3.596584252384146,3.631686082348003,114455000
2020-04-02,4.18791389465332,4.468727965092008,4.052907001266729,4.1582122133049335,234951200
2020-04-03,4.142012119293213,4.417426344568107,4.031306492174765,4.401225144250407,142898700
2020-04-06,4.258118152618408,4.347222694451421,4.098809954339612,4.333721694167328,123934200
2020-04-07,4.428225994110107,4.609135251604742,4.4120253111284695,4.484929157061478,140498900
2020-04-08,4.676638603210449,4.7333417650100085,4.428225904159505,4.4552273852540365,116151600
2020-04-09,4.541632652282715,5.046558753670925,4.455228306913946,4.8440483760839275,185771300
2020-04-13,4.571333408355713,4.6145355722436365,4.4093250362707925,4.54163172755386,93724000
2020-04-14,4.517331123352051,4.6712389196571324,4.48492975308282,4.595635379021932,91017200
2020-04-15,4.422826290130615,4.447127575928902,4.2824192330258795,4.3310220621277065,86749600
2020-04-16,4.244617462158203,4.52543183389737,4.193314690467298,4.501130548096968,115633300
2020-04-17,4.355323314666748,4.355323314666748,4.201415755099158,4.252718274955021,116733000
2020-04-20,4.306720733642578,4.409326024628136,4.142012382523934,4.179814155646588,133739400
2020-04-22,4.522731781005859,4.522731781005859,4.2608182863625546,4.279719430103172,114967100
2020-04-23,4.5767340660095215,4.706340564991236,4.487629533583286,4.644237515272137,94759000
2020-04-24,4.306720733642578,4.53353265990484,4.125811438681891,4.506531172669859,161188800
2020-04-27,4.441727638244629,4.463328723697658,4.260818096941324,4.358022981479953,85944900
2020-04-28,4.657739162445068,4.657739162445068,4.490330339856882,4.601036498107335,91613600
2020-04-29,4.914251327514648,4.9898548613158145,4.733342062331152,4.806245396352213,94528400
2020-04-30,4.87375020980835,4.973655569590332,4.779245766108547,4.854849321068389,80263900
2020-05-04,4.692840576171875,4.757644354620888,4.638838114145108,4.706341577936485,60268400
2020-05-05,4.844048023223877,4.9898552166598575,4.825147138427591,4.833247223334293,75043400
2020-05-06,4.665839195251465,4.876449654283695,4.665839195251465,4.825147397089466,67937500
2020-05-07,4.709041118621826,4.825147142479933,4.684739833860339,4.792745257794455,81265100
2020-05-08,4.9898552894592285,5.01685677456664,4.781944523645804,4.790045123681176,83232700
2020-05-11,4.900750637054443,5.111361598063952,4.889950352264727,4.941252606284219,65061500
2020-05-12,4.898050785064697,5.08436047476979,4.895350584922824,5.0033565305556715,71837200
2020-05-13,4.749543190002441,4.95475375738012,4.730642304785239,4.930452472097862,87222300
2020-05-14,4.698240280151367,4.717141164808353,4.514630803465532,4.698240280151367,119653200
2020-05-15,4.6307373046875,4.911551948627086,4.6307373046875,4.857548974020078,133733100
2020-05-18,5.0060553550720215,5.0060553550720215,4.838646597352161,4.88724915652923,116999500
2020-05-19,5.043858528137207,5.11136198699341,4.970954668969982,4.997956155514568,80131600
2020-05-20,5.211266994476318,5.249069282925311,5.146463733577306,5.154564334318635,74595100
2020-05-21,5.181565761566162,5.338173769004858,5.149163873987918,5.265269908211708,81327000
2020-05-22,5.041156768798828,5.1032598081361185,4.954752450588622,5.0762583299428385,71259400
2020-05-25,5.2598700523376465,5.281471141289338,5.200467186473138,5.2598700523376465,38033000
2020-05-26,5.311172008514404,5.424577836685941,5.219367265946469,5.394876150852049,68716900
2020-05-27,5.381375312805176,5.381375312805176,5.170764355714766,5.346273229118205,74790800
2020-05-28,5.338173866271973,5.421878014442695,5.251769517836319,5.316572779163059,65023000
2020-05-29,5.492080211639404,5.492080211639404,5.211265639102252,5.278769082691713,128832600
2020-06-01,5.489382266998291,5.551485337008518,5.400277705458648,5.440779685247465,86579500
2020-06-02,5.778295993804932,5.778295993804932,5.562285130769625,5.602787103212429,77235100
2020-06-03,5.797196865081787,5.91600309695188,5.780996179148303,5.902502611175731,86219700
2020-06-04,5.7863969802856445,5.880901932296593,5.681091741907746,5.775596178908139,107401400
2020-06-05,5.967305660247803,6.218418600940818,5.956504859997973,6.018608431413489,114137700
2020-06-08,6.083412170410156,6.099612857059419,5.943004846088438,6.088812055952881,82444400
2020-06-09,5.864699840545654,5.95110469342627,5.84309875607812,5.948404493491519,96488300
2020-06-10,5.778295993804932,5.913302911954628,5.670290562287278,5.910602711790371,102551100
2020-06-12,5.562285900115967,5.716193725692665,5.427278963292815,5.567686301191435,116746700
2020-06-15,5.589287281036377,5.694592524893017,5.276071234940737,5.348974587989635,99931000
2020-06-16,5.770195484161377,5.916002677239438,5.716192514866994,5.821497738479509,94510600
2020-06-17,5.789096832275391,5.899802464680412,5.710792572032045,5.79989711799244,63268700
2020-06-18,5.832298278808594,5.8782006461630445,5.69189097689963,5.718892460345271,56893300
2020-06-19,5.797196865081787,5.999707241787152,5.729693406179999,5.940304383357366,91139800
2020-06-22,5.656790256500244,5.832299152678204,5.6432892552493,5.832299152678204,45419000
2020-06-23,5.845798492431641,5.959204305645553,5.708091396742573,5.729692479497107,78950900
2020-06-24,5.670290470123291,5.821498071790301,5.59198621166416,5.8025971859582395,65162400
2020-06-25,5.797196865081787,5.797196865081787,5.597386688533756,5.645989261344727,47263500
2020-06-26,5.62708854675293,5.797197041765271,5.610887860325691,5.726993380566524,55499300
2020-06-29,5.848498344421387,5.848498344421387,5.651388411629414,5.697290774129912,59809600
2020-06-30,5.8187971115112305,5.886300560670342,5.694591012263479,5.76209446142259,65010600
2020-07-01,5.86199951171875,6.007807214926484,5.810697259117925,5.872800311220271,78983900
2020-07-02,5.956503391265869,5.997005352194905,5.9025009483639455,5.967304188852479,56345900
2020-07-03,5.934903621673584,5.988906591511047,5.886301051821965,5.926803536705307,24060000
2020-07-06,6.078011512756348,6.172516458398802,6.024008539529082,6.045609625817884,58070900
2020-07-07,6.002407550811768,6.067210810731576,5.978106263965524,6.032109238070628,46591300
2020-07-08,6.115813255310059,6.145514941941872,6.0483097966090416,6.061810797355556,49136300
2020-07-09,5.978106498718262,6.159015799560756,5.9565054112300775,6.150915713634281,57151500
2020-07-10,6.078011512756348,6.115813285009121,5.956505080500261,5.99160716760114,57428300
2020-07-13,5.983505725860596,6.115812425154112,5.983505725860596,6.105012141033441,55425500
2020-07-14,6.1833176612854,6.199518349652618,5.90250349787436,5.975406853032141,89380500
2020-07-15,6.302123069763184,6.3264243565754485,6.169816349902256,6.264321296948784,58390600
2020-07-16,6.134712219238281,6.2859202901601545,6.080709778203634,6.25351841353108,69698700
2020-07-17,6.140114784240723,6.218419046632772,6.096912610165984,6.16441607153408,49927600
2020-07-20,6.140114784240723,6.186017158571449,6.0807119236405915,6.129314498227307,48679800
2020-07-21,6.310223579406738,6.3723266381381665,6.24812000566479,6.250820205828398,101769600
2020-07-22,6.223817825317383,6.321022957204273,6.2130175412246444,6.291321274680958,43085500
2020-07-23,6.094335079193115,6.272547763142247,6.0862348303905485,6.253646495908385,64072100
2020-07-24,6.137537956237793,6.226644295793055,6.0538321257515495,6.086234665144778,43380300
2020-07-27,6.26444673538208,6.277947491721531,6.061932300165256,6.175340404487511,56539600
2020-07-28,6.156439304351807,6.296849451877318,6.156439304351807,6.2212443839950415,48353000
2020-07-29,6.256346225738525,6.277947745768291,6.188841411267898,6.2185436944416494,44011500
2020-07-30,6.161838531494141,6.188840556557446,6.075432463308195,6.188840556557446,57859000
2020-07-31,5.994427680969238,6.2482454104453575,5.983626663534071,6.188841359614515,75397300
2020-08-03,5.886419773101807,6.088934221924403,5.8648182524948975,6.086234482491807,63598500
2020-08-04,5.881019115447998,5.953923917379786,5.737908735691492,5.7946125277518625,63011900
2020-08-05,6.2590460777282715,6.2860481047847445,6.002527593223015,6.002527593223015,137214700
2020-08-06,6.269846439361572,6.3535527728672765,6.213142647329468,6.286047964245732,56375100
2020-08-07,6.153738975524902,6.186140997222827,6.088933902087355,6.172640240685499,56040200
2020-08-10,6.33195161819458,6.33195161819458,6.113235654890407,6.18344072168943,52390100
2020-08-11,6.232044219970703,6.448059412249075,6.226643711408533,6.402156119512315,66342300
2020-08-12,6.340051174163818,6.394055224275788,6.232043588960672,6.30764915611327,67008500
2020-08-13,6.167238235473633,6.367052370858591,6.1321354529615295,6.3319501033672125,44588200
2020-08-14,6.121336936950684,6.205042767339825,6.0835344035531795,6.148338967243569,38422000
2020-08-17,6.102435111999512,6.167239669761563,5.980926244307639,6.124036631253529,52064300
2020-08-18,6.215844631195068,6.275248693905238,6.1483398037885735,6.191542852127053,49361300
2020-08-19,6.1807403564453125,6.296848714258798,6.142937826932396,6.1969418819687085,51982100
2020-08-20,6.137537956237793,6.175341004700041,6.034930859030871,6.080834156075758,55251700
2020-08-21,6.0916337966918945,6.110535060736385,6.034930004558425,6.08623380340834,38668300
2020-08-24,6.202341556549072,6.245544592348411,6.156438266634674,6.172639791325034,51841900
2020-08-25,6.17534065246582,6.250945715036109,6.126737103658714,6.234744703774028,37981400
2020-08-26,5.999826431274414,6.183439569453777,5.951223407951128,6.15103755390492,69925300
2020-08-27,5.9809250831604,6.067331143401445,5.951223321840506,6.026828367041048,35489800
2020-08-28,6.086233139038086,6.086233139038086,5.956623528985327,6.007927322234945,31071000
2020-08-31,5.910720348358154,6.0565309691226705,5.910720348358155,6.026828691184542,48539700
2020-09-01,6.17534065246582,6.1807406462059395,5.972826209116783,5.994427729139846,66299700
2020-09-02,6.156439304351807,6.237445396395401,6.0808342364695305,6.191542098743634,53618000
2020-09-03,6.178038597106934,6.242843653371133,6.0943327957116855,6.105133810095956,87642400
2020-09-04,6.188841819763184,6.218544104897438,6.097035224821756,6.2104433412187605,52351100
2020-09-08,6.0106282234191895,6.075432777914446,5.916121388314135,6.075432777914446,74490200
2020-09-09,6.137537956237793,6.148338974375832,6.0727333924722275,6.0727333924722275,42143500
2020-09-10,5.97282600402832,6.097034611140775,5.970125749740548,6.097034611140775,58350000
2020-09-11,5.908020973205566,6.010628576787698,5.872918697256425,5.97282604653157,71013700
2020-09-14,5.8540167808532715,5.935022340967418,5.78651197575122,5.924221839961901,46453300
2020-09-15,5.851316452026367,5.9620242897764575,5.818913919382563,5.935022265076751,58546700
2020-09-16,5.867518424987793,5.937723494734804,5.8324161476247225,5.899920962955979,50379500
2020-09-17,5.9809250831604,5.986325590680652,5.794611693877683,5.808112962678311,60432200
2020-09-18,5.845915794372559,5.980925399392807,5.818913770364356,5.937722366987989,64243500
2020-09-21,5.643402099609375,5.7946127321242855,5.61910032643473,5.748709955039777,73300000
2020-09-22,5.616399765014648,5.764910650183991,5.602899009554166,5.65960280051316,47207700
2020-09-23,5.462488174438477,5.659602062577034,5.454387928226674,5.616399032711617,57106300
2020-09-24,5.508391380310059,5.592097185115401,5.416584814386497,5.465188351054351,76310000
2020-09-25,5.435487270355225,5.4705900612311495,5.365282718645068,5.440887778954727,40150400
2020-09-28,5.300477981567383,5.551595982137011,5.300477981567383,5.489491674367564,48797400
2020-09-29,5.214071750640869,5.362582652204693,5.197870739295659,5.3004778311764715,52878100
2020-09-30,5.295077800750732,5.411186163799453,5.2464742520307235,5.265375517639424,69505000
2020-10-01,5.35988187789917,5.416585669617539,5.16546770053147,5.303177571159986,77537300
2020-10-02,5.135765552520752,5.330179200384531,5.135765552520752,5.327478946453271,85306000
2020-10-05,5.408484935760498,5.443587206282957,5.1951695136739,5.227572045327589,73288500
2020-10-06,5.381483554840088,5.589398493988304,5.381483554840088,5.527293677150473,77064600
2020-10-07,5.3436808586120605,5.413885405846727,5.281576043718603,5.40038465022948,53521000
2020-10-08,5.519193172454834,5.55969595370886,5.362582040590675,5.411185584103829,78070400
2020-10-09,5.346379280090332,5.505690629211086,5.346379280090332,5.492189876921133,67962300
2020-10-13,5.435487270355225,5.435487270355225,5.327479673469391,5.376083220823228,55330600
2020-10-14,5.3922834396362305,5.500291535679763,5.3922834396362305,5.424685971453444,44584300
2020-10-15,5.332879543304443,5.338280051257081,5.2491737301216865,5.297777271653863,56952100
2020-10-16,5.219471454620361,5.322078530679816,5.216771200642377,5.311278029788666,49929000
2020-10-19,5.270776271820068,5.384184385773892,5.1978709453452785,5.241073987325698,107419300
2020-10-20,5.448988914489746,5.473290689828571,5.289677505055618,5.311279025910031,68407700
2020-10-21,5.443587779998779,5.489491070917274,5.354481452335914,5.443587779998779,60594900
2020-10-22,5.627201557159424,5.627201557159424,5.413886089334881,5.42738736167744,98926900
2020-10-23,5.554295539855957,5.708206420247366,5.546195292480082,5.65420288266521,61711200
2020-10-26,5.467889785766602,5.543495360804458,5.4084857364645424,5.489491305060154,58229100
2020-10-27,5.367983341217041,5.5002932485720235,5.349082073029452,5.470590961408138,48978400
2020-10-28,5.041259288787842,5.2491742295596335,5.041259288787842,5.224872456481329,79247400
2020-10-29,5.208672046661377,5.230273567997094,4.790141862628126,4.976455306036746,86794800
2020-10-30,5.11416482925415,5.276176485110961,5.0952635638246795,5.168168371192516,64185100
2020-11-03,5.30587911605835,5.373383940728357,5.219473022884092,5.268076579049847,66292400
2020-11-04,5.324779033660889,5.419285867226609,5.203270689094228,5.4030848576218835,65777600
2020-11-05,5.370682716369629,5.397684744367143,5.324779423280108,5.3868842421806455,40874800
2020-11-06,5.332879543304443,5.386883592789258,5.276175754864094,5.278875493819628,37273300
2020-11-09,5.835116386413574,6.126737167262783,5.681205490273834,5.7001067561126275,164904100
2020-11-10,6.232044219970703,6.250945484917455,5.889119651585552,5.910721170813389,163732600
2020-11-11,6.178038597106934,6.30764819461462,6.04842951461996,6.304947941018552,93072900
2020-11-12,5.916121006011963,6.161838452394253,5.878318480421083,6.140236935625066,77275000
2020-11-13,6.110536098480225,6.156439396821459,5.91072189247159,5.945824687390661,66065200
2020-11-16,6.288748264312744,6.3805543308892485,6.245544712660336,6.264446491829873,101583300
2020-11-17,6.396755218505859,6.518263553792047,6.205041311912744,6.2239425741781,94082100
2020-11-18,6.35895299911499,6.515564140253925,6.358952999114991,6.477761610847545,68540400
2020-11-19,6.431858539581299,6.464261076628685,6.310350184450526,6.358953217490322,65382100
2020-11-23,6.7774834632873535,6.7774834632873535,6.491263194668487,6.493962934023947,125649000
2020-11-24,7.079901695251465,7.2014105147721725,6.923290613991796,6.923290613991796,153293500
2020-11-25,7.088005065917969,7.155509876069568,6.931393926967091,7.074504309895981,73971200
2020-11-26,6.971896648406982,7.006999437787092,6.901691584667586,7.004299183602405,41935900
2020-11-27,6.885491371154785,7.036702017844886,6.871990613690286,6.998899484927581,49863500
2020-11-30,6.723479270935059,6.988098014256177,6.707278260022971,6.820686366449285,90207700
2020-12-01,6.9124932289123535,6.958396524177422,6.828787401671653,6.858489170357847,58866000
2020-12-02,6.99619722366333,7.15550858814829,6.839586112900914,6.912491418347401,88093300
2020-12-03,7.193310260772705,7.260815050802541,7.033998915100638,7.0610009341167075,62424500
2020-12-04,7.433629035949707,7.444429536537806,7.306719677649351,7.3418224633574045,61652400
2020-12-07,7.290520668029785,7.503836149600694,7.201414324910258,7.363425998315102,72664200
2020-12-08,7.198712348937988,7.3283214506618455,7.144708299042654,7.239215128849096,46276700
2020-12-09,7.274318695068359,7.282418942905868,7.12850805374307,7.1906123572612435,52448300
2020-12-10,7.511934757232666,7.614542351146171,7.325621347773469,7.341822872088738,97537100
2020-12-11,7.444431304931641,7.517336632547552,7.366125983249319,7.422829783603321,48334300
2020-12-14,7.457931041717529,7.633443430741629,7.45793104171753,7.568638880102921,53159500
2020-12-15,7.520035743713379,7.557838271535059,7.4579314437146715,7.4579314437146715,47208200
2020-12-16,7.611843109130859,7.6253438661677855,7.417428911665571,7.520036519221333,59399200
2020-12-17,7.62534236907959,7.665845147259301,7.579439083137047,7.641543377347321,39297700
2020-12-18,7.5875420570373535,7.646946114686312,7.565940534708559,7.587542057037354,44707900
2020-12-21,7.295920372009277,7.422829236074382,7.160910744910753,7.34182366582361,99988800
2020-12-22,7.36612606048584,7.417429352290473,7.304021235372448,7.3445245389310205,46513200
2020-12-23,7.5470404624938965,7.628046055302872,7.3850287618549455,7.406630287605405,49038900
2020-12-28,7.609142303466797,7.700948886725298,7.609142303466798,7.657745849311984,36313300
2020-12-29,7.633443832397461,7.676646868429853,7.557838261830368,7.663145597781722,29891100
2020-12-30,7.652344703674316,7.692847483499055,7.614542177840667,7.655044957665405,36968200
2021-01-04,7.806256294250488,7.879161613655283,7.703649208252536,7.736051229085222,74719700
2021-01-05,8.11137866973877,8.149181200642948,7.625343701586715,7.803556368736211,95181100
2021-01-06,8.127579689025879,8.343594887297183,8.114078417245887,8.143780700141013,96562500
2021-01-07,8.370596885681152,8.411099670833503,8.192384218994125,8.192384218994125,56171300
2021-01-08,8.402998924255371,8.575811071996702,8.19508398711607,8.494804991477334,67136300
2021-01-11,8.332795143127441,8.386798690098832,8.208586006553528,8.265290323147527,48744700
2021-01-12,8.270689010620117,8.521806983673896,8.270689010620117,8.402998890095128,65691900
2021-01-13,7.871061325073242,8.332794527429973,7.830558539082164,8.284190978232331,93826600
2021-01-14,7.952066421508789,8.011470465894513,7.754951994870048,7.876460852728121,50745400
2021-01-15,7.5929412841796875,7.852159508351898,7.568639511285939,7.8440587457137045,80673300
2021-01-18,7.579441547393799,7.790056783433389,7.563240533858733,7.644246116554996,68855700
2021-01-19,7.746853351593018,7.79275665017419,7.463332796231343,7.690149034512319,61656000
2021-01-20,7.617241382598877,7.862959328347286,7.590239874623245,7.817056043759661,60306200
2021-01-21,7.439030647277832,7.668547128695557,7.4282301443398175,7.5659400331904525,41284900
2021-01-22,7.314823150634766,7.355325944139062,7.171712730897225,7.271620102227388,51181900
2021-01-26,7.290520668029785,7.552439188103326,7.24191711450624,7.3580254890300605,64514600
2021-01-27,7.398526668548584,7.6064415955877225,7.1636102310021705,7.23921528445582,68337800
2021-01-28,7.495735168457031,7.682048613224541,7.374226288169331,7.376926542733602,67827000
2021-01-29,7.206813335418701,7.474132309183861,7.206813335418701,7.430929273930146,67555300
2021-02-01,7.433629035949707,7.474131814441424,7.244615382960666,7.3607237256521545,44449500
2021-02-02,7.738753318786621,7.86836246289947,7.614544684433715,7.668548236970256,91663000
2021-02-03,7.814355373382568,7.868358901475709,7.738749816027302,7.825155872992907,47486800
2021-02-04,7.78195333480835,7.827856619841032,7.6172414564521205,7.784653588636244,41444100
2021-02-05,7.787354946136475,8.124878997147865,7.646944817310736,7.825157475043084,121098700
2021-02-08,7.590240001678467,7.911562484149804,7.506533677486419,7.698247580451217,98821700
2021-02-09,7.436330318450928,7.660446273127145,7.393126765060274,7.574039681366679,63662200
2021-02-10,7.506535053253174,7.571340127414792,7.322922393198109,7.490334042223197,52949900
2021-02-11,7.582139492034912,7.6955475822691835,7.5254357044281655,7.598340500633872,61158600
2021-02-12,7.679347515106201,7.69284827142364,7.4552315610991835,7.509235101389776,47801100
2021-02-17,7.989869117736816,7.992569371859874,7.5956407711243275,7.700948621840295,54973400
2021-02-18,7.903461456298828,8.348992996579444,7.841357169021681,8.2031823933854,105539200
2021-02-19,7.37962532043457,7.6928475769131515,7.336422286094132,7.568638981939587,215834800
2021-02-22,5.851316452026367,6.264446039375755,5.778411139843397,6.15643794057693,490230400
2021-02-23,6.49666166305542,6.550665707860568,6.132135648172524,6.223942215328831,293503100
2021-02-24,6.588468551635742,6.750480178934319,6.483161225651012,6.6289713297051955,155246400
2021-02-25,6.261745452880859,6.817984866064896,6.23744368344372,6.750480065410788,170233000
2021-02-26,6.005228042602539,6.323850839178444,5.932322721686863,6.264446789740215,159881000
2021-03-01,5.940423965454102,6.221244254667413,5.918822444362377,6.156439176371351,90330100
2021-03-02,5.937722206115723,6.029528776243812,5.581296940922316,5.897219428711154,147772300
2021-03-03,5.721707344055176,5.910720486665856,5.529993432455173,5.886418715969788,185688500
2021-03-04,5.999826431274414,6.048429969618451,5.702805723653298,5.751408746976584,127843200
2021-03-05,6.045731067657471,6.269847032896084,6.01872955366941,6.059232339672366,126306300
2021-03-08,5.69740629196167,6.016029090145567,5.659603246654884,5.924222503718992,141142800
2021-03-09,5.829714775085449,5.926921855325081,5.632600875729102,5.7676104804971375,122648000
2021-03-10,6.032230377197266,6.032230377197265,5.827015675495179,5.924222774991134,111744100
2021-03-11,6.288748264312744,6.342751802591816,6.105135101118091,6.107835355285168,130577500
2021-03-12,6.256346225738525,6.3130500226838375,6.172640400000789,6.250945716975868,68123200
2021-03-15,6.385954856872559,6.391355365221638,6.237444482418638,6.2401447365931775,68295000
2021-03-16,6.28604793548584,6.394055525781992,6.272546664810811,6.380554255106964,43407900
2021-03-17,6.50206184387207,6.5155625968847,6.240143424273767,6.248243670073059,77966400
2021-03-18,6.2752461433410645,6.453458774058284,6.22934285876113,6.448058266455761,77198900
2021-03-19,6.480461597442627,6.491262613981689,6.259045908600001,6.283347680792076,90244500
2021-03-22,6.350852966308594,6.421058034025337,6.272547135578854,6.3967562600072005,44129300
2021-03-23,6.156439304351807,6.380555283470223,6.156439304351807,6.25634666336597,57124700
2021-03-24,6.161838531494141,6.356252699933309,6.16183853149414,6.261745869722134,63338300
2021-03-25,6.26444673538208,6.291448248060983,5.983626471338081,6.129437111904197,79214500
2021-03-26,6.334651470184326,6.448059577797335,6.240145143024199,6.340051978885149,60918600
2021-03-29,6.434558868408203,6.434558868408203,6.286048483188894,6.302249494389707,50099700
2021-03-30,6.434558868408203,6.477761908290943,6.364353799843537,6.383255065414628,41959100
2021-03-31,6.507463455200195,6.542565728001228,6.4210573852092185,6.426457378318053,68609400
2021-04-01,6.450760364532471,6.585770003070335,6.421058594268352,6.558768487379481,47232900
2021-04-05,6.491263389587402,6.534466430864118,6.3940562892043555,6.515564649662288,40454400
2021-04-06,6.485861301422119,6.580368124336179,6.456159024643793,6.529064332179275,45934300
2021-04-07,6.480461597442627,6.572268177941396,6.461560333520083,6.464260587654849,55892200
2021-04-08,6.399455547332764,6.491262120857224,6.310349227737937,6.475060597279418,63231300
2021-04-09,6.385954856872559,6.421057646120751,6.31034980006874,6.34545207429611,47494400
2021-04-12,6.450760364532471,6.580370008944704,6.421058594268352,6.469661631524429,50592900
2021-04-13,6.472360134124756,6.51016317289684,6.396755086622104,6.475060387967101,53612300
2021-04-14,6.574967861175537,6.63707215582022,6.475060526947367,6.534465082712516,90836500
2021-04-15,6.444579601287842,6.651118683071749,6.425042199712295,6.614835013339201,64193600
2021-04-16,6.40550422668457,6.486444959184361,6.366428894665226,6.4557430266736375,59567300
2021-04-19,6.776715278625488,6.946970114444144,6.355263823419402,6.405503147296888,196519100
2021-04-20,6.648327827453613,6.863240318473274,6.631581558596868,6.790672443621663,94965400
2021-04-22,6.6176252365112305,6.751596971179734,6.600878969310506,6.737641304883933,46600100
2021-04-23,6.6120429039001465,6.6818196320010435,6.561803574490831,6.665072833961813,60341000
2021-04-26,6.637162685394287,6.712521148480103,6.589714488156598,6.656700084429654,33281000
2021-04-27,6.447369575500488,6.7460138769845015,6.447369575500488,6.648326354316249,76684900
2021-04-28,6.681819438934326,6.723685368114338,6.519937455711885,6.5311014550612745,66374200
2021-04-29,6.592505931854248,6.779507596560962,6.536684332819262,6.7320593970874905,49775900
2021-04-30,6.592505931854248,6.679028931239676,6.497609532907305,6.531102066444919,61039200
2021-05-03,6.539475917816162,6.6455363244852395,6.503191716230295,6.64274519110523,49039900
2021-05-04,6.388757705688477,6.5980879113254955,6.385966572397474,6.570177643123953,44765000
2021-05-05,6.651118755340576,6.68461182437277,6.452953071659101,6.466908206549189,75611900
2021-05-06,6.559013366699219,6.656700906291124,6.531102565050923,6.6176255710418035,54091600
2021-05-07,6.804625988006592,6.8241639181847855,6.547847618703277,6.598086945881732,74118200
2021-05-10,6.893940448760986,6.972090037853092,6.8604473874685485,6.92185071209151,73804500
2021-05-11,7.019538402557373,7.025120668301718,6.78787969770866,6.82137275982057,73729900
2021-05-12,6.916270732879639,7.125600955071893,6.891151063628225,6.963718937870721,89980700
2021-05-13,6.974883079528809,7.005585016419809,6.8185833262146485,6.910688604533352,77282100
2021-05-14,7.340514659881592,7.362843200938209,7.131184387842903,7.200961145189133,196135500
2021-05-17,7.440990447998047,7.440990447998046,7.3126015202696335,7.340511786398974,83512600
2021-05-18,7.354467391967773,7.480065185590306,7.332138859833488,7.452154919688097,63510600
2021-05-19,7.298646926879883,7.3544685320460745,7.200959384016187,7.214915051484875,84700500
2021-05-20,7.237243175506592,7.3349307128149075,7.178630440179903,7.298646511814041,71371100
2021-05-21,7.242823600769043,7.343301713512671,7.240032468143648,7.2791072601909415,82884500
2021-05-24,7.365633010864258,7.401917216279313,7.253990325653155,7.334931605152652,63029600
2021-05-25,7.212122917175293,7.429826508287894,7.195376650891003,7.390751177152274,63672000
2021-05-26,7.281899929046631,7.307019595620452,7.159092729391754,7.2316605958989895,46646900
2021-05-27,7.231659412384033,7.326555796720362,7.1925846184881825,7.279107604552197,48877800
2021-05-28,7.533097743988037,7.541471145499853,7.29864782520068,7.312603494387038,129526400
2021-05-31,7.499602317810059,7.591707569592911,7.474482655291631,7.524721447974344,46298900
2021-06-01,7.616827964782715,7.731261757327895,7.538677836946464,7.6475293634274415,90744900
2021-06-02,7.77871036529541,7.834531431825178,7.608454967818044,7.633574634080417,103985100
2021-06-04,7.954549789428711,7.988042864883282,7.792667744832757,7.831742555901113,102757300
2021-06-07,7.895936012268066,7.968503352094362,7.817785873222628,7.954548217286444,74548900
2021-06-08,7.999207019805908,8.038281831613538,7.803831896058991,7.86244464612482,88398600
2021-06-09,7.999207019805908,8.116431987583182,7.960132207998279,8.015953291672837,60724200
2021-06-10,8.004786491394043,8.1024740191402,7.974084560068458,8.046652422612626,35871000
2021-06-11,7.974085330963135,8.052235467186064,7.887562327099562,8.038279800527906,54894400
2021-06-14,8.024323463439941,8.191787711756477,7.985248667362612,8.066189392430532,64286600
2021-06-15,8.102474212646484,8.110847079677646,7.990831016925031,8.082936280747282,42597100
2021-06-16,8.133174896240234,8.17504135712662,8.029905641351029,8.116428631298177,77432900
2021-06-17,7.8512773513793945,8.149922200142711,7.789874021205528,8.096891736783256,95264600
2021-06-18,7.904307842254639,7.932218640559629,7.714515052605746,7.81499371356203,115250700
2021-06-21,8.080145835876465,8.0941009694338,7.926636704974671,7.926636704974671,50709600
2021-06-22,8.122013092041016,8.169461299161544,8.001997007421194,8.09410228802524,41602700
2021-06-23,8.17783260345459,8.239236467014768,8.09410073977788,8.163877470293206,57278500
2021-06-24,8.275521278381348,8.275521278381348,8.155505200102255,8.230864207257166,51447000
2021-06-25,8.122013092041016,8.314597054160133,8.080147152194506,8.286686250144356,84950900
2021-06-28,8.10805606842041,8.169459933461006,8.001995669715901,8.144340267281528,40341200
2021-06-29,8.144339561462402,8.144339561462402,8.021532374378364,8.11921989745989,43215200
2021-06-30,8.214115142822266,8.253189933667404,8.071770577431135,8.1024725030118,71367600
2021-07-01,8.110846519470215,8.339714096653978,8.071771723079086,8.30063930026285,65084000
2021-07-02,8.144339561462402,8.200160622970294,8.018741241449844,8.177832091896303,37336700
2021-07-05,8.052233695983887,8.138756680815511,7.918262519659926,8.09689075475854,56028600
2021-07-06,7.722888946533203,8.038279550227232,7.722888946533203,8.010369282488504,97839700
2021-07-07,7.828948497772217,7.856859294833832,7.650320248344559,7.856859294833832,73793500
2021-07-08,7.67264986038208,7.7256803290342235,7.611246524079876,7.647530192723394,80574200
2021-07-12,7.739633560180664,7.753589223422825,7.614035785125933,7.69776763516242,53001200
2021-07-13,7.787083148956299,7.806620548649873,7.641947419298022,7.692186751283904,41594300
2021-07-14,7.722888946533203,7.8708158143779325,7.686605279060317,7.842905014284971,51654600
2021-07-15,7.558216094970703,7.711724702706464,7.5135590260892355,7.672649900523743,67982600
2021-07-16,7.446573257446289,7.64194779637665,7.418662456926454,7.600081861774019,69024100
2021-07-19,7.323766231536865,7.382378967280212,7.2177058258238285,7.248407228018673,80087700
2021-07-20,7.42145299911499,7.5191405269767415,7.231660209521691,7.309810338281932,63408800
2021-07-21,7.524723529815674,7.602873671756126,7.421454250761304,7.477275856769382,51116600
2021-07-22,7.507978439331055,7.597292597078392,7.454947958535683,7.535889246715691,37736500
2021-07-23,7.463318347930908,7.583334398592979,7.446572083201411,7.563797001016206,34025500
2021-07-26,7.667067050933838,7.667067050933837,7.457736856833509,7.463319123107862,46802600
2021-07-27,7.577751636505127,7.647528356053708,7.507974916956545,7.633573225085641,51901800
2021-07-28,7.734052658081055,7.78708312304013,7.591708594400412,7.655903059566853,46727100
2021-07-29,7.761962890625,7.7926648205743545,7.675439899004482,7.759171757688316,43916600
2021-07-30,7.51076602935791,7.7675443778981,7.488437500456769,7.703349923851583,74150400
2021-08-02,7.371213912963867,7.650320840474364,7.36004991268764,7.591708641227183,70528800
2021-08-03,7.494022369384766,7.4996046366380025,7.198169125569158,7.3572600158062835,71850400
2021-08-04,7.334929943084717,7.47169226802277,7.242824682111979,7.410288405804815,87970600
2021-08-05,7.912680149078369,8.088517249122722,7.83173889840355,8.02432279453146,223915900
2021-08-06,7.923844814300537,7.965711275678698,7.820575558198304,7.954546744016743,51106100
2021-08-09,7.868025302886963,7.873607037463254,7.722889556817913,7.801039696783003,75381900
2021-08-10,7.893144607543945,8.03269808024367,7.881980074197927,7.898726341862704,84380900
2021-08-11,8.001994132995605,8.091308247879793,7.8066191074208575,7.859649562766138,97863500
2021-08-12,8.122013092041016,8.147132762419783,7.954548800300667,7.999205873784185,95319300
2021-08-13,8.191789627075195,8.264357502724565,8.099684348819132,8.110848350728261,85201800
2021-08-16,7.993623733520508,8.16108802792169,7.881981048037825,8.14992402555058,101262100
2021-08-17,7.993594646453857,8.171032473637652,7.822070999864718,7.937405700346404,93623700
2021-08-18,7.922621250152588,8.076400698632522,7.881218591969211,7.993596510388225,86103100
2021-08-19,7.878260612487793,7.946279058531165,7.72743798457434,7.765883266780749,80808200
2021-08-20,7.866432189941406,7.875303744818686,7.739267972128996,7.807285858473841,88445600
2021-08-23,7.9906392097473145,8.076400771785883,7.916706575824548,7.966980789454478,70161500
2021-08-24,8.15624713897705,8.171033438300988,8.055698724203012,8.070485587588113,49831400
2021-08-25,8.200606346130371,8.23017950792026,8.097100561896333,8.171033184340482,46031200
2021-08-26,8.129632949829102,8.244967686638748,8.12371820331033,8.156248745102292,41061300
2021-08-27,8.425360679626465,8.425360679626465,8.182861794348076,8.191733911148901,76465300
2021-08-30,8.369173049926758,8.490422511620803,8.357344123061111,8.398746213182637,61054000
2021-08-31,8.040912628173828,8.348472061564706,7.981766301260378,8.339600507370513,110574300
2021-09-01,7.996554374694824,8.085273314424743,7.786585390044164,8.079358568026413,69430400
2021-09-02,7.866432189941406,8.088230086852942,7.825029532289622,7.984724288815315,56052000
2021-09-03,7.786584377288818,7.919663333636161,7.718566494738484,7.881218051108623,58182700
2021-09-06,7.825029373168945,7.898962003969384,7.733353068913542,7.751096742368508,26770700
2021-09-08,7.384391784667969,7.792500268066006,7.331160758367647,7.774756592632566,80378400
2021-09-09,7.541128635406494,7.653505990413846,7.138934927685221,7.416921788260879,156617100
2021-09-10,7.493812561035156,7.7303967873730794,7.490855187698271,7.694909435453035,78379900
2021-09-13,7.757010459899902,7.804327292214734,7.5825294292160335,7.629846261530865,63317900
2021-09-14,7.653505802154541,7.762926345497054,7.606188962887837,7.674207412887289,65497300
2021-09-15,7.786584377288818,7.825029095755168,7.650548612188149,7.6889933306544975,67274100
2021-09-16,7.71856689453125,7.75996898795659,7.544085837865579,7.712652148595854,65567700
2021-09-17,7.372562408447266,7.694908740248268,7.325245567454572,7.680121874899777,131694100
2021-09-20,7.2897562980651855,7.289756298065186,7.035428466074847,7.121190012891027,80260600
2021-09-21,7.455367088317871,7.479026074430951,7.25427078290817,7.416922364006667,64570200
2021-09-22,7.644634246826172,7.754054226100252,7.5470431953373796,7.550000568299006,70231800
2021-09-23,7.937406063079834,7.969936596111996,7.662376628690781,7.674206118542885,84480600
2021-09-24,7.955151081085205,8.002467920384976,7.827986863944113,7.8516452835939985,44821500
2021-09-27,8.026126861572266,8.120760546321103,7.836859492074594,8.026126861572266,89178700
2021-09-28,7.972896099090576,8.247925626430565,7.901920828174017,8.040914560605927,117874300
2021-09-29,8.100058555603027,8.141461210908131,7.931492253754296,8.0468269731116,58731700
2021-09-30,8.052741050720215,8.156246834304872,8.034997379382062,8.141460535533268,65744000
2021-10-01,8.280454635620117,8.280454635620117,8.005425159258657,8.020212023830418,60983200
2021-10-04,8.514082908630371,8.519997091015625,8.197650742476682,8.209480235369725,106937000
2021-10-05,8.70039176940918,8.715178069527134,8.546611766313205,8.576184930610307,100469100
2021-10-06,8.469722747802734,8.626460141926248,8.419448531880947,8.561399624170337,84599400
2021-10-07,8.457892417907715,8.570269759788506,8.354386630033124,8.487465580737764,60551100
2021-10-08,8.611675262451172,8.756583187792293,8.49042519832763,8.576187342502099,84170500
2021-10-11,8.670819282531738,8.827556670708866,8.62054506851728,8.724050869613073,76466700
2021-10-13,8.762494087219238,8.783195695133816,8.599842544889817,8.626458333861706,55605400
2021-10-14,8.777280807495117,8.936974974672294,8.724049230415682,8.830512384574554,76172700
2021-10-15,8.753623008728027,8.824598261818382,8.727007218311497,8.812768770939403,72479900
2021-10-18,8.709263801574707,8.765452192714847,8.573227472781154,8.694476937542154,68971300
2021-10-19,8.28341293334961,8.670819803403084,8.239053462804158,8.647161381508091,111484000
2021-10-20,8.428321838378906,8.517040790000465,8.26567023905227,8.360303937864956,56063300
2021-10-21,8.117804527282715,8.333687712134248,7.961067119124875,8.239054018175292,101567700
2021-10-22,8.037956237792969,8.209479929931588,7.62097621786872,8.014297816948375,138384700
2021-10-25,8.588013648986816,8.667860452122804,8.176947886783708,8.209478420988718,135830600
2021-10-26,8.505210876464844,8.644204035020499,8.457894032528397,8.51703980541832,57865600
2021-10-27,8.48451042175293,8.593930419493507,8.419449333739417,8.525912522080572,57579200
2021-10-28,8.56435489654541,8.650117011166158,8.354386515057913,8.437191257030237,89578000
2021-10-29,8.029082298278809,8.632372739143273,7.975850722430636,8.61462850448647,157340000
2021-11-01,8.280454635620117,8.375088312634555,8.094144654505596,8.19469251328753,102157200
2021-11-03,7.940365314483643,8.236095862031926,7.925578448669476,8.194693201813513,83475800
2021-11-04,7.68899393081665,8.055699727522097,7.644634463258801,7.9906392127079995,92603400
2021-11-05,7.644634246826172,7.8486884686886365,7.6239332001560065,7.774755836831635,86264000
2021-11-08,7.724481582641602,7.88417577327332,7.606188921064074,7.632804713512897,59704100
2021-11-09,7.878260612487793,7.9699374767885,7.748139594103045,7.748139594103045,73021700
2021-11-10,7.816158771514893,7.964024051145333,7.736311385139747,7.866432989151693,68176300
2021-11-11,7.822072982788086,7.94923664075662,7.75996927628137,7.94923664075662,60848900
2021-11-12,7.981766700744629,8.032040911918912,7.688993552398345,7.780669856047495,85962500
2021-11-16,8.064571380615234,8.15033293772951,7.875303465078776,8.061614007740785,60978200
2021-11-17,7.860516548156738,8.11484495479696,7.833900758435731,8.100058091584646,82106800
2021-11-18,7.848688125610352,7.9107912629062245,7.703779677130931,7.893047589973288,63993000
2021-11-19,7.71856689453125,7.771798479827384,7.623933215809778,7.718566894531251,85893800
2021-11-22,7.79545783996582,8.023169945338006,7.774756790755739,7.7777136000189335,59195200
2021-11-23,8.221308708190918,8.29524134248782,7.836859235471526,7.869389775061759,108382300
2021-11-24,8.389874458312988,8.410575502878459,8.135546050083123,8.21539341974522,64263300
2021-11-25,8.759539604187012,8.809813822918267,8.446064798422098,8.59097270792718,104052200
2021-11-26,8.419445991516113,8.62350016681391,8.301153920351117,8.395787577283114,108871800
2021-11-29,8.715178489685059,8.818684287684324,8.519996385600146,8.682648515045054,84672200
2021-11-30,8.703349113464355,8.76545225062783,8.53478281080785,8.664903830786898,129384600
2021-12-01,8.753623008728027,9.070054556945466,8.718135100152264,8.824598261818382,135078600
2021-12-02,9.421530723571777,9.46471799652106,8.703952991296429,8.966400091682958,191410300
2021-12-03,9.554417610168457,9.614215874143438,9.375022818243515,9.461398018024695,105133000
2021-12-06,9.597603797912598,9.723844703817926,9.5278395869997,9.561060911377105,66142300
2021-12-07,9.753745079040527,9.823509298870142,9.56770589220661,9.727168142870559,98989300
2021-12-08,9.750421524047852,9.989613916245013,9.707233612762499,9.753743719811652,71167700
2021-12-09,9.730488777160645,9.796930790098232,9.564382794350614,9.667368326272502,67668200
2021-12-10,9.85008716583252,9.999582841942901,9.793611091929064,9.800255485010458,38517500
2021-12-13,9.790287971496582,9.982970917164488,9.730490340339623,9.856730628752056,45448700
2021-12-14,9.674013137817383,9.916527731178252,9.637469617245939,9.836796932003887,56833800
2021-12-15,9.733811378479004,9.733811378479004,9.497941161854284,9.66736935844747,55085100
2021-12-16,9.863375663757324,9.959716826045366,9.800255198617046,9.840120922296217,56545700
2021-12-17,9.630824089050293,9.846761723870543,9.561059885622024,9.740454004183281,93593700
2021-12-20,9.355088233947754,9.484650688532858,9.19562665389778,9.448107805798902,106282500
2021-12-21,9.368377685546875,9.541127426129407,9.341800753638484,9.484651366618568,40454500
2021-12-22,9.355088233947754,9.434819023972741,9.291967787561473,9.434819023972741,33734500
2021-12-23,9.411564826965332,9.4414639541379,9.351766572620198,9.411564826965332,28713600
2021-12-27,9.551095008850098,9.56106159697121,9.351767681936579,9.408243747334675,44227900
2021-12-28,9.56105899810791,9.727164953111316,9.534482070653121,9.637467585334933,30688100
2021-12-29,9.481328010559082,9.600923864695499,9.441462303417664,9.53448186431836,35508400
2021-12-30,9.451430320739746,9.534483309028692,9.431497147326708,9.484651009140112,43229100
2022-01-03,9.664046287536621,9.707233564965275,9.478007761188195,9.481329956935637,52704700
2022-01-04,9.700589179992676,9.767031189714045,9.604247410477278,9.687300397861996,51739200
2022-01-05,9.325190544128418,9.723845189271618,9.282003263832548,9.697268255171677,78459800
2022-01-06,9.3185453414917,9.517872646722095,9.248781133165279,9.398276770499086,61163100
2022-01-07,9.361732482910156,9.398275998734,9.242135982864104,9.338477748710975,47507600
2022-01-10,9.305256843566895,9.38166544038672,9.208915073420497,9.298612452458038,37455200
2022-01-11,9.580992698669434,9.657401295174445,9.2521029438642,9.335155931450693,73623800
2022-01-12,9.873339653015137,9.936460105583997,9.617536914245864,9.617536914245864,81378200
2022-01-13,10.072667121887207,10.175652658161255,9.800253399949623,9.810219987451266,76717500
2022-01-14,10.448065757751465,10.497897421981143,10.046088981191549,10.05937776292959,96458800
2022-01-17,10.464674949645996,10.567660462206343,10.381621973855156,10.431453632600876,35675900
2022-01-18,10.511186599731445,10.624138720993423,10.288604552967437,10.484609667295924,78198800
2022-01-19,10.461355209350586,10.700547607643271,10.444744863752343,10.597562070917206,77480200
2022-01-20,10.537764549255371,10.630784138579825,10.33511565749169,10.464678136414516,85353100
2022-01-21,10.554373741149902,10.59091662455584,10.474642949658756,10.487931098085278,61345400
2022-01-24,10.61417293548584,10.713836275286695,10.31186008662664,10.527797745291203,79117100
2022-01-25,10.959673881530762,11.039404047803986,10.49125440234503,10.531120119125713,98358500
2022-01-26,11.252019882202148,11.384905186720525,11.06265914700078,11.06265914700078,98679900
2022-01-27,11.255340576171875,11.507821086103895,11.019469142042919,11.378258635790889,90631000
2022-01-28,10.81017780303955,11.41148065740208,10.70387007407088,11.228764327442683,117400500
2022-01-31,10.74705696105957,10.96299525326643,10.654038012927689,10.796889264580575,62450300
2022-02-01,10.962992668151855,11.06930037446,10.61417042762277,10.747054426864038,57315200
2022-02-02,10.803534507751465,11.125780556734082,10.750380637873857,11.099202988151168,36271700
2022-02-03,10.654037475585938,10.936417135194683,10.504542473494961,10.74705641902636,51087800
2022-02-04,10.84007740020752,11.039404083829194,10.590917778392281,10.766990358145105,59346800
2022-02-07,10.680615425109863,10.889908055382882,10.673971033583847,10.81349945376586,48868100
2022-02-08,10.574307441711426,10.61417315865641,10.384946711921916,10.597562179244301,62590000
2022-02-09,10.61417293548584,10.86000908917541,10.514508962040923,10.544408090709991,50960500
2022-02-10,10.776955604553223,10.929774070403539,10.610850256989227,10.730446132581065,49534600
2022-02-11,11.215476989746094,11.265309298560181,10.840078327889469,10.886587806895545,88013400
2022-02-14,10.962992668151855,11.27527139702105,10.903194424942548,11.248695104087926,55687000
2022-02-15,10.79024600982666,10.856688665759073,10.594240871834584,10.850044273437007,65689000
2022-02-16,10.939739227294922,11.19554257180653,10.88658536786965,10.906518540387117,65811600
2022-02-17,10.896551132202148,11.059335536728764,10.813498149079741,10.913161475369039,43255200
2022-02-18,10.962992668151855,10.992891789756511,10.720478133930914,10.82014145018382,60304700
2022-02-21,11.245372772216797,11.295205066188663,10.962993152477232,10.979603494705227,51263800
2022-02-22,11.208830833435059,11.52110958465891,11.032757652586538,11.368292404312426,80206700
2022-02-23,11.368291854858398,11.494531466979936,11.228762195029528,11.355003074438915,86530100
2022-02-24,11.092555046081543,11.723758157752897,10.856684903190134,11.560973770498599,139674100
2022-02-25,11.295207977294922,11.295207977294922,10.92977528494478,11.11249163111985,86189100
2022-03-02,11.517788887023926,11.723761229730975,11.42476993695503,11.713794008446346,58071800
2022-03-03,11.374938011169434,11.604163806200358,11.348360446203966,11.567620288016865,69237400
2022-03-04,11.371615409851074,11.52111104755837,11.23540855489289,11.321784375474026,55418000
2022-03-07,10.564340591430664,11.494533871485217,10.507864530121664,11.46131318077503,110954100
2022-03-08,10.783597946166992,10.953026724476059,10.467997022046491,10.6307807766517,111633500
2022-03-09,10.816821098327637,10.903195644128397,10.544406778396997,10.830108612636085,87779300
2022-03-10,11.19554328918457,11.494533292377147,10.803533075571323,10.830109373342905,136437700
2022-03-11,10.79356575012207,11.421446071020338,10.654036085873626,11.265306064365337,92153700
2022-03-14,10.587594985961914,10.926450688932848,10.471320678263377,10.773633498093172,52274100
2022-03-15,10.331792831420898,10.477966281833668,10.122498926613787,10.345080981288929,66272000
2022-03-16,10.242095947265625,10.477966797050993,10.089278731226626,10.46467801288546,72034900
2022-03-17,9.969680786132812,10.431455198062922,9.800252614055921,10.3816235318389,178319300
2022-03-18,10.169008255004883,10.23877246215827,9.91984928606731,9.996257884466932,93097100
2022-03-21,10.551051139831543,10.660681053120927,10.178973493539226,10.268670868133443,67700800
2022-03-22,10.50454044342041,10.664001367980783,10.414843079314037,10.627458490253076,56128600
2022-03-23,10.647392272949219,10.786921944765506,10.527796407118656,10.607527195553692,52956100
2022-03-24,10.770312309265137,10.830110569968408,10.521153945741665,10.647394225503163,49402800
2022-03-25,10.730446815490723,10.813499811380415,10.604206540541782,10.680615778329795,51780100
2022-03-28,10.49789810180664,10.65736032476969,10.29192640703655,10.65071593347039,68610500
2022-03-29,10.730446815490723,10.883264023778604,10.604206540541782,10.673971386584041,93809000
2022-03-30,10.959673881530762,10.959673881530762,10.757024369046755,10.796889452183366,69648400
2022-03-31,11.112491607666016,11.152356692661044,10.796889955508885,10.820144694030002,94269500
2022-04-01,10.966317176818848,11.225443389463983,10.933096484902165,11.14571195466052,72545400
2022-04-04,10.863330841064453,10.92977348343708,10.713835212548044,10.92977348343708,56053000
2022-04-05,10.760344505310059,10.982927163509778,10.760344505310059,10.850041880946844,45847200
2022-04-06,10.750380516052246,10.889908947666768,10.644072777501695,10.830110686321056,56947100
2022-04-07,11.308496475219727,11.315140867112799,10.796889705046809,10.843399181010133,118469400
2022-04-08,11.364973068237305,11.431415726678225,11.24537653650131,11.31846358751515,60772700
2022-04-11,11.27859878540039,11.32842983002861,11.222122080742407,11.261988437190984,48125400
2022-04-12,11.245372772216797,11.521109268895467,11.228762429988802,11.428090338588387,68522800
2022-04-13,11.484567642211914,11.560976242842777,11.328427611586015,11.418124995097399,101438800
2022-04-14,11.364725112915039,11.655475713703009,11.32474664535515,11.48465982239059,119382100
2022-04-18,11.16483211517334,11.40833597377282,11.073972476788517,11.324745272827752,76350600
2022-04-19,11.502828598022461,11.630032214003917,11.310206633128542,11.324743812929999,88494100
2022-04-20,11.55734634399414,11.611862684506807,11.38653046423944,11.502830696685539,34694700
2022-04-22,11.106681823730469,11.375626265846787,11.019456655466044,11.28476662892084,74560900
2022-04-25,10.943133354187012,11.063068030333959,10.73597352204264,10.892251493285574,66413900
2022-04-26,10.924962997436523,11.113951216353648,10.863178414067619,10.943135341488581,48764100
2022-04-27,10.924962997436523,11.106682278732825,10.884985226930088,11.037629450947144,41881300
2022-04-28,10.997652053833008,11.128490170880843,10.994017584670111,11.066705581519821,43298500
2022-04-29,11.004920959472656,11.481025327132247,11.004920959472656,11.175736850396786,76243900
2022-05-02,10.895889282226562,11.02309293344272,10.65965432608463,10.964942811721757,72456200
2022-05-03,10.994016647338867,11.044897824873155,10.837737952678921,10.946769938657607,52531000
2022-05-04,11.655473709106445,11.691817008051261,11.048531327794505,11.121219312092123,109417000
2022-05-05,11.6336669921875,11.811752485839678,11.2738636159304,11.560979700504731,99439900
2022-05-06,12.015276908874512,12.037082330847142,11.59368762517016,11.8808036701402,129570200
2022-05-09,11.688185691833496,12.008012058187486,11.651842385242299,11.884442874805826,92314500
2022-05-10,11.789945602416992,11.938955346640846,11.702721130212195,11.760871240484724,60330600
2022-05-11,12.20063304901123,12.324202221964551,11.880806709648253,11.913516237383195,108895400
2022-05-12,12.295126914978027,12.385986553239201,12.087965664247138,12.087965664247138,114415900
2022-05-13,12.455037117004395,12.516820994324332,12.320565264996212,12.393251853276656,67000100
2022-05-16,12.578608512878418,12.67673708833679,12.360544549723796,12.447770412267255,92075300
2022-05-17,12.415058135986328,12.771227671830918,12.407789200184471,12.720346507625655,90914700
2022-05-18,12.211535453796387,12.560437536276838,12.149751562087134,12.422330490845162,80986200
2022-05-19,12.418694496154785,12.462308120045938,12.113407447364919,12.182460272247193,63983100
2022-05-20,12.658565521240234,12.658565521240234,12.447770494112246,12.571339658123259,79589900
2022-05-23,13.156476020812988,13.196454483847903,12.7748658138209,12.785768526863853,93807400
2022-05-24,12.798240661621094,12.99669429830481,12.437783362550844,12.636237771725275,154453100
2022-05-25,12.980494499206543,13.073646070622695,12.660538866627785,12.838742443786643,69991900
2022-05-26,13.012895584106445,13.187048988599766,12.939994087110101,12.968344497610735,78303600
2022-05-27,12.393234252929688,13.020996574351248,12.381083745324737,13.020996574351248,118295600
2022-05-30,12.14617919921875,12.50258635995255,11.793822980130747,12.490435852487495,98110100
2022-05-31,12.174530029296875,12.401334874829336,12.073278114413355,12.316282864631962,83598000
2022-06-01,12.158330917358398,12.283883083702792,12.089479579848728,12.109729655149456,46353200
2022-06-02,12.053028106689453,12.170479926904758,11.96797609602454,12.138079344863556,50738300
2022-06-03,12.263632774353027,12.328433941067663,11.959877015694103,12.032777748879939,60396900
2022-06-06,12.27173137664795,12.364883722410848,12.113778641752548,12.352733214922441,39213900
2022-06-07,12.417535781860352,12.676740457688132,12.21503193574718,12.227182444610683,80333700
2022-06-08,12.356783866882324,12.615988523502944,12.283882364085072,12.320333115483699,65923900
2022-06-09,12.178579330444336,12.417533894334893,12.142128581885387,12.35678290423356,53879000
2022-06-10,12.008478164672852,12.154281184041993,11.769523559591594,12.154281184041993,63101700
2022-06-13,11.854571342468262,11.980123468456231,11.611566654514647,11.753319453528473,64507100
2022-06-14,11.988226890563965,12.251481715067248,11.842423885766106,12.012527133866673,68816900
2022-06-15,11.777621269226074,12.158328638966326,11.680419535514018,12.150228301367644,72785700
2022-06-17,11.060758590698242,11.522467832212223,10.582849445047177,11.409065413289515,184606500
2022-06-20,11.186310768127441,11.441465228006534,10.493747338471513,10.538298423724502,92581800
2022-06-21,10.963555335998535,11.405013670829218,10.809652791718337,11.25921069125485,85179500
2022-06-22,10.931157112121582,11.157961194997895,10.688152351365826,10.765104026311498,57874700
2022-06-23,10.728652000427246,11.089108543070987,10.578799610279269,10.927105645955303,69262300
2022-06-24,10.647653579711914,10.971659454326531,10.603102482268302,10.838006934486634,53413400
2022-06-27,11.332115173339844,11.368565927858427,10.79750513705512,10.862306306756853,90417700
2022-06-28,11.473867416381836,11.676371254138305,11.348315253270261,11.575119335260071,51388000
2022-06-29,11.372613906860352,11.672319452122375,11.275412171031375,11.534616799908644,52048800
2022-06-30,11.31186294555664,11.364513596239114,11.097208628948062,11.198460533906513,49910100
2022-07-01,11.5548677444458,11.684470060007175,11.145809953148502,11.372614005380909,64948200
2022-07-04,11.801921844482422,11.85862343679174,11.55891788955093,11.55891788955093,37324200
2022-07-05,11.352365493774414,11.724972588477954,11.157961221218466,11.704721741081062,78428500
2022-07-06,11.206562995910645,11.534619013861805,10.898757053793295,11.405016674547316,57617200
2022-07-07,11.534618377685547,11.71282197065983,11.340214879435875,11.340214879435875,52147300
2022-07-08,11.664219856262207,11.733071186748434,11.490067217964835,11.5548683793059,43097800
2022-07-11,11.607518196105957,11.660169618705217,11.441465135583472,11.469815545064279,39577600
2022-07-12,11.433363914489746,11.514365740311286,11.32806184991801,11.461714321780086,46462000
2022-07-13,11.44146728515625,11.534618868805731,11.332115023050754,11.392866022279074,35497200
2022-07-14,11.133661270141602,11.340215284086364,11.03240934796226,11.340215284086364,47151000
2022-07-15,11.324010848999023,11.360461590690315,11.133657576548309,11.21870956465819,38610800
2022-07-18,11.583218574523926,11.619669323658933,11.461715819910317,11.498166569045324,46782300
2022-07-19,11.818121910095215,11.842422149835853,11.502215703504136,11.56296668910108,48562300
2022-07-20,11.814075469970703,11.834325547397146,11.676372780496278,11.773574542626884,43520800
2022-07-21,11.753323554992676,11.797873876378942,11.4212173669762,11.737122876313395,58843200
2022-07-22,11.878874778747559,11.935575604627573,11.684471285023955,11.76142295764027,55676200
2022-07-25,12.433734893798828,12.453984966862459,11.992276503092897,11.992276503092897,79106600
2022-07-26,12.559288024902344,12.806342952481353,12.38918477144465,12.63623969902366,78360100
2022-07-27,12.696990966796875,12.745591455971564,12.40133554476316,12.676740119231715,56097200
2022-07-28,13.07769775390625,13.21540042054471,12.729390917998286,12.7941920820057,114996500
2022-07-29,13.831011772155762,14.03756499246997,13.296401801362038,13.60825633017374,181480600
2022-08-01,13.640657424926758,13.831011509927272,13.454354281511787,13.770259745996437,81365100
2022-08-02,13.701409339904785,13.972763719829162,13.559655737497296,13.677108325068245,69147100
2022-08-03,13.709507942199707,13.835060866300285,13.592056901246652,13.77430910254611,65544500
2022-08-04,13.85530948638916,13.932261918406267,13.600155813332123,13.802659611303254,54387500
2022-08-05,14.122612953186035,14.199565377113048,13.818857288163507,13.831008565351627,77882600
2022-08-08,14.835433959960938,14.892134796406507,14.22792234950369,14.231971747114693,109484600
2022-08-09,15.078434944152832,15.171586520232253,14.924531601291283,14.989332764867472,79051200
2022-08-10,15.029833793640137,15.248538290414666,14.827329973289245,15.248538290414666,78369600
2022-08-11,14.681527137756348,15.333589693692367,14.681527137756348,15.167536620968042,128896500
2022-08-12,15.771778106689453,15.831463589617531,14.463680838257124,14.473628576856566,171288300
2022-08-15,15.776749610900879,16.030411215148874,15.194820271430396,15.35895413904164,96759000
2022-08-16,15.920991897583008,15.950835116205344,15.667331179973756,15.776753468916349,64218800
2022-08-17,16.29401969909668,16.323862910588364,15.71706517361729,15.741933567858593,72924700
2022-08-18,16.62228775024414,16.74165870112958,16.34873161374709,16.46312774728815,84552500
2022-08-19,15.781722068786621,16.487996161641316,15.582772087748566,16.373598143791295,125178200
2022-08-22,16.11993980407715,16.204494625298814,15.160004941758157,15.786698182681464,92400300
2022-08-23,16.632234573364258,16.662077783779438,16.22438685104078,16.229361668111707,73215800
2022-08-24,16.731712341308594,16.97045236539817,16.53773619031938,16.681975547791325,61067900
2022-08-25,16.55265235900879,17.08981869050704,16.249253067774024,16.960500026700483,99511600
2022-08-26,16.731712341308594,16.746632999896363,16.19952068185821,16.552656848907148,63545400
2022-08-29,17.149507522583008,17.44793396986451,16.637211349488066,16.686948142033142,73339500
2022-08-30,16.12989044189453,17.02019319818957,16.05031042384978,16.910769961876554,99361100
2022-08-31,16.527786254882812,16.632234645785545,15.826486934435204,15.950830799034685,114235400
2022-09-01,16.836162567138672,16.885901263372855,16.294023110878264,16.59244959627158,69184700
2022-09-02,16.62228775024414,17.194270315286342,16.542707748766148,17.12961097116769,81792300
2022-09-05,16.582496643066406,16.965475945633525,16.487995995940754,16.836157273422984,76337600
2022-09-06,15.965752601623535,16.20946742856,15.672301932880476,16.05030742223547,111813500
2022-09-08,15.816540718078613,16.30396848648607,15.617590705327455,16.070203288755515,63159800
2022-09-09,15.811566352844238,16.249255392228402,15.766802485482584,16.159729554841906,49871900
2022-09-12,15.657380104064941,16.279099462854067,15.647432366643885,15.990622666991106,71374500
2022-09-13,15.24455738067627,15.63748444225647,15.179898989471981,15.38879671680117,88327800
2022-09-14,15.478323936462402,15.632510055504447,15.234609138770058,15.29429460831414,49039700
2022-09-15,15.448484420776367,15.533038302789066,15.319166663070558,15.378852146884231,45553200
2022-09-16,15.30921459197998,15.393768444825284,15.09036915838009,15.349004584573755,107303600
2022-09-19,15.552931785583496,15.607642444338298,14.861579210028909,15.16995243095758,65559900
2022-09-20,15.463403701782227,15.717065309646348,15.339059832162665,15.627537571733312,67798200
2022-09-21,15.503192901611328,15.6524051579829,15.363927433307708,15.592720634901626,58812200
2022-09-22,15.8861722946167,15.955805503394943,15.433560706565885,15.657379092062572,69764300
2022-09-23,14.891424179077148,15.612618154782565,14.806870297934463,15.577802018194738,138630800
2022-09-26,14.56812858581543,14.9610547303726,14.558180848315638,14.78199925005019,42934600
2022-09-27,14.757134437561035,14.861582860660427,14.712370556613099,14.752160567603632,71087600
2022-09-28,14.558178901672363,14.831735005658926,14.214989593166703,14.757128881723348,104670700
2022-09-29,14.578075408935547,14.622839279121438,14.224939264878481,14.418915403238364,87536500
2022-09-30,14.821788787841797,15.164978131503968,14.423888786978722,14.53331105004896,121637100
2022-10-03,16.00554084777832,16.23433308104886,15.746905406862515,15.87124925937954,179694100
2022-10-04,15.602664947509766,16.403438605681394,15.453451775215814,16.363649564804827,115917200
2022-10-05,16.1895694732666,16.323861063780736,15.518113418032572,15.62256180043135,92893700
2022-10-06,16.741655349731445,16.806314680906386,16.13485677409706,16.41338767218128,82671900
2022-10-07,16.726736068725586,17.069924428826077,16.52281222043341,16.70186767695077,73500100
2022-10-10,16.537736892700195,16.85605693833913,16.413393006288917,16.736687869893096,52222600
2022-10-11,16.413389205932617,16.577524008713556,16.219413091618193,16.35867760500564,58332400
2022-10-13,16.88092041015625,17.1544783983042,16.119936654528704,16.164700516467768,91143900
2022-10-14,16.62228775024414,16.980398705563562,16.562603223469868,16.895845784078087,62246100
2022-10-17,16.60736846923828,16.985374930589117,16.33381231006997,16.53276327892168,100936400
2022-10-18,17.015213012695312,17.02516074898025,16.492969190424596,16.861027843620512,82313200
2022-10-19,17.61703872680664,17.6866728883069,16.92071418783612,16.97542579463216,113700900
2022-10-20,18.1392822265625,18.179071273661535,17.791119052096803,17.9552519545524,114347400
2022-10-21,18.76100730895996,19.094248033715655,18.09949688303633,18.12934010059812,139601400
2022-10-24,17.03510856628418,18.3133632762593,17.02516082995193,18.154203289616717,142110900
2022-10-25,16.6769962310791,17.15945096686026,16.517836257956017,16.930658742662892,113161200
2022-10-26,16.26915168762207,16.67699943425291,15.866277809690198,16.214440080601875,121334800
2022-10-27,16.393497467041016,16.68197619314491,16.249258103989067,16.318892273878962,111008800
2022-10-28,16.199520111083984,16.473076260464577,15.846383956477457,16.264179458247867,129745400
2022-10-31,14.826764106750488,15.717066750187731,14.503470205841943,15.224665095203605,262409400
2022-11-01,14.851629257202148,15.254503052272923,14.702416072927901,15.204765324181508,115944200
2022-11-03,14.89639663696289,15.11524117439898,14.642735017569327,14.821789552865356,139062100
2022-11-04,14.075723648071289,15.368899896872101,14.016039130445517,15.31916216640509,195361000
2022-11-07,13.503742218017578,14.075723750895847,13.46395222308696,13.906616035273638,117206600
2022-11-08,13.603218078613281,13.692745806999788,13.304792633547702,13.458978749842055,94745400
2022-11-09,13.379399299621582,13.901644086808593,13.250081569899134,13.503743161046817,103303500
2022-11-10,12.991447448730469,13.37442583241758,12.737785849975584,12.971551974944953,145470100
2022-11-11,13.424164772033691,13.608194126379036,12.78255086360817,12.832287655195326,146365800
2022-11-14,13.777301788330078,14.016041801669644,13.473902428459908,13.5584563017679,66639500
2022-11-16,13.503742218017578,13.98122310585332,13.394319969125453,13.832009913362265,85549900
2022-11-17,13.508715629577637,13.578347881186628,13.205316335564268,13.429135642404995,101525800
2022-11-18,13.279924392700195,13.727562091053025,13.041183464732782,13.628086625344242,127683500
2022-11-21,13.319714546203613,13.712640648179843,12.956629756155966,13.488822270700226,164898100
2022-11-22,12.414421081542969,12.467633548235636,11.866334400012262,12.238820651917539,164261300
2022-11-23,12.472955703735352,12.584700977573833,12.132396503824967,12.238821444098859,77317300
2022-11-24,12.903970718383789,13.106176823272145,12.37184821453291,12.515521534159,94233800
2022-11-25,12.696444511413574,12.946541747363304,12.558092525055246,12.909293330832837,58635900
2022-11-28,12.962505340576172,13.063607891959968,12.526165022139852,12.58469781111384,56067400
2022-11-29,13.505270004272461,13.77133128186993,13.026359907585665,13.090215060784077,96151500
2022-11-30,14.186388969421387,14.186388969421387,13.569126811355208,13.622339276349193,120774700
2022-12-01,13.617015838623047,14.255563290669613,13.601051797091763,14.143817029837026,71259400
2022-12-02,13.787293434143066,14.07464006173577,13.468019741798866,13.67022685342553,66301000
2022-12-05,13.632980346679688,14.14381751384341,13.595730915165339,13.835186471612854,56065400
2022-12-06,13.643623352050781,14.042715308276385,13.526556743604203,13.73940558393586,74991200
2022-12-07,13.48930549621582,13.872433328513758,13.446735737071604,13.483984149454903,57008400
2022-12-08,13.185998916625977,13.723442885746008,13.111501059508301,13.595732563528095,55567700
2022-12-09,13.148748397827148,13.329670155303466,13.031681796201465,13.297743084849783,61586200
2022-12-12,12.723048210144043,13.122140063699232,12.30799231706714,13.079570306584403,111293100
2022-12-13,12.409099578857422,12.877368061989799,12.40377823076008,12.824155595959752,102533100
2022-12-14,11.424670219421387,12.025969239621189,11.052185061765925,11.972756784258074,319501600
2022-12-15,11.727981567382812,11.903581969456104,11.084112749818589,11.17457362451957,132385600
2022-12-16,11.733301162719727,11.765229244686141,11.445955529624122,11.685410054713266,90767300
2022-12-19,11.908902168273926,11.978078667827575,11.515131604857629,11.759908504515076,63074100
2022-12-20,12.276069641113281,12.366530534185909,11.818443827340761,11.91422606882277,71875500
2022-12-21,12.542129516601562,12.62194770359376,12.159001610073027,12.504881097001425,74252800
2022-12-22,12.765620231628418,13.068929931740637,12.611305215318362,12.717729119511409,81894800
2022-12-23,13.36691951751709,13.420130963010497,12.840117275631641,12.840117275631641,68387900
2022-12-26,13.271136283874512,13.462699705978121,13.207281133211183,13.36691850239791,28765200
2022-12-27,13.361597061157227,13.468020958255638,13.063607713418039,13.436093890620432,50803200
2022-12-28,13.196638107299805,13.473342061648424,13.170032387242236,13.356275472474698,57293500
2022-12-29,13.037002563476562,13.329669561985481,12.999754147114688,13.297742492952906,57901800
2023-01-02,12.196248054504395,12.669836766911809,12.13239290628592,12.526164459570749,78424700
2023-01-03,11.887619018554688,12.292032318163152,11.775872744282577,12.206892782976455,96750300
2023-01-04,12.265422821044922,12.552769448894045,11.61623375748877,11.685409233669251,129504000
2023-01-05,12.707087516784668,12.792228068377492,12.318638253953454,12.419741834328475,73886000
2023-01-06,12.632590293884277,12.941221358640082,12.531486716567098,12.739015218949026,51851500
2023-01-09,12.701764106750488,12.770939582916323,12.37184772095019,12.504878341605568,46385200
2023-01-10,12.818832397460938,12.829475092119347,12.43570452424726,12.74433556473853,52741100
2023-01-11,12.919936180114746,13.100857932521489,12.797547219409074,12.850759678636335,53536500
2023-01-12,13.106178283691406,13.116820978540687,12.829475322212764,12.925257545969819,58130000
2023-01-13,13.074251174926758,13.122142286661841,12.90397211762123,13.005075688500101,40002700
2023-01-16,12.792226791381836,13.03700268107831,12.680480526344969,12.989111569625829,31973700
2023-01-17,13.579767227172852,13.632979683231968,12.829474540074537,12.829474540074537,91797500
2023-01-18,13.340313911437988,13.851152154042028,13.303065490455648,13.750048572130426,69692900
2023-01-19,13.776652336120605,13.808580419512165,13.191318349813576,13.303063596854415,75553300
2023-01-20,14.032072067260742,14.154460009975383,13.526555239605356,13.776652472319173,114219500
2023-01-23,14.255560874938965,14.686579773811681,13.904359125367352,13.97885695827916,87678100
2023-01-24,14.154460906982422,14.649335071430272,14.03207295651172,14.617406985699695,65794000
2023-01-25,14.335380554199219,14.409877380041104,13.840506462665257,14.127852087300477,51832900
2023-01-26,13.968216896057129,14.473733723034577,13.728761343290293,14.415199917926415,73344800
2023-01-27,13.632980346679688,13.957574416044592,13.53719812410068,13.93096869419186,47681900
2023-01-30,13.702155113220215,13.872434160003305,13.574445828132896,13.755367569075725,40683200
2023-01-31,13.872434616088867,13.946931447769916,13.579767621676282,13.638300411592873,54048900
2023-02-01,13.680870056152344,14.090604656734445,13.542519088498608,13.872434495893213,56349200
2023-02-02,13.04764461517334,13.734082147735156,12.99443215944577,13.57444579549562,83823000
2023-02-03,13.191316604614258,13.505267930216794,12.99443084285361,13.058285986245545,71170700
2023-02-06,13.718120574951172,13.766011688685868,13.170033948289248,13.233889104916605,82794500
2023-02-07,13.632980346679688,13.909683304755088,13.547839803875835,13.78729536032335,55311800
2023-02-08,13.861795425415039,13.915007896470499,13.601055433681106,13.728764755248127,48713100
2023-02-09,13.79793930053711,14.005466791562304,13.723442460670285,13.861793444724867,38198300
2023-02-10,14.218315124511719,14.255564558063046,13.797938809579602,13.824544532887264,54683100
2023-02-13,14.260885238647461,14.308776353724129,14.03207337376743,14.20235244295411,36726900
2023-02-14,14.207673072814941,14.399236508498525,14.15446061264712,14.28749125559504,35839000
2023-02-15,14.228959083557129,14.260886157350583,13.994824840870583,14.143819543479,72554100
2023-02-16,14.287492752075195,14.340705217816518,14.095928281383777,14.15446209519357,44115700
2023-02-17,14.06932258605957,14.191710547065876,14.032074164444031,14.191710547065876,61085700
2023-02-22,13.707476615905762,13.893719706042669,13.670228200867017,13.83518590244282,38608500
2023-02-23,14.127854347229004,14.255564661877012,13.712799376924503,13.712799376924503,73913400
2023-02-24,13.781973838806152,14.207672487673081,13.766010811873524,14.191708445797236,64409100
2023-02-27,13.91500473022461,14.228957121576695,13.734082978769397,13.750047020936588,76250600
2023-02-28,13.43077278137207,14.32473881053468,13.43077278137207,13.946931279545225,130248100
2023-03-01,13.462699890136719,13.531876388880201,12.872044559401395,13.468021237343388,109257700
2023-03-02,13.111496925354004,13.659583417666932,12.967824634310684,13.526552804333575,124516200
2023-03-03,13.675551414489746,13.696835791012619,13.010398155320853,13.212604299533133,87591800
2023-03-06,13.813901901245117,13.899042449097214,13.499950507983446,13.675550921475772,50227400
2023-03-07,13.356278419494629,13.718121975798878,13.265817530418566,13.686193886753172,59052500
2023-03-08,13.526554107666016,13.792615359968698,13.372238094157758,13.382880787836218,66220400
2023-03-09,13.46802043914795,13.957573188772363,13.452057413417212,13.489305826713123,68042300
2023-03-10,13.292420387268066,13.611694104208368,13.271136014108404,13.388202603844475,48118600
2023-03-13,12.872042655944824,13.228564746525171,12.824151553109923,13.063606052341378,58605500
2023-03-14,12.643233299255371,13.159391864100447,12.558093763094188,12.919937299250874,58916700
2023-03-15,12.41973876953125,12.494235591980267,12.132392143039745,12.414417422935879,93708800
2023-03-16,12.377171516418457,12.51552351106645,12.22285547875379,12.451668353943035,66821000
2023-03-17,12.510200500488281,12.51020050048828,12.164321067315626,12.292030349643538,93502700
2023-03-20,12.201569557189941,12.584697406562052,12.180284169197687,12.510200578475487,57575200
2023-03-21,12.451669692993164,12.55809462799601,12.281390608943331,12.345245772933719,43391200
2023-03-22,12.414421081542969,12.568737133457363,12.26010604457196,12.446348155581216,46435600
2023-03-23,12.13239574432373,12.595342886107677,12.020650477480624,12.435706500633701,74711200
2023-03-24,12.127073287963867,12.307994019519713,11.962114568251478,12.084502510017542,52556800
2023-03-27,12.334601402282715,12.430383627796179,12.148358298778009,12.297352984570425,39148700
2023-03-28,12.552769660949707,12.579375379558634,12.318635480407355,12.355883892437094,29091100
2023-03-29,12.717728614807129,12.79222646122338,12.488915758204827,12.616625047134278,49148600
2023-03-30,12.754976272583008,12.919934982389567,12.600661271567082,12.903970941618342,56116900
2023-03-31,12.478275299072266,12.888008927190112,12.350564982709244,12.770942321291201,59547800
2023-04-03,13.031682014465332,13.037003362120617,12.664517145797,12.818833182970387,73931200
2023-04-04,12.9146146774292,13.175354608070416,12.824153802313411,13.106178107423691,57505700
2023-04-05,12.957184791564941,13.052967016622956,12.38249245616011,12.872045261500762,93626400
2023-04-06,12.770942687988281,12.99443422562581,12.74433696336564,12.951864457263582,29565400
2023-04-10,13.042325019836426,13.12214320667667,12.786906415970321,12.786906415970321,41455900
2023-04-11,13.654264450073242,13.6755498390874,13.106177862277212,13.143427293051987,80565000
2023-04-12,13.75536823272705,13.915004593052334,13.398846080720242,13.82454371821648,71563400
2023-04-13,13.851152420043945,13.883079493650039,13.728763443824409,13.755370184282295,38852800
2023-04-14,13.99482250213623,14.048034959528346,13.686191467193813,13.728761230118863,38421100
2023-04-17,14.212991714477539,14.260882821436695,13.946930460234743,13.96289450086884,49427100
2023-04-18,14.574837684631348,14.69722665394975,14.111891591145296,14.212994154354293,99478800
2023-04-19,14.106569290161133,14.532266935285094,14.074642220512647,14.452448753692256,73217800
2023-04-20,14.202349662780762,14.356664658419598,13.989500867963514,14.111888798115542,54738400
2023-04-24,14.473732948303223,14.505660015315446,14.101246778369042,14.154459233351519,43820900
2023-04-25,14.415199279785156,14.633369433784306,14.218313499010156,14.452447694134792,53854100
2023-04-26,14.23427677154541,14.484373979348183,14.23427677154541,14.431162541689421,40249400
2023-04-27,13.888400077819824,14.463092445835793,13.787296499527729,14.287492028246005,115632700
2023-04-28,14.206189155578613,14.41598427656879,13.87650898504125,14.14624720245385,81138500
2023-05-02,13.630745887756348,14.230163039249401,13.570803943947544,14.20618694770437,67911100
2023-05-03,13.582792282104492,13.780599892298346,13.438932305899641,13.546827573877644,51133700
2023-05-04,13.798583984375,14.014373395272978,13.552823028006777,13.720659109449919,57854400
2023-05-05,14.386015892028809,14.487916883662592,13.894493865312143,13.966423304525506,83365200
2023-05-08,14.691716194152832,14.763645620280498,14.511890342238434,14.655751481088997,59352300
2023-05-09,14.739668846130371,14.865545907696463,14.529872600222657,14.631773568617971,33978200
2023-05-10,14.703705787658691,14.877536198405235,14.58382187843524,14.73967050310665,41500700
2023-05-11,15.243180274963379,15.27315067901286,14.344054433907397,14.46393719340295,136878100
2023-05-12,15.734701156616211,16.028415441010676,15.273149648297391,15.333091595648773,117237500
2023-05-15,15.381046295166016,15.674760605727453,15.225197675486909,15.620812962634776,81996700
2023-05-16,15.764673233032227,16.202248694864558,15.632801849490974,15.650784778595648,117782700
2023-05-17,15.381046295166016,16.040405488178344,15.291133937777438,15.944498821190841,107129200
2023-05-18,15.470959663391113,15.494936903353434,15.195228263610806,15.339088273491539,63010500
2023-05-19,15.446983337402344,15.692744326878941,15.369058451979397,15.632802371160762,69245500
2023-05-22,15.357068061828613,15.590840387149187,15.2851374999544,15.512915516510667,38010200
2023-05-23,15.734701156616211,15.842596433189188,15.297126884556963,15.375050615805474,58285300
2023-05-24,15.974469184875488,16.12432349457094,15.614818612946879,15.7347025180223,54796400
2023-05-25,15.854585647583008,16.08835799341787,15.698737035927234,16.064380756256554,49182700
2023-05-26,16.06438446044922,16.130320734549105,15.902542645482553,16.070378771121742,39866600
2023-05-29,15.998441696166992,16.076365411133622,15.92051683790305,16.034406399744107,17977100
2023-05-30,15.818618774414062,16.064379723022654,15.740695045246898,16.016426395081893,45736700
2023-05-31,15.656778335571289,15.800638331599345,15.506924030129861,15.74669069017662,49207600
2023-06-01,16.160289764404297,16.18426700504655,15.680756384536835,15.7646744401892,63148200
2023-06-02,16.29216194152832,16.543917246223156,16.250202914628805,16.442016262339585,39919300
2023-06-05,16.465991973876953,16.51993961957054,16.322131966459956,16.507952143092403,39321700
2023-06-06,16.81365203857422,16.933535936149173,16.310141498035534,16.45400263244451,75426600
2023-06-07,17.30517578125,17.419064230776016,17.04143188224175,17.17330326009706,82330400
2023-06-09,18.150354385375977,18.216289504139546,17.395088528002784,17.443041861329768,80442400
2023-06-12,18.468042373657227,18.57593764535083,18.006492029508767,18.114386157904868,119350400
2023-06-13,18.432010650634766,18.674704636440502,18.259569513838972,18.674704636440502,79174900
2023-06-14,19.223960876464844,19.223960876464844,18.444782954909915,18.483104019297365,98326000
2023-06-15,18.770503997802734,19.70296248786415,18.700251152027008,19.287827384374147,120579500
2023-06-16,18.93016815185547,19.108996093487804,18.546967334046553,18.66831369120872,94572000
2023-06-19,19.428333282470703,19.453879438286457,18.872690080029432,18.923783609826778,34573900
2023-06-20,19.52412986755371,19.63909059275929,19.096221178269406,19.351688779745345,55605300
2023-06-21,20.341630935668945,20.437431150554,19.70296121221413,19.754054741363884,89294300
2023-06-22,20.086164474487305,20.239445070976174,19.849856126879946,20.092550100112515,43455800
2023-06-23,19.262279510498047,19.97759016455819,19.08983838610419,19.926496633422886,76023400
2023-06-26,19.696575164794922,19.830695227421014,19.236733383863626,19.236733383863626,53635000
2023-06-27,19.543292999267578,19.926495061638665,19.377238731634584,19.75405395084681,48399600
2023-06-28,19.7285099029541,19.91372473127696,19.51136207162122,19.530522604326823,36794600
2023-06-29,19.81791877746582,19.87539914080703,19.64547768744219,19.798758250296874,32071800
2023-06-30,18.859914779663086,19.849852227674216,18.725793522727752,19.798758705547815,104262900
2023-07-03,19.211181640625,19.275048844661548,18.98126019335966,18.98126019335966,31266900
2023-07-04,19.255891799926758,19.409172386431916,19.134544212131328,19.134544212131328,18308000
2023-07-05,19.230342864990234,19.511356623881678,18.94294104548121,19.262275859084284,53585500
2023-07-06,18.936559677124023,19.160094354897698,18.617224771209063,19.064294126756405,47685700
2023-07-07,18.840755462646484,19.287824723602697,18.751342097721537,19.006809724768342,55533500
2023-07-10,18.87268829345703,18.949329189980805,18.527807304514354,18.591674515256546,25590200
2023-07-11,18.61722183227539,18.859917004631612,18.52142161925722,18.859917004631612,40877000
2023-07-12,18.62999725341797,19.013199359334827,18.610836721764056,18.649157785071882,40181800
2023-07-13,18.92378044128418,18.981260804952583,18.546966483475018,18.566125792587393,35886500
2023-07-14,18.553354263305664,18.891849642217224,18.432007897610198,18.840756115038666,34451100
2023-07-17,18.51503562927246,18.578902846949966,17.850819732657634,18.144607228541958,52160800
2023-07-18,18.4128475189209,18.64915584541088,18.33620661844243,18.521421417335358,35640400
2023-07-19,18.585285186767578,18.60444449471186,18.24678986782037,18.400070422202436,46517700
2023-07-20,18.60444450378418,18.744952592327095,18.44477710728764,18.566124669711368,33177100
2023-07-21,18.955718994140625,19.070679747802636,18.604449889266053,18.617223577043145,52059200
2023-07-24,19.3516902923584,19.421944345067754,19.00680930794987,19.03235546101146,45268100
2023-07-25,19.79875946044922,19.830692456183662,19.287824219703907,19.479424630441972,56261000
2023-07-26,19.79875946044922,19.939266347112753,19.562451150250947,19.766826464714775,45880200
2023-07-27,18.770503997802734,19.728508645010074,18.764117153974777,19.70296248786415,86471900
2023-07-28,19.00680923461914,19.128156811149204,18.725794243031626,18.79604829546993,43608600
2023-07-31,19.8690128326416,19.894558984721435,19.351689548661295,19.351689548661295,91290800
2023-08-01,19.543292999267578,19.856241005056997,19.128157939267975,19.856241005056997,75752400
2023-08-02,19.49858856201172,19.53052156331966,19.032358703020737,19.48581487422218,62068400
2023-08-03,19.747665405273438,19.881785445549866,19.556064999688346,19.754052247881695,57304400
2023-08-04,19.160093307495117,19.888176463366836,18.994039019316915,19.607162638603043,120685800
2023-08-07,19.281436920166016,19.479424168993994,19.070675986080577,19.070675986080577,44984900
2023-08-08,19.30059814453125,19.40917204365901,18.98126329041029,19.102610876062677,34771300
2023-08-09,19.45387840270996,19.619932670253338,19.262277980710714,19.294210978322,48561500
2023-08-10,19.56245231628418,19.70934727264922,19.236731842247817,19.351691364643475,54020200
2023-08-11,19.517745971679688,19.82430835789563,19.262278331637898,19.549680188038536,39403200
2023-08-14,19.568836212158203,19.632703415980522,19.33252914163089,19.466649173308728,27992700
2023-08-15,19.709352493286133,20.533237206764127,19.702965648433654,20.469368758239362,87366200
2023-08-16,20.143644332885742,20.424658143478897,19.72212118066428,19.79876208602251,74461000
2023-08-17,20.079776763916016,20.55877784591309,19.99674901638157,20.277764040230252,57570600
2023-08-18,20.130868911743164,20.2330559646421,19.91372111979148,20.060614856062983,45579700
2023-08-21,19.990360260009766,20.456588828528954,19.779599316832208,20.24582910351712,42236900
2023-08-22,20.294885635375977,20.294885635375977,20.04956957632645,20.221953594788182,31372200
2023-08-23,21.37560272216797,21.37560272216797,20.61313453149499,20.68606657937517,95507400
2023-08-24,21.34244728088379,21.69384687403773,21.1103930932169,21.39548968332248,49332300
2023-08-25,21.19658660888672,21.528095334609358,21.0838740215212,21.468423890439343,34079000
2023-08-28,21.435270309448242,21.441899344789007,21.123652535215243,21.282774675401715,24956100
2023-08-29,21.481687545776367,21.547988035744183,21.209850225585026,21.481687545776367,40607500
2023-08-30,21.627544403076172,21.68058680681983,21.415379846503583,21.488311887050603,34637900
2023-08-31,21.17669677734375,21.740259709029278,21.136914971859646,21.68721730171714,48971500
2023-09-01,21.634174346923828,21.673953617549575,21.189953101063306,21.35570680653946,50089200
2023-09-04,21.40875244140625,21.69384906024254,21.35571003362219,21.667327856350507,21667400
2023-09-05,22.124807357788086,22.204370969880266,21.36234171091388,21.39549195135168,75082900
2023-09-06,22.224260330200195,22.40990369768979,22.025356360861174,22.111546479080662,57856500
2023-09-08,22.144697189331055,22.323708974651147,22.05187298501569,22.19773706259602,39074100
2023-09-11,22.124807357788086,22.33697193163145,22.098288682958582,22.1911103678649,30276200
2023-09-12,22.23089027404785,22.396644010130405,22.204371598467628,22.24415087643861,31963000
2023-09-13,21.899381637573242,22.34360294184155,21.899381637573242,22.310452702227774,47685700
2023-09-14,22.456314086914062,22.54250673259737,21.945792307406986,21.945792307406986,46502100
2023-09-15,22.46957778930664,22.535880806367157,22.283934399940165,22.456317185894534,54801500
2023-09-18,22.628698348999023,23.01324566058499,22.443052464494496,22.54250570723624,52363400
2023-09-19,22.681739807128906,22.95357582317209,22.588918122997264,22.681739807128906,43247200
2023-09-20,22.734785079956055,22.946949678767304,22.549139159095073,22.641963384126324,39102300
2023-09-21,22.38338279724121,22.734782428008813,22.297192677854017,22.542507492388967,60109400
2023-09-22,22.56239891052246,22.668481205921513,22.416537335099655,22.555769873585643,31020500
2023-09-25,22.7082576751709,22.761300074997916,22.49609313426449,22.509353734221246,26767200
2023-09-26,22.184478759765625,22.60217887024524,22.184478759765625,22.54250742589101,60687500
2023-09-27,22.88727378845215,22.88727378845215,22.39664166810481,22.449684072121183,53708700
2023-09-28,22.840864181518555,22.90053562465499,22.681739490087665,22.84086418151855,30765000
2023-09-29,22.966833114624023,22.99998335000686,22.70825773775674,22.87401144387175,40227600
2023-10-02,22.622068405151367,23.05302911564964,22.496096480624757,22.907165023628465,34403400
2023-10-03,22.522615432739258,22.694998182183525,22.297190280880777,22.522615432739254,37947300
2023-10-04,21.627544403076172,22.350230714276865,21.475051286114688,22.27729867372985,88895900
2023-10-05,21.700475692749023,21.839708203956906,21.408750069856183,21.554611616702136,35342000
2023-10-06,22.217628479003906,22.42316401122549,21.435273213556652,21.61428501321923,48132800
2023-10-09,23.172374725341797,23.258567383404774,22.60881045856263,22.6419632318802,77528400
2023-10-10,23.344758987426758,23.430951650936272,23.033143638002876,23.139225943398557,48326500
2023-10-11,23.285083770751953,23.37127642033664,22.867386183413394,23.29834437293431,41578500
2023-10-13,24.054180145263672,24.107222552123908,23.72267268999068,23.729304255448795,66943700
2023-10-16,24.319385528564453,24.398946604443445,23.842014014888495,24.133742175113138,49626600
2023-10-17,24.975772857666016,24.975772857666016,24.286239206868643,24.33265005271458,68814800
2023-10-18,25.53933334350586,25.59900478355241,25.13489386421269,25.187936268343417,85931700
2023-10-19,25.419992446899414,25.50618509573682,25.14152486188673,25.433253048966804,56016600
2023-10-20,25.095111846923828,25.76475828275302,24.79012561337836,25.652044439537775,66242400
2023-10-23,23.43757438659668,24.398946443427022,23.377902947780974,24.259713929257376,104499100
2023-10-24,23.788976669311523,23.99450968127912,23.318234141421623,23.636483537167372,78634900
2023-10-25,23.914947509765625,24.054180033324062,23.702782941714347,23.921579075192877,32846500
2023-10-26,23.669631958007812,23.822125078425213,23.30497427620959,23.76908267347947,47858600
2023-10-27,23.49724578857422,24.173521251024958,23.31823147240776,24.007767535596862,45843100
2023-10-30,23.258563995361328,23.682893128319154,23.11269990745665,23.590071446634774,31346900
2023-10-31,23.033140182495117,23.324865846267183,22.86738644710618,23.212151991018036,36965200
2023-11-01,23.285083770751953,23.563551358178913,23.13922220514855,23.21878328904143,46335300
2023-11-03,23.563552856445312,23.79560708638835,23.23867440532364,23.72930660046217,30959700
2023-11-06,23.543657302856445,23.954728349950962,23.543657302856445,23.696152951127637,33583600
2023-11-07,23.152477264404297,23.483984688207574,22.980094516875003,23.25193050322565,48919900
2023-11-08,22.655221939086914,23.07292210838291,22.48283914734658,22.940318599012578,59742900
2023-11-09,23.125961303710938,23.30497563705437,22.781193239034828,22.87401492390893,56231100
2023-11-10,23.01987648010254,23.245301631041826,22.880641438933463,22.980094678454098,40004800
2023-11-13,23.66300392150879,23.702785731150513,22.986728332808152,22.993359899015832,44120000
2023-11-14,23.987878799438477,24.02766060314672,23.530399438198494,23.663000392157162,50888600
2023-11-16,23.57018280029297,24.193418520466192,23.53703255605432,23.855279453308057,72361200
2023-11-17,24.339277267456055,24.47850979457028,23.749194389418548,23.75582595501516,87666300
2023-11-20,24.359169006347656,24.67741586095129,24.047551188022755,24.37905864438502,67796900
2023-11-21,24.107219696044922,24.226562568140263,23.80886251580657,24.226562568140263,49597800
2023-11-22,24.22521209716797,24.22521209716797,23.59822292175216,24.046073459187767,58578300
2023-11-23,24.232101440429688,24.287222639931173,23.984063927643373,24.204543469002402,24068100
2023-11-24,24.301002502441406,24.67995154306177,23.915161997845665,24.101192100329857,53456200
2023-11-27,24.163204193115234,24.390575213852745,23.942724636940238,24.114974454472183,36996000
2023-11-28,24.528369903564453,24.542150202645775,24.21832237336629,24.23210004412431,36875900
2023-11-29,24.27344512939453,24.824644046132125,24.073634700725975,24.73507602913485,37528600
2023-11-30,24.741960525512695,24.748849360871844,24.28033233507411,24.431910367885056,58808800
2023-12-01,24.576602935791016,24.80397395867422,24.480143457594625,24.611055002281432,36388100
2023-12-04,24.052961349487305,24.49392040563724,24.011620452352012,24.418130075050854,35601900
2023-12-05,23.942724227905273,24.232102654819887,23.89449449008617,24.05985284023064,43234200
2023-12-06,23.081472396850586,23.97717080001894,23.081472396850586,23.80492100601259,64179200
2023-12-07,23.026351928710938,23.549992790896155,22.764534125941687,23.184824057128324,64723900
2023-12-08,23.763586044311523,23.798035482241822,23.067695307830757,23.22616482496904,53290700
2023-12-11,23.674015045166016,23.901383434727887,23.59133586971839,23.742913919985103,30613300
2023-12-12,23.481094360351562,23.83937163696198,23.288172794111258,23.80492220209445,30371500
2023-12-13,23.818702697753906,23.853152132904984,23.522432824472453,23.57066255934865,38992900
2023-12-14,24.335453033447266,24.624834082009006,24.004733712464937,24.114973486125713,57950000
2023-12-15,24.39057159423828,24.65928084917929,24.11497087575747,24.307889801700092,56570100
2023-12-18,24.693729400634766,25.01066837575046,24.514590779841633,24.63171937260577,44474300
2023-12-19,24.976219177246094,24.976219177246094,24.673060497566897,24.776408793030562,32183000
2023-12-20,25.065793991088867,25.313834146965807,25.003783952119633,25.058902526579168,38947900
2023-12-21,25.07267951965332,25.272489910897555,24.852199994253912,25.265598447296988,30511900
2023-12-22,25.313831329345703,25.355169598508194,25.058899737334873,25.148470367725796,31234700
2023-12-26,25.72034454345703,25.747902517301895,25.37584490132119,25.396514038785764,23466800
2023-12-27,25.741012573242188,25.789242310799903,25.582543060077757,25.713451972259616,19588500
2023-12-28,25.65833282470703,25.741011997481856,25.520532451199983,25.651441360453745,21421900
2024-01-02,26.030385971069336,26.10617629497145,25.768568197273208,25.79612616460965,24043800
2024-01-03,26.843408584594727,26.953648353036296,25.95459897310265,26.04416960631249,52300200
2024-01-04,26.61604118347168,27.112118845402218,26.533359382880345,26.95364933675407,45344900
2024-01-05,26.678050994873047,26.967429409532944,26.464460287631116,26.781399302255807,35783700
2024-01-08,26.47823715209961,26.47823715209961,25.913258067743975,26.44378772077512,35158100
2024-01-09,26.250869750976562,26.698720304182572,26.2026400148865,26.64359910389479,27279000
2024-01-10,26.009714126586914,26.367993947835323,25.844353198194266,26.25086274265662,27382000
2024-01-11,26.230199813842773,26.285321012446907,25.975270841107182,26.168189779574828,26564400
2024-01-12,26.299097061157227,26.684937542610115,26.299097061157227,26.52646804888569,24479500
2024-01-15,26.581592559814453,26.60915053253034,26.085512254398452,26.175082893614913,13818300
2024-01-16,26.250869750976562,26.72628090432646,26.23709207922811,26.602260832002447,31277700
2024-01-17,26.09929084777832,26.285320950141198,26.057949948923213,26.16130088189928,27577300
2024-01-18,25.995941162109375,26.27843074703152,25.878812552218417,26.27843074703152,22987200
2024-01-19,25.858142852783203,26.11307448582973,25.651443588728952,26.05106444378108,31745200
2024-01-22,25.97527313232422,26.051063472928483,25.651442632769143,25.83747275198225,22753700
2024-01-23,26.299097061157227,26.43689742084206,25.789239147143558,26.071728701752008,32498500
2024-01-24,26.09929084777832,26.554030221890883,26.023500514038993,26.381780419146377,25415300
2024-01-25,27.063888549804688,27.063888549804688,26.27154102294187,26.361109029245856,48655300
2024-01-26,27.53240966796875,27.62198030727372,26.808960974071287,26.939869886652716,41378200
2024-01-29,27.95269775390625,27.966478053512194,27.442839810103386,27.559968414268795,30547500
2024-01-30,27.780447006225586,28.06982803145883,27.594416910359215,27.67709607685872,34829000
2024-01-31,28.083608627319336,28.414330584410315,27.683990424013416,27.71843986128268,57978900
2024-02-01,28.641698837280273,28.855289552654998,28.021598456078543,28.097388794705818,61629200
2024-02-02,28.26963996887207,28.7863894352979,28.26275113244882,28.648591680243307,36485600
2024-02-05,28.393659591674805,28.717490093125708,28.200740635060814,28.255859210526097,27703000
2024-02-06,28.655479431152344,29.179117714165187,28.434999877428663,28.559019954938684,35474600
2024-02-07,29.07577133178711,29.07577133178711,28.53835008412942,28.607251591943882,30648100
2024-02-08,28.841508865356445,29.24801852573178,28.841508865356445,29.14466758747633,25589100
2024-02-09,28.455665588378906,29.16533653054104,28.45566558837891,29.034425004305945,30388000
2024-02-14,28.24207878112793,28.524568352162667,28.15250814787592,28.317866486454427,18315300
2024-02-15,29.14466667175293,29.144666671752933,28.145617270526643,28.255857041317743,33246400
2024-02-16,29.413372039794922,29.55117239205121,28.97930447842381,28.999973611349166,37268900
2024-02-19,29.55806541442871,29.585623383675166,29.323805591732757,29.461603322934764,12826700
2024-02-20,29.24802017211914,29.50294917162286,29.006868845389732,29.46849973303971,42375400
2024-02-21,29.28935432434082,29.43404615134122,29.027536525303233,29.24801605518926,20873800
2024-02-22,29.068878173828125,29.406488971646578,28.80016887981121,29.399597507104613,32162800
2024-02-23,28.869070053100586,29.10332990669659,28.66925963684914,29.034428403683886,43924500
2024-02-26,29.413372039794922,29.4409326359108,28.82083499324217,28.8690647222834,25885700
2024-02-27,29.372041702270508,29.50295062667221,29.199791872535933,29.420271444330282,27678100
2024-02-28,27.856237411499023,29.585624218803652,27.442838949577304,29.29624582112311,112322000
2024-02-29,27.65642738342285,28.414328078113677,27.45661698523245,27.96647754814531,61899800
2024-03-01,27.683990478515625,28.145618721144473,27.65642987731652,27.80111909112643,31248500
2024-03-04,27.61508560180664,28.076713744102353,27.573744708993267,27.74599448656445,21988000
2024-03-05,27.53240966796875,27.81489925809342,27.29126097944412,27.6288691433786,30293300
2024-03-06,28.138729095458984,28.138729095458984,27.63575996514434,27.697770001940587,45481000
2024-03-07,27.828676223754883,28.207625243877743,27.75288589406566,28.000926017294663,50199800
2024-03-08,25.286272048950195,25.53431219014633,24.183871713447765,24.73507319536071,230369800
2024-03-11,24.562820434570312,26.00282874477964,24.32166915816172,24.576598104469646,127528700
2024-03-12,25.36894989013672,25.651439452064217,24.914210531221155,25.045119430735692,76139100
2024-03-13,25.065793991088867,25.720343818358877,25.01756425281542,25.42407392420849,45140600
2024-03-14,24.955551147460938,25.437848470933677,24.907321415113664,25.31383103655732,39983400
2024-03-15,25.02444839477539,25.11401901833404,24.762627987316403,25.01066809666459,59362500
2024-03-18,25.038230895996094,25.30005132649262,24.459471466033083,25.086460629466067,35326100
2024-03-19,24.852201461791992,25.389620008147546,24.500813018787994,25.072681000210856,48540800
2024-03-20,25.286272048950195,25.313832648710537,24.673063160061673,24.96244157257486,39017900
2024-03-21,24.597270965576172,25.534310260009285,24.583490666737656,25.389618436366483,47220200
2024-03-22,24.838422775268555,24.955554016092762,24.41124397037867,24.735074463354525,34426800
2024-03-25,25.217369079589844,25.375841204812478,24.91421038486808,24.927990683944973,26951500
2024-03-26,24.983110427856445,25.26560000142099,24.92110039325333,25.26560000142099,24837800
2024-03-27,25.18292236328125,25.258712702220247,24.886652471968937,24.996892248155593,19995700
2024-03-28,25.741012573242188,25.851252348848906,25.127803657159607,25.148472793734747,31958200
2024-04-01,25.940820693969727,25.982158963464528,25.637659366616713,25.837469763586046,23697800
2024-04-02,26.609149932861328,26.62982169733685,26.02350162975073,26.057951066111908,45930700
2024-04-03,26.471345901489258,26.877855502359296,26.333548175084356,26.664267449437805,31437200
2024-04-04,26.16819190979004,27.201690812838574,25.7892428376703,26.505802707914956,165566800
2024-04-05,26.250869750976562,26.574700231858554,25.6101002534103,26.113072006904094,65469200
2024-04-08,26.61604118347168,26.912311064781896,25.995940820654138,26.202640065485486,36384400
2024-04-09,26.6849422454834,26.96743184987696,26.22331398175497,26.802073491771502,36989300
2024-04-10,27.277484893798828,27.373944384113496,26.636715275766825,26.68494502092416,55821500
2024-04-11,27.077674865722656,27.39461394688515,27.008775979669604,27.28437415220585,33195300
2024-04-12,26.829626083374023,27.59441556407068,26.664267758442584,27.367047210209158,39613500
2024-04-15,27.084562301635742,27.181021779088226,26.616042586874844,26.829630678855736,28692000
2024-04-16,27.208580017089844,27.360158056351526,26.83651981210284,26.877858082663565,37303000
2024-04-17,27.40839195251465,27.525523202976267,27.10523319963695,27.208584148378154,39221700
2024-04-18,27.45661735534668,27.96647792513244,27.318819616566618,27.55996828775512,45078800
2024-04-19,27.925138473510742,28.297198695472222,27.449729942108984,27.594419152319496,80546900
2024-04-22,28.593469619750977,28.655479658999045,27.91825065256292,28.083609005008686,51775500
2024-04-23,28.538345336914062,28.68303716509376,28.221406338660138,28.524567665966796,35456900
2024-04-24,28.407440185546875,28.93108111364677,28.39365988445754,28.62791974632882,45388300
2024-04-25,29.089553833007812,29.268692510223747,28.30409498279554,28.524574567826214,66372400
2024-04-26,29.500370025634766,29.59244606255312,29.089559269216725,29.245384411571184,31899100
2024-04-29,29.854520797729492,29.854520797729492,29.26663690614382,29.37996356330338,27886000
2024-04-30,29.762441635131836,29.897016194307895,29.479123645168915,29.74827546544163,36635400
2024-05-02,29.87576675415039,30.017425741845987,29.63494728564401,29.92534699455578,33244700
2024-05-03,29.495723724365234,30.08726438210122,29.170377067782525,30.08726438210122,45114200
2024-05-06,29.695371627807617,29.843257509378777,29.370024944901935,29.48093724056387,22977200
2024-05-07,30.057687759399414,30.057687759399414,29.577059415620308,29.687974516704163,23808600
2024-05-08,30.51612663269043,30.56049323034428,29.80627799435528,29.835852905436763,25352000
2024-05-09,30.811899185180664,30.937603149938205,30.272118208723207,30.360851414677267,27206400
2024-05-10,30.745349884033203,31.122456092434017,30.686194420377053,30.93759949954018,27968700
2024-05-13,30.774930953979492,31.033731928235838,30.693593585518595,30.863664167221376,18394300
2024-05-14,30.220355987548828,30.538309563197906,29.695363923826065,30.139018632751924,53613200
2024-05-15,28.39397430419922,28.69713900913548,27.728489429613376,27.80243093981722,131281100
2024-05-16,27.56581687927246,28.57883313659469,27.53624196528947,28.320032189255304,83168500
2024-05-17,27.12955665588379,27.669337650191395,26.996459663239374,27.617578022017256,67207900
2024-05-20,27.173919677734375,27.53623984787347,27.08518930123232,27.159130811536063,40400400
2024-05-21,27.122159957885742,27.425324662130603,27.040822604434325,27.20349731133716,27967400
2024-05-22,27.49187469482422,27.69891319111121,26.922516009347035,26.989064500394704,36528800
2024-05-23,27.21828842163086,27.883770528880216,27.04082483395154,27.684125050499,47987800
2024-05-24,27.070398330688477,27.499264134349925,27.040820600591108,27.410533764745416,23684700
2024-05-27,27.366172790527344,27.41793523917338,27.129556542523343,27.151741254996836,13623300
2024-05-28,27.9503231048584,28.312643356485335,27.661947200853508,27.6841290947959,46437700
2024-05-29,27.913341522216797,28.039042633420028,27.6841183644677,27.883763794632266,29246800
2024-05-31,28.68235206604004,28.756293581201486,28.024262990763972,28.046444881174807,53929400
2024-06-03,28.527074813842773,28.785872952311145,28.42355273776727,28.71193143294537,43454500
2024-06-04,28.20911979675293,28.41615829720416,27.87637733482201,28.393976406638103,34090200
2024-06-05,28.246089935302734,28.416157674185836,28.149963710477348,28.29045371546218,18627100
2024-06-06,28.379188537597656,28.630593648712143,28.297851175077067,28.305244198629797,25944100
2024-06-07,27.314414978027344,28.445739485971362,27.25526232243884,28.260882853638694,46003600
2024-06-10,27.728487014770508,28.142566769638606,27.447504223228318,27.499263840000882,32560900
2024-06-11,27.8468017578125,28.09820687956243,27.728493631147135,27.957716860612383,31131300
2024-06-12,27.240873336791992,28.176279870009058,27.08117041915661,28.100231690483284,52182400
2024-06-13,26.96708869934082,27.522248397993646,26.5031873741655,27.301707570510636,46233500
2024-06-14,26.3739070892334,26.997511344544378,25.970846580595033,26.989907688233984,53534900
2024-06-17,26.472774505615234,26.716132145050636,26.06210740117353,26.168576005795032,40941800
2024-06-18,27.301713943481445,27.484230733040885,26.480379687307778,26.53361399268362,36180700
2024-06-19,27.32452392578125,27.46901660536042,27.05074587937722,27.30171005559813,20776200
2024-06-20,27.75800895690918,28.054600917211932,27.529861518295686,27.545071734343527,39442900
2024-06-21,27.902498245239258,28.107831785194215,27.666747177960833,27.79602964697781,43340200
2024-06-24,28.183881759643555,28.183881759643555,27.742794268518875,28.01657231114087,24599400
2024-06-25,28.161062240600586,28.229506744576867,27.955728728671755,28.17627245271213,18572600
2024-06-26,28.206695556640625,28.22950942644965,27.91770730116938,27.986151811648053,25553200
2024-06-27,28.678205490112305,28.86832884059205,28.381613527532238,28.52610622951809,37731000
2024-06-28,28.936769485473633,29.028027869181308,28.67820164742545,28.746646160469137,22019700
2024-07-01,29.377857208251953,29.476719249224825,29.035634640514274,29.13449958253888,24963500
2024-07-02,29.286596298217773,29.735287470324803,29.23336199822641,29.52995682810199,33346200
2024-07-03,28.777069091796875,29.499538369865803,28.71622822999858,29.431093850868706,38509400
2024-07-04,28.381610870361328,28.86832613785341,28.229511624007095,28.822698394683417,32698800
2024-07-05,28.533708572387695,28.63257351232486,28.221906439710487,28.480474274202685,32758800
2024-07-08,29.23336410522461,29.294204967343717,28.358798470152262,28.50329116610718,48845900
2024-07-09,29.225757598876953,29.431091136933787,29.104078787552723,29.240967812923945,34832500
2024-07-10,28.951982498168945,29.324625527661087,28.883537978509246,29.271391223598208,32899700
2024-07-11,29.14971351623535,29.24097191225925,28.982404039314787,29.020428129237068,17229400
2024-07-12,29.0128173828125,29.28659250399122,29.005210826055336,29.225754555190857,15779100
2024-07-15,29.278989791870117,29.453902889253815,29.050842399676235,29.126890563390365,22969200
2024-07-16,29.202943801879883,29.27899197125467,28.98240004922062,29.164916816140785,19637000
2024-07-17,29.35504150390625,29.423486019942867,29.157314513718152,29.22575902975477,24606100
2024-07-18,29.301809310913086,29.400674263646344,29.164920268990745,29.278995437610046,21315500
2024-07-19,29.423484802246094,29.484325658894885,29.195337391916574,29.278992119282798,30593100
2024-07-22,28.83790397644043,29.347435985968126,28.807486449837846,29.347435985968126,25807800
2024-07-23,28.46526336669922,28.898744299101615,28.46526336669922,28.837903444914527,25284700
2024-07-24,28.69341278076172,28.898746326470754,28.51849966428035,28.640178480139205,23863800
2024-07-25,28.655385971069336,28.708620266631947,28.34358385375195,28.564127593112218,19562600
2024-07-26,28.62496566772461,28.99760863931554,28.457656223208083,28.64777953704903,32043200
2024-07-29,28.046995162963867,28.685809683956112,27.697166022120314,28.526103877919155,39790000
2024-07-30,27.87208366394043,27.963342057660114,27.674353759653744,27.76561215337343,16040700
2024-07-31,28.45005989074707,28.45005989074707,28.107837257527923,28.176281784171753,28561100
2024-08-01,28.01657485961914,28.7694645453149,27.97855077269654,28.70862368539724,29756300
2024-08-02,27.17242431640625,27.986151887038318,27.17242431640625,27.925313933699833,36483900
2024-08-05,27.149606704711914,27.149606704711914,26.313062478452284,26.465161692413236,44765900
2024-08-06,27.62111473083496,27.8796825530277,26.875831690644496,27.07355866006175,36009000
2024-08-07,27.583091735839844,27.94812816372971,27.377758201204614,27.9101040797717,25020500
2024-08-08,28.0241756439209,28.10022671102224,27.499436335653723,27.64392901156891,29870300
2024-08-09,27.765609741210938,28.100228657532842,27.058353625011865,27.47662436936247,66082100
2024-08-12,28.396818161010742,28.75425091797967,27.986151108457275,27.986151108457275,39655100
2024-08-13,28.221912384033203,28.617369326024466,28.11544376523792,28.54131824041906,28557200
2024-08-14,28.716222763061523,28.898742412656713,28.259927990650667,28.282741858955784,37955500
2024-08-15,29.15731430053711,29.32462376097043,28.898746453072807,28.936770539248066,33409000
2024-08-16,29.278989791870117,29.48432331516006,28.921557040100424,29.028025629720805,35472700
2024-08-19,29.23336410522461,29.49953852541774,29.202946575217034,29.355042928410846,28138200
2024-08-20,29.119291305541992,29.41588325029567,28.815092802637132,29.27899421409368,27322600
2024-08-21,28.944374084472656,29.499533807793366,28.853112805888678,29.415879086283812,38491900
2024-08-22,29.032913208007812,29.173698051433398,28.829558980623464,29.15805495954003,26334300
2024-08-23,28.8530216217041,29.35358861907265,28.8530216217041,29.22844686973051,29239000
2024-08-26,30.94915008544922,30.980436270633927,29.494375294123476,29.611696996758713,102270300
2024-08-27,30.534618377685547,30.792721944759478,30.46422595328087,30.69886637342485,35073100
2024-08-28,30.972610473632812,31.17596767560446,30.33125865254914,30.456400398526085,43284500
2024-08-29,30.761444091796875,31.152512521235746,30.722334861960718,31.011727647948526,25356600
2024-08-30,30.7927188873291,31.01171917685163,30.409473601990083,30.675400180713176,84437200
2024-09-02,30.503328323364258,30.816184166280433,30.417292817381586,30.76143484131227,15288400
2024-09-03,30.13572883605957,30.36254921574868,30.01841011056227,30.339086067372218,35866300
2024-09-04,30.143545150756836,30.440754909279526,30.12790206079022,30.299973066808658,28851300
2024-09-05,29.95583152770996,30.41729224636042,29.95583152770996,30.22958113102615,26206600
2024-09-06,29.36922836303711,30.07315248760891,29.306658987305347,30.01058012826283,32971700
2024-09-09,29.689903259277344,29.916723578949863,29.416156655268583,29.596047706990657,30521800
2024-09-10,29.19716453552246,29.658622325712493,28.939057991570674,29.658622325712493,37263500
2024-09-11,29.165876388549805,29.588230895530153,28.837377444138024,29.53347858511607,32907000
2024-09-12,28.837379455566406,29.18934156926631,28.743523886451346,29.165878422891232,22103300
2024-09-13,28.70441436767578,29.369229296990508,28.618378862646118,29.025090260486262,34729600
2024-09-16,29.103309631347656,29.502201070438225,29.06420338804459,29.126775764221584,22614800
2024-09-17,28.97034454345703,29.087663260148545,28.704417941895585,29.07202016786672,23443700
2024-09-18,28.274242401123047,28.884308061635732,28.274242401123047,28.868664969877116,38777000
2024-09-19,28.36809730529785,28.766985693172014,28.305524939725256,28.602737708965865,25059700
2024-09-20,28.36027717590332,28.46977882688384,28.211672267852126,28.368100214209385,48336200
2024-09-23,28.64966583251953,28.907769371104028,28.328989930875466,28.461951726955316,28218500
2024-09-24,28.766986846923828,29.1815213264314,28.720060554476927,29.11894895834923,35104100
2024-09-25,28.97816276550293,29.27537553283528,28.90777034649302,29.017269001927414,38655300
2024-09-26,28.352458953857422,28.876489176869327,28.133461604970666,28.876489176869327,58048200
2024-09-27,28.242958068847656,28.454135346009014,28.102173217406747,28.454135346009014,34537400
2024-09-30,28.16473960876465,28.375916863460986,28.094347190532538,28.282061300356354,21146300
2024-10-01,28.915590286254883,29.34576480806933,28.02395506339221,28.164736902715653,49748200
2024-10-02,29.314483642578125,29.666445760119526,29.2128050344851,29.525660913102964,32014500
2024-10-03,29.674266815185547,29.75248227928512,29.10330735352562,29.283198445532317,31033000
2024-10-04,29.596050262451172,29.87761992723748,29.463085483584543,29.83851369237593,22526800
2024-10-07,30.010581970214844,30.01840500742041,29.642979779144508,29.7524784311065,36418000
2024-10-08,29.408336639404297,29.52565832952371,29.291017932899404,29.30666102382296,34142000
2024-10-09,29.111127853393555,29.34576825800301,28.946876884913777,29.22844656389097,30789800
2024-10-10,29.447452545166016,29.5178449784988,29.18934596174075,29.251918339643307,20630100
2024-10-11,29.423982620239258,29.447448750736605,29.189342200569467,29.408339527779297,16343000
2024-10-14,29.49437713623047,29.6429850333319,29.212807419211988,29.306665980628164,22279000
2024-10-15,29.251911163330078,29.25973121684182,28.985984589713823,29.103303294076767,28204600
2024-10-16,29.103309631347656,29.392702395743594,29.087666537303406,29.369236262869663,23041200
2024-10-17,28.884305953979492,29.103303255390784,28.696591850188057,29.103303255390784,22174300
2024-10-18,28.806093215942383,28.993804334369287,28.477594283273653,28.92341191905559,32000800
2024-10-21,28.352458953857422,28.978167796116082,28.31335271064409,28.939061552902746,28390000
2024-10-22,28.242958068847656,28.39156297487311,28.149102495758676,28.31335049456811,29144300
2024-10-23,27.8909912109375,28.109988505549353,27.820598797153067,28.086525362159332,30769100
2024-10-24,28.07870864868164,28.180384271208307,27.812782052045126,28.039599426893993,23058900
2024-10-25,28.274242401123047,28.540168993790186,28.039599008358465,28.12563452122352,32585900
2024-10-28,28.227312088012695,28.258598270379633,27.64070959489823,27.75803128696695,27507100
2024-10-29,28.16473960876465,28.48541551768548,28.000491627427905,28.415026083067925,26090200
2024-10-30,28.03959846496582,28.446309891963985,28.03959846496582,28.250775724192632,26144700
2024-10-31,28.086530685424805,28.19602935348411,27.86753334930619,28.055244499232163,25597000
2024-11-01,27.703283309936523,28.446313847511256,27.60942773176746,28.313352027073005,30605300
2024-11-04,27.765851974487305,28.117814075112182,27.67199640885888,28.078707838068226,24003600
2024-11-05,27.6798152923584,27.844063271166437,27.398245623764897,27.765850800385802,23990600
2024-11-06,27.687639236450195,27.734565527009735,27.406069558634524,27.41388961252291,28440800
2024-11-07,27.77366828918457,28.070881021210198,27.585957183199923,27.758028183364377,34081200
2024-11-08,28.29770278930664,28.4072014373315,27.79713583627048,28.039596275864277,49865100
2024-11-11,28.352458953857422,28.485420777505777,28.07871226774898,28.149104698979023,21446300
2024-11-12,28.884305953979492,29.025090785919456,28.42284522342394,28.4384883140411,39412300
2024-11-13,28.84520149230957,28.99380638688537,28.571451865104066,28.89995082102774,34090000
2024-11-14,29.150238037109375,29.197167317831244,28.829562077880833,28.87648837498768,30262100
2024-11-18,29.877626419067383,29.95583890578454,29.09548961743533,29.09548961743533,39004100
2024-11-19,29.564767837524414,29.955836203056787,29.44744911803361,29.799408260120867,26002700
2024-11-21,29.650800704956055,29.822871725166323,29.36923102956273,29.697729978726468,36048400
2024-11-22,30.831830978393555,31.152509928110938,30.088803411201344,30.276514570882394,85234900
2024-11-25,30.644119262695312,31.175972511499985,30.620656114064676,30.800547215334635,41119500
2024-11-26,30.60500717163086,30.902216942870385,30.55025784621229,30.78489823852251,35188200
2024-11-27,30.49551010131836,30.78489983404567,30.30779598757264,30.65975808608673,30600700
2024-11-28,30.18265151977539,30.737967789826264,30.01840354980784,30.354722526568644,33113500
2024-11-29,30.425121307373047,30.67540483311718,30.041872980293917,30.11226540838539,44011700
2024-12-02,30.620647430419922,30.816181569864202,30.323434703052644,30.42511329097564,31711800
2024-12-03,30.89439582824707,30.89439582824707,30.565899887018325,30.81618336136814,22536200
2024-12-04,30.69886589050293,31.17596976133879,30.48768862061092,30.894400068149448,31584400
2024-12-05,31.00389289855957,31.136857665828806,30.667573937578474,30.808358757692154,25214200
2024-12-06,30.526796340942383,31.050829513947082,30.47204700723345,31.00390023493303,31118500
2024-12-09,31.316753387451172,31.418429007662205,30.78490020629095,30.800543297926797,28548700
2024-12-10,31.4340763092041,31.621790450359825,31.371506917895566,31.520111832916516,21837600
2024-12-11,31.746923446655273,31.879885231215265,31.246356520005985,31.559209357354675,46900900
2024-12-12,31.179092407226562,31.626366193558493,31.00018165180909,31.48811922961717,38310600
2024-12-13,30.98390769958496,31.496240920762936,30.837526779248396,31.390520677806343,23235400
2024-12-16,30.853797912597656,31.114030023129384,30.764345645149184,31.057104442838785,21349400
2024-12-17,31.146554946899414,31.30106987116026,30.764340839257954,30.853793092732527,39617200
2024-12-18,30.341468811035156,31.22788543972615,30.341468811035156,31.130296068012438,58126400
2024-12-19,30.219480514526367,30.845664958151605,30.07309957434326,30.626093547876945,43268400
2024-12-20,29.967374801635742,30.37398777371878,29.853523665806215,30.21947596112311,59277400
2024-12-23,29.975515365600586,30.130027212048,29.8616642048276,30.08936652637357,43785600
2024-12-26,30.200849533081055,30.395039677863377,30.05731572646629,30.082647116324363,22920700
2024-12-27,30.107975006103516,30.395039395895726,30.06576031776407,30.395039395895726,24167200
2024-12-30,30.555458068847656,30.707433531292665,30.200850803658923,30.209292453450566,22355600
2025-01-02,31.04515838623047,31.315336278144684,30.555458944151876,30.749649102666808,30046800
2025-01-03,30.715877532958984,31.273119805902443,30.66521797331891,31.138030867636587,23314200
2025-01-06,30.572343826293945,30.977610642442674,30.44569975793304,30.90162291311639,23760200
2025-01-07,31.22245979309082,31.450422977000926,30.648331008600405,30.859407672875577,37753300
2025-01-08,30.96916961669922,31.34066340045861,30.7580929444048,31.230905849823092,24483500
2025-01-09,31.10425567626953,31.21401643750993,30.986053266060235,30.986053266060235,11526600
2025-01-10,31.18868637084961,31.67838577192657,31.15491655276871,31.450422590815666,40328800
2025-01-13,31.298450469970703,31.68683079584401,31.214021084615496,31.492640632907356,22897100
2025-01-14,31.087373733520508,31.349109980920776,30.88474192069899,31.332223459723217,29173100
2025-01-15,31.484195709228516,31.509523878046757,31.07048403414311,31.18024480031259,32512700
2025-01-16,31.28156089782715,31.441981223440546,31.04515606526966,31.416649833684897,26733200
2025-01-17,31.40821075439453,31.577072743228147,31.112701468742063,31.24779041565405,39941100
2025-01-20,31.484195709228516,31.602398124745985,31.332220254770554,31.425094501469783,13912800
2025-01-21,31.49264144897461,31.53485614274612,31.002945203830656,31.323779453113882,23612200
2025-01-22,31.31533432006836,31.771260691956012,31.264674760711625,31.543297506012188,21832200
2025-01-23,31.095813751220703,31.585509906422097,30.9860529909548,31.340660218434355,26725700
2025-01-24,30.935394287109375,31.154915813685946,30.732762500333966,31.138029294658963,16216500
2025-01-27,31.391321182250977,31.492637077393596,30.79186423989365,30.87629361571679,29809700
2025-01-28,31.349109649658203,31.653060586453257,31.13803296808103,31.577072852254492,27621700
2025-01-29,31.15491485595703,31.517966951941137,31.036709226401907,31.40820619202699,18204400
2025-01-30,31.56862449645996,31.669940390615743,31.070483454097232,31.273118463183003,30916000
2025-01-31,31.821916580200195,32.3960453616876,31.450422812497752,31.5686252285497,37044800
2025-02-03,31.66150665283203,31.923242933974446,31.56019073335997,31.881025015150662,24877600
2025-02-04,31.349109649658203,31.53485493931941,31.08737340502367,31.49264024715889,34290300
2025-02-05,31.12114906311035,31.298452717553452,31.028274800085445,31.28156619511485,20539800
2025-02-06,31.062044143676758,31.340663678776956,30.98605641214499,31.104258834355644,17512400
2025-02-07,30.88473892211914,31.264674339465447,30.70743207714668,31.121143754383382,21438700
2025-02-10,31.095813751220703,31.264672495292437,31.002939509516793,31.07892723265871,17483300
2025-02-11,31.095813751220703,31.315332050978412,30.969166472392807,31.247785976730444,16624300
2025-02-12,30.63144874572754,31.02827396035827,30.48791814004606,30.943844571225018,37364500
2025-02-13,30.665218353271484,30.673663223703304,30.411926993481426,30.56390245351034,15351300
2025-02-14,31.6108455657959,31.729051223745135,30.73276893788271,30.76653876223621,40322000
2025-02-17,31.80502700805664,32.01610365096896,31.63616827034596,31.77969884155483,22615200
2025-02-18,32.38759994506836,32.4551427946241,31.83879939634863,31.84724426552679,44062600
2025-02-19,32.45514678955078,32.64089528504732,31.973892251922745,32.176527267080274,32648200
2025-02-20,32.50580596923828,32.564907176974955,32.345388865492204,32.43825989138251,26641200
2025-02-21,32.412933349609375,32.531135771016146,32.22718484695621,32.531135771016146,30115200
2025-02-24,32.18497085571289,32.51424995700588,31.91479296640713,32.50580830705392,27830300
2025-02-25,32.041439056396484,32.45514752475225,31.940123156909777,32.18496964560479,31960900
2025-02-26,32.041439056396484,32.29473041550043,31.872577076735723,32.29473041550043,27420200
2025-02-27,30.91007423400879,31.019835026113395,29.95600659353803,30.69899752191725,129693500
2025-02-28,30.335939407348633,30.85940864950079,30.23462350710695,30.808752309767147,55476800
2025-03-05,29.22989845275879,29.6436101727229,29.17079723858886,29.567622437250908,48552000
2025-03-06,28.92594337463379,29.652047582921053,28.731753238589967,29.3903145921018,47749600
2025-03-07,29.238344192504883,29.491635578012268,28.900620197978565,28.951279763389923,28074700
2025-03-10,29.22989845275879,29.22989845275879,28.706429175493156,29.196128630929266,35037200
2025-03-11,28.790861129760742,29.466309159004023,28.63044399424166,29.339661848327182,28805400
2025-03-12,28.790861129760742,29.044155751114424,28.67265869087564,28.84152069818646,20149100
2025-03-13,29.07792091369629,29.1623535142015,28.74020017399861,28.858402593931515,19263600
2025-03-14,29.972888946533203,30.192407279423335,29.018821438812587,29.21301160042394,41529400
2025-03-17,30.530132293701172,30.741208983569344,30.057319348917584,30.065764220146136,31175900
2025-03-18,30.555458068847656,30.7412065720081,30.3190532253885,30.555458068847656,15086400
2025-03-19,30.530132293701172,30.673666117614367,30.420371513152812,30.623006552567116,21180500
2025-03-20,30.59767723083496,30.800309041861432,30.19240716723289,30.530131146643093,46921900
2025-03-21,31.07048988342285,31.26468006272723,30.547020564394757,30.58079360969331,61175700
2025-03-24,31.028276443481445,31.18869358398235,30.81719973298157,30.98606174553647,20348000
2025-03-25,31.273120880126953,31.67838770884535,30.926955262631587,31.112700546143483,28036100
2025-03-26,31.56862449645996,31.771259505545732,31.365992708148394,31.365992708148394,26870300
2025-03-27,31.80502700805664,32.0583215561706,31.56862219864251,31.602395234494235,28444400
2025-03-28,31.60239601135254,31.982334622089258,31.315331641104137,31.788144492329167,22057700
2025-03-31,31.374435424804688,31.779702235990595,31.30689256666086,31.534852531073803,26049400
2025-04-01,31.49264144897461,32.058328651991836,31.408212061431588,31.49264144897461,19075600
2025-04-02,31.40821075439453,31.492640138424065,31.095818168555795,31.467311967370115,16959200
2025-04-03,30.39504051208496,30.64833187219746,30.065761421861275,30.521687802528405,65896000
2025-04-04,29.170795440673828,29.559175744360072,28.546010294878464,29.3312157727688,87263200
2025-04-07,28.01409912109375,29.17079850387301,27.954997904360305,28.638884332497245,85724900
2025-04-08,27.01781463623047,28.655768489073125,26.916497122774217,28.45313668293511,62128500
2025-04-09,28.11541175842285,28.351819818601133,26.20728008157482,26.435241660944698,106391600
2025-04-10,26.36769676208496,27.879006465456786,26.34236859278214,27.862119945663466,71250600
2025-04-11,26.891170501708984,27.271107575691154,25.987762530416305,26.59566281502018,65329400
2025-04-14,26.78985023498535,27.76080419315642,26.54500213824774,27.52439613558537,56015200
2025-04-15,26.173507690429688,26.90805522773148,26.156621169942927,26.78985119471139,58276900
2025-04-16,26.173507690429688,26.57033125954519,26.046862007553443,26.418357406326027,73227700
2025-04-17,26.691001892089844,26.976513350083806,26.353578059760853,26.535268069509105,65752700
2025-04-22,26.75156593322754,27.03707740461175,26.24110577981149,26.647742829900444,41683900
2025-04-23,26.448749542236328,27.495626006025017,26.38818675470211,27.123595568072314,71566500
2025-04-24,26.327625274658203,26.682351605157024,26.007505545806634,26.656395416262377,61589200
2025-04-25,26.405488967895508,26.5871773173431,26.128629587663703,26.2497551539621,35581500
2025-04-28,26.301666259765625,26.630438016257003,26.171888629660966,26.44009595190554,27362000
2025-04-29,26.440099716186523,26.656396347225837,26.08537337329903,26.215151021880153,33041100
2025-04-30,25.946941375732422,26.45740151203473,25.920985188217795,26.310319749876232,52798300
2025-05-02,26.65639305114746,26.65639305114746,25.929636328702262,26.128630458814065,33146600
2025-05-05,25.66143226623535,26.49201219050633,25.66143226623535,26.448751874016395,59011700
2025-05-06,26.085371017456055,26.293015566475358,25.920985130652873,26.0507644177256,52751300
2025-05-07,26.206497192382812,26.21514760430981,25.86907336980577,26.21514760430981,35050400
2025-05-08,26.569873809814453,26.846734846680132,26.344926795817518,26.466052364925424,44665000
2025-05-09,26.742910385131836,26.976511099514337,26.509309670749335,26.907296256387525,25075600
2025-05-12,27.383150100708008,27.833045788852942,27.383150100708008,27.599446707585972,53493600
2025-05-13,27.79844093322754,27.902262380758064,27.123594923430502,27.48697329021165,56165300
2025-05-14,27.60809898376465,27.789787342847834,27.426410624681463,27.685965894860917,28060100
2025-05-15,27.5734920501709,27.763832469313765,27.331239257451863,27.42641029212937,32468300
2025-05-16,27.70326805114746,27.824393615263038,27.391800428893635,27.54753424002055,48111800
2025-05-19,27.668663024902344,27.772484477597573,27.42641186847198,27.547537446687162,30200500
2025-05-20,27.781137466430664,28.040692741615448,27.642707766303822,27.729225091223952,33485800
2025-05-21,27.46967124938965,28.023390078789728,27.41776052168646,27.867656245467884,28724100
2025-05-22,27.10628890991211,27.38314828431721,27.00246581940418,27.374496222590544,42207300
2025-05-23,27.166854858398438,27.166854858398438,26.708307084920456,26.89864751445733,25732400
2025-05-26,27.080333709716797,27.279327836243947,26.94190401747919,27.218763401954405,21277100
2025-05-27,27.279329299926758,27.40045487458068,27.132247537756058,27.270677237421165,34361500
2025-05-28,27.19281005859375,27.443713267948336,27.19281005859375,27.400454606056496,30516200
2025-05-29,27.028423309326172,27.25337197444226,26.86403742900824,27.23606785015361,20778800
2025-05-30,26.7342586517334,27.054378336508158,26.7342586517334,26.950555245437084,45127700
2025-06-02,26.889995574951172,27.383151601629795,26.829432785739726,27.374499538854984,35111000
2025-06-03,26.898164749145508,27.005114749374776,26.194070164554464,26.630786348693125,59828700
2025-06-04,26.15842056274414,27.13880462487965,26.087119996403715,26.951639575773793,41952900
2025-06-05,26.167333602905273,26.41688473757672,26.033643552257445,26.292109170240998,23774000
2025-06-06,26.44362449645996,26.586225638137655,26.167334996951897,26.247548351638063,28069300
2025-06-09,25.99799346923828,26.26537016397525,25.721703991351472,26.042555685047923,43834800
2025-06-10,26.78230094909668,26.933814869904324,26.158421398666096,26.21189640014537,46241800
2025-06-11,27.67355728149414,27.771596195064543,27.005113852473126,27.005113852473126,52432400
2025-06-12,28.297441482543945,28.4400426264608,27.388357915119204,27.450745703090362,51729500
2025-06-13,28.992618560791016,29.5630230759927,28.671765171020297,29.509549777616975,74902600
2025-06-16,28.70741844177246,29.34912526911837,28.582642869761724,28.992620720619676,45972200
2025-06-17,29.358034133911133,29.491724179463258,28.850017400619596,28.858931883591918,57633400
2025-06-18,29.331300735473633,29.59867745633155,28.956974006248444,29.37586295563671,49342900
2025-06-20,29.251083374023438,29.55411118947151,29.08174560063854,29.17087002876133,85062700
2025-06-23,28.520252227783203,29.714537925816785,28.35091275419768,29.669975711686675,54592400
2025-06-24,27.958763122558594,28.37765375431812,27.753772498562544,27.887462553324212,48728300
2025-06-25,27.816158294677734,28.110275034165802,27.816158294677734,27.914197207840424,23127700
2025-06-26,28.038972854614258,28.163750117180964,27.90528450895093,27.940935641095578,17227000
2025-06-27,27.816158294677734,28.0300616870217,27.75377051355222,27.97658498896594,16482100
2025-06-30,27.96767234802246,28.065711261683152,27.71812122225277,27.816158435973914,23091100
2025-07-01,28.065710067749023,28.13701062921284,27.860721166032985,28.030060636986853,17014100
2025-07-02,28.5648136138916,28.734154782507854,28.056796907800653,28.145923033416835,28311600
2025-07-03,28.66285514831543,28.86784406605727,28.466779013945793,28.520254014239402,14322300
2025-07-04,28.627201080322266,28.796542247095765,28.493512743322505,28.52025109069823,9356900
2025-07-07,28.57373046875,28.751979334902753,28.431127635960692,28.62720376864415,17938800
2025-07-08,28.98370933532715,29.04609712068348,28.54699143795352,28.582642572408368,28778300
2025-07-09,28.805456161499023,29.081747345058933,28.573730594552703,29.028270645050146,22338900
2025-07-10,28.73415756225586,28.903495347374978,28.270701324228973,28.529165243586355,23102800
2025-07-11,29.081745147705078,29.144132926395173,28.653941779596323,28.698503992963683,23946700
2025-07-14,28.69850730895996,29.20652407978082,28.62720503943034,29.081748507983324,24106300
2025-07-15,28.475692749023438,28.85893394713868,28.35091547758194,28.73415837563685,18688300
2025-07-16,28.33308982849121,28.475690958365917,28.047885868802236,28.431127042817845,27588900
2025-07-17,28.047887802124023,28.315266214023982,27.985500015995935,28.315266214023982,27497600
2025-07-18,27.620086669921875,28.163754622521136,27.27249657560553,27.98550233316209,57635000
2025-07-21,27.67355728149414,27.878547891681304,27.42400615595427,27.530956152631486,16412000
2025-07-22,27.940937042236328,28.145925962528874,27.620083636603034,27.67355863756204,24557100
2025-07-23,28.51133918762207,28.54698861861648,27.896370778528222,27.940934692195597,27418600
2025-07-24,28.466777801513672,28.538078365514913,28.208312194546956,28.457865018521073,17856300
2025-07-25,28.502429962158203,28.680682239195644,28.44004217517701,28.511342746004043,13341000
2025-07-28,28.53807830810547,28.90349391036918,28.235050486724894,28.66285386987175,27972800
2025-07-29,28.912405014038086,29.055006141855472,28.51133997952901,28.689590539330975,33284000
2025-07-30,29.206523895263672,29.260000597073038,28.760894913156893,28.78763156412192,27110400
2025-07-31,29.09065818786621,29.18869710379857,28.894580356001494,28.92132040572434,23544900
2025-08-01,28.70741844177246,29.3312997017055,28.55590621858209,29.233260780874392,24191800
2025-08-04,28.66285514831543,28.760894065470055,28.48460288075059,28.707417365236836,15215600
2025-08-05,28.796545028686523,28.885669462002348,28.546990495619664,28.636118328814685,20635500
2025-08-06,28.832191467285156,29.358033759943986,28.68959034045627,29.055005940447728,32854600
2025-08-07,28.992618560791016,29.27782081839186,28.903494130245413,29.090657474318636,21111400
2025-08-08,27.210105895996094,28.564816691552846,27.210105895996094,28.07462549775832,107235300
2025-08-11,27.37944221496582,27.6557333893244,27.25466665231327,27.370529431927846,28045800
2025-08-12,27.450742721557617,27.869635023763102,27.317054376148448,27.441831638477943,37973300
2025-08-13,27.24575424194336,27.504219853761285,27.103153111264355,27.45074315480198,38340700
2025-08-14,26.898164749145508,27.388355933398802,26.755563615546745,27.388355933398802,43087500
2025-08-15,26.889249801635742,26.933812014821438,26.506008648456685,26.826862023199983,55416100
2025-08-18,27.058591842651367,27.227929628798506,26.755564004365418,26.96055292440014,31498100
2025-08-19,26.773387908935547,26.942725684568412,26.604048433363157,26.915989035752446,39294300
2025-08-20,26.933813095092773,27.058590356908375,26.82686309918173,26.844688665146748,23706600
2025-08-21,26.99620246887207,27.12097803025313,26.74664964617042,26.93381298824201,23327000
2025-08-22,27.7727108001709,27.7727108001709,27.16202098151873,27.244054071972368,49813600
2025-08-25,27.936777114868164,28.055270129870827,27.727137766484834,27.77271093317517,21075300
2025-08-26,27.736251831054688,27.87297306511298,27.553955693307092,27.78182499623918,21789700
2025-08-27,27.945892333984375,27.964122296217763,27.672449854503114,27.75448294604847,16349100
2025-08-28,28.191993713378906,28.374288133807863,27.991467590850537,28.05527246343094,25802500
2025-08-29,28.346942901611328,28.574812214745656,28.119073588477,28.191991699139788,27713400
2025-09-01,28.41074562072754,28.59304176400364,28.301367587060902,28.438090563770412,9889700
2025-09-02,28.55657958984375,28.65684263459591,28.255792194091992,28.255792194091992,19812000
2025-09-03,28.31048011779785,28.57480932881997,28.182873871651843,28.365169999150183,29788800
2025-09-04,28.31048011779785,28.547464388143805,28.19198885187723,28.255791974950235,24816500
2025-09-05,27.88208770751953,28.337826307853614,27.517497174953224,28.328711327226358,46121900
2025-09-08,27.991464614868164,28.228448900884743,27.809170213820295,28.10084264630075,18164200
2025-09-09,28.210222244262695,28.392516655433475,28.08261424408773,28.12818915075912,31283900
2025-09-10,28.72064781188965,28.747992754733247,28.18287610549956,28.219334290786165,35949600
2025-09-11,28.611270904541016,28.693303997794,28.50189460587365,28.52923781128803,17607900
2025-09-12,28.419858932495117,28.893827486370444,28.401628971537274,28.665958189911702,19318400
2025-09-15,28.665958404541016,28.757104733003136,28.310481117220586,28.529235434838277,21978400
2025-09-16,28.73887825012207,28.875599489596453,28.565697086251916,28.80268137930979,19154700
2025-09-17,28.91205596923828,28.97586083316543,28.675071690166067,28.74799153465424,29148100
2025-09-18,28.629501342773438,29.003206890020966,28.42897696621536,28.957633721236615,25702900
2025-09-19,28.31048011779785,28.66595739256914,28.173758891426456,28.647727432118366,48871300
2025-09-22,28.593040466308594,28.684186795305102,28.10995692550507,28.255793138105233,22016100
2025-09-23,29.076122283935547,29.24930343842883,28.675071829821288,28.70241677163753,39895300
2025-09-24,29.73238754272461,29.741504262540584,29.221962497345032,29.313108833445714,36414400
2025-09-25,29.495405197143555,29.896453946716715,29.386028897625398,29.80530760995323,29556300
2025-09-26,29.3951416015625,29.841766988338772,29.303995266470107,29.61389767359798,27819700
2025-09-29,28.994089126586914,29.6594688011281,28.921171020425458,29.404252821805823,35720000
2025-09-30,28.675071716308594,29.07612216883526,28.401629253247783,28.884712792393646,48611500
2025-10-01,28.602155685424805,28.757106889336015,28.529237574084522,28.665960554039344,24817000
2025-10-02,28.32871437072754,28.629501809723,28.274026219593356,28.60215686490342,25497100
2025-10-03,28.255794525146484,28.556581945712686,28.255794525146484,28.40163074490556,19756800
2025-10-06,28.000579833984375,28.46543342914537,27.982351610677846,28.438090224933152,21245400
2025-10-07,28.100841522216797,28.128186463607307,27.663332890997243,28.00057847562303,29068800
2025-10-08,27.936777114868164,28.328712607022574,27.80005587629229,28.328712607022574,17687400
2025-10-09,27.53572654724121,28.109958181197374,27.517498323730514,27.945892000067044,22879700
2025-10-10,27.289628982543945,27.490153348969027,27.225825854068002,27.43546520149034,50214400
2025-10-13,27.553956985473633,27.5904169101349,27.3169726906901,27.481038874656,13890500
2025-10-14,27.362546920776367,27.76359565111668,27.23493892611822,27.29874379269972,28138200
2025-10-15,27.11644744873047,27.499267952840974,27.04352934025727,27.389889920878755,40261000
2025-10-16,26.84300422668457,27.17113483639475,26.80654430421411,27.107331710576236,28660900
2025-10-17,27.098217010498047,27.298743109151975,26.715396513118954,26.888577669636945,36238600
2025-10-20,27.11644744873047,27.253168684804614,26.870348180694105,27.070874282874033,31442800
2025-10-21,26.897693634033203,27.33520229317963,26.8612337098519,27.307857350043655,25509900
2025-10-22,27.207597732543945,27.371663924583192,26.997958370940452,27.12556463652432,27088800
2025-10-23,27.51749610900879,28.000577894006724,27.444578005320153,27.8182835040375,40060800
2025-10-24,27.1984806060791,27.75448227114292,27.17113566339397,27.617759296222093,24370300
2025-10-27,27.344318389892578,27.490154615558275,27.061760919978404,27.490154615558275,24771400
2025-10-28,27.335201263427734,27.663333614678827,27.125561922797225,27.25316817561496,25324800
2025-10-29,27.362546920776367,27.490153176929663,27.162020817101357,27.426350048853013,24854900
2025-10-30,27.24405288696289,27.490152147619455,27.125561616186463,27.27139782875966,22657200
2025-10-31,27.11644744873047,27.426349844367774,26.93415130829505,27.34431675502232,29516300
2025-11-03,27.43546485900879,27.77271045917312,27.162020648019094,27.234938756582046,54977300
2025-11-04,27.572185516357422,27.581300497049522,27.262283126845254,27.344316214569346,35035200
2025-11-05,28.11907196044922,28.21022002812667,27.5357253704164,27.572185292889298,40375900
2025-11-06,28.264907836914062,28.5110070951626,28.164644789811746,28.23756289538486,43435700
2025-11-07,29.331336975097656,29.331336975097656,28.119072352067118,28.456317947114325,97315600
2025-11-10,29.495405197143555,29.66858462779813,29.103469690442797,29.44071530887954,41064200
2025-11-11,30.261043548583984,30.479796128108138,29.57743565280427,29.659468739378216,68221300
2025-11-12,29.486286163330078,30.31573028002286,29.240190377979015,30.31573028002286,67646400
2025-11-13,29.6138973236084,30.024059303686517,29.45894438337086,29.49540430778084,38517200
2025-11-14,29.8053035736084,30.23369547079421,29.695927288902386,29.714153772178886,27371300
2025-11-17,29.969371795654297,30.151667934012988,29.83264882263287,29.8599920264333,63708200
2025-11-18,30.06963539123535,30.233698094024597,29.777959478363016,29.805306159669307,26520500
2025-11-19,29.914684295654297,30.06052052256447,29.65947176781398,29.896454332664288,48719300
2025-11-21,29.686811447143555,29.841764375646026,29.495402074001827,29.677698205236116,40869300
2025-11-24,29.659469604492188,29.850878986411285,29.495403426558774,29.67769956615253,38665600
2025-11-25,29.422483444213867,29.568319659814307,29.249304024753854,29.486286571225957,28431100
2025-11-26,29.376911163330078,29.540977345446887,29.258418148021327,29.513634140764005,25042100
2025-11-27,29.531864166259766,29.531864166259766,29.349568021626602,29.42248439327401,16087400
2025-11-28,28.975862503051758,29.449831088511115,28.520123879765045,29.413371164165834,60420500
2025-12-01,29.030550003051758,29.322220698778988,28.77533575384627,29.12169807337549,29489100
2025-12-02,29.2310733795166,29.2310733795166,28.656843511333143,29.103467128476893,25574100
2025-12-03,29.449831008911133,29.62301043356848,29.303994788933952,29.303994788933952,36630000
2025-12-04,29.641239166259766,29.850878506468618,29.577436039979226,29.613895962713706,33009700
2025-12-05,28.593040466308594,29.996714447211332,28.593040466308594,29.623008935110324,74495100
2025-12-08,28.85736846923828,29.15815588045441,28.70241727324786,28.775335380860717,30271600
2025-12-09,29.03966522216797,29.07612340749365,28.556581662442486,28.81179591374168,23863000
2025-12-10,29.11258316040039,29.15815632641614,28.747992616759856,29.057893274975676,22123700
2025-12-11,28.629501342773438,29.0761250031789,28.483665116457573,29.057895040263176,64927900
2025-12-12,28.79356575012207,28.912057024731553,28.565696443292047,28.62949957104368,39659900
2025-12-15,28.893827438354492,29.07612183211569,28.79356439175774,28.875597477426943,31898900
2025-12-16,28.018810272216797,28.73887812946627,27.90031899543777,28.73887812946627,52661900
2025-12-17,28.32871437072754,28.32871437072754,28.091730064472785,28.12818999089889,39337100
2025-12-18,28.16464614868164,28.511008470743562,28.100843020539934,28.438090361652346,34311000
2025-12-19,28.264907836914062,28.47454717312366,28.228447914875122,28.319595981467703,45807700
2025-12-22,28.346942901611328,28.738878398363152,28.346942901611328,28.483664141790946,35896900
2025-12-23,28.49938201904297,28.743850708534968,28.395954268672924,28.725045010864033,35703900
2025-12-26,28.59341049194336,28.61221619078364,28.320735032399877,28.499383791152102,20178600
2025-12-29,28.8942928314209,28.969513829028692,28.696838385229206,28.734447987328082,20588100
2025-12-30,28.978918075561523,29.110554379371482,28.819073223759375,28.960112376900064,16880600
2026-01-02,28.87548828125,29.110554132292712,28.546397524518298,29.110554132292712,21625200
2026-01-05,28.39595603942871,28.931905902601525,27.954031083653817,28.86608775005892,48211400
2026-01-06,27.869407653808594,28.612216628676613,27.85060374809068,28.555801324702518,38095000
2026-01-07,28.048057556152344,28.048057556152344,27.76597924943438,27.89761555344808,28132900
2026-01-08,28.39595603942871,28.52759234451392,28.01044818018475,28.123278786426315,34125800
2026-01-09,28.489980697631836,28.90369710152259,28.33953869501886,28.367747243037595,27982800
2026-01-12,28.54640007019043,28.743854541837777,28.40535911225915,28.489982969653806,18947400
2026-01-13,29.279802322387695,29.449050024918744,28.54639800263334,28.54639800263334,54097100
2026-01-14,30.079025268554688,30.58676656046512,29.336218131975894,29.477257280094896,82309300
2026-01-15,29.890975952148438,30.022612261326802,29.561883385792314,29.6182986906673,26456600
2026-01-16,30.126041412353516,30.276483418950697,29.975597612346153,30.04141755946633,70947300
2026-01-19,30.248273849487305,30.2858852488025,30.00380692757945,30.050819383313215,12852900
2026-01-20,30.36110496520996,30.577365109087175,30.032012428251996,30.248270778719167,26300000
2026-01-21,31.433008193969727,31.54583880643662,30.492744720831105,30.55856287700517,93270900
2026-01-22,31.57404899597168,32.09119318631645,31.273161386157128,31.385995584895266,71516300
2026-01-23,32.946834564208984,33.360549221283556,31.85612902572087,31.921947185100443,68642600
2026-01-26,33.24771499633789,33.567404701564996,32.946830989867706,33.25711605230621,39869600
2026-01-27,33.971717834472656,34.272601837193584,33.25711563789529,33.38875194073316,47268200
2026-01-28,35.10943603515625,35.20346094186275,34.31961462363271,34.366627076985964,46054700
2026-01-29,35.44792938232422,36.27536214326951,35.32569414123888,35.730007672904186,58722800
2026-01-30,35.50434494018555,35.711204039081515,34.808552022332286,35.00600647846738,45794700
2026-02-02,35.015411376953125,35.015411376953125,34.43244547341065,34.5828874773009,38505600
2026-02-03,35.33510208129883,36.030895023880106,34.92138386880362,35.26928034009426,57152800
2026-02-04,35.278682708740234,35.42912470717925,34.761538563282386,35.21286455859943,37955800
2026-02-05,34.78974914550781,35.36331044855477,34.69572423119413,35.16585597640369,35933100
2026-02-06,34.460655212402344,35.04361751892918,34.27260181412329,34.9872004233994,27681100
2026-02-09,35.090633392333984,35.21286865115356,34.36663006981891,34.47005962829543,27089800
2026-02-10,35.118839263916016,35.33510301899779,34.70512462726233,35.090632507522955,24585300
2026-02-11,35.805233001708984,36.16253052125753,35.438527252456026,35.476138650351764,55863800
2026-02-12,34.8931770324707,35.777023379885925,34.60169407314315,35.777023379885925,39856000
2026-02-13,34.686317443847656,34.940189000988504,34.347822034326526,34.940189000988504,27507000
2026-02-18,34.9683952331543,35.1564486341667,34.6487055274793,34.85556462727497,32276700
2026-02-19,35.551361083984375,35.95567464019404,35.20346103722331,35.2598781334922,48355000
2026-02-20,35.70180130004883,35.70180130004883,35.212863917321265,35.419719419645155,51949800
2026-02-23,36.284767150878906,36.90534089247704,35.58897061062866,35.70180480860683,55061500
2026-02-24,37.20622253417969,37.29084638384156,36.53863637952504,36.53863637952504,43263600
2026-02-25,37.20622253417969,37.58232932974806,36.698479436208444,37.55411898864729,26012300
2026-02-26,37.24383544921875,37.422484211644615,36.642067421236504,36.952352491430936,29919100
2026-02-27,36.98056411743164,37.864410490860024,36.98056411743164,37.53531612319398,38799000
2026-03-02,38.67303466796875,39.04913787608726,38.099473419756286,38.832877724384566,83817000
2026-03-03,38.503787994384766,39.49106387386739,38.31573459190705,39.20898556356097,93893800
2026-03-04,38.08066940307617,38.71064418757674,37.54471952805258,38.50378866936332,50915600
2026-03-05,38.259315490722656,38.33453828250097,37.59172935438071,38.10887349398616,53107600
2026-03-06,39.64150619506836,40.54415822998573,38.945709676390166,39.3970392806692,87228000
2026-03-09,40.58177185058594,41.62546489235038,40.1210411649454,40.6663957076701,107124400
2026-03-10,40.365509033203125,40.525352093426974,39.519270517840674,39.78254671529805,56706200
2026-03-11,42.12379837036133,42.199021161834494,40.647585162491566,40.666390860359854,73234300
2026-03-12,42.31185531616211,43.33674262173752,41.55964527234998,42.67855748834425,86124400
2026-03-13,42.001564025878906,42.63154236406907,41.64426651920051,41.94515051788768,42520400
2026-03-16,43.1204833984375,43.24271865410335,42.12380282689388,42.199025626325316,40474100
2026-03-17,43.60941696166992,44.4368461610153,43.06406247468212,43.11107492674171,51025600
2026-03-18,44.192378997802734,44.3334199399706,43.76925975811932,43.91030070028717,55074700
2026-03-19,43.98551940917969,45.25487711389892,43.9008955621984,44.38043189069904,84865000
2026-03-20,42.94182586669922,44.42744369499928,42.23662834773098,43.99492341086891,78125700
2026-03-23,43.28032302856445,43.421363972883064,41.67247348006927,41.76649838506821,65252400
2026-03-24,44.44625473022461,45.08563417781904,43.60001617110831,43.628226514292514,57455300
2026-03-25,44.66250991821289,44.70952236918383,43.53419316080981,43.72224655151367,40532900
2026-03-26,45.151451110839844,45.574570378936734,44.681319387803384,44.75653859834261,59986800
2026-03-27,46.458412170410156,46.48661892324334,45.254876225260574,45.602772661876614,54170900
2026-03-30,46.702880859375,47.66194994758826,46.53363674905048,46.778103652248284,51454300
2026-03-31,45.76261901855469,47.530315255895594,44.80355348469494,47.078989243837974,78931700
2026-04-01,44.54027557373047,45.19846066104654,43.976118977071074,44.85056421266725,66488400
2026-04-02,45.273685455322266,46.50542824941413,45.085632052514406,46.3549862445319,38536900
2026-04-06,46.01648712158203,46.07290421391551,45.01981026476419,45.12323980729888,27848100
2026-04-07,45.61217498779297,46.59945440629657,45.50874902891692,46.15752946989287,33362800
2026-04-08,43.825679779052734,43.85388653464191,41.86993009027455,42.02977674119411,87580500
2026-04-09,45.03861999511719,45.64978907609915,44.220588223722636,44.70012458444639,58206500
2026-04-10,46.101112365722656,46.101112365722656,44.69071729596419,44.69071729596419,42860900
2026-04-13,46.806312561035156,47.23883646632871,46.30797408917779,46.77810580581919,60941100
2026-04-14,45.019813537597656,46.68408022081308,44.82235549348577,46.646468823189835,58646800
2026-04-15,44.088951110839844,45.22666898616259,43.93850910738246,45.08563162550771,61852100
2026-04-16,45.67799758911133,45.772022494168006,43.96671490515405,44.46505694505104,54484300
2026-04-17,43.45897674560547,43.76926181138234,42.18961896700828,43.722249357394375,105186900
2026-04-20,44.211185455322266,44.6437057580638,43.731649113170384,44.4180445509031,41904500
2026-04-22,44.82235336303711,45.11383630053235,44.42744446722433,44.79414660957052,51063000
2026-04-23,45.54999542236328,45.84559016799903,44.72042776515026,45.159049410350924,38666800
2026-04-24,44.968345642089844,45.31161603924912,44.29134215736897,45.29254505747162,34880200
2026-04-27,45.168582916259766,45.93140395672619,44.97787674678875,45.025556017219735,31543600
2026-04-28,45.31161880493164,45.80745344915728,45.25440585610704,45.435578375342565,29389700
2026-04-29,46.6846923828125,47.00889178702999,45.7693071135223,45.86465838170839,47685000
2026-04-30,46.79912185668945,47.08517932059173,46.045834413059666,46.541669047952006,36666100
2026-05-04,47.047035217285156,47.53333252007651,46.646551876088296,46.98982227213765,41319600
2026-05-05,46.39863586425781,46.75143992846906,46.08397376304719,46.60841302334343,28066500
2026-05-06,45.07323455810547,45.283011721799,44.42483572252354,44.53925797662097,62009100
2026-05-07,44.0720329284668,44.48204995807408,43.09943464689263,44.24366813329859,71214500
2026-05-08,43.54758834838867,44.386693358173474,43.54758834838867,44.23412914161422,32914200
2026-05-11,44.27227020263672,44.34855049065248,43.52852011674864,44.06249304511228,50622200
2026-05-12,43.55712890625,44.1006391956133,43.29014241671522,44.1006391956133,81072700
2026-05-13,42.49871063232422,43.70015704359685,42.29847077625141,43.64294409725409,57251900
2026-05-14,42.90872573852539,43.26152979834296,42.31753986904934,42.39382015668283,47760000
2026-05-15,43.35688781738281,43.42363443788572,42.8896578364445,43.28060388685492,59380500
2026-05-18,44.28180694580078,44.300877928481846,42.40336061944132,43.004080205513716,57388200
2026-05-19,43.94807434082031,44.14831420511526,43.47131068064106,43.85272306375169,40943000
2026-05-20,42.527313232421875,44.25319883750154,42.470103926260634,43.642941988996704,52780200
2026-05-21,42.86104965209961,43.528519439588294,42.431961671755616,43.004076553935796,57725900
2026-05-22,42.41289520263672,42.6703480182313,41.83124294933985,42.6608143453951,39634300
2026-05-25,41.38308334350586,41.78356303517637,40.97306634255687,41.4689009399235,26720900
2026-05-26,41.42122268676758,41.76449308087795,41.154236219089654,41.344942397752945,36040500
2026-05-27,40.83003616333008,41.182840223977344,40.191174657903474,40.286525927024,53745400
2026-05-28,40.53444290161133,41.17330806797784,40.28652741031939,41.09702413993854,37534800
2026-05-29,40.04814529418945,40.38187838334055,39.87651009479235,40.23885147545488,73281800
2026-06-01,40.40094757080078,41.0207417230308,40.010001553408564,40.42955586104157,73925300
2026-06-02,40.304935455322266,40.702458128113975,40.17889059850309,40.624894622953754,27318300
2026-06-03,39.99467468261719,40.5958057270851,39.99467468261719,40.382503310497846,42895100
2026-06-05,39.6456298828125,40.16919742384789,39.4129356636465,39.781368793760656,34730900
2026-06-08,39.96559143066406,40.06254674463931,39.58746052810918,39.94619962814738,34043600
2026-06-09,39.91710662841797,40.11102093823305,39.46141225375153,39.63593476272432,56680400
2026-06-10,40.382503509521484,40.760634389334385,39.7619769621326,39.955891277028634,44953200
2026-06-11,40.48915481567383,40.8672894122746,39.90741554162481,40.38250545103105,52321500
2026-06-12,39.92680740356445,40.266154697498735,39.57776235917027,39.81046028830243,34082200
2026-06-15,37.87132263183594,38.705147899769486,37.87132263183594,38.62758439283498,54174000
2026-06-16,37.367149353027344,37.599843587766465,37.03749610497344,37.27988809034813,36250100
2026-06-17,37.39623260498047,37.67740817611155,37.10536298249669,37.5319715155657,66882000
2026-06-18,37.66770935058594,37.90040726109324,36.271532983365525,37.13444777482446,53332600
2026-06-19,37.619232177734375,37.91979954542937,37.44470966728023,37.677407580755045,44775800
2026-06-22,37.97797393798828,38.01675754274723,37.308973399632954,37.57075718384368,35488200
2026-06-23,38.13310623168945,38.365800450057776,37.65801634639159,37.77436345557575,27398600
2026-06-24,37.124755859375,37.793756380330514,36.96962514298207,37.71619287143806,59191400
2026-06-25,37.27988815307617,37.49319058551124,36.766014628163624,36.95992895651129,25152300
2026-06-26,36.901756286621094,37.08597285952243,36.77571142168435,36.9114503384125,23383000
2026-06-29,36.97932052612305,37.20232070780441,36.76601439642428,37.03749593384312,14924800
2026-06-30,36.64966583251953,37.01810266964966,36.591494125704465,37.00840491944181,31974300
2026-07-01,36.67875671386719,36.68845076581837,36.261842206411785,36.35879752035614,21094300
2026-07-02,36.8047981262207,37.289582096372,36.504234431836124,36.73692866628818,21888800
2026-07-03,37.08597183227539,37.08597183227539,36.707840946547115,36.911449315999576,10369500
2026-07-06,36.62057876586914,36.86297073252281,36.46544805515511,36.795101277748415,20811400
2026-07-07,37.27018737792969,37.59014654852972,36.766011644583145,36.843578849070866,39823600
2026-07-08,38.44336700439453,38.54032231063853,37.813146417984974,38.44336700439453,40215300
2026-07-09,38.01675796508789,38.76332572125498,37.70649652078574,38.53063148733245,33386500
2026-07-10,38.44336700439453,38.75362842270475,38.14279963726557,38.43366925460542,27316800
2026-07-13,39.422630310058594,39.67471633439466,39.01541357106772,39.277193646928716,43045700
2026-07-14,39.422630310058594,40.052850918810734,38.88936870959569,39.946197858996555,32649500
2026-07-15,39.354759216308594,39.558367577333435,39.00571419820438,39.18023670725649,25608800
2026-07-16,38.676063537597656,39.61654559870285,38.676063537597656,39.15115344333552,20551700
2026-07-17,39.65532684326172,39.85893520563011,39.180236965794286,39.180236965794286,32168300
2026-07-20,39.89772033691406,40.1788922153685,39.23841387278532,39.946197991916,26987600
2026-07-21,40.39219665527344,40.43098025710468,39.87832687613699,39.95589038119162,38631400
2026-07-22,41.284202575683594,41.43933329030518,40.692765570373794,40.81880673321085,38292200
2026-07-23,41.642940521240234,42.16650805575176,41.555679265488315,42.079246799999844,25257900
2026-07-24,40.92546081542969,41.60415909583282,40.86728910762329,41.08059153392685,29151600
2026-07-27,39.76197814941406,40.21767624823556,39.57776157899654,39.94619841843962,32902600
2026-07-28,39.95589065551758,40.49884998905919,39.645629235953194,39.77167409346618,29946800
2026-07-29,40.72185134887695,41.109679984023735,40.47945937656221,40.87698206321407,31465400
2026-07-30,41.53628921508789,41.53628921508789,40.547329507751506,40.721852026611344,25268900
2026-07-31,42.098636627197266,42.22468149036,41.555680967926484,41.69141988274418,24997300
2026-08-03,41.739898681640625,41.77868228653897,41.061200390352134,41.10968174577913,24400900
2026-08-04,41.206634521484375,41.778679713374004,40.498850419418886,41.778679713374004,27216700
2026-08-05,40.65398025512695,41.68172350784668,40.479457746200815,41.235719485808865,32365700
2026-08-06,40.847896575927734,41.177549809172504,40.64428450641772,40.74124351537678,46662600
2026-08-07,39.62623977661133,41.65263687335778,39.58745987082999,41.59446516538173,97926700
2026-08-10,40.94485092163086,41.177548839042295,39.81045828309592,40.062544303234375,74915200
2026-08-11,40.39219665527344,41.20663380069022,39.76197607064327,41.109678494719965,53988900
2026-08-12,40.18859100341797,40.69276676539623,39.897721367286536,40.23706865967186,63890300
2026-08-13,40.62489700317383,40.68306871080032,39.820153860665435,39.89772106897817,37063800
2026-08-14,40.809112548828125,41.16785163173362,40.363112208069076,40.363112208069076,34127900
2026-08-17,41.17755126953125,41.45872315896423,40.45037532028514,41.06120045465401,47636500
2026-08-18,41.303592681884766,41.88533566388527,41.129070157145435,41.49750700921827,36838100
2026-08-19,41.798072814941406,42.63190180179921,41.53628903776921,41.53628903776921,49580800
2026-08-20,42.971248626708984,43.27181600437223,42.14711739892727,42.418595224811504,44893400
2026-08-21,42.95185852050781,43.262119961939106,42.81611960220764,42.99064212533876,52792400
2026-08-24,42.11000061035156,42.63999938964844,41.619998931884766,42.599998474121094,49502500
2026-08-25,41.349998474121094,41.90999984741211,41.0099983215332,41.18000030517578,85920800
2026-08-26,41.45000076293945,42.27000045776367,40.970001220703125,41.13999938964844,74631000
2026-08-27,42.70000076293945,42.88999938964844,41.0,41.45000076293945,43197800
2026-08-28,43.54999923706055,43.599998474121094,42.619998931884766,42.720001220703125,46135600
