Price,Close,High,Low,Open,Volume
Ticker,VALE3.SA,VALE3.SA,VALE3.SA,VALE3.SA,VALE3.SA
Date,,,,,
2019-01-02,26.857444763183594,27.004637006798095,26.17404962524551,26.289699814366653,17319600
2019-01-03,25.758764266967773,26.778600334388955,25.443351629101944,26.705004185909903,30120000
2019-01-04,27.435707092285156,27.57238734981896,26.189824773542522,26.189824773542522,43360100
2019-01-07,27.28851890563965,28.203218748410947,27.188638706598343,27.7931799197609,20998900
2019-01-08,27.55136489868164,27.756383321229826,27.136070039735724,27.440970671977954,19925600
2019-01-09,28.224246978759766,28.418753389068286,27.772156038503827,27.945632398243184,27695500
2019-01-10,27.914093017578125,28.013975239336865,27.47777206656533,27.98243316846385,18113600
2019-01-11,27.53559684753418,28.103340058075215,27.53559684753418,27.998201832317285,12360400
2019-01-14,27.651243209838867,27.703813318011353,27.036187984305165,27.325316560547794,14626300
2019-01-15,27.519817352294922,27.96665418933662,27.267486882064652,27.782661842786162,14480300
2019-01-16,27.677528381347656,27.76689455436568,27.44096791549918,27.54610612313678,15375100
2019-01-17,28.50811767578125,28.76044818564483,27.477767592502126,27.567133770740533,25525500
2019-01-18,28.786731719970703,29.22831060562552,28.51863118473313,28.886613923669575,25815900
2019-01-21,29.060089111328125,29.096887183221707,28.5922261926716,28.834042666642127,10676600
2019-01-22,28.954952239990234,28.954952239990234,28.571197489947227,28.63953762417544,17154300
2019-01-23,29.254594802856445,29.38601705802589,29.08637447666711,29.154712605507203,13470400
2019-01-24,29.517438888549805,29.54372293813667,29.17574022788722,29.33344653075286,14118200
2019-01-28,22.268186569213867,23.65600522134429,22.268186569213864,23.65600522134429,183534500
2019-01-29,22.467945098876953,23.493036878369246,22.394346966322576,22.746559581985725,68335900
2019-01-30,24.497106552124023,24.602244752996597,23.645490935210493,24.313116204605304,67892500
2019-01-31,23.918848037719727,24.938683913448017,23.91884803771973,24.702125482185544,39814600
2019-02-01,24.31311798095703,24.355174066516494,23.960907288446922,24.03450343283145,21286700
2019-02-04,23.48778533935547,24.23426277773189,23.15660069856796,24.181694678394894,35888900
2019-02-05,23.403671264648438,23.766395902261056,23.030432607857236,23.366873200195453,21992300
2019-02-06,22.320755004882812,23.340592973257586,22.320755004882812,23.13031656597459,29257400
2019-02-07,21.863405227661133,22.494232418269238,21.663642849477288,22.15779178470341,31403200
2019-02-08,22.688737869262695,22.914784306758715,21.295661173563452,21.364001307196876,48169600
2019-02-11,22.089452743530273,23.15660080674305,22.021112609797378,23.056720615398397,30697300
2019-02-12,23.28802490234375,23.30379693774112,22.10522452011624,22.341784997630665,36421200
2019-02-13,23.91359519958496,24.17643971834989,23.288023961503924,23.293281974872162,38153200
2019-02-14,24.00296401977539,24.150156324801756,23.682293350672456,23.86102772335222,24055400
2019-02-15,24.11861228942871,24.192208429818383,23.75588558987329,23.866281805802224,27877700
2019-02-18,23.787431716918945,24.26055270790165,23.603441334506098,24.071304311508566,18777400
2019-02-19,23.91359519958496,24.15015366219777,23.77691492683426,23.918851207608665,20523500
2019-02-20,24.07655906677246,24.2237533703849,23.624466144556102,24.129129177114283,25493000
2019-02-21,23.85576629638672,24.22900498812683,23.724344052364625,24.097582744104738,21401300
2019-02-22,24.702123641967773,24.73892170654925,23.955644320434732,24.023984442662094,17580700
2019-02-25,24.770465850830078,25.10165049211782,24.391971123274256,24.891374083763345,16801500
2019-02-26,24.812524795532227,24.859836892599862,24.497110146633087,24.59699235452292,10362900
2019-02-27,24.618017196655273,24.838805617355334,24.36042870049412,24.838805617355334,15004800
2019-02-28,24.759950637817383,24.759950637817383,24.234261647584788,24.486594127599464,17877800
2019-03-01,24.570709228515625,24.970232059109687,23.41944882489603,24.859837830236366,29872100
2019-03-06,25.259355545043945,25.259355545043945,24.807262693207434,24.933428933042137,15244200
2019-03-07,25.685165405273438,25.737733504249906,25.085880253426197,25.143706365506972,21112500
2019-03-08,25.679912567138672,25.700940613104564,25.049087230920538,25.36975590784866,25446000
2019-03-11,26.22136688232422,26.258164950494464,25.55374163712293,25.706191922596425,20201600
2019-03-12,26.268688201904297,26.457936622052472,26.047897709949755,26.17932000112543,15591300
2019-03-13,26.652435302734375,26.810141617059926,26.126746251419473,26.25291050074208,21999200
2019-03-14,26.657690048217773,26.773342275739292,26.389589527097744,26.705002140808897,17257400
2019-03-15,26.573579788208008,26.936306498544425,26.49472763773732,26.705002044336975,26054400
2019-03-18,26.52626609802246,26.636660305238703,26.19508347637373,26.415871890806216,23021400
2019-03-19,27.28325843811035,27.540844911295327,26.5946051631397,26.65243127089184,32034400
2019-03-20,26.578840255737305,27.167611456065774,26.49473008426181,27.04670320990379,25667000
2019-03-21,26.7523136138916,27.057214204716967,26.55255122698341,26.56306524790957,19660000
2019-03-22,26.31073760986328,26.983620984566446,26.126747237099522,26.53152806252445,25714700
2019-03-25,26.047887802124023,26.447412538324205,25.84286942672794,26.0741718492925,15897500
2019-03-26,26.43164825439453,26.652438727093582,26.179317717984794,26.184575732166472,13413800
2019-03-27,26.074176788330078,26.673464006148876,25.921728483738054,26.31073726834478,20805100
2019-03-28,25.916465759277344,26.599861017609097,25.558997100086405,26.552548930206054,28490000
2019-03-29,26.773344039916992,27.125554748257873,26.25816900072525,26.25816900072525,25118100
2019-04-01,27.651243209838867,27.887803683253594,27.388398685010195,27.51982094742453,25392200
2019-04-02,27.141324996948242,28.019224708549153,27.141324996948242,27.887802451937436,21442400
2019-04-03,27.22017478942871,27.77214982365194,27.130808625240533,27.745863770331354,21477200
2019-04-04,27.41993522644043,27.57764150850036,27.136062715526055,27.335825075652192,14145700
2019-04-05,27.325315475463867,27.52507786789761,27.17812318911506,27.44096770350622,8359200
2019-04-08,28.06654167175293,28.066541671752933,27.52508252225919,27.598678677878357,14400900
2019-04-09,27.519817352294922,28.01922228529714,27.493533304314663,27.956140169075653,14745400
2019-04-10,27.20966148376465,27.7248384632821,27.083497248027435,27.7248384632821,15608000
2019-04-11,27.22543716430664,27.262235238438087,26.773344247440672,27.072986854136555,10274300
2019-04-12,27.06247329711914,27.71432863142929,26.973107117077372,27.383143953211935,16905900
2019-04-15,26.98361587524414,27.18863425331648,26.69448533658388,27.120294125510938,15787300
2019-04-16,27.914093017578125,27.94563508845114,26.72603642285724,26.952082917418135,18935600
2019-04-17,27.46725082397461,28.282068389932718,27.17812226900166,27.945627743757328,26483700
2019-04-18,27.64072608947754,27.845744460130565,27.341081541587492,27.440963725998913,10706000
2019-04-22,26.967845916748047,27.33582862624718,26.70500141072644,27.30954457671391,16324700
2019-04-23,27.29376983642578,27.29376983642578,26.957329222932742,27.12029352243154,9890800
2019-04-24,26.47369956970215,27.199150984324277,26.368561363832427,27.099268786343025,19992800
2019-04-25,26.457931518554688,26.510499622747034,25.95852650734887,26.40536140901771,15916200
2019-04-26,26.5052433013916,26.626153558374046,26.03212431741953,26.536785369127642,10632700
2019-04-29,26.415870666503906,26.84167945290283,26.347530539104117,26.77859533283644,8729200
2019-04-30,26.337020874023438,26.647177496930535,26.158286514969436,26.400105004521038,11371400
2019-05-02,25.727224349975586,25.905958727787375,25.611574109281946,25.905958727787375,15906200
2019-05-03,26.49472999572754,26.6156382414855,25.96378291072013,25.995324976922294,10614000
2019-05-06,26.1057186126709,26.153030708236265,25.806076009205107,26.074176547179114,10437300
2019-05-07,26.12674903869629,26.126749038696293,25.611573954088676,25.942756647900488,15190600
2019-05-08,25.758764266967773,26.358049482119636,25.727222201043332,26.189829141211906,18474900
2019-05-09,25.51695442199707,25.764026984034704,25.25936582990169,25.758770974351,12456600
2019-05-10,26.000579833984375,26.179314190526316,25.264616369957515,25.390780618490314,25272300
2019-05-13,24.933427810668945,25.627337085162733,24.933427810668945,25.511684870965684,18657700
2019-05-14,25.01753807067871,25.41706080406065,24.891371835990366,25.327694642053952,14183900
2019-05-15,25.206790924072266,25.46963545507334,24.71789993598269,24.786240075539467,18447400
2019-05-16,24.39197540283203,25.721968203788848,24.087074757757847,25.522205781338343,49247900
2019-05-17,25.085880279541016,25.085880279541016,24.339400840162586,24.391970944538215,34079700
2019-05-20,24.57596206665039,25.096395086883977,24.512879944767214,25.0333109596563,23909600
2019-05-21,24.922916412353516,25.212044972915333,24.229007064867368,24.759952093874016,32381300
2019-05-22,24.949199676513672,25.595796911516874,24.90188758588688,25.117419997554613,21087400
2019-05-23,25.13844871520996,25.180504799273653,24.402483286851087,24.74418195116295,15786300
2019-05-24,25.39603614807129,25.984807262776165,25.39603614807129,25.569512474172953,24936500
2019-05-27,26.38433074951172,26.415872812106887,25.70619344914328,25.758761548124127,17281600
2019-05-28,26.415870666503906,26.783853345514107,26.20559427697114,26.258164377026468,37041000
2019-05-29,26.12674903869629,26.205601201598952,25.83762043069694,26.03212483893726,17842500
2019-05-30,26.289709091186523,26.352793222433668,25.99006648646879,26.13200277375792,12877800
2019-05-31,25.758764266967773,26.810142400313396,25.606313956349943,26.026864808619262,28857900
2019-06-03,25.66939926147461,26.074178096610687,25.464378831611807,25.942755823935542,22451600
2019-06-04,25.81658363342285,25.942747853435975,25.390774878854298,25.853381698038692,19537300
2019-06-05,25.438095092773438,25.984812235146773,25.15948051296644,25.905958068428493,14392200
2019-06-06,25.653621673583984,25.72721780950044,25.396035197876387,25.70093376172232,10869100
2019-06-07,25.580026626586914,25.811329064362734,25.422320327860472,25.785045015465727,11626500
2019-06-10,25.411808013916016,25.879670933875847,25.40655200592137,25.732478645891504,11670100
2019-06-11,27.03618812561035,27.062472177161673,26.105718262212367,26.158286365315018,44669000
2019-06-12,27.06772804260254,27.3831406468767,26.773341474694067,27.099268099823295,24531300
2019-06-13,27.256977081298828,27.467253508381223,27.12029880743651,27.2832631386926,18058600
2019-06-14,27.020418167114258,27.241206607142043,26.88899590366593,27.178124482183332,20375200
2019-06-17,26.389585494995117,26.983614565577874,26.389585494995114,26.810136250801598,20551200
2019-06-18,27.335832595825195,27.55662105037985,26.81014350744394,26.81014350744394,27229300
2019-06-19,27.4935359954834,27.914086820365583,27.246463513871408,27.861518719259504,23746400
2019-06-21,27.5671329498291,27.824721465650565,27.388398593330113,27.73009727660142,20492800
2019-06-24,27.546098709106445,27.588152777635926,27.388390437424956,27.588152777635926,9338300
2019-06-25,27.009906768798828,27.582907973301438,26.988878723321996,27.435713660308387,12449700
2019-06-26,27.11504364013672,27.35686013504017,27.00464740955498,27.072987551278022,13277900
2019-06-27,27.178117752075195,27.41467816877173,27.08349358539658,27.41467816877173,14941500
2019-06-28,27.241207122802734,27.44096952852207,27.17286698301948,27.372629388738815,11106100
2019-07-01,28.203216552734375,28.276812694229374,27.914085989226226,27.914085989226226,22807300
2019-07-02,27.015155792236328,28.471314476801812,26.294962466304522,28.439772416742333,48452700
2019-07-03,26.962587356567383,27.320056011344573,26.888991222703414,27.21491781781994,19929700
2019-07-04,27.162355422973633,27.388401901299066,26.888998849754092,27.167613437080632,16192600
2019-07-05,26.47369956970215,26.589351796693286,26.15828495209299,26.494727611944988,27847600
2019-07-08,26.783855438232422,27.12555209124081,26.52626694119569,26.62614913643283,12777600
2019-07-10,27.4041690826416,27.630215520914785,27.02041633996362,27.130810552512536,28106700
2019-07-11,27.362110137939453,27.59867057248676,27.18863382283426,27.267485964120528,18567500
2019-07-12,27.235942840576172,27.7458597138674,27.193886765687317,27.577639425000022,22248600
2019-07-15,27.698558807373047,27.824725077597833,27.467256318196586,27.57765055130275,20144200
2019-07-16,27.887807846069336,28.108598322662022,27.75112955510806,27.966662017426344,17393700
2019-07-17,27.698558807373047,27.924605287739862,27.57765055130275,27.856267146490236,13876700
2019-07-18,27.6459903717041,27.76689862634781,27.45674197127227,27.65650439454418,12217200
2019-07-19,27.71432876586914,27.982429312639656,27.624960580049184,27.76164086298684,11523100
2019-07-22,27.5723934173584,27.682787645959753,27.23595271761441,27.43045712115176,11348100
2019-07-23,27.20966148376465,27.65124031953363,27.209661483764645,27.54610412486741,11146800
2019-07-24,26.626148223876953,26.94681682422996,26.57357812151587,26.857450658232654,25121800
2019-07-25,26.542041778564453,26.87322444572075,26.337021358691256,26.810142319406882,12761900
2019-07-26,26.405357360839844,26.83642216623381,26.37907331277325,26.810138118167217,12604500
2019-07-29,26.42112922668457,26.599863573453707,26.17931275909823,26.442157268738463,8462200
2019-07-30,26.289709091186523,26.58935370124889,26.289709091186527,26.37381926083809,10182500
2019-07-31,26.1845703125,26.573579056943906,25.874413716356894,26.48421288780078,23244900
2019-08-01,25.44335174560547,25.937498748616505,25.364497583105617,25.884930643846378,45701400
2019-08-02,25.148963928222656,25.385524398932123,24.922917479027454,25.33821230479023,19834300
2019-08-05,24.18169593811035,24.497108561252233,24.05552968564687,24.497108561252233,36490300
2019-08-06,24.50762367248535,24.691616048619927,24.334147323646935,24.42351350221786,21913400
2019-08-07,24.434022903442383,24.43402290344238,23.89256391007496,24.1028382933063,20828200
2019-08-08,24.80200958251953,24.96497391022672,24.66532930628909,24.865091707132652,24237600
2019-08-09,23.91359519958496,24.607504568696815,23.91359519958496,24.549678453713405,24707500
2019-08-12,23.740114212036133,24.17643702718261,23.67177408326797,23.734858204597494,16409000
2019-08-13,24.444538116455078,24.602244412911723,23.839994973802856,23.94513317322207,19989100
2019-08-14,23.592927932739258,24.1711851544063,23.514073763718834,24.1711851544063,24950100
2019-08-15,23.072490692138672,23.9188503324497,22.693993957255614,23.66126183113329,24570500
2019-08-16,22.967350006103516,23.49829698021343,22.856955805470687,23.3668747398379,19541100
2019-08-19,22.946325302124023,23.35636207415929,22.71502086223184,23.282765936136997,27533700
2019-08-20,23.046207427978516,23.387906103657546,22.55206045585832,22.872729083461444,16865100
2019-08-21,23.209169387817383,23.303793565128785,22.641424323948957,22.920038843063466,16171800
2019-08-22,23.072490692138672,23.330079193455077,22.89375634570439,23.330079193455077,12254400
2019-08-23,22.751821517944336,23.440474897658305,22.55206112212819,23.040952100681423,26087800
2019-08-26,22.499488830566406,22.946325684401312,22.362810572725763,22.862215524496825,13270500
2019-08-27,22.772846221923828,23.083002797188094,22.310239362725,22.683480058796576,27809400
2019-08-28,22.856958389282227,23.219683091798128,22.62565594199818,22.767592218289916,13467000
2019-08-29,23.708576202392578,23.787430364855933,23.109290984774006,23.188145147237357,23487000
2019-08-30,23.95564842224121,24.35517319945461,23.797942117696746,24.176438852879027,27305700
2019-09-02,24.18695068359375,24.533905353076207,24.102840521456923,24.4708232328097,12757600
2019-09-03,23.92936134338379,24.207975846323322,23.834737171565795,24.181691799783703,13227000
2019-09-04,24.45505142211914,24.45505142211914,24.16592288617569,24.207976961507534,12439100
2019-09-05,24.45505142211914,24.807262073732513,24.45505142211914,24.681097842392674,20284900
2019-09-06,24.418256759643555,24.544421008578638,24.229008380896346,24.418256759643555,10419000
2019-09-09,25.175243377685547,25.17524337768555,24.334141863730828,24.549674252015738,24430000
2019-09-10,25.35923957824707,25.495917843095594,24.812522508163994,25.169991207422584,21440800
2019-09-11,25.206790924072266,25.54848761116689,25.012286532627964,25.54848761116689,16872500
2019-09-12,26.121484756469727,26.16354083753513,25.548483686691675,25.558997706958024,39340500
2019-09-13,26.17405891418457,26.44215945382088,26.10571877453428,26.263425092281796,22067600
2019-09-16,25.543228149414062,25.990062989565274,25.41706190923978,25.969036953989857,26369500
2019-09-17,25.706192016601562,25.837614262074283,25.35397935595563,25.364493376234766,14473900
2019-09-18,25.44335174560547,25.75876438491555,25.222561293812685,25.75876438491555,15335300
2019-09-19,25.40129280090332,25.537973066486142,25.106906233400988,25.44334888426555,15680000
2019-09-20,25.4538631439209,25.622085486856847,25.23307470283649,25.58002939978671,23870900
2019-09-23,25.2856388092041,25.537971281047287,25.21204267380996,25.332950897006665,11946300
2019-09-24,24.670581817626953,25.169986705683623,24.591727675438587,25.08061854418053,15322500
2019-09-25,25.15947723388672,25.2435873982631,24.618018176047805,24.723154377509903,14554600
2019-09-26,25.15947723388672,25.38026566337053,24.985998891854152,25.285641477779038,12257300
2019-09-27,25.05434226989746,25.41706702471646,24.849323843028255,25.311930809646437,13450600
2019-09-30,25.10165023803711,25.25410053228377,24.817777691235285,25.049082139152816,12116600
2019-10-01,25.080625534057617,25.695682800646292,25.054341481117604,25.154221684427526,16083800
2019-10-02,23.708576202392578,24.654818130574174,23.70857620239258,24.654818130574174,24637800
2019-10-03,23.887310028076172,24.081816423013642,23.24597074217265,23.824227902732872,24569900
2019-10-04,24.491851806640625,24.59699001293136,24.01347487309505,24.023988894258572,21339100
2019-10-07,24.20271873474121,24.69686560530758,24.20271873474121,24.339396973716887,12531500
2019-10-08,23.8242244720459,24.376197501341046,23.824224472045895,24.33939943307766,14671300
2019-10-09,24.00821304321289,24.202719395800305,23.829480727879876,24.008213043212894,9509400
2019-10-10,24.833553314208984,24.943947541027224,24.21324003207117,24.21324003207117,15441700
2019-10-11,25.569520950317383,25.71671327645089,25.233080201815056,25.248850235230776,24527700
2019-10-14,25.227813720703125,25.364491966044344,25.00176731063001,25.33820791947998,11520400
2019-10-15,25.185758590698242,25.385520961732247,24.98599621966424,25.169988563234394,14669700
2019-10-16,24.602249145507812,24.980745934088546,24.51813897086151,24.912405790518193,24417100
2019-10-17,24.554931640625,24.733665973064177,24.502363545049366,24.702125917856517,14158400
2019-10-18,24.197465896606445,24.802009095421738,24.192209888552153,24.649558792368207,16452100
2019-10-21,24.817781448364258,24.81778144836426,24.31837641198151,24.402486586136362,13486800
2019-10-22,24.865087509155273,24.991253742425428,24.759949315654186,24.85457348927074,15194800
2019-10-23,24.765209197998047,25.143705921040095,24.723153115284756,25.022795685911575,12362800
2019-10-24,24.57596206665039,25.00702690931702,24.45505383081409,24.949200795363897,14646600
2019-10-25,25.527456283569336,25.527456283569336,24.9965093179641,25.101647509649275,21754000
2019-10-28,25.601057052612305,25.653625155303107,25.4118086743741,25.574773001266905,10932200
2019-10-29,25.574769973754883,25.653622118456656,25.275127412130594,25.44860373474997,10091200
2019-10-30,25.543228149414062,25.558998177431715,25.070107255440956,25.443347963061676,15325200
2019-10-31,24.812524795532227,25.485406171298898,24.63379042942612,25.285643760863913,21765000
2019-11-01,25.464374542236328,25.60105480578827,25.106905860346576,25.12793390171524,20151300
2019-11-04,26.189828872680664,26.189828872680664,25.800820090324393,25.800820090324393,20980000
2019-11-05,26.216110229492188,26.43164264224623,25.984807788231194,26.321248432008787,15951200
2019-11-06,26.121484756469727,26.268679034854323,25.70619198534262,26.231880966594254,14879300
2019-11-07,26.342273712158203,26.56306210948816,26.042631169870855,26.200337454441428,26788900
2019-11-08,25.853384017944336,26.047888377702126,25.658879658186546,25.932238166536457,19854000
2019-11-11,25.30141830444336,25.464380650781905,25.212050109860552,25.464380650781905,20385800
2019-11-12,25.18050193786621,25.490658503885406,25.180501937866214,25.39077631825657,13130500
2019-11-13,24.770465850830078,25.264614808859758,24.69161370170549,25.049082392701425,16882100
2019-11-14,24.707387924194336,25.012288567526486,24.686359878720783,24.89137830872595,14155900
2019-11-18,25.02805519104004,25.259357643719696,24.95971505522885,25.08588130554608,16777800
2019-11-19,25.32243537902832,25.490657685421183,25.08587695935271,25.290895325921795,13108100
2019-11-21,25.4538631439209,25.4538631439209,25.075368387012684,25.10690844697068,15624200
2019-11-22,26.300222396850586,26.300222396850586,25.522202847424573,25.522202847424573,27680500
2019-11-25,26.736539840698242,26.904760141268547,26.51049343580487,26.568319540127945,24507100
2019-11-26,26.925792694091797,27.072984980430498,26.526267909251747,26.599864052421097,32446500
2019-11-27,26.589353561401367,26.915280216418875,26.352793083830342,26.773343929876262,13507600
2019-11-28,26.478960037231445,26.74706260762084,26.12149128027547,26.578842252035066,10145300
2019-11-29,26.273937225341797,26.53152572990889,26.189827061566834,26.478955624209235,10290800
2019-12-02,26.98887062072754,27.17286095005032,26.342273456522097,26.363301495685896,23952200
2019-12-03,26.5052433013916,26.946822222972386,26.415877117489952,26.941566214355426,13479700
2019-12-04,26.768081665039062,26.82590777318866,26.56306328548634,26.72077158238317,9105800
2019-12-05,26.783855438232422,26.852195570971872,26.57357903227001,26.652433185842025,9503500
2019-12-06,26.9941349029541,27.17286927994942,26.82591454876378,26.94156679427393,13892600
2019-12-09,27.041444778442383,27.593419900902088,26.98362066578879,27.467253642965535,19388300
2019-12-10,26.915281295776367,27.036189543529197,26.75757497285288,26.925795318017226,13878600
2019-12-11,27.246461868286133,27.362112084803567,26.92579125701062,27.009901416907116,15572100
2019-12-12,27.835235595703125,27.893061712052305,27.193894313058887,27.38839870004238,25140900
2019-12-13,28.26104164123535,28.387207891995814,27.777408691566723,28.019225166401036,28172500
2019-12-16,28.040252685546875,28.739418046312792,28.040252685546875,28.65005187459043,21806800
2019-12-17,28.08230209350586,28.234752366743912,27.887797748024564,27.992935936648884,13570300
2019-12-18,28.108591079711914,28.145389148771184,27.651240212242104,28.00870888768445,22924500
2019-12-19,28.38721466064453,28.513380941488087,27.977177757256737,28.12437008045338,17683200
2019-12-20,28.802499771118164,28.90763796846312,28.46605914388976,28.791985750849236,42124200
2019-12-23,28.69210433959961,28.902378719955067,28.597480166569174,28.86032464602167,10225700
2019-12-26,28.802499771118164,28.912893975925424,28.655305492697497,28.813013791387093,20410000
2019-12-27,28.923572540283203,29.139420926091802,28.826440972517606,29.13402564276383,13920400
2019-12-30,28.761686325073242,29.063873643473936,28.70772525965437,28.950554171004686,11928100
2020-01-02,29.317495346069336,29.37685169497404,29.004515401111224,29.128627499065495,17509700
2020-01-03,29.101642608642578,29.409225165882386,28.91277684840143,28.966737906046784,17284800
2020-01-06,28.928972244262695,29.031499103728,28.68074802125222,29.031499103728,32787800
2020-01-07,29.139427185058594,29.241954058174287,28.815656595284555,28.869617674085827,16326400
2020-01-08,29.144817352294922,29.339080495443877,28.9343663000445,29.247346265891785,15298500
2020-01-09,28.761686325073242,29.069268926622744,28.626781603043366,29.00451523642356,14638000
2020-01-10,28.7940673828125,29.069272140446994,28.659162645867898,29.004518443088806,9129200
2020-01-13,29.840925216674805,30.02439572783231,28.87500687680196,28.945157911254686,27497400
2020-01-14,30.024396896362305,30.407525842122624,29.679041110973685,29.840926378064243,27817000
2020-01-15,29.927265167236328,30.26183038374695,29.738399366369727,29.84092622134262,21425300
2020-01-16,29.77077293395996,30.191677064545388,29.732999776642163,30.0028092194737,13149100
2020-01-17,30.758277893066406,30.80684367734214,30.272620050309087,30.3535637102629,36524100
2020-01-20,30.952545166015625,30.95254516601563,30.504660422462127,30.75828200295546,16746300
2020-01-21,30.234848022460938,30.763674327425,30.07836009703568,30.650354846036173,25436800
2020-01-22,30.380537033081055,30.67732695166217,30.251029678073646,30.542422256081455,17269400
2020-01-23,29.948843002319336,30.072955077653408,29.522543661944255,29.911069851499498,23028900
2020-01-24,29.031496047973633,30.07296067672592,28.972137640353132,30.01360226910542,19744800
2020-01-27,27.256153106689453,27.963054694234575,27.239965196400394,27.876715741887942,38779700
2020-01-28,27.62849235534668,28.10875292110362,27.563738653729008,27.62849235534668,23046400
2020-01-29,27.385658264160156,28.000823460342687,27.229168294329117,27.89829661380649,23323000
2020-01-30,27.790372848510742,27.790372848510746,26.873020323368216,26.964756605123824,23083200
2020-01-31,27.126651763916016,27.552951336892754,26.87303013418595,27.498988193076006,29988200
2020-02-03,27.472000122070312,27.569131695839374,26.87302276998874,27.25075643925921,18858200
2020-02-04,28.205883026123047,28.37316564323435,28.043997751312432,28.16810986395,21559200
2020-02-05,28.59440803527832,28.93436647941361,28.59440803527832,28.772481211946875,26797700
2020-02-06,28.750898361206055,29.096254176232204,28.502674126466395,28.95595414830897,22155800
2020-02-07,28.114145278930664,28.57821788560075,28.017013707372605,28.535049441843196,14450900
2020-02-10,27.083471298217773,28.006221162866947,26.937773951167905,28.006221162866947,28244800
2020-02-11,28.0871639251709,28.168107585269684,27.531357105173125,27.601508140026553,27560600
2020-02-12,28.637571334838867,28.804853914310694,28.508063967523405,28.653759241132676,28539800
2020-02-13,28.13572883605957,28.276030901410742,27.82275094759176,28.178899335700766,20105600
2020-02-14,27.520565032958984,28.21127659467953,27.493584498544806,28.173503434803113,19896200
2020-02-17,28.821046829223633,28.821046829223633,27.855128455170945,27.90369424097479,28134200
2020-02-18,28.49187660217285,28.62678132288246,28.124935597164104,28.356971881463245,18054400
2020-02-19,28.497276306152344,28.664556856270764,28.27603262818697,28.562030001085834,14439700
2020-02-20,28.168106079101562,28.86421493158477,28.092559764906362,28.7454981187165,18818800
2020-02-21,27.05109977722168,27.596114035918728,26.873024527504516,27.520567708820426,32249900
2020-02-26,24.47171401977539,25.2757470118654,24.31522611774983,25.178615454203985,46923300
2020-02-27,23.99685287475586,24.574244926653904,23.505799763558002,24.093984440353914,42419000
2020-02-28,23.9105167388916,23.9105167388916,23.311539366934465,23.737838837235145,33228600
2020-03-02,25.0167293548584,25.4106508547908,24.18032057782481,24.218093731346922,48372500
2020-03-03,25.011335372924805,26.489892075375906,24.86024273854395,25.221788474575977,52401800
2020-03-04,26.20928955078125,26.489891623041903,25.362088050784717,25.901706945482267,31476600
2020-03-05,25.281147003173828,25.874729083711266,24.795491182897305,25.718239094057335,29092300
2020-03-06,24.072402954101562,24.725341423884075,23.554369228909643,23.851159255312325,39718600
2020-03-09,20.413785934448242,22.415771751569,20.402993308394404,21.82758701177395,59037000
2020-03-10,24.18032455444336,24.466321923425724,22.016451531760108,22.61003357905084,63269800
2020-03-11,21.984073638916016,23.899720213051644,21.045135900691278,23.209006660645386,50025000
2020-03-12,19.07552719116211,19.42628029770827,17.510633624491916,19.42628029770827,62222000
2020-03-13,23.149646759033203,23.759414505533716,19.96589509600677,22.663989027899575,67635900
2020-03-16,21.066722869873047,22.34022383465488,19.43167616275878,19.43167616275878,59078300
2020-03-17,22.399578094482422,23.511193693171485,21.104494058540535,21.8545639486557,52743800
2020-03-18,20.856271743774414,22.05422432701379,19.264395543846945,20.937213345374452,59689100
2020-03-19,19.642127990722656,21.045136250710275,19.026960740422613,20.235707933375267,52645400
2020-03-20,18.98918914794922,21.266381660360594,18.730172312082207,20.451557992850795,50479900
2020-03-23,18.4010009765625,19.350731254471658,18.007079484167857,19.18344867887293,41958300
2020-03-24,20.31125259399414,20.856268769395367,19.890350561948335,19.890350561948335,37044800
2020-03-25,22.043428421020508,22.313237836496807,20.55408135332364,20.608042413025906,38064400
2020-03-26,22.663991928100586,22.88523557648798,21.579358934416675,22.129768355491596,36253000
2020-03-27,21.638713836669922,22.361803137076162,21.15305813425174,21.207019192804058,32331200
2020-03-30,22.539886474609375,22.83667652078143,21.984079548588078,22.08120907735876,31298300
2020-03-31,23.322328567504883,24.00764478963071,22.782709689467158,22.825878129299195,39238000
2020-04-01,23.403270721435547,23.807984889601514,22.23229871628038,22.561466569079265,37092100
2020-04-02,23.08489990234375,24.050818395545065,22.62082723819192,23.71625519567311,34372600
2020-04-03,21.85456657409668,23.133462856501957,21.455247661825176,23.0956896962377,31650000
2020-04-06,23.273765563964844,23.414065583267686,22.64780767306966,22.9877661247014,32019300
2020-04-07,23.624513626098633,24.55265874735027,23.505798873681837,24.3853761554904,34191900
2020-04-08,23.47882080078125,23.878139749787064,23.230596565214874,23.473425516739823,29464500
2020-04-09,23.354705810546875,23.99685363209834,23.117274230748666,23.71625155134621,29827800
2020-04-13,24.05081558227539,24.05081558227539,23.19282139992134,23.311538223417767,22066800
2020-04-14,24.02923011779785,24.82247059778955,24.013042208731196,24.61741482951957,24713600
2020-04-15,23.306137084960938,23.689268027885785,22.993159226474223,23.473419667322,28808700
2020-04-16,23.07410430908203,23.737837397773816,22.68558008315657,23.63530848467561,24442900
2020-04-17,23.74323272705078,23.867344832924243,23.322330623785756,23.68927165788244,23604600
2020-04-20,22.91221809387207,23.343912803944864,22.788105993381315,23.343912803944864,29050700
2020-04-22,23.149646759033203,23.333117228741205,22.69096955552204,22.98775947633379,22693600
2020-04-23,23.47882080078125,24.115571358787548,23.10108916339026,23.360106025522526,27171100
2020-04-24,23.613723754882812,23.851157404365576,22.572261101269618,23.403272699010643,55165900
2020-04-27,24.040021896362305,24.30983134987587,23.66768559156738,23.99145611239055,25580600
2020-04-28,24.072402954101562,24.439344024066603,23.462632932176863,24.39077823367467,25680000
2020-04-29,25.21639060974121,25.567143713401652,24.196511231859528,24.471715961413825,33207500
2020-04-30,24.207305908203125,24.914205400142958,24.15334277926844,24.665981182492068,25720300
2020-05-04,23.705459594726562,23.921307988618654,23.41946222252995,23.5813474887076,16994300
2020-05-05,23.581348419189453,24.299040549006378,23.581348419189453,23.986062629844366,19070600
2020-05-06,23.921306610107422,24.153340841218167,23.532780346884362,23.84575823566082,26602700
2020-05-07,24.849451065063477,25.351296829598493,24.52568053371055,24.622812104812994,42194300
2020-05-08,26.36038589477539,26.419744310908488,25.345903711987418,25.63190110773814,33922800
2020-05-11,25.756010055541992,26.576231037106144,25.756010055541996,26.01502688259129,24783100
2020-05-12,25.610313415527344,26.225478654162128,25.61031341552734,26.133744425954365,21806900
2020-05-13,26.19310760498047,26.538463446842865,25.718242293178083,25.99344708638618,34159500
2020-05-14,25.95026969909668,26.149928090452928,25.32970721924141,25.874723392014992,35513400
2020-05-15,25.928688049316406,26.603211682537346,25.928688049316403,26.27404382016828,35196100
2020-05-18,27.660865783691406,27.84433630447013,26.95396629419214,27.164417350103612,41936200
2020-05-19,28.222070693969727,28.44331438129242,27.5691322580275,27.68245174357458,27704400
2020-05-20,28.32999038696289,28.961343470372128,28.32999038696289,28.799458222714573,27014500
2020-05-21,27.590709686279297,28.4163257875523,27.18059824752239,28.216667408897738,41802300
2020-05-22,27.126651763916016,27.574534535935992,26.926993278002694,27.396461307549373,23933600
2020-05-25,27.0349063873291,27.887505247515424,26.937774819498184,27.741807895769046,21162000
2020-05-26,26.54924774169922,27.261544456606053,26.354984627000526,27.18599814721935,28917800
2020-05-27,27.32630157470703,27.428830486167865,26.3226100616697,26.894606853637967,31932100
2020-05-28,27.029516220092773,27.871322614468635,27.007930965715225,27.52056943552457,23530900
2020-05-29,28.59979820251465,28.59979820251465,27.552938405589508,27.736408891492108,92646300
2020-06-01,28.826438903808594,29.058475181431955,28.32999053395195,28.50266840681362,27152300
2020-06-02,28.826438903808594,29.03149464976281,28.599799967608636,29.03149464976281,25602700
2020-06-03,28.955949783325195,29.32289079609647,28.804857151648573,29.08545922367853,31584300
2020-06-04,30.035188674926758,30.056773925525526,28.880404528169215,28.98832872268024,37638600
2020-06-05,29.468589782714844,30.59639341673915,29.322892426149085,30.42911080916746,39799100
2020-06-08,29.560325622558594,30.029795594346997,29.128630871330422,29.668249824986376,27456500
2020-06-09,29.673643112182617,29.673643112182617,29.204173204550244,29.22575845378263,19860000
2020-06-10,29.247346878051758,29.786965816545393,29.009913227685505,29.630475830346345,24321300
2020-06-12,28.815650939941406,29.166402000277873,28.049391008753222,28.982931486484883,31223700
2020-06-15,29.074670791625977,29.37146081456909,28.13033759049961,28.329996033791083,27425600
2020-06-16,29.889490127563477,29.94884853509838,29.258137011381752,29.943453251905535,29329400
2020-06-17,30.32658576965332,30.45609316647421,29.759986276975276,29.943456804540666,27840000
2020-06-18,30.31039047241211,30.51005093334064,30.008205227300987,30.380541500805446,25770000
2020-06-19,29.77077293395996,30.54242810513677,29.522548740590796,30.396732817472508,38079900
2020-06-22,29.679039001464844,29.867904789899267,29.371456398310098,29.679039001464844,14891400
2020-06-23,29.997411727905273,30.52084266717732,29.878694923085003,29.965033856095413,18272700
2020-06-24,29.889490127563477,30.35895798768445,29.581907523503244,30.353562704491605,18156600
2020-06-25,30.21865463256836,30.29959828087002,29.60888477521465,29.94884521620614,17051900
2020-06-26,30.013607025146484,30.731301255038268,29.7923633261729,30.164701738982306,21655500
2020-06-29,30.019006729125977,30.17009939636444,29.5927072082938,29.91647779765713,15453400
2020-06-30,30.17548942565918,30.510054642683013,29.684436284169895,29.916472587580717,27462900
2020-07-01,29.430816650390625,30.261830288555334,29.166402471526276,30.261830288555334,28999400
2020-07-02,29.943458557128906,30.078363304161687,29.544139600179317,29.5981006755992,24148500
2020-07-03,29.819337844848633,30.056771465032774,29.641264688193157,29.786962030083618,7831800
2020-07-06,30.52623748779297,30.61797376062424,29.99741127379934,30.267220692682773,23609900
2020-07-07,30.418315887451172,30.747483735753477,30.272618541883787,30.61797635645981,13598400
2020-07-08,30.930950164794922,31.146798513166768,30.105334040465078,30.704311251638657,32634600
2020-07-09,30.44529151916504,31.125212355699592,30.251030481494656,31.038873430574196,19741600
2020-07-10,30.74208641052246,30.920159559842915,30.30499440285536,30.499257517374073,14728100
2020-07-13,31.109031677246094,31.956233220122527,31.109031677246094,31.15220012059579,28780200
2020-07-14,33.29448318481445,33.4401805201426,31.24393198325572,31.25472254870296,52234500
2020-07-15,33.34305191040039,33.958217119393304,32.587584636401864,33.6182566402457,29833100
2020-07-16,32.441890716552734,33.289092303868394,32.29619335294978,33.07864124260288,22788400
2020-07-17,32.938331604003906,33.0516510564474,32.54980541450357,32.64693696187865,18896400
2020-07-20,32.8088264465332,33.18116477929395,32.56599754657676,32.98150431795054,16491500
2020-07-21,32.21524429321289,32.63614631837761,31.983208033575295,32.61456107132238,29043600
2020-07-22,31.96703338623047,32.51204772029023,31.7295996871094,32.33936978919308,19644700
2020-07-23,31.75657844543457,32.46348010139361,31.643258945478117,32.32318006218322,17291900
2020-07-24,31.621665954589844,31.756570676338917,31.200763881447195,31.605478046694415,22544100
2020-07-27,33.11640930175781,33.256711359971895,31.826720538582236,31.891474226267327,35124800
2020-07-28,32.56060791015625,33.00309528970714,32.48506158562068,32.75487106380941,21707500
2020-07-29,33.96901321411133,33.96901321411133,32.835812187360396,33.030075338145295,29486600
2020-07-30,33.062442779541016,33.65602261202823,32.727879713510895,33.618249462241714,32210700
2020-07-31,32.7602653503418,33.56969376026712,32.64694586698815,32.970716407565114,26318800
2020-08-03,32.517433166503906,33.81791459949964,32.517433166503906,33.38082461924334,35910500
2020-08-04,32.75487518310547,32.83042151714184,32.031785608283634,32.51744149501031,182535800
2020-08-05,33.55889892578125,33.94202991237725,33.37542841593392,33.40241100794189,36999600
2020-08-06,33.3646354675293,33.93123486504239,33.06784344449055,33.790932807154505,22468400
2020-08-07,32.619956970214844,33.127197902693155,32.258411302712084,33.127197902693155,28427400
2020-08-10,33.564292907714844,33.564292907714844,32.59837467143027,32.75486463208739,29341400
2020-08-11,32.528228759765625,33.89886134940436,32.46347506390762,33.88267344006058,23822800
2020-08-12,33.18656539916992,33.61286486337402,32.69011695362813,32.85200222680554,29627900
2020-08-13,32.56599426269531,33.54270504692743,32.43648690143284,33.132595658286405,24906200
2020-08-14,33.10561752319336,33.14878802174144,32.539018109887195,32.565998642238405,17848800
2020-08-17,33.58048629760742,33.78014472848774,32.9976989144078,33.337657363573044,42786400
2020-08-18,34.02837371826172,34.37372953710318,33.91505216768689,34.15788112108574,32205700
2020-08-19,33.66682434082031,34.47085744335617,33.63444852280758,34.21723589034797,23537900
2020-08-20,33.96901321411133,34.26580322404029,33.27829956037803,33.35924322603272,25866600
2020-08-21,33.564292907714844,33.88266811180094,33.19195458349738,33.67761237226687,27242700
2020-08-24,33.97440719604492,34.06614348417064,33.58588296784537,33.963614570472316,17944700
2020-08-25,33.251319885253906,33.90965567806757,32.94373724137804,33.888070425536604,23543000
2020-08-26,33.32146453857422,33.64523503053575,33.046259826255174,33.27289875893173,23924400
2020-08-27,32.803436279296875,33.553506286204005,32.55521205773449,33.28909209646465,18201900
2020-08-28,32.9707145690918,33.294487150097844,32.71709508122559,33.01388506995238,15040300
2020-08-31,32.2044563293457,32.99769677629846,32.2044563293457,32.970714184334085,31080000
2020-09-01,33.32685852050781,33.343048485411714,32.48505445087485,32.53362022862156,24197700
2020-09-02,33.08943557739258,33.63984718215537,32.54981659921138,33.40241557280954,21797200
2020-09-03,32.01020431518555,32.6739355501337,31.756582683687014,32.377145461764215,36117400
2020-09-04,32.641544342041016,32.64693962467643,31.67562613018421,32.220640249591135,26636700
2020-09-08,31.983213424682617,32.24762554099004,31.788950285405353,32.155891313266224,14663800
2020-09-09,32.377132415771484,32.5552076321299,32.03717194903074,32.32317135180492,16481700
2020-09-10,31.583894729614258,32.48505939644612,31.47057525044752,32.37713520074706,19431400
2020-09-11,33.42938995361328,33.61825573780167,32.29079378997931,32.404113260492345,46057000
2020-09-14,33.40781021118164,34.18486078369052,33.121812816987685,33.888070763123565,35710200
2020-09-15,33.7801399230957,34.346741374735025,33.53731308208753,33.839498327247064,32570600
2020-09-16,32.90057373046875,33.726190208047086,32.72789580128221,33.62905861556925,28843500
2020-09-17,33.49954605102539,33.68301452142497,32.4364960402809,32.59298603283899,31397500
2020-09-18,33.27289581298828,34.049946159986376,33.27289581298828,33.715383073450276,33143800
2020-09-21,32.377132415771484,33.12720232071297,32.074945105503865,32.94373182135096,53120800
2020-09-22,32.499412536621094,32.763633938213786,32.12837626598259,32.684929599674156,23996200
2020-09-23,33.22461700439453,33.511328105666394,32.077779032904004,32.42070475934707,37365600
2020-09-24,32.97726058959961,33.60689742446002,32.85358112140955,33.55630147333976,31607500
2020-09-25,33.30895233154297,33.42138804258132,32.71866752925763,32.802992704136784,27582200
2020-09-28,33.04472732543945,33.865506479902685,32.99975432965847,33.69685184825903,30265400
2020-09-29,32.80298614501953,33.70809032832569,32.80298614501953,33.01661373882324,26201600
2020-09-30,33.23024368286133,33.88236814917094,33.027859858052736,33.286460458849255,25947500
2020-10-01,33.08970260620117,33.646256030482775,32.617474353566585,33.46635975752986,22852700
2020-10-02,32.7861213684082,33.41575821863816,32.6680648610899,32.9491530087234,23668800
2020-10-05,33.500083923339844,33.64062799045496,33.02785577205177,33.112183070133746,17887200
2020-10-06,32.954776763916016,33.88798941141481,32.72428454810404,33.73620154082655,21951600
2020-10-07,33.82615661621094,34.157840813856915,33.14592361334593,33.24711554785033,27276500
2020-10-08,34.45579528808594,34.56823100749146,33.76431850886146,33.92734805023985,22207400
2020-10-09,34.630062103271484,34.821202146954874,34.20842984319334,34.68065806026216,21120900
2020-10-13,34.93363571166992,35.214723867888104,34.30961966174038,34.44454292031938,18602200
2020-10-14,35.4171142578125,35.58014593336968,34.877425412381335,34.89991298374085,22210600
2020-10-15,35.11915588378906,35.33840430850507,34.84368853957376,35.08542453208949,16309700
2020-10-16,34.98986053466797,35.473330443548384,34.98986053466797,35.24846116734343,15871000
2020-10-19,34.82682418823242,35.51830081908821,34.82682418823242,35.265321040840355,29156200
2020-10-20,34.76498794555664,35.01796774925133,34.478278931057815,34.73125659021977,25276800
2020-10-21,35.332786560058594,35.535170411066645,34.63006604657666,34.65817658274219,21480900
2020-10-22,35.47332763671875,35.69257821962961,35.10229132303269,35.47895060128532,32097700
2020-10-23,35.67008972167969,35.917446542852375,34.97861307074762,35.20348232330481,24263400
2020-10-26,35.136024475097656,35.670092476025694,34.86055709961848,35.36089588955138,18250900
2020-10-27,35.15288543701172,35.36089222440805,34.8886640186277,35.13602083326216,18155500
2020-10-28,33.87674331665039,34.89428320436482,33.87112249717458,34.82682264799305,23686100
2020-10-29,34.866180419921875,34.98985991358557,33.612527311213746,34.27589563162903,37998800
2020-10-30,34.03977966308594,35.08542808170425,33.73620390067429,34.74250014392806,27476200
2020-11-03,35.60824966430664,35.60824966430664,34.41643641718382,34.79871650212497,32900800
2020-11-04,34.61882019042969,35.57451825677493,34.545736665456886,35.57451825677493,27932100
2020-11-05,35.164127349853516,35.450838465534545,34.54573427390731,35.02358327399916,25563600
2020-11-06,35.52392578125,35.95680186461113,35.046076701251906,35.06856427183677,26452500
2020-11-09,35.52392578125,36.13107517531189,35.34402950563664,36.06361675262284,37728900
2020-11-10,35.50706100463867,35.748797025930244,35.2428374128705,35.55203614559188,53960600
2020-11-11,35.75441360473633,35.93430985814253,35.417108665732826,35.51830057634038,25908500
2020-11-12,35.23158645629883,35.84998165133547,35.11352995212602,35.73754596637132,23726500
2020-11-13,35.55765151977539,35.72630398345282,35.197859025388226,35.26531958195272,25079300
2020-11-16,36.49648666381836,36.732599695304444,35.40024452544364,35.698197296947285,91477900
2020-11-17,37.648948669433594,38.28420636414873,36.42902708982743,36.42902708982743,62475900
2020-11-18,37.35661315917969,37.88506024999971,37.14298771073094,37.660188873753015,22854400
2020-11-19,38.07058334350586,38.07058334350586,37.36786290166343,37.502784025558924,25928500
2020-11-23,40.07754898071289,40.094413583478946,38.50907658749783,38.6833498681668,38662400
2020-11-24,42.0507926940918,42.10138650683867,39.4535364131231,39.94263138166872,49842200
2020-11-25,42.444313049316406,42.669184439841025,41.38180012537925,41.488615000918074,36269100
2020-11-26,43.04584884643555,43.06271345299605,42.388103456181476,42.39934509753323,20359000
2020-11-27,44.09711456298828,44.28825246452212,43.15827679248647,43.287579241044504,48966700
2020-11-30,43.84975814819336,44.6143183769794,43.35504447212345,44.327607218918274,48594200
2020-12-01,45.67683410644531,45.81737821138822,44.55248126690204,44.878544619745355,61441200
2020-12-02,44.884159088134766,45.67682982445511,43.46185356569757,45.4800689537936,53703300
2020-12-03,44.38943862915039,45.5643892866502,44.192677788630704,45.53627875697682,35158600
2020-12-04,46.087215423583984,46.480737121906294,45.030321223978646,45.030321223978646,48656900
2020-12-07,46.63252639770508,46.65501396633543,45.912941357794395,46.33457361921692,27398500
2020-12-08,46.60441970825195,46.82929110334092,45.907322243634766,46.64377188071264,28598800
2020-12-09,46.49198532104492,47.12724738105815,46.22214305813798,46.71685673284432,26938500
2020-12-10,47.78498458862305,47.90866405851454,46.77306555229691,47.0260474559108,41230700
2020-12-11,47.70628356933594,47.94239659787936,47.44768297296957,47.571362451463266,25136800
2020-12-14,46.96983337402344,47.90866680149433,46.6325241498925,47.89742087318866,20931700
2020-12-15,47.50389862060547,47.998612233774445,46.969832836946516,46.969832836946516,18762800
2020-12-16,48.470848083496094,48.47647104822438,47.42519967543376,47.728775434780765,23038300
2020-12-17,49.02177429199219,49.44340653976413,48.44273335796912,48.628252576364375,21367800
2020-12-18,49.35907745361328,49.685136425450835,49.15107069288656,49.25788555502521,23843100
2020-12-21,48.83063888549805,49.13421463404359,47.66131102941118,48.431494185298874,31877300
2020-12-22,48.875606536865234,48.90371277707058,48.02671916387527,48.83063140565917,23157000
2020-12-23,49.11172866821289,49.207297622986296,48.572039860647024,48.64512124563868,17710200
2020-12-28,49.083614349365234,49.7975806954264,48.9543161944208,49.353460876875644,26001300
2020-12-29,48.94869613647461,49.58395388755388,48.633878743241034,49.454655724932366,19727500
2020-12-30,49.162315368652344,49.24101970696569,48.71257690529963,49.0161526198217,30102700
2021-01-04,51.41664123535156,51.42788716264868,49.94936082479143,50.230448960315364,37865500
2021-01-05,52.28240966796875,52.28240966796875,50.88821018963392,51.41665742329512,34300300
2021-01-06,53.99703598022461,54.16568629881464,53.06944421625247,53.395507503550654,53722500
2021-01-07,57.52188491821289,57.63994143899078,54.31185842095175,54.31185842095175,74541400
2021-01-08,57.341983795166016,58.100920958171415,55.20571209501427,57.909783070938666,58562700
2021-01-11,57.33073806762695,57.33073806762695,56.048972565505004,56.35817123052524,29267000
2021-01-12,55.76227569580078,57.69054082279155,55.75665273114404,57.62307811410663,28598500
2021-01-13,54.092613220214844,55.61048776567473,53.822766664388496,55.58238151946429,31658800
2021-01-14,54.9808464050293,55.57675193816007,54.36244901510304,54.65478310653454,20809900
2021-01-15,52.59159851074219,54.64353872782975,52.394833359786304,54.294992140784686,31712400
2021-01-18,53.018856048583984,53.7665517059954,52.59160506354801,52.788365949954795,22667600
2021-01-19,52.87830352783203,53.16501465327766,51.66400490140842,53.1256624822608,27155400
2021-01-20,51.90011215209961,53.48544903375115,51.062470725630206,53.40674470047561,20480000
2021-01-21,52.48479080200195,54.025152988567,51.798934884819246,51.88888517057828,25983400
2021-01-22,52.377967834472656,52.73776034390582,51.15242325888312,51.714599591005566,25814300
2021-01-26,51.57968521118164,52.934532407360344,51.360436756134014,52.276782753151885,24921600
2021-01-27,50.146121978759766,51.259232889657646,49.583945704159035,50.81511311803531,32419700
2021-01-28,51.214263916015625,51.354808001564,49.5277348894351,49.583951665841425,35900800
2021-01-29,49.44340515136719,51.07371732145168,49.35345917134871,50.5902453477908,31481600
2021-02-01,51.309837341308594,51.30983734130859,49.79758576543686,50.60149817647303,27135500
2021-02-02,49.28036880493164,50.92192231467156,49.196041515314946,50.69705097204842,34426700
2021-02-03,50.837608337402344,51.39416173210912,49.80882457062221,49.94936866043157,34346400
2021-02-04,50.196720123291016,52.20931221772195,50.08428229482123,51.69210678489012,29939700
2021-02-05,52.108123779296875,52.15309462460857,50.34289050113239,50.70830167301369,27114800
2021-02-08,52.850196838378906,53.35615638222206,51.97319886602912,52.26553295316736,28164400
2021-02-09,52.98512268066406,53.53043444384018,51.900122118929765,53.18188355163861,32303400
2021-02-10,53.23809051513672,53.783402177773944,53.05819428211805,53.215607238940834,40318300
2021-02-11,52.338623046875,53.67098268604187,52.33862304687501,53.67098268604187,19775900
2021-02-12,52.78274154663086,52.923285645815426,51.83266206364221,52.34986760833122,14760700
2021-02-17,54.16569519042969,54.37370200214092,53.513572797848475,53.97455727350494,29262900
2021-02-18,54.7559814453125,55.31815783738128,53.98017527925566,54.733493874941885,33088500
2021-02-19,54.963985443115234,55.57113699224886,54.154454333336,54.64916802759362,24966600
2021-02-22,53.603519439697266,55.38561761685647,52.8670697205387,54.25002316423442,50160600
2021-02-23,54.50300598144531,54.72787742284622,52.46230697945058,54.30062211309109,35756200
2021-02-24,55.05392837524414,55.21133706198496,53.89022353933589,54.60418559392891,21856100
2021-02-25,53.80589294433594,55.62734294815422,53.41798992637783,55.48679887371314,24471000
2021-02-26,53.13690948486328,54.924630542620626,52.85582129521003,54.27813113767045,42856000
2021-03-01,55.41372299194336,55.84097822153399,53.609137411928394,53.968929935036755,32798000
2021-03-02,57.11711502075195,57.44317832581229,53.37302284406537,54.81219289527642,47565800
2021-03-03,56.41439437866211,58.46633885992439,56.02087265965403,57.34198618954123,41473300
2021-03-04,55.576759338378906,57.055281728742955,54.82344073082792,55.88033510956523,48492500
2021-03-05,58.873600006103516,59.10272552529877,55.184086588789945,55.64821390472781,46503300
2021-03-08,58.556358337402344,59.8841149077204,58.1039834986513,58.28023151484679,39677300
2021-03-09,57.968849182128906,58.344850284628784,56.32971727484658,57.28147258683568,40537000
2021-03-10,57.075843811035156,57.481217310801036,56.235715424148786,57.28146869965356,31311800
2021-03-11,58.573974609375,58.80897641416648,57.6985974808705,58.156848534956254,26203200
2021-03-12,57.22273254394531,58.42123793357417,56.81735446857877,58.16273545278537,21115500
2021-03-15,56.881980895996094,57.193356443753686,56.2592298004809,56.69398031156014,20059000
2021-03-16,56.69984436035156,57.48121895951335,56.41196502574226,57.011219840945685,19174300
2021-03-17,57.516483306884766,57.64573454632137,56.435476608013744,56.6352297459487,21424300
2021-03-18,56.49422073364258,57.7338464061985,56.12409143292057,57.39897028981794,19156100
2021-03-19,55.683475494384766,56.494231656696584,54.896224447703,56.458978465539005,38643000
2021-03-22,54.761085510253906,55.13121032309058,53.962082072329125,54.943209777831015,21120800
2021-03-23,53.497962951660156,55.095970072624695,53.497962951660156,54.83746760238418,20518500
2021-03-24,54.72584915161133,55.60122646769458,53.938593609207125,54.05022049891735,24726000
2021-03-25,54.308712005615234,54.8080880453932,53.23358176126573,54.66121247591222,23644400
2021-03-26,56.124088287353516,56.2415914247616,54.86683385194845,55.07245873955463,26712800
2021-03-29,57.56346893310547,57.83959120872424,56.32383890226805,56.40021257650905,25960500
2021-03-30,57.02885055541992,57.868979060153215,56.74097567097323,57.52235483961555,18118600
2021-03-31,57.5576057434082,57.904229977186276,56.81147525146223,57.087602072153075,18792000
2021-04-01,57.21684646606445,58.08047553144093,56.476592341129376,57.86897435288805,17193400
2021-04-05,60.74186706542969,60.994493252964965,58.63273579926426,58.6503601524409,35908700
2021-04-06,59.954612731933594,61.42924030779272,59.9546127319336,60.982741777923636,22227800
2021-04-07,61.42923355102539,61.87573651406933,60.01335546564457,60.142606677232536,32822700
2021-04-08,61.39399719238281,61.86400087767962,61.170747907124856,61.65249966752479,25936300
2021-04-09,60.51272964477539,61.48798549734395,60.47748094533335,61.100231874336316,18854800
2021-04-12,60.74773406982422,60.882857078407945,60.04860495196927,60.45398294229343,14787500
2021-04-13,60.85348892211914,61.27061501458768,60.424610273644845,61.04148947763013,17605600
2021-04-14,62.86274719238281,63.320998277180074,60.96511275820091,61.082615909614894,38030200
2021-04-15,63.5736083984375,64.55473593301735,63.185859302389716,63.83798706065196,19378200
2021-04-16,63.843875885009766,64.10237833951952,63.15649924801283,63.8262515326181,17401500
2021-04-19,63.29163360595703,64.55476014184399,63.2387560607701,64.03775965913682,23297500
2021-04-20,62.3692512512207,63.6558783420031,61.69949445255714,63.42087650696344,20895800
2021-04-22,62.410362243652344,63.00373625329004,61.29997893409728,63.00373625329004,19799100
2021-04-23,63.44437789916992,63.50900351663764,62.545500015484485,62.950878073729776,12795400
2021-04-26,63.78512954711914,65.0306361346763,63.538379637466086,64.5958811712451,16807500
2021-04-27,64.69575500488281,64.97775359930458,63.75574773737866,63.967248924338406,24113300
2021-04-28,65.75325775146484,66.05288518593584,64.23162891330493,64.95425424773347,20570600
2021-04-29,65.77088165283203,66.35838396141395,65.148130640067,65.91188543413826,19724300
2021-04-30,64.04950714111328,65.54176371593358,64.04950714111328,65.2068875404774,36888200
2021-05-03,63.72050476074219,64.8308838509365,63.603006082887,64.44900642447628,19641000
2021-05-04,64.68400573730469,65.25388371545834,63.83800542874202,64.00837716029481,20775600
2021-05-05,65.0423812866211,66.28201153997132,64.85438072357819,65.79438353879267,25990600
2021-05-06,67.5921401977539,67.68026195534671,65.49475720359665,65.7650077188837,38194400
2021-05-07,67.8271484375,68.47340464570726,67.08689866093302,68.46752836682697,21678700
2021-05-10,67.3806381225586,70.76464803790688,67.3806381225586,70.38277514063094,38889400
2021-05-11,69.74827575683594,69.74827575683594,66.57576235015097,66.96351603067652,28693600
2021-05-12,67.16913604736328,69.59551882482526,66.951758592408,69.32526831671923,31737900
2021-05-13,66.088134765625,67.1045157521059,65.04825763074108,65.80025988367429,34338500
2021-05-14,64.95426177978516,65.6768916802963,64.40201258984925,65.33026294487287,25644200
2021-05-17,66.65800476074219,66.8695059293683,65.31262407009298,65.50650088838134,26097500
2021-05-18,67.32777404785156,67.7977777600986,66.49939799581846,67.30427341401045,27081500
2021-05-19,65.9471435546875,66.25851910553027,64.53126063733829,65.85901729935959,32914300
2021-05-20,65.27738189697266,65.85900792771223,64.74275264440452,65.62400610770742,20951000
2021-05-21,64.27275085449219,65.35962918493031,63.743997901707324,65.27737922364008,27775000
2021-05-24,64.4959945678711,64.70749573081375,63.162366468142,63.45024130792481,19332500
2021-05-25,62.892120361328125,65.14812694689459,62.733492236922785,64.78975020039263,23310100
2021-05-26,64.74275207519531,64.81325396526299,62.29286854450116,62.492621658549474,28241800
2021-05-27,65.20687866210938,65.85313029208561,64.49012514289896,65.09525627368042,55448700
2021-05-28,65.55938720703125,66.24089210658809,64.28450814201484,65.27738857998435,25153500
2021-05-31,67.43351745605469,67.49814307164283,66.09401284620422,66.09401284620422,17812600
2021-06-01,66.50525665283203,69.32526940457696,66.50525665283203,68.73776712148732,31468400
2021-06-02,67.44527435302734,67.97402290399273,66.68151947363027,67.1045219002325,20338300
2021-06-04,66.3290023803711,67.4335049544341,66.0293749893097,67.26900504790198,18455100
2021-06-07,65.6827621459961,66.18213822896729,65.03650599855294,65.91775949166227,22746100
2021-06-08,64.5782470703125,66.25262760777328,64.44899585649334,66.08225589750602,22676500
2021-06-09,65.91775512695312,66.58750737878594,64.15524825743793,64.62525188222335,22517600
2021-06-10,65.70037841796875,66.60513243082318,65.23625109747474,65.92950393941325,30750900
2021-06-11,67.17501068115234,67.42176505314173,66.39950782616799,66.59338466048578,18359200
2021-06-14,66.81077575683594,67.72727809547155,66.45827520215207,67.50990506926516,19212700
2021-06-15,65.50650787353516,66.89301369024855,65.35963229534337,66.8401361513103,20587900
2021-06-16,63.538387298583984,65.58289319977794,63.467885394916436,65.50651949918722,38217700
2021-06-17,62.21650314331055,64.13176216345718,61.62900076137614,63.262256665987785,33680600
2021-06-18,64.09062957763672,64.09062957763672,62.58074870876728,62.8686280891654,59819400
2021-06-21,64.68988037109375,65.03063279011077,62.94499777546851,63.303374546799006,22673600
2021-06-22,65.44775390625,65.84725562994593,64.73100041824081,65.03062783158441,18576100
2021-06-23,66.42889404296875,67.12214703186727,65.89426920702738,66.0411448022831,29491400
2021-06-24,66.5185546875,67.05175718883346,66.06323410551968,66.93193814816657,23136700
2021-06-25,67.3393325805664,68.27992626531662,66.74022820631012,66.86004725283993,26139200
2021-06-28,66.26093292236328,68.11815528933491,65.90746358864934,67.84256786708261,18866400
2021-06-29,67.40523529052734,67.72875220526483,66.26094372705938,66.26094372705938,19589500
2021-06-30,67.84857940673828,68.4656562629499,66.90798559691191,66.99785217916116,18903100
2021-07-01,66.6683349609375,68.51357755624257,66.3568026931553,67.9444302211236,22129200
2021-07-02,68.0462646484375,68.07022936793277,66.8480560984913,67.0996787969873,19688800
2021-07-05,67.8006362915039,68.27392926323007,67.26743380061819,68.237984465895,13732900
2021-07-06,68.16010284423828,68.5075844793003,67.50108894481959,67.99834667387694,19028000
2021-07-07,68.35780334472656,69.2444797669506,68.29789382570678,68.78316687181132,21460000
2021-07-08,68.09420776367188,68.60344558551527,66.80014007584018,67.11167235024199,21824500
2021-07-12,68.9389419555664,69.67584236621802,68.89700483111007,69.08272572930194,22333300
2021-07-13,69.3463363647461,69.44219526558608,68.80714147453112,68.95691757899061,12698500
2021-07-14,68.9688949584961,69.75372020049532,68.56150381446828,69.65187355718925,19483600
2021-07-15,69.1845703125,69.59196144133936,68.59744605563023,68.89100589866345,18236100
2021-07-16,67.93843078613281,69.41821918751222,67.6987881440287,69.10069005851243,19576800
2021-07-19,67.19554901123047,67.19554901123047,66.02729273545988,67.09969011707747,18644300
2021-07-20,67.75869750976562,67.7706821557857,66.0272863949246,67.1955425585087,13066600
2021-07-21,68.53755187988281,68.81913171045879,67.39925247940313,67.55502092051408,19607100
2021-07-22,68.71726989746094,68.71726989746094,67.5130733962092,68.1061854468857,12083800
2021-07-23,68.36978149414062,68.59144715053026,67.5789640341387,68.07022935670349,13163300
2021-07-26,69.85557556152344,70.00535166888983,68.56151237069595,68.56151237069595,16419900
2021-07-27,68.4057388305664,69.52606567548877,68.23199801050013,69.31637548419255,22106500
2021-07-28,70.27494812011719,70.45467669807425,69.04678226879325,69.1965583691594,25209200
2021-07-29,69.23847961425781,70.43069581990684,68.74721430056302,69.71776485382468,30576800
2021-07-30,65.1585922241211,68.0043379669071,65.1585922241211,68.0043379669071,41956700
2021-08-02,65.26044464111328,66.72226088829461,65.26044464111328,66.44068107961913,23109400
2021-08-03,67.48310852050781,67.71675883369306,65.56597657365371,65.76966984328061,36641400
2021-08-04,67.41121673583984,67.84856490487904,66.87202649919865,67.09968449754041,18828200
2021-08-05,65.35031127929688,65.89549392508512,64.64336788033785,65.68580829208965,32215200
2021-08-06,65.72175598144531,66.43469173574917,65.60193692041463,65.81162256262041,19273100
2021-08-09,65.30835723876953,65.57196000734993,64.51154746894504,64.82307967574108,21502300
2021-08-10,65.93742370605469,66.34481484940585,65.2065156632067,65.27241750777846,17440500
2021-08-11,65.46412658691406,66.2010269066208,65.45813883473339,66.01530603134975,14680600
2021-08-12,65.42218780517578,65.88949299917535,65.20052213924072,65.42218780517578,14849500
2021-08-13,64.88299560546875,65.8415615430481,64.67929777265648,65.72173794409885,11855200
2021-08-16,65.18254852294922,65.24245803773589,63.457125243953975,64.24794272322579,21856700
2021-08-17,64.10416412353516,65.49408600394229,63.30136650513257,64.7691703039389,23402600
2021-08-18,61.95338821411133,63.34929799266376,61.953388214111335,63.34929799266376,35379200
2021-08-19,58.41865539550781,60.078172119873514,58.29284405430774,59.107626181815135,60456900
2021-08-20,58.442626953125,59.37123588612694,58.37672511371674,58.466587103088806,31351100
2021-08-23,57.633827209472656,58.670279576503006,57.609867061700946,58.448609357791746,19773500
2021-08-24,59.7366943359375,60.67129566156358,59.371240315880435,59.53898880296168,29779200
2021-08-25,59.61088562011719,60.18602527458871,59.0417382892516,59.964355009205484,15088600
2021-08-26,58.85002136230469,59.79061499379921,58.85002136230469,59.60488954014892,18032300
2021-08-27,60.323814392089844,60.50953526539593,59.251417129483976,59.31731896919965,19572800
2021-08-30,59.940391540527344,60.892965255011546,59.88047744938965,60.40169987498502,13031600
2021-08-31,59.1196174621582,59.46709908227637,58.53249318779289,59.31133067139522,20433600
2021-09-01,59.22146224975586,59.66479817520456,57.34626733780389,58.328798075719014,20847500
2021-09-02,59.03573989868164,59.91043165230897,58.65830582476125,59.173531331832166,24448600
2021-09-03,59.07768249511719,60.437647408553985,59.01777297207129,60.00629610014133,38716500
2021-09-06,58.1490592956543,58.44262368050803,57.6098691064025,58.04721266620032,11916100
2021-09-08,56.938873291015625,57.95136102192658,56.73517545194574,57.795592623908796,22635100
2021-09-09,56.735172271728516,57.34626118388127,55.8185434743022,57.01076425692858,28997700
2021-09-10,56.80109405517578,57.62786115952879,56.80109405517578,57.22046993195316,18022000
2021-09-13,56.77112579345703,56.914909548280434,56.27986044124084,56.73517642664881,18832800
2021-09-14,56.369720458984375,57.26238914217132,55.758636094263224,57.00477411460781,25571600
2021-09-15,54.96183395385742,56.579418505048366,54.961833953857415,56.24391694768823,35084400
2021-09-16,52.67924499511719,54.17700585069222,52.67325267186994,54.17700585069222,39726500
2021-09-17,51.61284255981445,53.194477736164394,50.971801064633254,52.89492555017685,74648800
2021-09-20,49.57588577270508,50.2888214235135,48.611327387777294,49.60584281901604,49636100
2021-09-21,50.39665603637695,50.74413306121987,49.4320977347958,50.74413306121987,32380300
2021-09-22,52.18797302246094,53.607851779608865,51.82851137670785,52.781084966493665,62161000
2021-09-23,52.186153411865234,53.13186135373417,51.33302728647028,52.37793687931176,47485400
2021-09-24,51.37932205200195,52.10679243535281,50.92299747303934,51.77612362059281,26631600
2021-09-27,52.113407135009766,52.463915270757106,50.59232857148113,51.98113658196928,38386300
2021-09-28,49.50111770629883,51.45206662825778,49.30932919932355,51.240438800837715,35896000
2021-09-29,50.129398345947266,50.79073602837081,49.50112452028124,50.10955397716543,39704900
2021-09-30,50.42037582397461,51.80918373664214,50.08309729009036,51.18752984075791,39151000
2021-10-01,50.39392852783203,51.12801374652176,50.05003515887035,50.75766626523902,23191700
2021-10-04,49.924381256103516,50.92300258978991,49.89131739866867,50.6518517125507,25090000
2021-10-05,49.56725311279297,50.32779239277055,49.56725311279297,50.255044850170606,21889400
2021-10-06,50.96268081665039,51.10156112618623,48.88608087207533,48.97866774509922,27318400
2021-10-07,52.483760833740234,53.15171333061272,51.39255260801551,51.80919354702766,33115300
2021-10-08,52.807804107666016,54.1238644629918,52.63585492620068,53.87255800208497,37172600
2021-10-11,53.97837829589844,54.957155146782114,53.396397961810784,54.16355202197882,28327900
2021-10-13,52.37793731689453,53.43608154196764,52.35809799565539,53.43608154196764,32052800
2021-10-14,52.37793731689453,53.06572904494981,52.331643885468004,52.90039464048284,24030000
2021-10-15,53.356719970703125,53.535278910001985,52.44407586147599,52.56972657964716,26927200
2021-10-18,52.85411071777344,53.1715550515263,51.901787807727864,52.847500973241665,20912800
2021-10-19,52.24567794799805,53.06573527770322,52.12002217125065,52.72184189608692,20804500
2021-10-20,50.704769134521484,51.82904644892494,50.44684778996695,51.82904644892494,27576600
2021-10-21,49.70613479614258,49.70613479614258,48.24457430828377,49.26964957266866,37556500
2021-10-22,50.314571380615234,50.98913358711356,49.36224351675311,49.382082839649236,35142600
2021-10-25,50.92300033569336,51.299962603886584,50.506359422092196,51.05526585079043,17950000
2021-10-26,50.38070297241211,50.96929308419844,50.30795542640653,50.929614439324816,16674100
2021-10-27,49.23658752441406,50.74444165066477,49.23658752441406,50.24843839805238,20087300
2021-10-28,48.74058532714844,49.38869847799509,48.64138871096293,49.23658859050045,22719000
2021-10-29,47.35837936401367,48.38345451992583,46.96818761047633,48.290862626825025,30268500
2021-11-01,47.82794189453125,48.18506485525886,47.05417800242452,47.61631403398224,19649600
2021-11-03,44.19719696044922,46.88884103066569,44.0517018681771,46.6904377147299,77316900
2021-11-04,43.694580078125,44.71965549479214,43.39698014198605,44.236876770951255,30122100
2021-11-05,42.398353576660156,44.08476646046432,42.325606037634536,43.93265659370019,35954600
2021-11-08,44.7064208984375,45.070158597880244,42.54384915936609,42.59014258969467,27722000
2021-11-09,43.60860824584961,44.50802789454674,43.13905909839253,44.47495899229517,20961500
2021-11-10,43.44326400756836,43.83345072880259,42.59013798746739,42.72901826344593,22492600
2021-11-11,44.97757339477539,45.80424542796914,44.706422545997114,45.27517330848288,28795100
2021-11-12,45.16936111450195,46.022482197563406,44.316234985834924,44.42866116941907,24542500
2021-11-16,43.866519927978516,45.01724582664645,43.77393307668368,44.97095240099904,17207900
2021-11-17,42.9869384765625,44.77916253680507,42.9869384765625,44.302998718690986,25487600
2021-11-18,41.2211799621582,42.75548322099196,40.90373564678291,42.4644930190318,51343900
2021-11-19,42.3454475402832,42.85468033970395,41.53861734911964,41.84283205271906,26849500
2021-11-22,44.69980239868164,45.645515293114485,43.08614221433289,43.35067824236541,44693500
2021-11-23,45.87699508666992,47.59647198590472,45.771178639649484,46.69705236865466,30391600
2021-11-24,46.941741943359375,46.941741943359375,45.969574928775415,46.366376453240974,20764100
2021-11-25,46.624305725097656,47.14676308975942,46.16137137443838,47.14676308975942,17199200
2021-11-26,45.39420700073242,45.87037082276047,44.64028263105631,44.64028263105631,22664200
2021-11-29,45.96296691894531,46.69043732868514,45.73811453864273,46.47880948138618,18164000
2021-11-30,46.26055908203125,47.252565395832676,45.42727741127367,45.63229043486569,42668700
2021-12-01,46.44573974609375,47.58323612781621,46.273790565180086,47.1533707439399,28194700
2021-12-02,48.6016960144043,48.64798944191608,46.366376871455614,46.93512757837481,24888400
2021-12-03,47.53033447265625,49.163834083810755,46.95496895217642,48.3371620952161,34451500
2021-12-06,50.10954666137695,50.25504173756543,47.58985207380228,48.191671698835435,28848800
2021-12-07,50.479896545410156,52.781348400389284,50.32778668841313,51.76950275332044,37125100
2021-12-08,50.10293960571289,50.91638205442559,49.587097068362276,50.91638205442559,24281000
2021-12-09,49.719356536865234,50.22858422339628,49.23657791184319,49.52756804449237,16925200
2021-12-10,50.03018569946289,50.39391831756834,49.49449886330706,49.93098405975959,16827100
2021-12-13,51.49174118041992,52.06710665565857,51.18091172985209,51.253659262776694,31699100
2021-12-14,51.48512649536133,52.17291814264076,51.07510044962524,51.928221436349375,21063500
2021-12-15,51.19415283203125,51.7033806315461,50.39392978969827,51.63724787189051,22112200
2021-12-16,53.197994232177734,53.21121876313526,51.88854366075873,52.24566654387301,30125700
2021-12-17,52.35810089111328,53.35010737277411,52.2919681347904,52.84087959892147,38744500
2021-12-20,51.76950454711914,52.17953565990569,51.108166972331,51.584330833475306,19195400
2021-12-21,53.131866455078125,53.16493535711253,52.34487805184089,52.77474855025796,19590300
2021-12-22,52.85411071777344,53.00622061731484,51.96792057229114,52.8342713929651,18655600
2021-12-23,52.34487533569336,52.946689965764584,52.113408170281346,52.873942421548556,13121200
2021-12-27,52.21260070800781,52.5432695029809,51.756281201956625,52.15969753547222,11371400
2021-12-28,50.9560661315918,51.934842993109825,50.6386218508581,51.92161846064852,18923700
2021-12-29,51.08833312988281,51.57111183130619,50.4931282396368,50.512967561710695,12113500
2021-12-30,51.55788040161133,52.23244760153767,51.326413243050574,51.57771972297287,26568500
2022-01-03,51.5843391418457,52.88717518131493,51.5843391418457,52.24567682315141,18557200
2022-01-04,50.97589874267578,52.29195903317758,50.85685778377177,51.92161162574511,18178700
2022-01-05,51.458675384521484,52.03404089441363,51.008965629177176,51.16769028090244,22039000
2022-01-06,52.496978759765625,53.13847706213557,51.789347704138144,52.00759033093309,22044100
2022-01-07,55.5523567199707,55.5523567199707,52.76812611364481,53.171542441093024,35213100
2022-01-10,54.89102554321289,55.73092214772316,54.42809120145225,54.55374192529819,25056700
2022-01-11,55.93593215942383,56.31289436763311,55.096030630827855,55.20846185093637,28418800
2022-01-12,56.54437255859375,57.25861847554252,56.16741027669404,57.19909545966038,27335400
2022-01-13,55.68462371826172,56.365805682325636,55.35395491935137,56.107879377218545,23154200
2022-01-14,56.00868225097656,56.16740186020176,54.831502145146004,55.367183979784414,21183400
2022-01-17,55.71769714355469,55.949164312477954,55.5523627306658,55.5523627306658,9688500
2022-01-18,57.080047607421875,57.45700984397732,55.86980361360001,55.93593636559814,24080200
2022-01-19,58.33659362792969,58.85905097803892,58.11835099200953,58.5151576193574,29332500
2022-01-20,57.34457778930664,58.83920205033117,57.29828436308754,58.726775878885505,22748800
2022-01-21,56.1541748046875,57.357808965561325,55.77720755061098,57.185859786692156,32752300
2022-01-24,55.46638488769531,55.52590284825873,54.282590008971376,55.35395366395552,29040100
2022-01-25,55.592044830322266,56.24677277889113,54.92409739357311,55.592044830322266,22490500
2022-01-26,55.75076675415039,57.24538623285804,55.433322457295695,56.8089060009895,25806800
2022-01-27,55.87641525268555,56.51791356460421,55.06958253235921,56.21369885860679,20994900
2022-01-28,55.3275032043457,57.10649782622448,54.77859181351236,56.597270120370496,28453000
2022-01-31,53.482383728027344,54.85135261927877,53.482383728027344,54.85135261927877,31397700
2022-02-01,56.41870880126953,56.431938378752285,53.813042099371835,53.89901417058794,24131300
2022-02-02,56.736167907714844,57.0668367927961,56.02853669546523,56.54437934889491,17489000
2022-02-03,56.70969009399414,57.39086690531913,56.425314769832724,57.07342773383014,19179400
2022-02-04,58.19770812988281,58.31013430964297,56.57743304678165,56.709698547016494,24535400
2022-02-07,59.60635757446289,59.679105115945546,58.29691191898634,58.29691191898634,24915800
2022-02-08,60.439640045166016,60.499163050108365,59.18971244303415,59.81798111552818,26598600
2022-02-09,60.4528694152832,60.71079066273885,59.07728606511623,59.52038102401644,24815300
2022-02-10,62.079769134521484,62.48318551839839,60.862905193395996,61.140665804902916,47888900
2022-02-11,60.823219299316406,61.76893226012277,60.578522573231744,61.742478150902365,34555300
2022-02-14,60.558685302734375,60.955486863261996,60.06268209067345,60.254470604809676,22804400
2022-02-15,58.75985336303711,59.48071407640516,57.9993140024473,58.87227956056958,29624900
2022-02-16,59.18971633911133,59.93041628178413,58.92518028489922,59.15003769694146,20774700
2022-02-17,56.64357376098633,58.85905399785166,56.458400016379954,58.75985233592507,36259300
2022-02-18,56.762596130371094,57.55619907430234,56.49806013385919,57.166012389790744,22690600
2022-02-21,56.80891036987305,58.19110376362778,56.54437427641767,57.27184474921523,14561000
2022-02-22,57.79429626464844,57.80091105385338,56.7427718333227,57.331361932418076,23591200
2022-02-23,57.18586730957031,58.42256548386646,56.5774378835076,58.257231071635985,24413800
2022-02-24,57.893497467041016,58.224166286218356,55.37380267950354,55.96239277399074,37212500
2022-02-25,61.02823257446289,61.1142096911626,56.27982843157847,57.218926607305235,51028300
2022-03-02,65.90230560302734,65.93536946206282,64.18943826382562,65.45259574617191,42191500
2022-03-03,65.93535614013672,66.96704621836075,65.80309063950551,66.26602493732017,38621400
2022-03-04,67.43658447265625,67.51594174204578,64.89043615244861,65.26078353121201,30533200
2022-03-07,69.48674011230469,70.03565152083945,68.69313702559818,69.07009924862457,55305300
2022-03-08,66.4379653930664,70.83586082673727,65.94857705032192,70.75649850942543,53060200
2022-03-09,64.68623352050781,65.79192279484612,63.56680604671866,65.78505369512068,41051200
2022-03-10,66.82205963134766,66.82205963134766,64.61068134939241,64.89912062801598,33107000
2022-03-11,66.4718017578125,67.58435987744609,66.45119970293558,66.9113297271423,24321500
2022-03-14,62.90749740600586,65.37984345889777,62.66713137467782,65.22875998176765,37172800
2022-03-15,61.10131072998047,61.520236618787756,59.94067947348948,61.11504368586215,47128500
2022-03-16,62.584716796875,64.47331524281593,61.33480821678119,63.106658198110146,37906100
2022-03-17,64.76177215576172,65.228771343508,63.57366950884089,63.80030262339145,40663500
2022-03-18,65.9910659790039,65.9910659790039,64.41838303805268,65.52407208533232,46080900
2022-03-21,67.85905456542969,68.28484953811022,66.71903063925161,66.84264819650815,25374600
2022-03-22,66.34130859375,67.96206978677128,66.0597384720296,67.65302851470979,29489800
2022-03-23,66.2383041381836,67.94834816493932,66.1284247580779,66.95940754605283,26309600
2022-03-24,66.5542221069336,67.02808513691936,65.45539683026648,66.06661563962926,23122800
2022-03-25,65.40045166015625,67.50881414635191,64.76176177400126,67.09675209883004,22505500
2022-03-28,65.47599029541016,66.1627533834153,64.28789308732969,65.72322542625894,16274200
2022-03-29,64.91284942626953,65.69576422314024,64.14367806589917,65.4759949892208,38228800
2022-03-30,65.83998107910156,66.69156586631097,65.42791902245139,66.14902238200249,22007500
2022-03-31,65.65455627441406,66.54048136912483,65.4897345850407,66.21770184939452,17981400
2022-04-01,66.58855438232422,66.95940711200267,65.97733559810982,66.46493680576472,22457700
2022-04-04,67.26158905029297,67.47448396425013,66.30698862762476,66.45807212939565,16914000
2022-04-05,65.31803894042969,67.1516951621821,65.11887701243457,66.86325591732846,25764400
2022-04-06,66.3069839477539,66.42373242525899,65.46913206996538,65.46913206996538,22615800
2022-04-07,66.7052993774414,67.08989028420542,65.33864224764781,65.58587738785799,19946600
2022-04-08,65.34552001953125,66.89073723115638,64.98153635912688,66.36879572814519,26887400
2022-04-11,64.55574035644531,65.04334159634458,63.81403484804051,64.4252536726739,16515800
2022-04-12,64.1230697631836,65.66141757364389,64.03378721070509,65.31116694069019,16822600
2022-04-13,64.14366912841797,64.81669397496587,63.738476209320346,64.20547528715583,23674700
2022-04-14,63.244022369384766,64.5557426336449,62.742688153313786,64.08187433551714,24980700
2022-04-18,62.20013427734375,63.18220572813629,61.81554861479674,62.91436853606439,14812600
2022-04-19,60.21539306640625,61.59578846189177,59.638509297116045,61.59578846189177,34550900
2022-04-20,58.64957046508789,59.52175730674008,57.96280735715849,59.48055319693206,29635700
2022-04-22,55.25009536743164,57.276049878699645,54.995996345858714,57.173034354467845,39058200
2022-04-25,54.30922317504883,54.67320675270265,53.2516074507873,53.526313718317844,38943700
2022-04-26,53.56753158569336,54.4740588337139,53.4645160539572,54.30923712668859,37069400
2022-04-27,56.431331634521484,56.795315297012266,55.0440722575512,55.25696717570525,49408800
2022-04-28,57.82545852661133,58.75259302517314,55.51106992866879,58.38860413306591,56032800
2022-04-29,57.20051193237305,59.88575352519841,57.20051193237305,59.185257313031556,47492200
2022-05-02,56.94639205932617,57.13868487908101,55.38057311036663,57.111218967332924,31473600
2022-05-03,56.657958984375,57.83232332366434,56.44506408788941,56.96700030118227,27364600
2022-05-04,56.18408966064453,56.43819390351241,54.83803456245286,56.2665031220147,34032200
2022-05-05,55.16768264770508,57.13868944736202,54.30922874831811,56.00553449184065,30906600
2022-05-06,54.77622604370117,55.55913555454106,53.739212300906146,54.391635146743845,25204100
2022-05-09,52.53050994873047,53.55379077718231,52.24893979214835,53.24474422727102,37050200
2022-05-10,51.878089904785156,52.839559379846456,51.41795984358149,52.37942407905568,31905000
2022-05-11,54.041385650634766,54.86549920823477,52.96316788030808,53.13485864144027,33933400
2022-05-12,53.49885177612305,53.49885177612305,52.104723384954326,52.91510413188419,27737200
2022-05-13,53.437034606933594,54.49465039924581,53.43017074850371,53.85596051296592,26086800
2022-05-16,55.03719711303711,55.38057867987142,53.924638950242645,54.034523566631336,23828800
2022-05-17,54.80369567871094,56.25963004963246,54.15813670921239,56.211556843792344,29305300
2022-05-18,53.41643524169922,54.42597787789437,53.16920009652543,54.05512516013369,30631700
2022-05-19,54.83803176879883,55.2020153686974,53.20353749845908,53.416432380002796,29984300
2022-05-20,55.80636978149414,56.63048338806283,55.339370673882144,56.3214420954962,38372000
2022-05-23,56.94639205932617,57.447731401903894,56.49999501941737,56.52060231260799,27632800
2022-05-24,57.715576171875,57.749911185870936,55.627815552035806,56.190961129522314,35176800
2022-05-25,57.89413833618164,58.23751992716828,57.282919523392415,57.688107285754754,24607700
2022-05-26,57.85979080200195,58.134497088148365,57.070012194176,57.797984638401985,27450600
2022-05-27,58.86933898925781,58.97921837041386,58.16883763098798,58.30619340691692,19834500
2022-05-30,59.50802230834961,60.02996371955303,59.068494353521416,59.253918080882535,16147900
2022-05-31,59.20585250854492,60.04370441783932,58.38173879687772,59.89948478027692,41369800
2022-06-01,60.599979400634766,60.970832133516765,59.06163139872899,59.192118074998696,26258900
2022-06-02,61.73999786376953,62.00096593068898,61.12191008465912,61.808673119318215,25142400
2022-06-03,60.75107192993164,61.6782012002848,60.682396657977215,61.465306285349875,18431900
2022-06-06,60.8128776550293,61.664462474714036,60.8128776550293,61.56144695662298,14932800
2022-06-07,62.23448181152344,62.41990556635468,60.51070474730334,60.599982075246196,27004800
2022-06-08,60.091773986816406,62.03531490583372,59.6453769035684,61.65759308779612,26959100
2022-06-09,58.05895233154297,59.74838890635148,57.99714092877897,59.74838890635148,36291100
2022-06-10,58.07269287109375,58.36800124831605,56.57554892789957,57.2554482491522,28689500
2022-06-13,56.2321662902832,56.91206559887253,55.00972868999683,56.38325502552527,31050500
2022-06-14,56.12228012084961,56.86398550983736,55.55226550303939,56.54120602168974,22634500
2022-06-15,56.08794021606445,57.53014165491691,55.99866290075367,56.38324855389125,33610300
2022-06-17,53.1623420715332,54.494659122742036,52.26954781159164,54.494659122742036,56914600
2022-06-20,51.850608825683594,52.317607896213595,50.9921550371789,51.91928408084675,26725700
2022-06-21,52.19399642944336,53.320287512174936,52.02917474990835,52.74340901400903,20981000
2022-06-22,51.74759292602539,52.22833018765042,50.394668927390796,50.8204638894725,32228300
2022-06-23,49.85900115966797,53.09365480636834,49.74225268748161,52.49617424895181,31943300
2022-06-24,51.24626922607422,51.424823876358325,49.85900469948459,49.98262227868974,22394300
2022-06-27,53.601863861083984,54.23368467692113,52.2352014734265,52.537378924299404,28825700
2022-06-28,54.563331604003906,55.099011276319104,54.103201538925944,54.94105344225427,26052000
2022-06-29,54.11007308959961,55.00286210473921,53.59500069023881,54.67321870331725,18636600
2022-06-30,52.578575134277344,53.60185580657432,52.31073797564553,52.87388344245936,27471300
2022-07-01,51.5759162902832,52.55798789525454,50.683127256410394,51.864355582476534,26721000
2022-07-04,51.28059768676758,51.514099857462774,50.53202844806274,50.8204676828158,12474200
2022-07-05,51.0265007019043,51.10890892101471,49.838398227058164,51.05396661521666,26472200
2022-07-06,51.507232666015625,51.81627396617706,50.50455916553425,51.26686662815821,23138800
2022-07-07,53.00437545776367,53.71860969960174,52.798344435076835,53.05931776242504,34251200
2022-07-08,51.78194046020508,53.47137711201471,51.71326519590455,52.764011934504346,24149200
2022-07-11,50.01696014404297,50.93035636679305,49.83153116429741,50.92348726839106,22076800
2022-07-12,50.16804504394531,50.250453260134584,48.80138274349314,49.44694171477032,22460000
2022-07-13,49.9963493347168,50.573227749394945,49.65983168656858,50.099359594776494,22980800
2022-07-14,46.665550231933594,48.64343129982344,46.39771304392128,48.41679822086329,57715800
2022-07-15,46.95399475097656,47.0364029691457,45.772761387743955,46.35650897131729,36589000
2022-07-18,47.201229095458984,48.34125309095937,47.18062180167465,48.34125309095937,22131300
2022-07-19,47.304237365722656,47.572074538139226,46.69301866563496,46.844107376144066,21785500
2022-07-20,46.28097152709961,47.029546138039564,45.449988685676736,47.01580793990082,40427400
2022-07-21,47.091346740722656,47.125686992420206,45.765893714833354,46.22602374589466,26987300
2022-07-22,47.530879974365234,48.58849592068251,47.366058275075645,47.93607298295352,27884000
2022-07-25,48.409934997558594,48.91814352227925,48.10089366299074,48.526688720019266,19833200
2022-07-26,48.32065200805664,49.048619215473956,47.78497762979962,48.97994395357193,19791500
2022-07-27,48.430538177490234,48.49921868861972,47.59955534077958,48.05282156421486,21666900
2022-07-28,48.54729080200195,49.426346832821025,48.28631744063631,49.076096144433436,21778700
2022-07-29,47.901729583740234,48.29318436860453,46.720496130581466,47.84678727438703,77006600
2022-08-01,46.75483322143555,47.97040160603159,46.651817708262776,47.34544990806699,38874000
2022-08-02,48.245113372802734,48.396202110667176,45.99940008065436,46.92652932531035,32636900
2022-08-03,46.3702392578125,48.176429449288975,46.3702392578125,48.11461804963462,31934600
2022-08-04,46.10240936279297,46.73423545644065,45.88951445839123,46.47326210050341,40540800
2022-08-05,46.699893951416016,47.21496631117428,46.35651237824384,46.624349586151176,36129300
2022-08-08,47.09821701049805,47.482802689060314,46.5350714499232,47.269907794082904,35705300
2022-08-09,48.07341766357422,48.18330227609258,46.802906958954246,47.105079164206316,35174600
2022-08-10,48.10776138305664,48.629697611386035,47.469071435612825,48.574760540753054,30202200
2022-08-11,49.78346633911133,50.58011422113218,48.451149202016936,48.622840013874416,51158600
2022-08-12,50.420623779296875,50.420623779296875,49.337086066370645,49.68381504825867,35608400
2022-08-15,49.33708190917969,49.51767151278407,48.42690876388956,49.1203721803915,26735800
2022-08-16,50.43507385253906,50.81792300310379,49.92219994223929,50.20391933647214,22070200
2022-08-17,49.28651428222656,49.69825833495441,49.04090956926841,49.35152389053026,29131700
2022-08-18,48.918113708496094,49.56101226960841,48.91088858107982,49.337082920120906,27692000
2022-08-19,48.369117736816406,48.715852193253575,48.02238879153645,48.39801273411594,45903800
2022-08-22,47.661216735839844,48.33301036806497,47.552861857514884,48.25355049137053,19335700
2022-08-23,50.71677780151367,50.781792917160715,48.145183904526135,48.239088503619975,37223500
2022-08-24,49.084251403808594,50.745677939382965,48.98312166802482,50.4061686073272,28773800
2022-08-25,50.03776168823242,50.1533416723795,49.30095857834426,49.77049261941703,24956700
2022-08-26,49.28651428222656,51.43191402360408,49.28651428222656,50.312261850614256,28510100
2022-08-29,48.333003997802734,49.04813728264046,48.2896587454908,48.75919281557596,22128100
2022-08-30,46.9316291809082,48.094626721409675,46.51988508658615,47.632317756246586,34469300
2022-08-31,46.59212112426758,47.44450433582452,46.59212112426758,47.25668959126919,33242900
2022-09-01,46.15148162841797,46.21649400012552,44.71398983427607,46.21649400012552,40922200
2022-09-02,45.4507942199707,46.82327643362999,45.4507942199707,46.58489681265151,49910300
2022-09-05,47.112220764160156,48.02239398854458,46.39708741486559,46.55600165047497,24319700
2022-09-06,45.9925651550293,47.350602685281665,45.93477790694695,46.71492366732249,24525000
2022-09-08,46.59934616088867,46.73659052177104,45.913105067424794,46.3537414167726,24144700
2022-09-09,50.24003982543945,50.305049450189635,47.84902925505617,48.072964155232,49273400
2022-09-12,50.68067169189453,50.99850566352737,50.03054798216749,50.63010130948911,24797600
2022-09-13,49.300968170166016,51.287454067132416,49.18538816353211,50.07389155326662,29457800
2022-09-14,48.39801025390625,49.82828223557253,48.0151612038321,48.9397790254052,31018300
2022-09-15,49.37320327758789,49.575462779509245,48.52804513977734,48.97590940200183,36958800
2022-09-16,49.300968170166016,49.734382172727074,48.101850401550436,48.60027953563258,65178000
2022-09-19,50.897369384765625,50.96960411853496,48.63638970195971,48.70862443572904,34136800
2022-09-20,50.16779708862305,50.63733122959487,49.40932394812225,50.42062697994813,35289700
2022-09-21,49.4454345703125,50.557867264276034,49.41654508162155,50.16779303305575,44482000
2022-09-22,50.57954025268555,51.07074425806139,50.04499650044533,50.68789513100455,34529500
2022-09-23,49.5321159362793,49.878850397869684,48.99757225618653,49.633245672752054,44160700
2022-09-26,49.640472412109375,50.14612111089473,48.860323981562686,48.90366372398501,18503200
2022-09-27,48.90366744995117,49.286522078095444,48.5352685889782,48.8603277042268,31646600
2022-09-28,49.365970611572266,49.727149813042324,48.71585245785196,48.9108868017366,24371000
2022-09-29,49.43098449707031,49.68380882954323,48.65083611873348,49.06980530463553,34889700
2022-09-30,52.0386962890625,52.659924912073905,49.30818260292984,49.47432193748123,55575000
2022-10-03,53.454524993896484,53.577324607015456,51.381354270251606,52.90553103191613,42688100
2022-10-04,54.74755096435547,55.07983521051602,53.49786834385,53.59899809219635,41717500
2022-10-05,55.59270095825195,56.24282461060854,54.98592255682391,55.10872216028094,42621400
2022-10-06,54.343021392822266,56.033337295717885,54.11908655551004,55.76606272073866,76852200
2022-10-07,54.5452880859375,57.38415701401533,54.29246373074637,54.436933216239126,83593200
2022-10-10,53.447288513183594,55.636033257437376,53.07888975208096,55.19539976932382,45515900
2022-10-11,53.086116790771484,53.58454584581529,52.03147419768815,52.87663219533506,33885800
2022-10-13,52.13983154296875,52.58769575225509,51.32356850351009,52.19039641247225,32960000
2022-10-14,50.44228744506836,52.99221166727919,50.27614259128696,52.450442877478345,34091700
2022-10-17,51.23688507080078,51.460814426694746,50.03054778217039,50.716786105098244,25840500
2022-10-18,51.98090362548828,52.60935734282232,51.09962560043018,52.226508318103505,27494000
2022-10-19,51.366912841796875,52.10371607922633,50.984063722562894,51.74253683298175,22651000
2022-10-20,52.024253845214844,52.869417431584786,50.79624666812819,51.27300589690907,37240700
2022-10-21,53.548431396484375,53.94573075944304,51.605290859793385,51.8653403498831,36846800
2022-10-24,51.9592399597168,53.418401503573456,51.41747115943245,52.92719757086936,32035800
2022-10-25,51.9592399597168,52.92719757086936,51.22965643220986,51.72808549204177,28158100
2022-10-26,53.11502456665039,54.068537654947896,51.374143285428055,51.489717790382464,40845700
2022-10-27,51.222442626953125,52.09649572922626,50.15334964820409,52.00981072733055,52613000
2022-10-28,48.72307205200195,49.878849905113725,48.145188636603315,49.54656019009188,52793500
2022-10-31,48.491920471191406,50.13167722902199,47.32892293283291,47.67565741164512,39184100
2022-11-01,49.96553039550781,51.142978142695405,49.80661066193717,50.16778987054051,42670000
2022-11-03,48.50636291503906,49.077026656528545,48.09461888778168,48.86031695327448,34390300
2022-11-04,52.19039535522461,53.013883505404074,51.14297786051694,51.39580220291286,61191100
2022-11-07,51.915897369384766,52.75383020202517,51.60528305382636,52.009801972262636,29445500
2022-11-08,53.49064636230469,54.126319825403385,51.75698494975823,51.75698494975823,39756500
2022-11-09,52.84052276611328,54.01796507891301,52.38543340646044,53.52676110273957,42208500
2022-11-10,53.8518180847168,54.516386454994645,51.56193788898862,51.6486228764341,47658100
2022-11-11,59.450103759765625,59.94852735207095,55.77329631417637,56.336735034008825,80174100
2022-11-14,60.17967224121094,60.99594070203757,58.78552040836246,59.51510388336525,43822500
2022-11-16,59.55122375488281,61.23431451108775,58.90110014182926,60.186897114781395,32935300
2022-11-17,60.02798080444336,60.1652306614224,58.32321457173668,58.417124689104284,31790500
2022-11-18,58.38823699951172,61.032066158665884,58.294326870391394,60.93093641281155,44324400
2022-11-21,57.73088836669922,57.925928242438744,56.546220901053076,57.13855463387615,27745900
2022-11-22,57.88980484008789,58.843317758784266,57.34803601102955,57.75255497315604,27105100
2022-11-23,58.460479736328125,58.77109414424301,57.74534628969937,58.460479736328125,22415800
2022-11-24,58.836097717285156,59.51511647197227,58.229319221643216,58.87944297494386,12420900
2022-11-25,58.43880081176758,59.869067483552406,58.279881067978664,59.23339401955445,20477000
2022-11-28,58.72774124145508,59.47898914192533,57.44193863562725,58.22208704514328,16166300
2022-11-29,60.99594497680664,61.891667848467236,59.6812529110368,59.847392256563325,42574300
2022-11-30,61.91334533691406,62.57069420626251,61.22710697786841,61.400471471841165,59932800
2022-12-01,62.25285720825195,62.66460134244765,61.205439563187255,62.42622170918747,34319300
2022-12-02,62.70072555541992,63.3797388579462,61.37880806071135,62.67183055152286,30213600
2022-12-05,62.63569259643555,64.28266877182638,62.61402272746834,63.49530080651425,21896500
2022-12-06,63.54587173461914,64.23933516352375,62.75849818301997,62.83795805091963,21335700
2022-12-07,61.28488540649414,62.42621302716722,60.57697724461858,62.057814202809624,45441000
2022-12-08,62.0361328125,63.02576573120704,61.653283770645665,61.76163862485045,29827900
2022-12-09,64.10209655761719,64.67998560544987,63.228043368360105,63.61089252030693,37713000
2022-12-12,62.18783187866211,63.78424878909236,61.67495807708946,63.675893927090875,34995000
2022-12-13,62.45023727416992,63.34900883313547,62.06607960735491,62.5154681517952,31559400
2022-12-14,62.979347229003906,63.29826847119044,61.971852064730705,62.15305631053401,34564000
2022-12-15,63.18228530883789,63.90710217973404,62.97933746977319,63.341745905221266,24782100
2022-12-16,62.10231399536133,63.29101330308059,61.25427952520447,63.05907210962108,37762100
2022-12-19,61.87763214111328,62.02984305455957,61.05858535410667,61.609447847946896,27508500
2022-12-20,62.15305709838867,63.24028258699022,61.83413585215948,61.8776286320456,22657300
2022-12-21,62.508216857910156,63.349007236658124,62.20379504350067,62.98659873476639,39183700
2022-12-22,62.15305709838867,62.805393497532556,61.384752856016306,62.53720921957485,19429200
2022-12-23,62.566200256347656,62.71116143751793,61.66742876727987,61.81238994845015,18656500
2022-12-26,63.138797760009766,63.45046923418044,62.57344148823829,62.63867235194399,18407500
2022-12-27,64.64641571044922,64.97983079316302,63.3997298612241,63.78388190152666,26720300
2022-12-28,64.50145721435547,65.38573475596311,64.29125964053772,64.64642391866822,23314500
2022-12-29,64.42173767089844,65.19729169630382,64.38550013620265,64.50871770801582,40110800
2023-01-02,64.79863739013672,65.16104587047315,64.16804464358209,64.27676829366592,12783800
2023-01-03,64.68266296386719,65.29875626437698,64.42897813776486,64.79863633003652,25332600
2023-01-04,64.79863739013672,64.97984163030493,63.747649479212335,64.72615680005235,26395300
2023-01-05,65.88587188720703,66.45122830945418,64.50871836665493,64.84213355080286,29085600
2023-01-06,66.9295883178711,67.2195161770366,65.95833634906771,65.95833634906771,31420600
2023-01-09,67.00208282470703,67.40072884233076,66.13954885635016,66.34249672421892,19285800
2023-01-10,67.82837677001953,68.06031799081597,66.92959970075776,67.03832335767498,19821100
2023-01-11,67.58917999267578,68.48070726649219,66.87161276686685,68.12554298257942,23834100
2023-01-12,67.94435119628906,68.35025251943307,67.36450085309333,67.75590273795606,18058600
2023-01-13,68.0023193359375,68.33573443653758,67.66890423533744,67.90809513247898,16905800
2023-01-16,66.8643569946289,66.96583091515447,65.83511835506165,66.68315277513128,19563900
2023-01-17,66.77737426757812,67.57467722493122,66.55993253095667,67.05280820917781,18719500
2023-01-18,67.65441131591797,68.2995034875784,67.34274533679336,67.45146345513243,16737300
2023-01-19,67.94435119628906,68.40098949358664,67.63992935136764,67.98784398121744,21712500
2023-01-20,68.12554168701172,68.54593683349667,67.77038293976756,68.06031081768525,27103900
2023-01-23,68.3502426147461,68.64016497937337,67.91534800797591,68.38648014536719,13534300
2023-01-24,69.07505798339844,69.07505798339844,67.55293795484974,68.35748521682622,17439800
2023-01-25,69.72738647460938,69.87235317860075,68.69089804320696,69.0025695443955,18282900
2023-01-26,71.03206634521484,71.03206634521484,69.86511052715026,69.94484083993095,26876000
2023-01-27,69.08954620361328,71.24225326634419,68.73438747347309,70.9233320630021,34682400
2023-01-30,68.84312438964844,69.79988265426528,68.27051826863996,69.50995473439939,23820000
2023-01-31,68.50244903564453,68.7706277583795,68.02406721144548,68.35748233289591,20658600
2023-02-01,67.74138641357422,69.00256626381015,66.38597682774528,69.00256626381015,28818100
2023-02-02,64.61018371582031,66.65416733270048,64.40723585072668,66.45846918562151,37844400
2023-02-03,64.47246551513672,65.79163214344354,64.28401708960322,65.0595710052026,22545600
2023-02-06,63.667930603027344,63.96510826462188,62.81265174458193,63.9288651981148,17888700
2023-02-07,64.08831024169922,64.27676418781222,63.05182183294897,63.48671087559005,16259700
2023-02-08,64.30575561523438,64.77688770154622,63.493958704513766,64.5811840437346,14411000
2023-02-09,64.06658172607422,64.90737219936592,63.39975133479042,64.30577269139846,19782200
2023-02-10,62.91412353515625,64.472475802985,62.595202256571774,63.91436909537753,18099100
2023-02-13,62.848876953125,63.138804838564546,61.82688793109585,62.27627090010839,13798500
2023-02-14,63.131561279296875,63.58094982206253,62.718415799464665,63.059080683344995,20072400
2023-02-15,64.50870513916016,64.68265964958641,62.74015010509829,63.131551900993,28465800
2023-02-16,64.64641571044922,65.42196950782805,64.43621816332046,64.71889628844549,28740800
2023-02-17,63.80562973022461,65.0523156616747,63.45047100367886,64.94359202255261,26381400
2023-02-22,63.32000732421875,64.11005512202551,62.74740128704109,63.09531584592771,16864400
2023-02-23,63.02283477783203,63.83463179365682,62.00809542044449,63.059077839130765,21485100
2023-02-24,61.638427734375,62.68216580429941,61.355749595422786,62.37049432674775,17183900
2023-02-27,61.638427734375,61.884862817599426,60.63093272017837,61.290513201095564,14422200
2023-02-28,61.84138488769531,62.6966691504823,61.131061809822164,61.65293092337554,21127300
2023-03-01,64.65367126464844,65.12480339932866,63.42148463232903,63.61718278031779,30916600
2023-03-02,64.50870513916016,65.33499597607762,64.0883100032087,64.65366630952968,21740900
2023-03-03,64.72615814208984,65.45097511779112,64.37099384245765,65.30600840470207,19783400
2023-03-06,62.44298553466797,63.711415282203646,62.42124190949659,63.37075040807912,27298600
2023-03-07,61.848636627197266,63.34900761273965,61.46448449769783,62.95035604632613,20898200
2023-03-08,62.41399383544922,62.631441152721415,61.89937441648102,62.044335608052485,22274800
2023-03-09,61.59495162963867,62.68942132763252,61.47897825426944,61.703669756653696,24439300
2023-03-10,61.39199447631836,62.464726013361066,61.08032296142683,61.31951388609315,21820200
2023-03-13,61.64568328857422,62.33425717329015,60.92086634469876,61.15280754554233,23460200
2023-03-14,62.206912994384766,62.48098126234382,61.40691802828968,61.56988059375626,18077900
2023-03-15,60.33283996582031,61.547644440062065,59.33284923598631,60.74024631751733,34103400
2023-03-16,60.5550537109375,60.85134868199627,59.78468904672732,60.16246527611116,20573400
2023-03-17,61.28098678588867,61.85135004219544,61.20690879169824,61.414319263530935,39906400
2023-03-20,61.784671783447266,62.21429352919182,60.59949197746516,61.27356313340139,19650900
2023-03-21,61.26616287231445,61.8069016591394,60.399504678959815,61.643939130196074,15692200
2023-03-22,60.503204345703125,61.29579016773926,60.45135314805055,60.7402391994516,18085500
2023-03-23,58.947662353515625,60.87357123320527,58.377293531959765,60.38468367187168,26000100
2023-03-24,58.27360153198242,59.15507769451738,57.843974019876505,59.029154143114575,27801900
2023-03-27,58.17729568481445,59.31802763761746,57.79951945953431,58.89580914513605,14202900
2023-03-28,58.792110443115234,59.18469889831067,58.21433267646273,58.31063179658322,13866800
2023-03-29,59.63655090332031,59.8809890536486,59.14025437074039,59.251365703448045,17345200
2023-03-30,60.60690689086914,60.703200357788695,60.1106160476306,60.518016701234906,14249000
2023-03-31,59.473575592041016,60.8661544622495,59.19209850749473,60.4439360097521,22468400
2023-04-03,59.488407135009766,59.54766727250205,58.8217503679737,59.1106364740514,13510200
2023-04-04,57.80693435668945,59.392106099250896,57.592120624108716,59.22914356754433,20485600
2023-04-05,56.9550895690918,57.59953078056626,56.221763812143045,57.59212185132435,25382600
2023-04-06,56.85138702392578,57.406938037188894,56.503240818063745,56.792126892851996,13976800
2023-04-10,57.94768142700195,57.96990256507301,56.81435252315929,56.85139152084947,13849000
2023-04-11,61.00690460205078,61.44393532126533,59.30321269186181,59.6291377376196,34226000
2023-04-12,59.703216552734375,61.33283630710478,59.47359060084948,61.295797311026476,32702000
2023-04-13,58.895816802978516,59.79951402928258,58.49581939208866,59.25877521881374,21361900
2023-04-14,58.37729263305664,59.11062396376508,57.777299409164804,58.592106347484275,22693200
2023-04-17,57.68101119995117,59.58469908941299,57.36989834129459,58.87359447928967,21479200
2023-04-18,58.17729568481445,58.466181724335605,57.52545127665122,58.36247933329501,15193400
2023-04-19,56.48101806640625,57.49582658943216,55.56991194411501,57.258791723273326,31128000
2023-04-20,55.30325698852539,56.636576095655926,55.206957857916166,56.221766460285195,31112800
2023-04-24,53.303260803222656,53.7328882248512,53.02918696845483,53.48103552372684,29754000
2023-04-25,51.85142135620117,52.74030060462204,51.63660764670556,52.74030060462204,31799200
2023-04-26,52.051422119140625,52.91067703817671,52.051422119140625,52.59216090803154,25907200
2023-04-27,53.15512466430664,53.16993687199086,51.2440277456708,51.62920731039186,31717800
2023-04-28,53.62919235229492,53.644004559405516,52.63660493517053,53.058823479786874,33277500
2023-05-02,51.51069259643555,53.03660429607771,51.347730055433495,52.81438727309458,37367900
2023-05-03,51.11069107055664,51.91068585233449,51.006988671217684,51.80698345299554,19958300
2023-05-04,49.52552032470703,51.35513585778025,49.41440899430267,51.14773105508251,35996200
2023-05-05,51.14031982421875,51.29587341924064,49.79959194472764,50.140329198302744,27107300
2023-05-08,51.8292121887207,52.710688363720266,51.74032198281359,52.36994540008853,24917600
2023-05-09,52.36254119873047,52.37735340710844,50.87366277132989,51.48106503926402,18717400
2023-05-10,51.37735366821289,52.636600261006116,50.88106282940022,52.510676731998124,24792600
2023-05-11,50.37737274169922,50.58477757082427,49.895894016168775,50.369963811699684,27709000
2023-05-12,50.42921829223633,50.79217670249142,49.932927413734475,50.295885823989565,17578100
2023-05-15,51.1551399230957,51.947725877938254,51.05143751041407,51.332920331713616,21020000
2023-05-16,50.103294372558594,51.258838689589695,50.07366430656328,51.110694010970356,23990300
2023-05-17,51.762542724609375,52.02920768892857,50.96995676159335,51.19958837892014,30913100
2023-05-18,51.83661651611328,52.0884636001185,51.199584225402475,51.762538525422585,23710600
2023-05-19,51.26625061035156,52.3032803752701,51.20699047490306,52.221799101867795,33892200
2023-05-22,50.44403076171875,51.03662076842301,50.19958696010145,50.66625342707213,18936200
2023-05-23,49.30330276489258,50.14033664269684,49.26626941849761,49.999595232866184,39413300
2023-05-24,48.184791564941406,48.725524698293924,48.014420107706215,48.725524698293924,33304700
2023-05-25,48.03664016723633,48.740341464490385,47.98478896860555,48.740341464490385,36934900
2023-05-26,49.132930755615234,49.65885167964591,48.82182355853064,49.44403795269982,38181700
2023-05-29,48.76256561279297,50.14773585525287,48.69589655251529,49.881070916856466,17320700
2023-05-30,47.61442565917969,49.12552512684675,47.310724544904524,49.12552512684675,39920700
2023-05-31,47.26628112792969,48.05146090896219,47.0440584625411,47.614424507393224,103408900
2023-06-01,48.26627731323242,48.718120295480716,47.51813365984886,48.10331476978675,51982400
2023-06-02,50.32551193237305,50.51809886475368,49.90329342468217,50.36995420117525,39185700
2023-06-05,49.91069793701172,50.725510560926644,49.3551469578098,50.71810163215738,21478500
2023-06-06,50.07366180419922,50.65884286280927,49.92551713298322,50.221812126772186,31884200
2023-06-07,50.86625289916992,50.873661828900474,49.92552227226091,50.07366695872677,27377500
2023-06-09,50.63662338256836,51.703283134534864,50.555142115328856,51.60698400887519,30056800
2023-06-12,49.71811294555664,50.22181274579933,49.40700008999716,50.22181274579933,26651200
2023-06-13,50.24403762817383,50.79217974093111,50.081075084861745,50.59218385227556,34288100
2023-06-14,51.12550735473633,51.56254377368538,50.73291886144689,51.10328621758521,53775600
2023-06-15,51.5255012512207,51.59217030946873,50.63662191786491,51.18476398505575,31874100
2023-06-16,51.60697937011719,51.99956781260623,51.26624212472373,51.40698351027891,39953600
2023-06-19,51.40699005126953,51.59217372893884,50.87366015536477,51.59217372893884,14894300
2023-06-20,50.08106994628906,51.12550286007269,49.85884729159968,51.1106906537266,35748700
2023-06-21,49.57737731933594,49.88107562981932,49.42182369913356,49.681079732804186,27336800
2023-06-22,49.31070327758789,50.26625161264867,49.11070741739221,49.384775609091605,21394900
2023-06-23,48.814414978027344,48.96255964873724,48.36997531454071,48.88848731338229,23510900
2023-06-26,48.918121337890625,49.110713946490094,48.38479143798895,48.56256618750371,15030400
2023-06-27,49.5033073425293,49.8366357372875,49.22182450562792,49.55515855174408,22737400
2023-06-28,47.940345764160156,49.49588734411565,47.940345764160156,49.466257280996146,37628600
2023-06-29,48.52553176879883,48.83663898640525,47.6662768043347,47.940350677763554,24841800
2023-06-30,47.56998062133789,48.93292967884386,47.56998062133789,48.67367367892229,42992000
2023-07-03,49.05885696411133,49.25885282733966,47.88108596532358,47.932937163298085,22738400
2023-07-04,48.814414978027344,49.22922457710061,48.740342642672395,48.76996705572883,12573200
2023-07-05,48.384788513183594,48.78478591393046,48.15516257346776,48.59960224606749,27363600
2023-07-06,48.03664016723633,48.58478221724125,47.73294190421514,47.94034669873825,18579200
2023-07-07,48.48849105834961,48.59219346055073,47.63664505339153,47.7625742429418,57287600
2023-07-10,47.74776077270508,48.28849962075345,47.65146729077102,47.77739084053654,36698500
2023-07-11,49.318111419677734,49.63662752628533,48.0588591987692,48.207009510770725,35550200
2023-07-12,49.666263580322266,50.429219412262796,49.629224585014434,50.36995928031316,22864300
2023-07-13,50.82181167602539,50.962553087032994,50.31070288982527,50.532925575483844,24187200
2023-07-14,50.82181167602539,51.325511532341515,50.562555643662165,51.25143918757455,20342500
2023-07-17,50.258846282958984,50.6144014115362,49.65144407896391,50.6144014115362,15322300
2023-07-18,49.94032669067383,50.5699499869814,49.83662429605172,50.16995826564278,16950600
2023-07-19,49.8069953918457,50.347734163261016,49.5995905977763,49.99217905103006,14512600
2023-07-20,49.918113708496094,50.73292079274699,49.888483640714185,50.48107369363715,20992700
2023-07-21,50.2218132019043,50.495881414656765,49.61441099474447,49.95514826692124,24852700
2023-07-24,51.740318298339844,52.088464515820405,50.00700179176516,50.14773754356567,30616400
2023-07-25,53.340301513671875,53.82178014644758,53.05141546427778,53.110669938785726,31556700
2023-07-26,53.15512466430664,53.518083091822675,52.406981020712166,53.147715734785834,19066400
2023-07-27,52.162532806396484,52.76993499461986,51.91808901505665,52.74030493039471,28254500
2023-07-28,50.09588623046875,51.866241729169694,50.09588623046875,51.866241729169694,45938800
2023-07-31,51.229217529296875,51.6143971089901,50.25144224340984,50.36996251492012,26065700
2023-08-01,50.51810073852539,50.969949325962844,50.295883734915456,50.940319261876816,30015700
2023-08-02,49.69588088989258,50.19217735981844,49.5551451608298,50.177359503270935,29547300
2023-08-03,50.00700378417969,50.28848095035285,49.25145118606387,49.51811614406268,35512300
2023-08-04,50.04403305053711,50.614401917508566,49.747743700344095,49.777368114277714,22954300
2023-08-07,50.2958869934082,50.49588287474985,49.54033443865699,50.11070331939076,23057700
2023-08-08,49.96996307373047,50.481071834266906,48.95515448216957,49.62181685431332,43405600
2023-08-09,49.51811218261719,50.30329478562472,49.35514964894851,49.96996078911412,21859000
2023-08-10,48.93293380737305,49.76255872847547,48.844049257818895,49.48848484751618,28372300
2023-08-11,48.52553176879883,49.169967340789654,48.31812695706122,49.02923159074329,42335100
2023-08-14,47.23476028442383,48.10467299148444,47.23476028442383,48.05888703971912,41056900
2023-08-15,46.76927947998047,47.28054283691313,46.65481605721232,47.27291330049394,28611000
2023-08-16,46.58613204956055,47.2576446863385,46.54797855096614,46.84557991529803,30508600
2023-08-17,47.24238586425781,47.92916052858968,47.097401395532444,47.761281630436216,39481200
2023-08-18,46.715858459472656,47.37210912897864,46.563241550832245,46.70059647751607,34201900
2023-08-21,46.77690124511719,47.11265901029555,46.563239329767526,46.92188861132613,17695300
2023-08-22,47.75365447998047,47.96731642581192,47.333957213631976,47.34158966079778,30995800
2023-08-23,48.10466766357422,48.58540700469899,48.10466766357422,48.26491411061581,19128500
2023-08-24,47.463680267333984,47.83758865402795,47.181340865616534,47.83758865402795,17821500
2023-08-25,47.364479064941406,47.90626635248729,47.23475657817362,47.822326902966694,11395300
2023-08-28,48.04362487792969,48.280181261452725,47.51709953374384,47.639192493740225,14173600
2023-08-29,49.577415466308594,49.623198502070935,48.249652121616926,48.364115532873704,28625700
2023-08-30,49.58505630493164,50.26419861898576,49.394285861166956,49.76056185295807,21812600
2023-08-31,49.66135787963867,50.49311412887793,49.66135787963867,50.03526627835211,31011100
2023-09-01,52.568695068359375,52.65263451667027,50.84412888740522,50.88991774584364,57288600
2023-09-04,52.9578742980957,53.453878597003815,52.56106853022853,52.866302392775964,22397800
2023-09-05,52.72894287109375,53.0418091540706,52.33214295950362,52.64500342062929,19253500
2023-09-06,51.88192367553711,53.10285324346641,51.7979842219434,52.767101250942986,28466500
2023-09-08,50.905181884765625,51.00438041452999,50.546532537526716,50.89754943729095,19989200
2023-09-11,51.63774108886719,52.02691441497973,51.538542556343195,51.96586647718722,19493800
2023-09-12,51.59958267211914,52.08795445672306,51.46222774383361,51.88955159989931,14201300
2023-09-13,51.401180267333984,51.72167316220178,51.240933819900086,51.63773371518627,15448400
2023-09-14,53.50728225708008,53.93460607706398,52.690785202839166,52.88155559702489,62390300
2023-09-15,53.064701080322266,54.35431099112992,53.064701080322266,54.17879964194289,37901700
2023-09-18,52.4389762878418,53.45387636413067,52.3092537937797,53.06470306009294,21849000
2023-09-19,52.53817367553711,52.843407518715836,52.04980185519167,52.400818737199245,43870300
2023-09-20,52.88919448852539,53.24021139662224,52.68316497663115,52.86630296740956,14372200
2023-09-21,51.50801467895508,52.2405724113225,51.50801467895508,52.118482366853605,21686000
2023-09-22,51.88955307006836,52.553436212566496,51.83613758654674,52.18715445281037,17063700
2023-09-25,50.82123947143555,51.149364831537774,50.18788027047174,51.134105759327774,34715000
2023-09-26,50.02763366699219,50.56179434239381,49.882652104943524,50.13446463770226,24178800
2023-09-27,50.134464263916016,50.50837848046475,49.83686287317803,50.43969810160532,17109300
2023-09-28,50.897544860839844,51.156995654985884,50.33286605737061,50.44732947179236,26072300
2023-09-29,51.56906509399414,51.62248058261715,51.15700025810878,51.363029765125646,19018000
2023-10-02,51.118839263916016,51.67589144267702,50.83650277299084,51.569060474999745,11175900
2023-10-03,50.805973052978516,51.095941957851004,50.416799816605895,50.42443226253293,15268800
2023-10-04,50.26419448852539,50.958595819403406,50.00474367896279,50.66862686457598,14377000
2023-10-05,50.28708267211914,50.70677409295786,50.10394470342318,50.26419115376353,11556300
2023-10-06,51.01964569091797,51.469861123812514,50.22603998131497,50.279455470333836,22711400
2023-10-09,50.65335464477539,50.65335464477539,49.89790548891532,50.15735626095703,14392200
2023-10-10,50.95859909057617,51.485127368891156,50.89755115242479,51.17226105225419,18261700
2023-10-11,51.401180267333984,51.45459574981195,50.889916960494745,50.98148303225643,13659400
2023-10-13,50.8136100769043,51.355403233452385,50.71441154695198,51.27909040226423,16302700
2023-10-16,51.35540771484375,51.69879219774845,51.26383580253816,51.431714730839005,13103300
2023-10-17,51.775089263916016,51.9277090884291,50.8136047459622,51.12647101982574,24031000
2023-10-18,49.87501907348633,51.35539939576592,49.85212755458117,51.30961053610441,34907300
2023-10-19,49.157718658447266,50.09631165266804,49.157718658447266,49.829234238654315,22855500
2023-10-20,47.829959869384766,48.43279509437646,47.31106409482554,48.3183316781639,58015100
2023-10-23,47.7383918762207,48.020731288246985,47.39500453136407,47.60866647441902,17595000
2023-10-24,48.82959747314453,49.0432564988874,48.50910165721629,48.83722700905744,21768800
2023-10-25,48.7838134765625,49.73766560474349,48.64645853723039,49.37138382590739,26091800
2023-10-26,49.8292350769043,49.88265056060562,48.53962519944952,48.68460966793517,30936700
2023-10-27,51.56142807006836,51.70641544996998,49.379014034001855,49.95895773175723,47989100
2023-10-30,52.02690505981445,52.56869231113557,51.920074098813146,52.194783947631,26604100
2023-10-31,52.65263366699219,52.835771632237375,51.561426678410925,51.71404067914008,20961400
2023-11-01,53.659908294677734,53.94987726309538,52.84341105706716,52.8510435046668,31543500
2023-11-03,54.33141326904297,54.64427955222664,54.12538377712657,54.369569681770656,28599600
2023-11-06,54.56034469604492,54.78927154798578,54.33141784410405,54.33141784410405,19096300
2023-11-07,53.476768493652344,54.2551092887491,52.83577681958604,54.049079785351914,37073000
2023-11-08,53.51491165161133,54.07196379308674,53.278358213566655,53.50728502718136,21047900
2023-11-09,53.77437210083008,54.285635478432454,53.58360166245441,53.79726362193888,16542700
2023-11-10,54.5984992980957,54.73585424032663,54.102495016603385,54.484035875928015,22200500
2023-11-13,54.484031677246094,55.31578789198777,54.12538236562315,54.94187950878241,14410500
2023-11-14,56.17043685913086,56.696965024411234,54.86556802599522,54.95713409171316,52233600
2023-11-16,56.54435348510742,56.727491465189765,55.71259721660108,55.78127177593768,31235400
2023-11-17,56.65118408203125,56.96405037519962,56.5443531092058,56.64355745672328,24538600
2023-11-20,58.03998565673828,58.49020683604175,57.559246336125035,57.8415886289713,28810100
2023-11-21,59.44407272338867,59.940077052243836,58.64283451355711,58.978592364816365,45317800
2023-11-22,58.87900161743164,59.83868705913387,58.37556105809357,59.66562824158299,33715300
2023-11-23,58.5092887878418,58.69808350723874,58.27330439082332,58.50142684231411,10279200
2023-11-24,58.013710021972656,58.603679954399496,57.73839192047036,58.603679954399496,16667000
2023-11-27,57.667598724365234,58.100245789461574,57.34508491341763,57.76986403147082,17312300
2023-11-28,57.793453216552734,58.02943757914244,56.762974363163906,56.85736570760608,22019000
2023-11-29,57.777713775634766,58.2103607493655,57.1956118485566,58.05303785063645,15853100
2023-11-30,58.092369079589844,58.55648186136549,57.990109789394516,58.21823220735417,29712900
2023-12-01,59.1700553894043,59.374579991271574,58.54075169203646,58.78461002554604,25025200
2023-12-04,57.84065628051758,58.60368508685246,57.45521090465745,58.399160478616764,22402300
2023-12-05,57.30574417114258,57.71479334656752,57.054023909913546,57.604666107372594,25179500
2023-12-06,56.92817687988281,58.14744467342277,56.73152020336164,57.81706289722372,20503900
2023-12-07,57.10908508300781,57.486668459418226,56.96749206703942,57.17988459173409,17535800
2023-12-08,57.26641082763672,57.628258292574586,56.896695417389545,57.502395173561155,16083200
2023-12-11,57.313621520996094,57.61253750478653,56.448333356141305,56.70005365867152,15443400
2023-12-12,57.415870666503906,58.09236998507109,57.109086789651855,57.89571334598724,11036300
2023-12-13,57.42373275756836,57.675452989870955,56.88095856856312,57.03041951950282,25288200
2023-12-14,57.73838806152344,58.414887352277795,57.70692228038555,58.210362775623565,29454300
2023-12-15,58.10023880004883,58.44635641048823,57.824920701510415,58.257561713075226,23279500
2023-12-18,58.37556076049805,58.941932887237265,57.982247450427465,58.2575655671799,16333400
2023-12-19,58.78460693359375,59.06778698088125,58.50142088482172,58.76100309495898,21763700
2023-12-20,58.59580993652344,59.319510922508314,58.59580993652344,58.7846046292939,14147900
2023-12-21,60.5466423034668,60.60957386344691,59.24870738592527,59.35096666978005,24202600
2023-12-22,60.09039306640625,61.51418499747246,60.011731622971396,60.6724949496043,26277000
2023-12-26,60.30279541015625,60.92422511578266,60.30279541015625,60.696108693025046,12149500
2023-12-27,60.8848991394043,61.002894327955296,60.452252115212154,60.452252115212154,13821200
2023-12-28,60.727569580078125,60.93209417130953,60.3735900196447,60.570246664659834,16545800
2024-01-02,60.609580993652344,61.49846687737689,60.247727481939584,61.042222016073495,18021800
2024-01-03,60.29492950439453,60.49158615248356,59.665625829915776,60.34212517946082,25315100
2024-01-04,59.48470687866211,60.28706338654741,59.28018227803064,60.121872517320575,18707000
2024-01-05,58.7216682434082,59.036320037372,58.30475716703678,59.02058414685772,21082500
2024-01-08,58.42275619506836,58.650878634141904,57.82492428730817,58.16317397262622,23013300
2024-01-09,57.683326721191406,58.33622820222804,57.541733701225446,58.2890265279165,15257400
2024-01-10,56.81803894042969,57.25854789255437,56.597778462882985,57.25854789255437,21354600
2024-01-11,57.1169548034668,57.35294517124143,56.519116939526256,56.991091673591164,20289100
2024-01-12,56.39325714111328,57.187745605270656,56.35392341451838,56.79443234525783,16343400
2024-01-15,56.28313446044922,56.40112364680844,55.614497063162666,56.02354624748982,12745700
2024-01-16,55.551578521728516,56.47193030061017,55.26839243569027,56.32246931034406,22620300
2024-01-17,54.55255126953125,55.425707239794335,54.27723317113398,55.27624627145677,43086400
2024-01-18,54.2772331237793,55.378511517891994,54.2772331237793,55.22118260359908,30490600
2024-01-19,53.56926727294922,54.678413597821425,53.52993954603274,54.67054565184439,60583000
2024-01-22,53.33328628540039,53.47487931453448,52.790512006805564,53.097295903015315,23318900
2024-01-23,54.43455505371094,54.88293194875205,53.844585139105035,54.237898415508965,33886800
2024-01-24,54.98520278930664,55.71676579728849,54.867207594183455,55.2998546424735,36922100
2024-01-25,53.632198333740234,55.38637817810274,52.987164803825735,55.06385841240335,47637000
2024-01-26,54.67054748535156,54.91439980545865,53.09729432030547,53.4119461536116,27397200
2024-01-29,54.410953521728516,54.66267376147062,53.67152869332078,54.66267376147062,15866100
2024-01-30,54.10417938232422,54.74921298758178,53.40408215228192,54.591890060049685,34371300
2024-01-31,53.30181884765625,53.94685240448496,53.30181884765625,53.56926900467776,34753400
2024-02-01,53.05796432495117,53.70299792795993,52.821979934475756,53.388352073992706,21060300
2024-02-02,51.98028564453125,52.916367190080024,51.84656056680778,52.908505245379466,32589900
2024-02-05,51.53190612792969,52.07467435754148,51.40604300127616,51.83868999729241,24103300
2024-02-06,52.444393157958984,52.63318786006277,51.74429597507339,51.97241840566869,27505600
2024-02-07,52.546661376953125,52.75117998004347,52.31067098694437,52.56239126892741,19863400
2024-02-08,52.08253860473633,53.089419540525064,51.89374992964689,53.089419540525064,25812100
2024-02-09,51.85442352294922,52.381461899422625,51.42964444293816,51.99601654961957,18534800
2024-02-14,51.69710159301758,52.02748332773378,51.53191072565947,51.9094881363395,12497900
2024-02-15,51.53190612792969,51.81509216141593,51.1621906952402,51.524038182142796,17360200
2024-02-16,53.49060821533203,53.74232848452127,52.1848051928922,52.30280038189941,40947100
2024-02-19,53.08942413330078,53.16808558793608,52.42079276667426,52.735444586699764,12571600
2024-02-20,51.92521667480469,52.200534748073075,51.28018318822567,52.03534390411204,44417200
2024-02-21,52.31853485107422,52.41292619852409,51.60270179166225,51.618437683893525,20362800
2024-02-22,52.877037048339844,53.33328188249403,52.54665534146305,52.57811512179816,35910500
2024-02-23,53.00289535522461,54.33229615966566,52.89276811714499,53.687262621706004,42133700
2024-02-26,51.72069549560547,52.34999913416853,51.48470513077326,52.34213118827831,33864400
2024-02-27,53.081565856933594,53.23102083062306,52.20054190027826,52.31066914467459,28141800
2024-02-28,52.499454498291016,52.87703788461057,52.176940732139435,52.54665617250866,20331500
2024-02-29,52.69611358642578,53.081564936614754,52.30280029140532,52.350001967817306,20717000
2024-03-01,52.60958480834961,52.75117783630372,52.208409563716856,52.61745275475947,22423300
2024-03-04,52.49159240722656,52.86130184507895,52.224136259021265,52.66464520726022,13148000
2024-03-05,51.79936218261719,52.1454798189387,51.60270552588631,51.917357376952694,24436500
2024-03-06,52.50732421875,52.766912430524826,52.05107936196113,52.09041309155775,33510700
2024-03-07,52.32639694213867,53.22315675581321,52.27920126828166,53.06582784048238,19036200
2024-03-08,51.92521667480469,52.688245336065556,51.83868728013693,52.07467162801673,23188200
2024-03-11,50.3126335144043,50.95766704658316,50.12384482245749,50.95766704658316,58622400
2024-03-12,49.99915313720703,51.420890675383106,49.851226398208745,51.248310524875414,44680100
2024-03-13,50.31966018676758,50.45115027352086,49.547156318963424,49.80191659862674,32769200
2024-03-14,49.67864990234375,50.24570035357201,49.44853988310102,50.21282704582717,30085800
2024-03-15,49.11159133911133,49.50606472213065,48.7828676998897,49.39100815668368,57064200
2024-03-18,50.048465728759766,50.13064586142941,49.317048754127114,49.711522168860476,21371000
2024-03-19,50.459373474121094,50.993550615012765,50.377190205157724,50.73057042427231,16888900
2024-03-20,50.79631423950195,50.804530998459796,50.064897293414596,50.467587451710536,18210000
2024-03-21,50.67304229736328,51.47020274184626,50.6155155781708,51.30583934345158,18445500
2024-03-22,50.08955764770508,50.59086462645607,50.073120993569006,50.541554664047844,11058400
2024-03-25,49.98271560668945,50.39362251114101,49.843008763961954,50.147078995464256,10478200
2024-03-26,49.34992218017578,49.73617570159085,48.97188855303016,49.563595541585826,27142700
2024-03-27,49.80192184448242,49.85944856756085,49.0540713094917,49.14447134146386,23927000
2024-03-28,49.990936279296875,50.2046064935538,49.366356019214905,49.818352994160236,18467000
2024-04-01,50.31144332885742,50.870276980201545,50.13064328431346,50.623730324924885,16740100
2024-04-02,50.90314483642578,51.33870827530083,50.37718451435934,50.43471122864969,22583000
2024-04-03,50.17173385620117,50.65660414286267,49.760826939876885,50.43471403185104,22319900
2024-04-04,49.61289978027344,50.36897013011081,49.448536388137406,50.04846323967957,22990500
2024-04-05,49.07050323486328,49.70330026271258,48.988323105520145,49.53893686905532,15379000
2024-04-08,51.7496223449707,51.88111244372121,49.96628454976005,50.21282809304584,40281300
2024-04-09,51.404457092285156,52.48925115306938,50.96067684879039,52.292017579274685,37026100
2024-04-10,50.62373352050781,51.32227719626845,50.48402666633837,51.22366040891525,21206800
2024-04-11,50.837406158447266,51.04285962456775,50.4018458134626,50.77987943873122,16338700
2024-04-12,50.64838790893555,52.08656213097841,50.467587860688006,51.60990859831526,25740900
2024-04-15,50.944236755371094,51.65099396105596,50.91958021060053,51.19899701655807,28567300
2024-04-16,50.49224090576172,50.623730993994,49.884100423301525,50.23748062323285,29973800
2024-04-17,51.0428581237793,52.160525448207856,50.91958479374311,51.80714524607321,34220700
2024-04-18,51.23187255859375,51.54416268124626,50.878492372822166,51.519506135398125,19932500
2024-04-19,52.07012176513672,52.226265255235255,51.0264178850782,51.1496912064518,32882400
2024-04-22,52.04547119140625,52.2509246482459,51.19900081744664,51.7989245352219,27171200
2024-04-23,51.593467712402344,51.84823111085218,50.96067073042365,51.49485093734498,23160500
2024-04-24,52.2344856262207,52.670042796802846,51.89754209768579,52.2344856262207,25212800
2024-04-25,51.13325881958008,51.807145926696876,50.878495397144775,51.511292438700025,27231000
2024-04-26,51.13325881958008,51.13325881958008,51.13325881958008,51.13325881958008,0
2024-04-29,52.5139045715332,52.554994635710806,51.609907484771306,51.67565409543222,18487200
2024-04-30,52.012603759765625,52.38242065083506,51.71675024691008,52.18518393060759,15597400
2024-05-02,52.53034210205078,52.801542189287765,51.95507488967751,52.34954517886398,17852900
2024-05-03,52.58787155151367,52.94124863567923,52.061908035028644,52.73579516571468,23681200
2024-05-06,52.744014739990234,53.17135519614832,52.55499792496654,52.77688804737813,13423600
2024-05-07,53.07273864746094,53.56582569148439,52.84263177824612,53.212445493778226,21315200
2024-05-08,52.58787155151367,52.78510826206695,52.25914474558193,52.30845470696303,18245800
2024-05-09,53.01521301269531,53.3603733235655,52.41528614575631,52.513906064551534,19672800
2024-05-10,52.83441162109375,53.376805485834275,52.72757808090262,53.212445228626095,13705000
2024-05-13,53.146697998046875,53.45899126101959,52.91659113266183,53.17135140934644,14504100
2024-05-14,53.11382293701172,53.21244284889136,52.61251602402143,52.982335991113835,13313500
2024-05-15,52.95768737792969,53.12204764267642,52.15230703280942,52.96590100220749,21292100
2024-05-16,53.34394073486328,53.55760782439608,52.93303380430334,53.40146745434399,16647700
2024-05-17,54.387638092041016,54.527344934686404,53.557604389953,53.62335099941263,32338800
2024-05-20,54.36298370361328,54.732797402776924,54.009603521548215,54.35476381009317,22222300
2024-05-21,54.20683670043945,55.14370391710108,54.157529879544086,54.85607034530876,23042800
2024-05-22,53.77949523925781,54.52734251131362,53.483641779779916,54.23970894513831,17404000
2024-05-23,53.458988189697266,53.746621754903465,53.07273471501687,53.59869502566293,16445800
2024-05-24,53.483646392822266,53.960299926419985,53.33571965032442,53.41789978061388,11731900
2024-05-27,53.664451599121094,53.664451599121094,53.17957812491057,53.34394467122881,5119400
2024-05-28,52.50568771362305,53.65622838694638,52.061907470915095,53.64800849265302,22173900
2024-05-29,51.97151184082031,52.374198891784545,51.74962171407685,52.13587211102625,16496900
2024-05-31,51.938636779785156,52.14409024557943,51.6016932212814,51.68387335361067,23383600
2024-06-03,50.84562301635742,51.6510002289158,50.697696269665975,51.642783469642325,18846500
2024-06-04,50.327880859375,50.459370948162935,49.8841006341016,50.4511510541925,19865100
2024-06-05,49.61289978027344,50.27857010768744,49.56359295711229,50.21282349684465,18000800
2024-06-06,50.30322265625,50.40184257082224,49.604682170369934,49.94162570773116,17888300
2024-06-07,49.64577102661133,50.0238046183654,49.53071759737929,49.875877885075404,14822100
2024-06-10,50.18817138671875,50.38540808939083,49.637557614001395,49.80191787542858,14762900
2024-06-11,50.11420440673828,50.16351436259862,49.070500519975575,49.637554039971604,24588400
2024-06-12,49.42388153076172,50.50045873953726,49.23486473257442,50.26213198466032,21969600
2024-06-13,49.990936279296875,50.17173318829244,49.48962934645951,49.57180947464196,13692600
2024-06-14,49.81835174560547,50.03202508947822,49.522498275609884,50.00736854366468,12282100
2024-06-17,49.62112045288086,49.678647170785666,49.17734022764005,49.341703622355645,13976100
2024-06-18,49.851226806640625,50.03202685244671,49.489629849999424,49.59646339072941,12239900
2024-06-19,50.00737380981445,50.196393762749736,49.61290351993663,49.72795696261293,8744100
2024-06-20,50.459373474121094,50.64017039589819,49.98271991904704,50.171736735206046,19497200
2024-06-21,49.990936279296875,50.426496601611525,49.9169729099443,50.15529653566176,39134100
2024-06-24,50.048465728759766,50.196392475542,49.63755879546936,49.69508551533233,13669000
2024-06-25,49.84300994873047,50.16351684022579,49.53893657502945,50.1224267757981,13962500
2024-06-26,50.459373474121094,50.607300223284,50.056683293628495,50.18817338899872,17096700
2024-06-27,50.59086227416992,50.59086227416992,50.015591946040125,50.50046224811039,13755300
2024-06-28,51.13325881958008,51.404455760263154,50.656605281147144,50.6894785875848,22429400
2024-07-01,51.88932800292969,52.04547464687633,51.445547754298985,51.535947782905744,20236800
2024-07-02,51.71674346923828,52.05368700695021,51.3304899741889,51.84001679509643,24335300
2024-07-03,52.744014739990234,53.28640863703482,52.144090987531264,52.15230774689267,29884200
2024-07-04,52.48102951049805,53.17135008951794,52.456376099810434,53.12204326814271,7984300
2024-07-05,52.26736068725586,52.47281415400603,51.93041712718442,52.020817154149874,13138400
2024-07-08,51.85645294189453,51.971509514849046,51.50307273381904,51.840019423586384,18662500
2024-07-09,51.79071044921875,51.963290609477774,51.53594702099988,51.74962038272439,9794400
2024-07-10,51.0921630859375,51.56881660073832,50.82096615870016,51.503069991122665,17384000
2024-07-11,50.960670471191406,51.51950408529165,50.82096363515171,51.297613991313256,13413600
2024-07-12,51.708526611328125,51.708526611328125,50.91958605743591,51.009986083709805,13141700
2024-07-15,51.766056060791016,51.92219956451556,51.29761927967527,51.60990942209541,10198000
2024-07-16,51.22365951538086,51.23187627461232,50.43471582540397,51.19078620851285,22363900
2024-07-17,50.747005462646484,50.96889557932746,50.60729861231276,50.85384214141237,23145000
2024-07-18,50.270347595214844,50.878491173948085,50.17995071247129,50.70591103193205,20625500
2024-07-19,50.2292594909668,50.44293283843332,49.67042584601409,50.295006100947546,20553900
2024-07-22,50.17173385620117,50.35253390257457,49.90875368055131,50.22926057368889,13095200
2024-07-23,49.49784469604492,49.80191492362797,49.30882789863001,49.80191492362797,22512000
2024-07-24,49.80192184448242,49.92519518534834,49.481414920196585,49.522504988828125,17817300
2024-07-25,49.77726364135742,50.28678734030545,49.52250022439791,49.7197369238135,17959500
2024-07-26,50.51689529418945,50.73878539640791,50.138858563574196,50.50045864199132,72721200
2024-07-29,50.6072998046875,50.78809672496914,50.25391958849589,50.69769669734275,28005900
2024-07-30,49.48963165283203,50.22104548664318,49.47319499943535,50.155298873056466,28562300
2024-07-31,50.64838790893555,50.689477973999715,49.93340760994083,50.056680940104336,34433100
2024-08-01,49.5142822265625,50.845619725650835,49.489628815366515,50.829183073196546,40469400
2024-08-02,48.82395935058594,50.00737013321366,48.782869286218414,49.8347899818875,35296000
2024-08-05,48.5716438293457,48.88682194566398,47.617589308615734,47.96684161304772,24635900
2024-08-06,48.81867980957031,48.997564433885664,47.95832437920739,48.33313397243228,23930200
2024-08-07,48.7249755859375,49.057190804218806,48.571644985270204,48.81867798073346,19243400
2024-08-08,48.42683029174805,48.980524476936885,48.40127627533711,48.58016088920054,14584800
2024-08-09,48.605716705322266,48.69089892381358,48.128687833088215,48.65682473661972,21989300
2024-08-12,48.35868835449219,48.64831247439527,48.14572953837208,48.63979230203402,18421500
2024-08-13,48.145729064941406,48.54609267514828,48.145729064941406,48.54609267514828,26100900
2024-08-14,47.7027702331543,47.77943552958017,47.25981554819295,47.6686960459665,51693500
2024-08-15,47.8986930847168,48.009432570988,47.43870129512267,47.617589157404886,28153700
2024-08-16,47.77092361450195,47.779440537444906,47.302411615297345,47.66018411928144,44280200
2024-08-19,48.53757095336914,48.997562756859146,48.00943402130295,48.14572752794886,28349600
2024-08-20,48.7249755859375,49.057190804218806,48.392760367656194,48.878306186604796,19475800
2024-08-21,49.661991119384766,49.88347008935858,49.49162343082646,49.61940000961853,23200300
2024-08-22,49.730140686035156,49.730140686035156,49.27866581311524,49.61088427603522,17719100
2024-08-23,48.89534378051758,49.73014192073699,48.7675671954918,49.62791935291895,24018700
2024-08-26,49.449031829833984,49.87494942225201,49.449031829833984,49.83235831290887,17168700
2024-08-27,50.93974685668945,51.22937096914812,50.33494461433249,50.85456463222837,35232600
2024-08-28,50.57345962524414,50.68419912141808,49.985694452309296,50.57345962524414,21280300
2024-08-29,50.51382827758789,51.08455956903474,50.34346058240256,50.6075306724145,19175500
2024-08-30,50.75234603881836,50.880119377337344,50.32642841143449,50.36049935201005,36685200
2024-09-02,50.03680419921875,50.15606061473937,49.764213928679844,50.10494932973327,13155000
2024-09-03,48.17128372192383,49.36385439609002,48.10313859026804,49.36385439609002,29504400
2024-09-04,48.54609298706055,48.92941625517536,48.10313826110118,48.29905998132469,19501800
2024-09-05,48.89534378051758,49.09978241716658,48.324612483427586,48.46090599102476,16585500
2024-09-06,48.28202438354492,48.9975661554409,48.19684215454287,48.98052905974174,17917900
2024-09-09,48.28202438354492,48.84423554364221,48.273504210948474,48.64831381734249,10204400
2024-09-10,47.7027702331543,48.469423197413036,47.643142030322316,48.41831191663134,17580600
2024-09-11,49.057193756103516,49.10830504256593,48.30757780212323,48.333135070101285,25592400
2024-09-12,49.500144958496094,49.86643436160801,49.37236837620367,49.491624786613414,17929800
2024-09-13,49.832359313964844,50.258276914938904,49.43199572921134,49.49162393338823,15045100
2024-09-16,49.832359313964844,49.874950424163565,49.474590088903476,49.77273110978795,10548000
2024-09-17,49.593849182128906,49.87495312425338,49.32126216270788,49.72162251964236,12056600
2024-09-18,49.01460266113281,49.55125654647458,48.93793735615632,49.057193775121156,14429800
2024-09-19,49.60236358642578,50.13050050355279,49.551252304319256,49.89198768604254,19328400
2024-09-20,48.85274887084961,49.54273657315592,48.51201673042786,49.15941007187463,30842600
2024-09-23,49.006080627441406,49.28718781817699,48.21387358926934,48.63127428928755,18164700
2024-09-24,51.39973831176758,51.74047370624042,50.80345299618688,51.28899882113987,44910100
2024-09-25,51.62973403930664,52.17490806900668,51.467883265212635,51.72343643494137,21557700
2024-09-26,54.730411529541016,54.8411477657632,53.19710882141364,53.324882151553105,61449300
2024-09-27,54.48338317871094,55.403366831577294,53.810432534428365,55.113739459828686,37237900
2024-09-30,54.10005187988281,55.641874754793875,54.10005187988281,55.641874754793875,28980300
2024-10-01,54.3641242980957,54.730413708164306,53.79339625186863,54.09153728355538,18091500
2024-10-02,54.66226577758789,55.667431620499954,54.491901329224675,54.87522458753547,20310600
2024-10-03,53.61450958251953,54.34708841904178,53.18007503384594,54.20227798598179,26675400
2024-10-04,53.22266387939453,53.67413550381313,53.06933328063095,53.597470204431346,16268300
2024-10-07,53.6911735534668,54.295979036904605,53.18859063735268,53.58043731310642,22467400
2024-10-08,52.06416702270508,52.06416702270508,51.663806684449874,51.800100187801455,38028100
2024-10-09,51.92787551879883,52.01306099260697,51.32307327748206,51.68084251899556,22758400
2024-10-10,52.17491149902344,52.34527920687818,51.74899385413345,52.34527920687818,17192100
2024-10-11,52.924522399902344,53.043778809141706,51.94491061059023,51.95343078238929,20939400
2024-10-14,52.754154205322266,53.2567371033912,52.24305438502892,53.086369413462286,44954000
2024-10-15,52.10675811767578,52.132315383573314,51.5956582926332,52.04712991307059,25559300
2024-10-16,53.10340881347656,53.13748300284074,52.45601546302502,52.754156496227665,29731800
2024-10-17,51.75750732421875,52.234536224488,51.65528800612303,51.97898630450193,20345200
2024-10-18,51.5786247253418,52.36231486008628,51.5019594213939,52.12379877586301,21823500
2024-10-21,51.39122009277344,52.28564641883475,51.34010881004379,52.2600891527232,19044900
2024-10-22,51.45936584472656,51.672324651110884,51.024931309479705,51.23789011586402,14814000
2024-10-23,50.556419372558594,51.02493134653918,50.38605492692221,51.016411174561256,18289900
2024-10-24,50.85456085205078,50.85456085205078,50.43716018443361,50.547899667596255,11331700
2024-10-25,52.58378601074219,53.21414548258155,51.55306620832958,51.59565731802971,38466000
2024-10-28,53.56339645385742,53.56339645385742,52.97562810628477,53.23969817907055,16572400
2024-10-29,53.37599563598633,54.04042607871229,53.36747871342292,53.87857855405927,14941700
2024-10-30,53.214149475097656,53.401551021737134,52.916005185841044,53.23970349293631,12263300
2024-10-31,52.864898681640625,53.316370340501734,52.64341968897741,53.10341152036065,16553300
2024-11-01,52.83934020996094,53.18859253705708,52.634901566998806,52.93304260860759,15236400
2024-11-04,53.38451385498047,53.55488155582777,52.9160051147706,53.15452119575427,12360000
2024-11-05,52.9160041809082,53.75932249799797,52.77971067253439,53.62302898962416,16368800
2024-11-06,52.31972122192383,52.498609099942705,51.740476222341414,52.21750189840854,19726800
2024-11-07,54.14264678955078,54.50893618759215,52.81378270018023,52.83081979421627,38173300
2024-11-08,51.64677047729492,52.856374934126535,50.85456345999228,52.805266900425394,48764700
2024-11-11,49.96013641357422,50.9993731611021,49.96013641357422,50.89715384566353,24483700
2024-11-12,48.82719802856445,49.90902922496611,48.724978704741204,49.90051230193655,26967600
2024-11-13,48.69089889526367,49.16792776721802,48.648307786042984,48.82719239446587,20354900
2024-11-14,48.418312072753906,48.84422966549471,48.418312072753906,48.690899072148554,17967600
2024-11-18,49.02311706542969,49.21903877930498,48.529054319460144,48.631273637679094,14300000
2024-11-19,49.133853912353516,49.38940381889933,48.94644913112301,49.23607322507317,12902100
2024-11-21,49.08274841308594,49.2360790249741,48.733496074783716,48.98052908832507,15428500
2024-11-22,49.55977249145508,49.63643778989193,48.76756549077215,48.92941300991952,12590500
2024-11-25,49.5512580871582,49.883476585381736,49.508666971845585,49.55977825991701,17444500
2024-11-26,48.920894622802734,49.823841082967085,48.682381812360326,49.65347339715394,21406600
2024-11-27,49.517181396484375,49.76421113641902,49.06570652799671,49.29570242337871,22121200
2024-11-28,49.006080627441406,50.087911779025774,48.78460489341722,49.32126200787104,20467000
2024-11-29,50.07087326049805,50.43716266556036,49.53421941079665,49.61940163311619,31023600
2024-12-02,50.19013214111328,50.58197883174679,49.99421042054335,50.130503932656936,18972100
2024-12-03,49.80680847167969,50.56494132980653,49.80680847167969,50.51383004461495,15957500
2024-12-04,48.835716247558594,49.815324831456934,48.52053486667977,49.747179701465285,25109200
2024-12-05,49.2360725402832,49.2360725402832,48.44386556636407,48.946448450361224,14160000
2024-12-06,48.392757415771484,49.11681601403895,48.34164613550226,48.95496850075971,17897900
2024-12-09,50.965301513671875,51.271959455723845,49.72161965357191,49.832359139295164,40440600
2024-12-10,50.9141960144043,51.059006454917636,50.50531546240372,50.88864199537106,13089300
2024-12-11,50.121986389160156,50.76086282856167,49.78977116059034,50.68419752585375,30138500
2024-12-12,48.73874282836914,49.57239898781701,48.704364511207075,49.33175732467609,28841800
2024-12-13,48.00822448730469,48.73874573889075,47.87071448894154,48.541075321149776,18532800
2024-12-16,47.98244094848633,48.592641343021135,47.56131474697124,47.99962682908159,18958500
2024-12-17,48.223079681396484,48.472317555305416,47.82773888184921,48.02540928162285,22987600
2024-12-18,47.105812072753906,48.016814527445085,47.06283753708247,47.930872013095765,34658200
2024-12-19,46.211997985839844,47.41520964398602,46.06589176938461,47.28629586552229,29529900
2024-12-20,46.94252014160156,46.94252014160156,45.83384719995905,45.91119350143682,64919500
2024-12-23,47.14018630981445,47.4667737600827,46.75344172332202,46.985487163818796,18587900
2024-12-26,47.27770233154297,47.61288604297724,46.753447690421666,47.14019232627397,13155800
2024-12-27,47.045654296875,47.33786345195485,46.80500934189944,47.03705807785965,16635300
2024-12-30,46.88235855102539,47.43239853778218,46.88235855102539,47.18316392274965,11250900
2025-01-02,46.62453079223633,47.355052083112135,46.60734163170432,47.01987164898095,17623900
2025-01-03,45.75649642944336,46.409668093404484,45.44709811759449,46.32372557500065,23608700
2025-01-06,45.172080993652344,46.229189773947944,45.1033243517646,45.962762704378626,21689500
2025-01-07,44.733760833740234,45.455689104190945,44.63922210046147,45.2322365988476,22070200
2025-01-08,44.304039001464844,44.94002471842238,44.20090733440296,44.71656894820895,24423800
2025-01-09,44.029022216796875,44.9056496463754,43.95167264129004,44.73376133652723,15865200
2025-01-10,44.27825927734375,44.95721628542327,44.02902139663151,44.29544843585805,25833900
2025-01-13,44.2696647644043,44.95721801747854,43.719624784742415,44.690790967987425,30845300
2025-01-14,44.56187438964844,45.060350175604825,44.372800193679566,44.64782018644967,21379000
2025-01-15,45.206451416015625,45.275208050876465,44.3727985285571,44.81111060105618,35137700
2025-01-16,45.2666130065918,45.78227794593527,44.69079092792967,44.940028818020835,220262800
2025-01-17,46.83079147338867,46.83079147338867,45.53303788579564,45.679144092453626,54658700
2025-01-20,46.65890884399414,46.83079716982492,46.20340428876802,46.59874842172794,12317600
2025-01-21,46.42685317993164,46.68468399102154,45.765085355086384,46.65890189346154,28798700
2025-01-22,45.258018493652344,46.65890377088726,45.05175186938285,46.65030755235694,34645400
2025-01-23,44.9658088684082,45.54163419932667,44.55327890283067,45.50725588257103,25097300
2025-01-24,45.576011657714844,45.71352165354259,45.20645292920958,45.20645292920958,20520600
2025-01-27,46.37528991699219,46.3924790764251,45.180671203628684,45.45569119756142,24531300
2025-01-28,45.249427795410156,46.22059071365653,45.15488905787361,46.05729861695507,22932900
2025-01-29,45.37834167480469,45.98854208218243,45.23223873719182,45.37834167480469,19220300
2025-01-30,47.29488754272461,47.78476710049485,45.79087055134306,45.80805971037847,40562400
2025-01-31,46.55576705932617,47.449583599872675,46.40966413480241,47.26050941981231,25477600
2025-02-03,46.590152740478516,46.6503131634397,45.83384934368159,46.17762272081733,27216400
2025-02-04,46.42685317993164,47.01986437328806,46.246371940018385,46.52139190898048,32648700
2025-02-05,46.67609786987305,46.805011655001664,46.28934995749297,46.332321219202505,21674800
2025-02-06,47.38083267211914,47.819144746624104,47.24332268026495,47.61288139809123,32789000
2025-02-07,47.12300109863281,47.93946481814266,46.89095237634693,47.52693484913334,24395500
2025-02-10,47.61288070678711,47.61288070678711,47.13159410303698,47.157376201605054,15566300
2025-02-11,47.4066162109375,47.43239831066298,46.74484833050918,47.191756637233375,18198300
2025-02-12,47.088623046875,47.518342176826046,47.01127347234394,47.27769723467565,35432600
2025-02-13,47.14878463745117,47.26910547227565,46.5213950855115,47.14018841867979,21749900
2025-02-14,47.84492874145508,47.96525285778013,47.26910665227858,47.45818412800672,49803200
2025-02-17,47.58709716796875,48.059787571457946,47.50974759077984,47.8191458995355,12391400
2025-02-18,47.905094146728516,48.10276456999282,47.70742044496714,47.78477002611379,27608200
2025-02-19,47.862117767333984,47.89649608618804,47.02846484535321,47.52693735474928,26472500
2025-02-20,49.62397003173828,49.98493255240443,48.54107591274581,48.816095912823926,76934000
2025-02-21,49.98493194580078,49.98493194580078,49.469270271536494,49.76147942788545,37134700
2025-02-24,49.5294303894043,50.33730121509958,49.40051333237453,49.93336416300347,19081700
2025-02-25,49.04814147949219,49.366132719292224,48.893442329644216,49.2458118868542,19554800
2025-02-26,48.747344970703125,49.58099795296003,48.747344970703125,49.30597793923651,25399100
2025-02-27,48.38637161254883,48.97938608849701,48.13713373942558,48.51528865823234,18658000
2025-02-28,47.39802169799805,48.24886374567961,47.39802169799805,48.076975436719685,46789400
2025-03-05,47.77617263793945,48.317619655563874,47.60428433155905,48.25745924010524,13843400
2025-03-06,48.30043029785156,48.57545027552714,47.74179412404363,47.81914369767093,17678400
2025-03-07,49.00517272949219,49.28878566639428,47.741797367254485,48.111356102079164,25480600
2025-03-10,48.21207046508789,48.71213790194384,47.551262686658916,48.426384107610744,23626600
2025-03-11,48.61390686035156,48.86394397218958,47.69413709572765,48.29243641333768,23060100
2025-03-12,48.00667953491211,48.667487283100286,47.46196373132977,48.667487283100286,18825700
2025-03-13,48.66748809814453,49.256855707662076,47.95310363304051,48.11384056349565,20584600
2025-03-14,50.265926361083984,50.37308318068646,49.25685637433686,49.29257644968898,31789300
2025-03-17,50.98923873901367,51.11425900173479,50.13197737622054,50.26592595448053,23191800
2025-03-18,51.36429214477539,51.40001221944252,50.56060749703391,51.07853836034593,18165300
2025-03-19,51.274993896484375,51.39108244031422,50.765994735824066,51.212485466680754,23211900
2025-03-20,51.1142578125,51.337503166770006,50.70348377173833,50.935660847793244,17283200
2025-03-21,51.301780700683594,51.301780700683594,50.74813320171387,50.85529001296042,30524100
2025-03-24,51.03388977050781,52.00723965942807,50.864221119729855,51.748274228785576,18646500
2025-03-25,51.203556060791016,51.56967831604069,50.99817073774402,51.185696023162514,15615800
2025-03-26,51.51609802246094,51.8286435701827,51.24820427188075,51.257135993890614,29401600
2025-03-27,51.92687225341797,52.19476600492601,51.44466145683118,51.79292367443702,15345300
2025-03-28,51.4000129699707,52.13225747906994,51.4000129699707,51.88222035920284,31146000
2025-03-31,50.63204574584961,50.91779951955305,50.03374644022113,50.64990578251279,20469300
2025-04-01,51.06960678100586,51.73041453837717,50.855293145312444,50.98923831600737,12354800
2025-04-02,50.83743667602539,51.16783887467387,50.54275114819676,51.08747040403461,13197700
2025-04-03,48.99789047241211,50.399871055357146,48.89966196935354,50.00696044957672,32351100
2025-04-04,47.042259216308594,47.79236370930146,46.07783769398049,47.52446997747264,45819600
2025-04-07,46.47968292236328,47.756646644509274,45.69385830724563,46.17606909878059,35942800
2025-04-08,43.93468475341797,47.15834809317371,43.773947831857306,46.74757406782222,46815300
2025-04-09,46.30108642578125,46.48861511758988,43.55070535454985,43.89003925646836,56491900
2025-04-10,47.13155746459961,47.54233149979367,45.9528222825468,46.52432983669922,38010400
2025-04-11,47.917381286621094,48.35494366688469,46.93510311947526,46.93510311947526,22129900
2025-04-14,48.54247283935547,49.00682360856129,48.39066421939687,48.578192915399136,19994800
2025-04-15,48.05133056640625,48.80143508188145,47.801293456945366,48.560329694072955,17471900
2025-04-16,46.93510437011719,47.89952252637343,46.81008411067222,47.7923657104458,23105900
2025-04-17,47.220855712890625,47.613766288647454,46.93510194753046,47.131555532182084,23172400
2025-04-22,48.06026077270508,48.47996313908495,47.11369922107633,47.4708931592448,16780900
2025-04-23,48.631771087646484,49.42652406805681,48.57819437842137,49.02468512305225,18377400
2025-04-24,49.390804290771484,49.71227474526423,48.49782285767714,48.622839713277735,19621700
2025-04-25,48.0870475769043,48.774643671535834,47.89952229831035,48.6674868561184,26162200
2025-04-28,48.256717681884766,48.38173453805509,47.890595428905726,48.13170082571444,12001900
2025-04-29,48.078121185302734,48.52461190826934,48.078121185302734,48.40852336649094,11816200
2025-04-30,47.202999114990234,47.551261328986826,46.62255982069337,46.97082203468996,18774400
2025-05-02,47.149417877197266,47.828085658001726,46.92617252417412,47.56018850921095,17135800
2025-05-05,47.292293548583984,47.39945376792126,47.086908237868045,47.23871684536901,12201600
2025-05-06,47.3280143737793,47.845945222778816,47.256574226419204,47.319086058586144,12065000
2025-05-07,47.23871612548828,47.819151975678295,47.02439909653342,47.819151975678295,11240100
2025-05-08,47.09584045410156,47.59590785711391,47.03332862227132,47.23871734159847,15414600
2025-05-09,47.283363342285156,47.399451872030376,46.89044936667166,47.328011728663,15558800
2025-05-12,48.47102737426758,49.29257200095111,48.47102737426758,48.72106447271226,26482400
2025-05-13,49.265785217285156,49.49796230310525,48.33708709336652,48.658560962068854,21187200
2025-05-14,49.02468490600586,49.73013769049433,48.971104790563906,49.56047243460921,16297800
2025-05-15,49.51581954956055,49.69441651171069,48.97110034790677,49.11397723633614,13955400
2025-05-16,49.551536560058594,49.71227006895826,48.944308970158474,49.292571151272526,18163800
2025-05-19,49.4175910949707,49.53367963144187,48.99788874450445,49.11397728097562,14475200
2025-05-20,49.426517486572266,49.58725440575247,49.194343829119525,49.40866085684432,10499200
2025-05-21,48.792503356933594,49.38187094716332,48.61390639488895,49.247925780470126,14486300
2025-05-22,48.4263801574707,48.79250238949875,48.19420649593369,48.77464235300304,18476000
2025-05-23,48.506752014160156,48.61390883418225,47.85487596547377,48.22099822313198,14747300
2025-05-26,48.229923248291016,48.301363394401,48.042397974432795,48.167414823671606,7194500
2025-05-27,48.078121185302734,48.40852336649094,47.88166417713219,48.2209980803939,17943000
2025-05-28,47.69413757324219,48.033471467128074,47.49768057049976,47.988823077355825,17700600
2025-05-29,47.7298583984375,48.11384068813572,47.622701580007764,47.97989211025816,10246100
2025-05-30,46.52433395385742,47.676280885767355,46.47968556094819,47.64056080885836,28286100
2025-06-02,46.93510437011719,47.10476961254042,46.667207220617456,46.95296440718075,19267700
2025-06-03,46.90830993652344,47.00653843154505,46.31894237284728,46.37252248098278,12824900
2025-06-04,47.12262725830078,47.62269805134256,46.98867869034832,46.98867869034832,11714700
2025-06-05,47.24764633178711,47.91738239020771,47.211926257789116,47.328014795055736,12594000
2025-06-06,47.31015396118164,47.74771634415261,47.06904857543687,47.46196256988925,16638900
2025-06-09,47.58698272705078,47.58698272705078,46.98868337867529,47.229788781174015,13029200
2025-06-10,47.90845489501953,48.10490849246387,47.426244107153444,47.5959093518676,18890600
2025-06-11,47.48875427246094,48.05133354556035,47.319089021537465,48.05133354556035,13639700
2025-06-12,47.17620849609375,47.363733770553374,46.85473465047516,47.238716920913625,11136800
2025-06-13,46.551124572753906,46.89045507570269,46.399315952841924,46.497544458704866,13264900
2025-06-16,48.069190979003906,48.26564457299357,46.71185882579815,46.71185882579815,41210000
2025-06-17,45.908172607421875,48.12276602094517,45.881384256088275,47.89059236099549,43657300
2025-06-18,45.756370544433594,48.122769319664,45.61349365010441,47.89059564379929,20499000
2025-06-20,44.577632904052734,45.79208823620966,44.577632904052734,45.75637156666982,39947200
2025-06-23,45.14020919799805,45.14020919799805,44.49726490482993,44.66693014491738,17288800
2025-06-24,45.131282806396484,45.318808091294294,44.77408886772592,45.309879775731766,18576300
2025-06-25,45.077701568603516,45.184858384948704,44.39903718981229,44.87231625125283,23319900
2025-06-26,46.435035705566406,46.70292946103851,45.399177353008085,45.399177353008085,40488400
2025-06-27,47.2119255065918,47.408382504001175,46.35466418300236,46.60469788410252,26016900
2025-06-30,47.015472412109375,47.354802893913224,46.8279437278503,47.1404892639796,19961900
2025-07-01,47.64949035644531,47.962032498998596,46.88152577022426,46.97082255196695,21844300
2025-07-02,49.38187026977539,49.73906418896493,48.04239818249511,48.05132990402437,63100200
2025-07-03,49.14970016479492,49.89980472423053,48.95324315437367,49.56047081708125,18256300
2025-07-04,49.292572021484375,49.292572021484375,48.8907297260073,49.14076341810256,5449600
2025-07-07,48.56925964355469,49.27471579386669,48.399594397441376,49.15862725365557,13174500
2025-07-08,48.738929748535156,49.64083952478835,48.54247273716253,48.68534963458246,26632000
2025-07-09,48.256717681884766,48.84608529415477,47.99775224755832,48.84608529415477,12209400
2025-07-10,49.364009857177734,51.00709574131806,49.29257311775614,49.41758996658416,46597200
2025-07-11,50.006961822509766,50.203418834020596,49.12290867716494,49.292577334907556,18313200
2025-07-14,49.43545150756836,49.92659060282014,48.997889116899906,49.88194221351611,15141300
2025-07-15,48.140628814697266,49.43545257109256,47.79236660159831,49.05147028320043,25029100
2025-07-16,48.57819366455078,48.685350487880356,48.14063124240284,48.31029649654584,26394100
2025-07-17,48.4888916015625,48.926454006822055,48.32815466954502,48.57819178960214,20252800
2025-07-18,48.721065521240234,48.91751910926675,48.19420636859644,48.26564310793691,23714000
2025-07-21,50.05160903930664,50.73920515699922,49.417593034346666,49.51582153779616,40484000
2025-07-22,51.346431732177734,51.766134090314665,50.819572557276366,50.855292631682445,40945900
2025-07-23,51.274993896484375,51.70362799578626,50.89994331766265,51.301785656724455,17914800
2025-07-24,50.4802360534668,51.15890380627955,50.26592243101806,50.84635828106586,21651200
2025-07-25,49.73906707763672,50.25699454344194,49.35508478446639,50.16769776168534,21918900
2025-07-28,49.25685501098633,49.399731901986314,48.79250426362291,49.06039800844117,19175100
2025-07-29,48.953243255615234,49.73906789247151,48.9085948640055,49.605119311188375,14648700
2025-07-30,48.078121185302734,48.83715405176442,47.6227021467165,48.50675187057622,35607800
2025-07-31,47.73878479003906,47.88166167767194,46.76543492852333,47.33694247905482,20790000
2025-08-01,47.99774932861328,49.02467928148135,47.83701240718256,48.435311705053266,40510900
2025-08-04,48.38173294067383,48.57818994042885,48.051330773638895,48.56925821873794,16198100
2025-08-05,48.3192253112793,49.08718987957881,48.3192253112793,48.372802016493075,21037600
2025-08-06,48.0156135559082,48.76571811923707,47.97989347992732,48.67641792928487,17954300
2025-08-07,48.36387252807617,48.65855802541971,48.131698862722175,48.31029241770815,20298800
2025-08-08,49.462242126464844,49.73906760316132,48.390663701794445,48.399595423936795,24205600
2025-08-11,49.408660888671875,49.99802845722773,49.38186913115552,49.54260605043926,22304000
2025-08-12,49.92658996582031,50.158763631111256,49.739064689263735,49.96231003938929,25851300
2025-08-13,49.996273040771484,50.37524261481594,49.8576241736386,50.1903786339678,19720000
2025-08-14,49.37697982788086,49.552602198493716,49.062715640441446,49.49714194577589,42823200
2025-08-15,49.284549713134766,49.52487394947972,48.98876874993114,49.41395344378795,34201900
2025-08-18,49.17363357543945,49.6450333917461,49.01649795267906,49.08119981911355,12733400
2025-08-19,49.21060562133789,49.617303559171795,48.98876813870938,49.46016794106261,17724400
2025-08-20,48.988765716552734,49.23833154992531,48.859361993912216,48.89633549352008,9687300
2025-08-21,49.40471267700195,49.478656156075,48.9425544733368,49.00725633977094,10813800
2025-08-22,50.64329528808594,50.73572551565758,49.2753074693001,49.3862244475835,20706700
2025-08-25,50.76345443725586,51.207129407245326,50.59708073099382,50.99453353471457,10397400
2025-08-26,51.21636962890625,51.21636962890625,50.541619105768426,50.67102283267334,18891500
2025-08-27,51.18864059448242,51.32728593178077,50.94831636825264,51.04075011910527,8789100
2025-08-28,51.20712661743164,51.937333845868494,51.14242475574719,51.76171501072315,22059500
2025-08-29,51.35502243041992,51.60458829114617,51.253347058347664,51.29032056200801,13885400
2025-09-01,51.391990661621094,51.391990661621094,50.66178338207478,50.966805961938476,7765400
2025-09-02,51.19788360595703,51.355019223707934,50.87437428409805,50.93907614846985,9578500
2025-09-03,51.391990661621094,51.59534139885506,51.05923971794813,51.19788506298172,11832100
2025-09-04,51.4936637878418,51.90960685680399,51.345773310653804,51.6230675146329,8442100
2025-09-05,51.96506881713867,52.38100837379411,51.78020483307669,51.94658206613375,14014700
2025-09-08,52.0944709777832,52.3347916816282,51.97430886286715,51.97430886286715,9701900
2025-09-09,51.93733596801758,53.166678442226704,51.80793223936128,52.44571279629182,24300300
2025-09-10,52.297821044921875,52.73224733398892,52.02052331770354,52.1961456817401,13463700
2025-09-11,52.70452117919922,52.93560027756857,52.048257386067206,52.177661116996084,14107200
2025-09-12,52.68603515625,53.08349149301648,52.40874093957245,52.40874093957245,12303800
2025-09-15,53.148189544677734,53.194404656475704,52.66754462480743,53.129702794761144,12457500
2025-09-16,53.33305358886719,53.665808035834836,52.86165028033402,53.397755450667894,15618500
2025-09-17,53.42548370361328,53.62883442656474,53.01878578369738,53.18516300684185,23116700
2025-09-18,53.32381057739258,53.68429692664131,53.05576150752319,53.46245944448726,17700400
2025-09-19,53.536399841308594,53.7859656721294,53.194403788400216,53.58261847833934,25374600
2025-09-22,53.6103515625,54.017049511894584,53.434732714667916,53.44397432729602,21947300
2025-09-23,53.305320739746094,53.97082962168076,53.29607912793565,53.61034681929513,17652400
2025-09-24,53.508670806884766,53.73974988518431,53.30532008966535,53.56413105503194,13005700
2025-09-25,53.8044548034668,54.11872250885776,53.64732271376487,53.78596805303355,13631100
2025-09-26,52.769222259521484,53.5548897718926,52.260848955870344,53.370029316737394,29037000
2025-09-29,52.94483947753906,53.37926929099375,52.80619414042742,53.148190203153945,15580200
2025-09-30,53.222137451171875,53.4069979015135,52.7692208854659,53.30532253823336,18280700
2025-10-01,53.896888732910156,54.22963966384172,53.38851190929152,53.38851190929152,18278300
2025-10-02,54.25736999511719,54.405260468837284,53.68429485020019,53.9431022977136,14824500
2025-10-03,54.155696868896484,54.64558342219459,54.07250825362066,54.257372234898845,19240200
2025-10-06,55.080013275146484,55.431254487141146,54.349802488047935,54.35904762640912,26102900
2025-10-07,54.303585052490234,55.10773928216138,54.303585052490234,54.996822308479466,26072300
2025-10-08,54.71953201293945,54.89515086095685,54.432992657344165,54.64558500788753,24609500
2025-10-09,54.6363410949707,55.81022330584304,54.6363410949707,55.32957837120331,18184600
2025-10-10,54.41450119018555,55.274115656484646,54.41450119018555,55.061523324365844,22970400
2025-10-13,55.2279052734375,55.514444628730416,55.04304128699005,55.15395826846361,23294500
2025-10-14,55.2279052734375,55.579146495088935,54.738018706440926,54.81196218542755,19329000
2025-10-15,56.2538948059082,56.36481178295993,54.959850478351825,54.987582367105105,45104600
2025-10-16,55.73627471923828,56.31859500199383,55.523682383689724,56.02281405462305,21358500
2025-10-17,55.57914352416992,55.736275612359215,55.27411743393835,55.36655118521477,17325300
2025-10-20,56.290870666503906,56.70681022937991,55.58838822175985,55.58838822175985,17798400
2025-10-21,56.19843673706055,56.42951583838562,55.98584438695995,56.05979139185786,13432700
2025-10-22,57.19670104980469,57.52945552512151,56.54967885068722,56.57740721496785,25267300
2025-10-23,57.085777282714844,57.80674644675001,57.002588668633365,57.51096549134634,11217700
2025-10-24,57.05805206298828,57.42778004060243,56.688327611361444,57.29837630623367,11127600
2025-10-27,56.993350982666016,57.45550919807069,56.753030262090014,57.3630789653847,12018100
2025-10-28,57.49247741699219,57.80674511562025,56.91940226984231,56.99334574399695,15797400
2025-10-29,58.536956787109375,58.86970771497023,57.96387810504364,58.06555346882908,30844900
2025-10-30,58.980628967285156,59.1562478086116,58.16722957264035,58.33360680168104,25586000
2025-10-31,60.32088851928711,60.58894111388402,59.036085798077266,59.41505537023639,38988400
2025-11-03,60.404075622558594,60.44104912497485,59.75705696021042,60.17299652143789,16985400
2025-11-04,59.72932815551758,60.08981098644713,59.183977813871294,59.94191697787374,22055700
2025-11-05,60.75531768798828,61.162012092667915,59.618405457785116,59.729325960138226,22505400
2025-11-06,60.542724609375,61.051101453602314,60.32089064642787,60.78304884955287,15939100
2025-11-07,59.87721252441406,59.951159525505005,59.17473011799846,59.94191438737509,20800300
2025-11-10,60.2746696472168,60.579695741819734,59.997378967374885,60.13602078130871,12689400
2025-11-11,60.11753845214844,60.690617148849135,59.85873099298501,60.27467054492989,25496500
2025-11-12,60.78304672241211,60.95866203811116,60.320888535460625,60.320888535460625,26550300
2025-11-13,60.69985580444336,61.420821462294576,60.3671013389775,60.78304794679704,19058500
2025-11-14,60.33012771606445,60.579697090650626,59.72008256524994,59.94191652445755,16374400
2025-11-17,60.283912658691406,60.79228241312041,59.99737685070462,60.63515032822276,20150800
2025-11-18,60.09904479980469,60.348614158533636,59.433542964466746,59.57218477267842,22468700
2025-11-19,60.03434371948242,60.32088658145271,59.80326463349215,60.09904558148073,16523800
2025-11-21,60.228458404541016,60.330126718016174,59.27640661424385,59.664624851402834,20272600
2025-11-24,60.16374969482422,60.561206019679375,59.87721387410573,60.089809744040764,20462800
2025-11-25,60.635154724121094,60.92169760485554,60.22846030148836,60.22846030148836,18275300
2025-11-26,61.54098892211914,61.82752475562228,60.93093670010965,60.99563856741599,33408500
2025-11-27,61.309906005859375,61.605686959726185,61.13428364038483,61.46703809498176,9739100
2025-11-28,62.29892349243164,62.67788952946496,61.966169041782116,62.576214166656825,46007200
2025-12-01,62.779563903808594,62.97366948830227,62.39135273482125,62.6686504566545,15657000
2025-12-02,63.29718780517578,63.519021758318,62.6316788937749,62.945943073061855,22567200
2025-12-03,65.33992767333984,65.7188937250973,63.61145349041851,63.648426992146575,42361200
2025-12-04,66.4768295288086,66.91125933724128,65.33992437888489,65.34916246487033,38019900
2025-12-05,64.90550231933594,66.85581059515802,64.6282045632383,66.51381096956757,40196800
2025-12-08,64.46182250976562,65.49705939637482,64.23074341425259,65.09035793164009,20860900
2025-12-09,64.4988021850586,65.09960930129616,63.68540622970583,63.87026670302123,23081300
2025-12-10,65.68191528320312,65.94996786158961,64.93322132245133,64.93322132245133,24454800
2025-12-11,66.55078125,66.89278085902333,65.13657827675343,65.38614060357213,25687700
2025-12-12,66.73731231689453,67.09721595538872,65.87160517944477,65.90078515153705,36483700
2025-12-15,67.1458511352539,67.4960256654397,66.63031847168956,66.77622576279249,16841700
2025-12-16,67.39875793457031,68.11855785134482,67.36957796000765,67.4376670410383,21953000
2025-12-17,68.25473022460938,68.83835192982464,67.54465949996245,67.73919759465001,29375000
2025-12-18,68.42981719970703,69.17880444562543,68.3909080966974,68.67299352765279,18430200
2025-12-19,68.91617584228516,68.99399405506442,68.45900311864852,68.57573043781741,37147100
2025-12-22,70.92967224121094,71.36739410078732,68.87726336190397,69.0912597259876,27853000
2025-12-23,70.91022491455078,71.52302664295073,70.5989594844051,71.23121947658785,17140900
2025-12-26,71.12422180175781,71.34793988879946,70.6378690998285,70.87131631883165,16368800
2025-12-29,70.1515121459961,71.72729005520061,69.74297026106082,71.19230656819585,19963700
2025-12-30,69.99588012695312,70.85185821263912,69.9472493093439,70.52114193674451,17085400
2026-01-02,70.40441131591797,70.5697768672664,69.69434055865366,70.35578050058852,28418900
2026-01-05,71.12422180175781,71.4938471836089,70.32660366743987,70.42387272359508,24958100
2026-01-06,73.79915618896484,73.9158760792331,70.89076190390179,71.44520364613423,39536600
2026-01-07,74.23686981201172,75.22902597426004,73.5559790556798,74.02287345397806,41501600
2026-01-08,73.51707458496094,73.73107095647953,72.16501469707872,73.73107095647953,31894900
2026-01-09,72.68054962158203,73.6435259021957,72.17473865115127,72.85563689270755,24801200
2026-01-12,72.69999694824219,73.41007513044943,72.47627886999611,72.95290242122528,13129800
2026-01-13,73.29335021972656,73.97424845069018,72.25255574121458,72.4373721415145,24539200
2026-01-14,76.76590728759766,76.93126542215286,73.5754348086713,73.76997291742413,44225300
2026-01-15,76.69781494140625,77.46625305421793,76.36709868637868,76.74645317709987,35503900
2026-01-16,76.72699737548828,76.72699737548828,75.45275570789285,76.2503738192443,45910100
2026-01-19,76.42546081542969,76.50327902630127,75.74457002318589,76.37682257834668,10678500
2026-01-20,77.89424896240234,78.0206979907569,75.29712736717866,75.70566184754242,31198500
2026-01-21,80.2481918334961,80.54000640862452,78.30278112238103,78.77940466868141,83134600
2026-01-22,80.71509552001953,82.0963353755021,79.83965919571611,80.24819367334001,62515300
2026-01-23,82.69940948486328,83.39975855721748,81.40571694853739,81.46407689751584,25432600
2026-01-26,80.8026351928711,83.78884039684876,79.93692800293691,83.22466949835254,35741300
2026-01-27,82.58268737792969,83.77911082690436,81.07499108632085,81.30843829714344,30922500
2026-01-28,84.59618377685547,85.10198728338366,82.67995308847922,82.96203852484882,28473800
2026-01-29,85.02417755126953,87.05712815496966,84.4405484088391,85.59807014119922,42013200
2026-01-30,82.01851654052734,85.50080354785878,81.70725111882557,83.33166730642073,41681400
2026-02-02,82.50486755371094,83.50675287759827,81.74615856751093,82.11578392918064,22289400
2026-02-03,86.56105041503906,86.57077954684361,84.06119786429656,84.06119786429656,37709700
2026-02-04,86.98904418945312,87.14467319440085,85.1603607096862,86.09415700283229,51744400
2026-02-05,84.09037780761719,86.50269043469063,83.8861105667157,85.58834499538126,57049000
2026-02-06,83.29275512695312,85.17007671950444,82.87449153624523,84.05147152168001,28889600
2026-02-09,84.9269027709961,85.28680642650686,82.32005210431089,84.28492109115467,26531100
2026-02-10,84.67400360107422,85.34516524551742,83.8958363533932,84.35300905481934,14177200
2026-02-11,87.63101959228516,87.85474508342786,86.06497083889711,86.2303289638728,28395300
2026-02-12,86.79450225830078,89.119267467514,86.64859497054056,87.39757483001871,51472200
2026-02-13,84.65454864501953,85.73425221830468,83.67211412620583,85.17981044454905,28644800
2026-02-18,81.62943267822266,82.82586354582905,81.2792581521502,82.77722530898171,20898700
2026-02-19,81.18199157714844,82.04769878714946,80.08283714969237,80.7637279594168,28410900
2026-02-20,84.4405517578125,84.4405517578125,81.14308110960346,81.51271390395634,40577200
2026-02-23,85.00472259521484,85.90933889578776,84.06119718888951,84.4405516935343,21193900
2026-02-24,85.33544158935547,86.28868865381735,85.0144470504202,85.0144470504202,19760700
2026-02-25,87.5143051147461,87.86447964879457,86.09415613606198,86.59995967349136,28707500
2026-02-26,86.7750473022461,86.94040543813797,84.66427837848772,86.51242011119153,24503100
2026-02-27,86.05524444580078,87.05712977990574,85.85097721059859,86.70695525637254,17328300
2026-03-02,85.75370788574219,86.72641324331465,84.90745155303908,85.52025325669469,13952600
2026-03-03,82.17415618896484,82.98149603807671,80.29683445340352,82.92313608832613,36088800
2026-03-04,81.79479217529297,83.29275935713433,81.2987177727021,83.0593121429061,17605800
2026-03-05,79.07122039794922,81.99906563883562,78.35142050225312,81.8337000859009,37872100
2026-03-06,76.7075424194336,78.9836693147015,76.26009886107715,78.69186217028782,29504600
2026-03-09,77.09662628173828,77.91369519411445,74.46059573659228,75.59865918789595,30576600
2026-03-10,78.36114501953125,78.7794086403539,77.49543780313256,77.97206879461525,17172800
2026-03-11,77.67052459716797,78.73077734068518,76.64918838128798,77.6121646480186,20865000
2026-03-12,77.0771713256836,77.59270398362864,75.54030248345678,77.59270398362864,29136500
2026-03-13,76.16283416748047,78.29305390175858,75.89047042750848,77.13553954677829,14416400
2026-03-16,76.6880874633789,78.01096735431524,76.65890748979477,77.22307838293146,13591400
2026-03-17,76.80481719970703,77.53434624691681,76.48382263785795,76.94099536149393,14222300
2026-03-18,75.02476501464844,76.52273222486589,74.9469542225338,76.50328138212555,19412200
2026-03-19,74.53840637207031,74.6162245791354,72.0385539840375,72.14555216346383,27262900
2026-03-20,73.4878921508789,74.60649736630313,72.67081579799151,74.12987382279132,44208900
2026-03-23,75.37493896484375,76.27955527885045,73.89643003006076,74.47032265083705,23384500
2026-03-24,75.9682846069336,76.26982830489568,74.47031751178076,74.87885938947896,15700300
2026-03-25,77.37871551513672,78.05960630887125,76.84372459066454,77.03826269711638,18658300
2026-03-26,76.75618743896484,77.4176199932311,75.88075108603401,75.9974709856559,13518900
2026-03-27,76.8437271118164,77.73861430470001,76.0363798433623,76.32819443376722,11101700
2026-03-30,77.330078125,78.8474961511744,77.12581088464215,78.0596071639151,18776700
2026-03-31,80.22874450683594,80.48164256713127,78.39032447682295,78.53623177077995,24956400
2026-04-01,80.73454284667969,81.74615728614027,80.32600838684544,81.03607912591647,28514000
2026-04-02,81.26953887939453,81.48352783294365,79.13931168541612,79.28521897918165,14019800
2026-04-06,80.82208251953125,81.92124429485193,80.54000450370579,81.74615703814659,8680700
2026-04-07,81.40571594238281,81.41543765299025,80.34546321507516,80.78318509046301,15312500
2026-04-08,83.25384521484375,84.35300698176675,82.41732546270126,84.13901062285599,24942400
2026-04-09,82.37841796875,83.20521602702604,81.96015437392997,83.03012876823735,17973100
2026-04-10,83.25384521484375,84.0320124434006,82.27141817970276,82.6799526351764,24002400
2026-04-13,84.97554016113281,84.97554016113281,82.60213672701688,82.78695311870217,24661900
2026-04-14,85.88988494873047,86.12333215365325,84.80045229050275,85.1117177041174,18528400
2026-04-15,86.02606201171875,86.64859283104832,85.49107111019204,85.74397657465491,24527300
2026-04-16,85.05335998535156,86.95013248967896,84.72263630032731,86.46377980434855,13618900
2026-04-17,87.30030822753906,87.30030822753906,85.40353569690616,85.79261191364398,30119000
2026-04-20,86.30815124511719,86.9987711712774,85.62725302948309,86.37624032456529,16067700
2026-04-22,84.83936309814453,86.30815027679252,84.83936309814453,85.54943385854347,13222100
2026-04-23,83.62348175048828,84.79072522468991,83.37057627665514,84.27519256656497,12637500
2026-04-24,83.52621459960938,84.61563988802817,83.40948728107028,83.62348365448203,11436400
2026-04-27,83.16630554199219,83.94447277283449,82.5729546982343,83.79856548940747,8656600
2026-04-28,82.08660888671875,82.97177437122303,81.75589260975231,82.38814518879443,13687500
2026-04-29,77.27171325683594,80.6470019160327,77.08689687064219,80.54000373677871,43296200
2026-04-30,78.96421813964844,79.47002164051838,78.0206927922798,78.8183108574822,17593900
2026-05-04,76.51300811767578,79.13930965340869,76.50327898603369,78.9642223896163,18555600
2026-05-05,76.25037384033203,77.25225919035084,75.84183936343848,77.25225919035084,16295600
2026-05-06,79.01286315917969,79.41166851545128,77.91370130413776,78.15687765491295,17424200
2026-05-07,77.884521484375,79.44084864820171,77.42734875662362,79.07122326590327,18912100
2026-05-08,78.59459686279297,79.55757310114969,78.16660412523308,78.37087136239039,16782600
2026-05-11,81.17225646972656,81.63915829141877,78.97394777664368,79.16848587334303,24868900
2026-05-12,80.97772216796875,81.69752206487229,79.5089349792515,80.88045311506065,16503000
2026-05-13,81.99906158447266,82.72859057571831,80.74427082899182,81.21116522754355,31641800
2026-05-14,80.60809326171875,83.0787656871776,80.37463863959867,82.67995294025366,31954300
2026-05-15,81.22090148925781,81.22090148925781,78.04987978432914,78.44869256337608,36318900
2026-05-18,79.59648132324219,81.31816654369356,78.84749404082355,80.73454481241274,22668800
2026-05-19,78.80858612060547,79.06149159571837,77.98178803709939,78.5945971721363,20334400
2026-05-20,79.7618408203125,79.9661080587042,78.6432281538458,79.22684989512966,15669300
2026-05-21,80.37464141845703,80.61781775904178,79.00313071655857,79.1393088735938,15156600
2026-05-22,80.83181762695312,80.87072673367018,79.61593587136973,80.0828377308212,11443900
2026-05-25,81.30844116210938,81.30844116210938,80.19955759518841,80.57891210907435,7059500
2026-05-26,80.8026351928711,81.82397880493654,80.05365531953535,80.95827161500236,10409000
2026-05-27,81.17225646972656,81.64888742259954,80.2579185098564,81.39598195996824,10613200
2026-05-28,81.66834259033203,81.7558899332916,79.99528815393495,80.88045360946137,12798900
2026-05-29,80.55945587158203,81.97960477585058,80.13146314769327,81.71697759965242,20839400
2026-06-01,79.47002410888672,80.00501501972903,78.38059886666655,79.88828770613992,16605900
2026-06-02,82.6799545288086,82.7577727376771,79.8007475910496,79.9758348504273,18457400
2026-06-03,79.55757141113281,81.50298210976575,79.55757141113281,81.32789485004268,19308800
2026-06-05,76.55191040039062,78.58486850260371,76.19201415950326,78.58486850260371,23008500
2026-06-08,75.9391098022461,77.11608243828516,75.20958075684685,76.76590790280126,15671500
2026-06-09,76.35736846923828,76.63945390571392,74.73295234784834,76.63945390571392,17523500
2026-06-10,75.5792007446289,76.01692259334227,75.09284808238252,75.79319710340175,12469100
2026-06-11,76.64918518066406,76.89236152016979,74.99558161933341,75.98774524036239,17725500
2026-06-12,77.00907897949219,77.62188808521482,75.99746454858514,76.51300460581055,12112600
2026-06-15,78.94477081298828,80.48163964625257,78.44868899999983,78.57513802555835,22329400
2026-06-16,79.21712493896484,79.94665394096812,78.40004859772174,78.53622675107012,19713900
2026-06-17,77.60243225097656,79.11985023424026,77.09662873027298,78.15687400802699,20268200
2026-06-18,77.75807189941406,78.18605722819677,76.72699913103682,77.33007914947811,19651900
2026-06-19,78.54595947265625,78.85722489755935,77.33007774707333,77.5051650124034,26305900
2026-06-22,78.70159149169922,79.35330227906647,77.9234242624096,78.35141698063416,18089300
2026-06-23,77.21334838867188,77.79697753844596,76.66863576477918,77.30089572959916,18415100
2026-06-24,75.60839080810547,76.707545191982,75.05394905041157,76.4157306158682,22558900
2026-06-25,76.51300811767578,77.0577207511841,75.30684811326013,76.06555711597618,13882800
2026-06-26,76.01692199707031,76.7269927225348,75.78347479894595,76.04610196919178,25251100
2026-06-29,75.99746704101562,76.41573064230857,75.04421994486617,76.21146340741942,11791900
2026-06-30,75.75428771972656,76.15310046344699,75.14148603917735,75.968284077708,11289500
2026-07-01,75.84183502197266,76.76590210792816,74.93721877711877,74.9858495904491,15414700
2026-07-02,76.1044692993164,77.15499292455756,75.59866575076697,76.45464384106346,17199300
2026-07-03,76.6880874633789,76.88263298919483,75.88074764999004,76.28928212247399,7793500
2026-07-06,75.666748046875,76.6297242397425,75.38466261236782,76.15310070889028,12389100
2026-07-07,74.12014770507812,75.4819367344919,73.721342354417,75.4819367344919,16866100
2026-07-08,70.7156753540039,73.16689697027054,70.37522996873155,73.16689697027054,29276700
2026-07-09,71.15339660644531,71.48411285757365,69.96669491257964,71.40630207099522,18980500
2026-07-10,72.15528106689453,72.62218288665875,71.12421580057075,71.98019381212704,22142400
2026-07-13,70.86158752441406,72.15528749878527,70.47250387678659,72.15528749878527,16237900
2026-07-14,71.98992919921875,72.65136917235837,71.18258193090138,71.4160291504938,14780100
2026-07-15,72.47628021240234,72.95290377245954,71.78566028056143,71.97046925706753,15456000
2026-07-16,70.988037109375,72.05801147097176,70.56004439627526,71.83428598335527,12989700
2026-07-17,70.94913482666016,71.12422209692747,70.13205842502829,70.98804393351438,13491600
2026-07-20,69.9666976928711,71.25066848684595,69.75270132368311,71.00749214388743,13137000
2026-07-21,70.39469146728516,70.97831321474447,69.61652418990396,70.36550407193201,12581400
2026-07-22,73.0501708984375,73.19607818636183,71.33820739050807,71.60084199300246,17992800
2026-07-23,73.61434173583984,74.96640158876761,72.47627824889828,72.50545822223222,15826900
2026-07-24,73.18634796142578,73.46843340155758,72.79726433982495,73.10853717402787,8637800
2026-07-27,73.62406921386719,73.6532491865458,72.21364202479434,72.33036933666156,10921700
2026-07-28,73.62406921386719,74.16878182694208,72.95290015764795,74.02287454239622,12270800
2026-07-29,73.00154113769531,74.12014637858259,72.57354839924263,73.93533740428506,12265200
2026-07-30,74.01314544677734,74.47031814203663,72.57354570548506,73.90615468728846,16732800
2026-07-31,74.19796752929688,74.83022753038442,73.18635301178746,73.63379661010163,17353300
2026-08-03,72.60272979736328,74.39251157597096,71.93156070274125,74.29523509993928,23582200
2026-08-04,74.22714233398438,74.81077147658415,73.73106795238851,74.03260423388633,19784000
2026-08-05,74.56759643554688,74.8496744592407,73.24471655268408,74.22714362273503,15107500
2026-08-06,73.33226013183594,74.460601967522,73.32253099983083,74.40223459664467,21991700
2026-08-07,72.92372131347656,74.05205566104325,72.48599945306519,73.8380667177043,13038800
2026-08-10,73.8575210571289,74.24660469998082,72.66109015406109,72.85563568606365,15094700
2026-08-11,72.36927795410156,74.606495757871,71.69810890239437,74.22714127329373,36211800
2026-08-12,73.18000030517578,73.54000091552734,72.66000366210938,73.11000061035156,24930300
2026-08-13,71.9000015258789,73.19999694824219,71.5,72.19999694824219,19535200
2026-08-14,71.30000305175781,71.9800033569336,71.08999633789062,71.55000305175781,22933800
2026-08-17,71.41000366210938,71.80000305175781,70.69000244140625,71.19999694824219,10007400
2026-08-18,71.55000305175781,72.70999908447266,70.8499984741211,70.98999786376953,12466800
2026-08-19,72.12999725341797,73.8499984741211,71.76000213623047,72.5999984741211,18624200
2026-08-20,74.0199966430664,74.0999984741211,71.25,71.48999786376953,24999800
2026-08-21,75.02999877929688,75.80999755859375,74.51000213623047,74.80000305175781,28372500
2026-08-24,77.12999725341797,78.36000061035156,74.70999908447266,74.70999908447266,28776400
2026-08-25,78.69999694824219,78.76000213623047,76.88999938964844,77.0999984741211,18033600
2026-08-26,78.44999694824219,79.58000183105469,78.20999908447266,79.0,13673700
2026-08-27,79.11000061035156,79.30000305175781,77.87999725341797,78.06999969482422,11544100
2026-08-28,78.58000183105469,79.4800033569336,77.76000213623047,79.19000244140625,13040900
